osm_type,osm_id,name,amenity,shop,cuisine,brand,operator,addr_housenumber,addr_street,addr_unit,addr_city,addr_state,addr_postcode,addr_full,phone,website,email,opening_hours,takeaway,delivery,outdoor_seating,wheelchair,lat,lon,wikidata,wikipedia,osm_url,tags_json,collected_at
node,356683072,Café 140B,cafe,,,,,140,North B Street,,Salt Lake City,UT,84103,"140 North B Street, Salt Lake City, UT 84103",+1 435-315-0625,https://ellerbeckbedandbreakfast.com/cafe140b,,Th-Su 09:00-14:00; Mo-We off; Dec 17-Dec 31 off; Jan 1-Jan 3 off,,,yes,,40.7726019,-111.8813854,,,https://www.openstreetmap.org/node/356683072,"{""addr:city"": ""Salt Lake City"", ""addr:housenumber"": ""140"", ""addr:postcode"": ""84103"", ""addr:state"": ""UT"", ""addr:street"": ""North B Street"", ""amenity"": ""cafe"", ""name"": ""Café 140B"", ""opening_hours"": ""Th-Su 09:00-14:00; Mo-We off; Dec 17-Dec 31 off; Jan 1-Jan 3 off"", ""outdoor_seating"": ""yes"", ""phone"": ""+1 435-315-0625"", ""strapline"": ""Pioneer Fare with Victorian Flair"", ""website"": ""https://ellerbeckbedandbreakfast.com/cafe140b""}",2026-08-10T08:57:15.983839+00:00
node,369114019,Café Zupas,fast_food,,sandwich;salad;soup,Café Zupas,,,,,,,,,+13852122855,https://cafezupas.com/,,,yes,,,yes,40.7222396,-111.8568323,,,https://www.openstreetmap.org/node/369114019,"{""amenity"": ""fast_food"", ""brand"": ""Café Zupas"", ""brand:wikidata"": ""Q123687995"", ""cuisine"": ""sandwich;salad;soup"", ""name"": ""Café Zupas"", ""phone"": ""+13852122855"", ""takeaway"": ""yes"", ""website"": ""https://cafezupas.com/"", ""wheelchair"": ""yes""}",2026-08-10T08:57:15.983839+00:00
node,419857860,Himalayan Kitchen,restaurant,,indian,,,360,South State Street,,Salt Lake City,UT,84111,"360 South State Street, Salt Lake City, UT 84111",+1 801-328-2077,https://www.himalayankitchen.com/,,Mo-Sa 11:30-22:00; Su 17:00-22:00,,,,,40.7612623,-111.8885246,,,https://www.openstreetmap.org/node/419857860,"{""addr:city"": ""Salt Lake City"", ""addr:housenumber"": ""360"", ""addr:postcode"": ""84111"", ""addr:state"": ""UT"", ""addr:street"": ""South State Street"", ""amenity"": ""restaurant"", ""check_date"": ""2025-06-02"", ""contact:facebook"": ""https://www.facebook.com/himalayankitchen/"", ""cuisine"": ""indian"", ""name"": ""Himalayan Kitchen"", ""opening_hours"": ""Mo-Sa 11:30-22:00; Su 17:00-22:00"", ""phone"": ""+1 801-328-2077"", ""website"": ""https://www.himalayankitchen.com/""}",2026-08-10T08:57:15.983839+00:00
node,489192578,All Chay,restaurant,,vietnamese,,,1264,West 500 North,,Salt Lake City,UT,84116,"1264 West 500 North, Salt Lake City, UT 84116",+1 801-521-4789,https://all-chay.res-menu.com/,,"Mo off; Tu-Fr 11:00-14:00,17:00-21:00; Sa 12:00-21:00; Su 12:00-20:00",,no,no,,40.7805400,-111.9274310,,,https://www.openstreetmap.org/node/489192578,"{""addr:city"": ""Salt Lake City"", ""addr:housenumber"": ""1264"", ""addr:postcode"": ""84116"", ""addr:state"": ""UT"", ""addr:street"": ""West 500 North"", ""amenity"": ""restaurant"", ""check_date"": ""2025-06-03"", ""contact:phone"": ""+1 801-521-4789"", ""cuisine"": ""vietnamese"", ""delivery"": ""no"", ""description"": ""All-vegan Vietnamese restaurant. \""Chay\"" is pronounced like \""buy\"" or \""dye,\"" not like \""bay\"" or \""day.\"""", ""diet:vegan"": ""only"", ""name"": ""All Chay"", ""opening_hours"": ""Mo off; Tu-Fr 11:00-14:00,17:00-21:00; Sa 12:00-21:00; Su 12:00-20:00"", ""outdoor_seating"": ""no"", ""smoking"": ""outside"", ""website"": ""https://all-chay.res-menu.com/""}",2026-08-10T08:57:15.983839+00:00
node,730963653,Feldman's Deli,restaurant,,jewish,,,2005,East 2700 South,D,Salt Lake City,UT,84106,"2005 East 2700 South, D, Salt Lake City, UT 84106",+1-801-906-0369,https://feldmansdeli.com/,michael@feldmansdeli.com,Tu-Sa 08:00-20:00,,,,,40.7129134,-111.8336732,,,https://www.openstreetmap.org/node/730963653,"{""addr:city"": ""Salt Lake City"", ""addr:housenumber"": ""2005"", ""addr:postcode"": ""84106"", ""addr:state"": ""UT"", ""addr:street"": ""East 2700 South"", ""addr:unit"": ""D"", ""amenity"": ""restaurant"", ""contact:email"": ""michael@feldmansdeli.com"", ""contact:phone"": ""+1-801-906-0369"", ""cuisine"": ""jewish"", ""internet_access"": ""wlan"", ""name"": ""Feldman's Deli"", ""opening_hours"": ""Tu-Sa 08:00-20:00"", ""source"": ""survey"", ""website"": ""https://feldmansdeli.com/""}",2026-08-10T08:57:15.983839+00:00
node,868653950,Roberts Restaurant,restaurant,,regional,,,,,,,,,,,,,,,,,,40.7724835,-112.0066178,,,https://www.openstreetmap.org/node/868653950,"{""amenity"": ""restaurant"", ""cuisine"": ""regional"", ""name"": ""Roberts Restaurant"", ""name:it"": ""Roberts""}",2026-08-10T08:57:15.983839+00:00
node,1399278863,Cafe On 1st,cafe,,,,,39,North I Street,,,,,39 North I Street,,,,Mo-Fr 07:00-18:00; Sa-Su 08:30-15:30,,,yes,yes,40.7703563,-111.8718000,,,https://www.openstreetmap.org/node/1399278863,"{""addr:housenumber"": ""39"", ""addr:street"": ""North I Street"", ""amenity"": ""cafe"", ""check_date:opening_hours"": ""2023-05-15"", ""internet_access"": ""wlan"", ""internet_access:fee"": ""no"", ""name"": ""Cafe On 1st"", ""opening_hours"": ""Mo-Fr 07:00-18:00; Sa-Su 08:30-15:30"", ""outdoor_seating"": ""yes"", ""smoking"": ""no"", ""wheelchair"": ""yes""}",2026-08-10T08:57:15.983839+00:00
node,1400581556,B&D Burger,fast_food,,burger,,,222,South 1300 East,,Salt Lake City,UT,84102,"222 South 1300 East, Salt Lake City, UT 84102",+1 801-582-7200,,,"Mo-Fr 10:30-21:00; Sa,Su 11:00-21:00",,,yes,yes,40.7642882,-111.8542045,,,https://www.openstreetmap.org/node/1400581556,"{""addr:city"": ""Salt Lake City"", ""addr:housenumber"": ""222"", ""addr:postcode"": ""84102"", ""addr:state"": ""UT"", ""addr:street"": ""South 1300 East"", ""amenity"": ""fast_food"", ""check_date"": ""2022-05-21"", ""cuisine"": ""burger"", ""drive_through"": ""no"", ""name"": ""B&D Burger"", ""opening_hours"": ""Mo-Fr 10:30-21:00; Sa,Su 11:00-21:00"", ""outdoor_seating"": ""yes"", ""payment:mastercard"": ""yes"", ""payment:visa"": ""yes"", ""phone"": ""+1 801-582-7200"", ""wheelchair"": ""yes""}",2026-08-10T08:57:15.983839+00:00
node,1402379970,Einstein Bros. Bagels,fast_food,,bagel,Einstein Bros. Bagels,,3292,South Richmond Street,,Salt Lake City,UT,84106,"3292 South Richmond Street, Salt Lake City, UT 84106",,https://locations.einsteinbros.com/us/ut/salt-lake-city/3292-s-richmond-st-ste-c,,06:00-14:00,yes,,,,40.7002469,-111.8547040,,,https://www.openstreetmap.org/node/1402379970,"{""addr:city"": ""Salt Lake City"", ""addr:country"": ""US"", ""addr:housenumber"": ""3292"", ""addr:postcode"": ""84106"", ""addr:state"": ""UT"", ""addr:street"": ""South Richmond Street"", ""alt_name"": ""Einstein Brothers Bagels"", ""amenity"": ""fast_food"", ""branch"": ""3300 South & 1300 East"", ""brand"": ""Einstein Bros. Bagels"", ""brand:wikidata"": ""Q5349788"", ""cuisine"": ""bagel"", ""name"": ""Einstein Bros. Bagels"", ""opening_hours"": ""06:00-14:00"", ""takeaway"": ""yes"", ""website"": ""https://locations.einsteinbros.com/us/ut/salt-lake-city/3292-s-richmond-st-ste-c""}",2026-08-10T08:57:15.983839+00:00
node,1410178765,Thani Bowl,restaurant,,noodle,,,365,West 400 South,,Salt Lake City,UT,,"365 West 400 South, Salt Lake City, UT",,,,"Mo,Tu,Th 11:00-15:00, 17:00-21:00; We 17:00-21:00; Fr 11:00-15:00, 17:00-22:00; Sa 11:00-16:00, 17:00-21:00; Su off",,,,,40.7604055,-111.9020420,,,https://www.openstreetmap.org/node/1410178765,"{""addr:city"": ""Salt Lake City"", ""addr:housenumber"": ""365"", ""addr:state"": ""UT"", ""addr:street"": ""West 400 South"", ""amenity"": ""restaurant"", ""check_date:opening_hours"": ""2023-11-25"", ""cuisine"": ""noodle"", ""diet:vegetarian"": ""limited"", ""full_name"": ""Thani Bowl Noodle House"", ""name"": ""Thani Bowl"", ""opening_hours"": ""Mo,Tu,Th 11:00-15:00, 17:00-21:00; We 17:00-21:00; Fr 11:00-15:00, 17:00-22:00; Sa 11:00-16:00, 17:00-21:00; Su off"", ""payment:cash"": ""no"", ""payment:credit_cards"": ""yes""}",2026-08-10T08:57:15.983839+00:00
node,1467693244,Ugurt,cafe,,ice_cream,,,1330,East 200 South,,Salt Lake City,UT,,"1330 East 200 South, Salt Lake City, UT",,,,Mo-Sa 12:00-24:00,,,,yes,40.7647830,-111.8527457,,,https://www.openstreetmap.org/node/1467693244,"{""addr:city"": ""Salt Lake City"", ""addr:housenumber"": ""1330"", ""addr:state"": ""UT"", ""addr:street"": ""East 200 South"", ""amenity"": ""cafe"", ""cuisine"": ""ice_cream"", ""name"": ""Ugurt"", ""opening_hours"": ""Mo-Sa 12:00-24:00"", ""wheelchair"": ""yes""}",2026-08-10T08:57:15.983839+00:00
node,1467693252,The Pie Pizzeria - Underground,restaurant,,pizza,,,1320,East 200 South,,Salt Lake City,UT,84102,"1320 East 200 South, Salt Lake City, UT 84102",+1-801-582-5700,https://www.thepie.com,,Mo-Sa 11:00-23:00; Su 12:00-22:00,,no,,no,40.7647806,-111.8529876,,,https://www.openstreetmap.org/node/1467693252,"{""addr:city"": ""Salt Lake City"", ""addr:housenumber"": ""1320"", ""addr:postcode"": ""84102"", ""addr:state"": ""UT"", ""addr:street"": ""East 200 South"", ""amenity"": ""restaurant"", ""capacity"": ""75"", ""check_date"": ""2024-06-08"", ""contact:facebook"": ""ThePiePizzeria"", ""contact:instagram"": ""thepiepizzeria"", ""contact:twitter"": ""thepiepizzeria"", ""cuisine"": ""pizza"", ""delivery"": ""no"", ""diet:gluten_free"": ""yes"", ""diet:vegan"": ""yes"", ""diet:vegetarian"": ""yes"", ""layer"": ""-1"", ""name"": ""The Pie Pizzeria - Underground"", ""opening_hours"": ""Mo-Sa 11:00-23:00; Su 12:00-22:00"", ""phone"": ""+1-801-582-5700"", ""website"": ""https://www.thepie.com"", ""website:menu"": ""https://thepie.com/menu"", ""wheelchair"": ""no""}",2026-08-10T08:57:15.983839+00:00
node,1467750080,Publik Ed's,restaurant,,american;coffee_shop,,,210,South University Street,,Salt Lake City,UT,84102,"210 South University Street, Salt Lake City, UT 84102",+1-385-549-1928,https://www.publikcoffee.com/,,Mo-Sa 08:00-14:00,,,yes,yes,40.7645606,-111.8525386,,,https://www.openstreetmap.org/node/1467750080,"{""addr:city"": ""Salt Lake City"", ""addr:housenumber"": ""210"", ""addr:postcode"": ""84102"", ""addr:state"": ""UT"", ""addr:street"": ""South University Street"", ""amenity"": ""restaurant"", ""cuisine"": ""american;coffee_shop"", ""name"": ""Publik Ed's"", ""opening_hours"": ""Mo-Sa 08:00-14:00"", ""outdoor_seating"": ""yes"", ""phone"": ""+1-385-549-1928"", ""website"": ""https://www.publikcoffee.com/"", ""wheelchair"": ""yes""}",2026-08-10T08:57:15.983839+00:00
node,1481890789,The Bayou,pub,,,,,645,South State Street,,Salt Lake City,UT,84111,"645 South State Street, Salt Lake City, UT 84111",+1 801-961-8400,https://www.utahbayou.com/,,"Mo off; Tu-Th 11:30-22:00; Fr 11:30-01:00, Sa 17:00-23:00; Su 17:00-21:00",,,,,40.7551428,-111.8878970,,,https://www.openstreetmap.org/node/1481890789,"{""addr:city"": ""Salt Lake City"", ""addr:housenumber"": ""645"", ""addr:postcode"": ""84111"", ""addr:state"": ""UT"", ""addr:street"": ""South State Street"", ""amenity"": ""pub"", ""check_date"": ""2025-06-01"", ""contact:facebook"": ""https://www.facebook.com/utahbayou/"", ""contact:phone"": ""+1 801-961-8400"", ""contact:website"": ""https://www.utahbayou.com/"", ""internet_access"": ""yes"", ""internet_access:fee"": ""no"", ""name"": ""The Bayou"", ""opening_hours"": ""Mo off; Tu-Th 11:30-22:00; Fr 11:30-01:00, Sa 17:00-23:00; Su 17:00-21:00"", ""smoking"": ""no""}",2026-08-10T08:57:15.983839+00:00
node,1578557018,The Rose Establishment,cafe,,breakfast;coffee_shop,,,235,South 400 West,,Salt Lake City,UT,84101,"235 South 400 West, Salt Lake City, UT 84101",+1 801-208-5569,https://www.theroseestb.com,foh.therose@gmail.com,Mo-Su 08:00-14:00,,,yes,yes,40.7640918,-111.9022310,,,https://www.openstreetmap.org/node/1578557018,"{""addr:city"": ""Salt Lake City"", ""addr:housenumber"": ""235"", ""addr:postcode"": ""84101"", ""addr:state"": ""UT"", ""addr:street"": ""South 400 West"", ""amenity"": ""cafe"", ""check_date"": ""2025-06-02"", ""check_date:opening_hours"": ""2022-10-25"", ""contact:facebook"": ""TheRoseEstb"", ""contact:instagram"": ""theroseestb"", ""cuisine"": ""breakfast;coffee_shop"", ""description"": ""Cafe with full dine-in menu, plus coffee shop. Mo-Fr the kitchen opens an hour later and closes an hour earlier than the coffeeshop part."", ""diet:gluten_free"": ""yes"", ""diet:vegan"": ""yes"", ""email"": ""foh.therose@gmail.com"", ""food"": ""yes"", ""internet_access"": ""no"", ""name"": ""The Rose Establishment"", ""opening_hours"": ""Mo-Su 08:00-14:00"", ""opening_hours:kitchen"": ""Mo-Fr 08:00-14:00"", ""outdoor_seating"": ""yes"", ""phone"": ""+1 801-208-5569"", ""website"": ""https://www.theroseestb.com"", ""website:menu"": ""https://www.theroseestb.com/#menus"", ""wheelchair"": ""yes""}",2026-08-10T08:57:15.983839+00:00
node,1581342035,Eva,restaurant,,,,,317,South Main Street,,Salt Lake City,UT,84111,"317 South Main Street, Salt Lake City, UT 84111",+1-801-364-0853,https://www.evaslc.com/,evarestaurantslc@gmail.com,Mo-Su 17:00-22:00,,,yes,,40.7622935,-111.8908248,,,https://www.openstreetmap.org/node/1581342035,"{""addr:city"": ""Salt Lake City"", ""addr:country"": ""US"", ""addr:housenumber"": ""317"", ""addr:postcode"": ""84111"", ""addr:state"": ""UT"", ""addr:street"": ""South Main Street"", ""amenity"": ""restaurant"", ""bar"": ""yes"", ""check_date"": ""2026-02-16"", ""diet:vegetarian"": ""yes"", ""email"": ""evarestaurantslc@gmail.com"", ""name"": ""Eva"", ""opening_hours"": ""Mo-Su 17:00-22:00"", ""outdoor_seating"": ""yes"", ""phone"": ""+1-801-364-0853"", ""source"": ""website"", ""website"": ""https://www.evaslc.com/""}",2026-08-10T08:57:15.983839+00:00
node,1581342044,Pie Hole,restaurant,,pizza,,,344,South State Street,,Salt Lake City,UT,84111,"344 South State Street, Salt Lake City, UT 84111",+1 801-359-4653,https://pieholeutah.com/,,"Mo-Th,Su 11:00-02:00, Fr-Sa 11:00-03:00",,,,,40.7616461,-111.8885340,,,https://www.openstreetmap.org/node/1581342044,"{""addr:city"": ""Salt Lake City"", ""addr:housename"": ""Pie Hole"", ""addr:housenumber"": ""344"", ""addr:postcode"": ""84111"", ""addr:state"": ""UT"", ""addr:street"": ""South State Street"", ""amenity"": ""restaurant"", ""capacity"": ""99"", ""check_date"": ""2025-06-02"", ""contact:facebook"": ""https://www.facebook.com/pieholeutah/"", ""cuisine"": ""pizza"", ""currency:XBT"": ""no"", ""diet:vegan"": ""yes"", ""name"": ""Pie Hole"", ""opening_hours"": ""Mo-Th,Su 11:00-02:00, Fr-Sa 11:00-03:00"", ""payment:coins"": ""yes"", ""phone"": ""+1 801-359-4653"", ""website"": ""https://pieholeutah.com/""}",2026-08-10T08:57:15.983839+00:00
node,1628867353,Benihana,restaurant,,japanese;teppanyaki;steak,Benihana,,165,South West Temple,,Salt Lake City,UT,84101,"165 South West Temple, Salt Lake City, UT 84101",+1 801-322-2421,https://www.benihana.com/locations/salt-lake-city/,,"Mo-Th,Su 11:00-22:00; Fr-Sa 11:00-23:00",,,,,40.7658600,-111.8930000,,,https://www.openstreetmap.org/node/1628867353,"{""addr:city"": ""Salt Lake City"", ""addr:housenumber"": ""165"", ""addr:postcode"": ""84101"", ""addr:state"": ""UT"", ""addr:street"": ""South West Temple"", ""amenity"": ""restaurant"", ""brand"": ""Benihana"", ""brand:wikidata"": ""Q4887996"", ""check_date"": ""2025-06-02"", ""cuisine"": ""japanese;teppanyaki;steak"", ""name"": ""Benihana"", ""opening_hours"": ""Mo-Th,Su 11:00-22:00; Fr-Sa 11:00-23:00"", ""phone"": ""+1 801-322-2421"", ""website"": ""https://www.benihana.com/locations/salt-lake-city/""}",2026-08-10T08:57:15.983839+00:00
node,1630126357,Bambara,restaurant,,american,,,202,South Main Street,,Salt Lake City,UT,84101,"202 South Main Street, Salt Lake City, UT 84101",+1 801-363-5454,https://bambara-slc.com/,,"Mo-Su 07:00-14:00, 17:00-22:00",,,,,40.7647475,-111.8914480,,,https://www.openstreetmap.org/node/1630126357,"{""addr:city"": ""Salt Lake City"", ""addr:housenumber"": ""202"", ""addr:postcode"": ""84101"", ""addr:state"": ""UT"", ""addr:street"": ""South Main Street"", ""amenity"": ""restaurant"", ""bar"": ""yes"", ""cuisine"": ""american"", ""name"": ""Bambara"", ""opening_hours"": ""Mo-Su 07:00-14:00, 17:00-22:00"", ""phone"": ""+1 801-363-5454"", ""smoking"": ""no"", ""website"": ""https://bambara-slc.com/""}",2026-08-10T08:57:15.983839+00:00
node,1667347482,Java Bytes,cafe,,coffee_shop,,,585,South Komas Drive,,,,84108,"585 South Komas Drive, 84108",,,,,,,,,40.7565996,-111.8288482,,,https://www.openstreetmap.org/node/1667347482,"{""addr:housenumber"": ""585"", ""addr:postcode"": ""84108"", ""addr:street"": ""South Komas Drive"", ""amenity"": ""cafe"", ""cuisine"": ""coffee_shop"", ""internet_access"": ""wlan"", ""name"": ""Java Bytes""}",2026-08-10T08:57:15.983839+00:00
node,1682624812,Red Iguana 2,restaurant,,mexican,,,866,West South Temple,,Salt Lake City,UT,84104,"866 West South Temple, Salt Lake City, UT 84104",+1 801-214-6050,https://www.rediguana.com/locations/red-iguana-2/,,Su-Th 11:00-21:00; Fr-Sa 11:00-22:00,,,,,40.7696677,-111.9161461,,,https://www.openstreetmap.org/node/1682624812,"{""addr:city"": ""Salt Lake City"", ""addr:housename"": ""Red Iguana"", ""addr:housenumber"": ""866"", ""addr:postcode"": ""84104"", ""addr:state"": ""UT"", ""addr:street"": ""West South Temple"", ""amenity"": ""restaurant"", ""cuisine"": ""mexican"", ""diet:vegetarian"": ""yes"", ""name"": ""Red Iguana 2"", ""opening_hours"": ""Su-Th 11:00-21:00; Fr-Sa 11:00-22:00"", ""phone"": ""+1 801-214-6050"", ""reservation"": ""recommended"", ""website"": ""https://www.rediguana.com/locations/red-iguana-2/""}",2026-08-10T08:57:15.983839+00:00
node,1695336996,Nordstrom Ebar,cafe,,,,,,,,,,,,,,,Mo-Sa 09:00-20:00,,,,limited,40.7681868,-111.8928570,,,https://www.openstreetmap.org/node/1695336996,"{""amenity"": ""cafe"", ""level"": ""0"", ""name"": ""Nordstrom Ebar"", ""opening_hours"": ""Mo-Sa 09:00-20:00"", ""wheelchair"": ""limited""}",2026-08-10T08:57:15.983839+00:00
node,1695357156,Rocket Fizz,,confectionery,,Rocket Fizz,,,,,,,,,,,,,,,,,40.7682101,-111.8901567,,,https://www.openstreetmap.org/node/1695357156,"{""brand"": ""Rocket Fizz"", ""brand:wikidata"": ""Q17107987"", ""check_date"": ""2025-05-31"", ""level"": ""0"", ""name"": ""Rocket Fizz"", ""official_name"": ""Rocket Fizz Soda Pop & Candy Shop"", ""shop"": ""confectionery""}",2026-08-10T08:57:15.983839+00:00
node,1808440302,Junior's Tavern,pub,,,,,,,,,,,,,,,"Mo-Sa 14:00-01:00, Su 15:00-01:00",,,,,40.7626125,-111.8898585,,,https://www.openstreetmap.org/node/1808440302,"{""amenity"": ""pub"", ""name"": ""Junior's Tavern"", ""opening_hours"": ""Mo-Sa 14:00-01:00, Su 15:00-01:00""}",2026-08-10T08:57:15.983839+00:00
node,1818224136,Old Dutch Store,,deli,,,,,,,,,,,,,,Mo-Fr 10:00-18:00; Sa 09:00-17:00; Su off,,,,,40.7131302,-111.8556950,,,https://www.openstreetmap.org/node/1818224136,"{""name"": ""Old Dutch Store"", ""opening_hours"": ""Mo-Fr 10:00-18:00; Sa 09:00-17:00; Su off"", ""payment:american_express"": ""no"", ""payment:cash"": ""yes"", ""payment:credit_cards"": ""yes"", ""shop"": ""deli""}",2026-08-10T08:57:15.983839+00:00
node,1818224140,Thai Archer,restaurant,,thai,,,1429,South 1100 East,,Salt Lake City,UT,84105,"1429 South 1100 East, Salt Lake City, UT 84105",+1-801-953-1279,http://thaiarcher.net/,,"Mo-We 11:00-14:30,17:00-21:00; Th 17:00-21:00; Fr 11:00-14:30,17:00-21:30; Sa 17:00-21:30",yes,,yes,,40.7386831,-111.8593310,,,https://www.openstreetmap.org/node/1818224140,"{""addr:city"": ""Salt Lake City"", ""addr:housenumber"": ""1429"", ""addr:postcode"": ""84105"", ""addr:state"": ""UT"", ""addr:street"": ""South 1100 East"", ""amenity"": ""restaurant"", ""check_date"": ""2024-06-15"", ""contact:facebook"": ""thaiarcherrestaurantutah"", ""contact:instagram"": ""thai_archer_restaurant_slc"", ""cuisine"": ""thai"", ""diet:vegan"": ""yes"", ""diet:vegetarian"": ""yes"", ""name"": ""Thai Archer"", ""opening_hours"": ""Mo-We 11:00-14:30,17:00-21:00; Th 17:00-21:00; Fr 11:00-14:30,17:00-21:30; Sa 17:00-21:30"", ""outdoor_seating"": ""yes"", ""phone"": ""+1-801-953-1279"", ""takeaway"": ""yes"", ""website"": ""http://thaiarcher.net/""}",2026-08-10T08:57:15.983839+00:00
node,1832055418,Copper Common,restaurant,,american,,,111,East 300 South,Suite 190,Salt Lake City,UT,84111,"111 East 300 South, Suite 190, Salt Lake City, UT 84111",+1-801-355-0543,https://coppercommon.com/,common@copperslc.com,Su-Th 17:00-24:00; Fr-Sa 17:00-01:00,,,yes,,40.7630556,-111.8867620,,,https://www.openstreetmap.org/node/1832055418,"{""addr:city"": ""Salt Lake City"", ""addr:housenumber"": ""111"", ""addr:postcode"": ""84111"", ""addr:state"": ""UT"", ""addr:street"": ""East 300 South"", ""addr:unit"": ""Suite 190"", ""amenity"": ""restaurant"", ""contact:instagram"": ""coppercommon"", ""cuisine"": ""american"", ""email"": ""common@copperslc.com"", ""min_age"": ""21"", ""name"": ""Copper Common"", ""opening_hours"": ""Su-Th 17:00-24:00; Fr-Sa 17:00-01:00"", ""outdoor_seating"": ""yes"", ""phone"": ""+1-801-355-0543"", ""website"": ""https://coppercommon.com/""}",2026-08-10T08:57:15.983839+00:00
node,1832055420,The Copper Onion,restaurant,,american,,,111,East 300 South,170,Salt Lake City,UT,84111,"111 East 300 South, 170, Salt Lake City, UT 84111",+1 801-355-3282,https://www.thecopperonion.com/,info@copperslc.com,"Mo-Fr 11:30-15:00, 17:00-22:00; Sa-Su 10:30-15:00, 17:00-22:00",,,,,40.7630600,-111.8871690,,,https://www.openstreetmap.org/node/1832055420,"{""addr:city"": ""Salt Lake City"", ""addr:housenumber"": ""111"", ""addr:postcode"": ""84111"", ""addr:state"": ""UT"", ""addr:street"": ""East 300 South"", ""addr:unit"": ""170"", ""amenity"": ""restaurant"", ""contact:facebook"": ""thecopperonion"", ""contact:instagram"": ""thecopperonion"", ""cuisine"": ""american"", ""email"": ""info@copperslc.com"", ""name"": ""The Copper Onion"", ""opening_hours"": ""Mo-Fr 11:30-15:00, 17:00-22:00; Sa-Su 10:30-15:00, 17:00-22:00"", ""phone"": ""+1 801-355-3282"", ""website"": ""https://www.thecopperonion.com/"", ""website:menu"": ""https://www.thecopperonion.com/foodmenu""}",2026-08-10T08:57:15.983839+00:00
node,1832066742,Vosen's Bread Paradise,,bakery,,,,328,West 200 South,,Salt Lake City,,84101,"328 West 200 South, Salt Lake City, 84101",+1 801 322 2424,http://vosen.com/,,Mo-Fr 07:00-18:00; Sa 08:00-16:30,,,,yes,40.7651915,-111.9007374,,,https://www.openstreetmap.org/node/1832066742,"{""addr:city"": ""Salt Lake City"", ""addr:housenumber"": ""328"", ""addr:postcode"": ""84101"", ""addr:street"": ""West 200 South"", ""diet:vegetarian"": ""yes"", ""name"": ""Vosen's Bread Paradise"", ""opening_hours"": ""Mo-Fr 07:00-18:00; Sa 08:00-16:30"", ""phone"": ""+1 801 322 2424"", ""shop"": ""bakery"", ""website"": ""http://vosen.com/"", ""wheelchair"": ""yes""}",2026-08-10T08:57:15.983839+00:00
node,1834370390,Beerhive Pub,pub,,,,,128,South Main Street,,Salt Lake City,UT,84101,"128 South Main Street, Salt Lake City, UT 84101",,https://beerhivepub.shop,,,,,,limited,40.7663789,-111.8913600,,,https://www.openstreetmap.org/node/1834370390,"{""addr:city"": ""Salt Lake City"", ""addr:housenumber"": ""128"", ""addr:postcode"": ""84101"", ""addr:state"": ""UT"", ""addr:street"": ""South Main Street"", ""amenity"": ""pub"", ""name"": ""Beerhive Pub"", ""website"": ""https://beerhivepub.shop"", ""wheelchair"": ""limited""}",2026-08-10T08:57:15.983839+00:00
node,1834370395,Pleiku,restaurant,,vietnamese,,,264,South Main Street,,Salt Lake City,UT,84101,"264 South Main Street, Salt Lake City, UT 84101",,,,"Mo-Fr 11:00-15:00, 17:00-21:00; Sa 12:00-21:00",,,,,40.7634267,-111.8914110,,,https://www.openstreetmap.org/node/1834370395,"{""addr:city"": ""Salt Lake City"", ""addr:housenumber"": ""264"", ""addr:postcode"": ""84101"", ""addr:state"": ""UT"", ""addr:street"": ""South Main Street"", ""addr:street:prefix"": ""South"", ""amenity"": ""restaurant"", ""cuisine"": ""vietnamese"", ""full_name"": ""Pleiku Viet Kitchen"", ""name"": ""Pleiku"", ""opening_hours"": ""Mo-Fr 11:00-15:00, 17:00-21:00; Sa 12:00-21:00""}",2026-08-10T08:57:15.983839+00:00
node,1834370481,Antica Roma,restaurant,,italian,,,132,South Main Street,,Salt Lake City,UT,84101,"132 South Main Street, Salt Lake City, UT 84101",+1 801-532-0500,https://www.anticaromaslc.com/,,Mo-Sa 17:00-21:00; PH closed,,,,yes,40.7662867,-111.8913724,,,https://www.openstreetmap.org/node/1834370481,"{""addr:city"": ""Salt Lake City"", ""addr:housenumber"": ""132"", ""addr:postcode"": ""84101"", ""addr:state"": ""UT"", ""addr:street"": ""South Main Street"", ""amenity"": ""restaurant"", ""cuisine"": ""italian"", ""name"": ""Antica Roma"", ""opening_hours"": ""Mo-Sa 17:00-21:00; PH closed"", ""phone"": ""+1 801-532-0500"", ""start_date"": ""2023"", ""website"": ""https://www.anticaromaslc.com/"", ""wheelchair"": ""yes""}",2026-08-10T08:57:15.983839+00:00
node,1834370483,Boomerang's Down Under Bar,pub,,,,,,,,,,,,,,,,,,,no,40.7656455,-111.8913920,,,https://www.openstreetmap.org/node/1834370483,"{""amenity"": ""pub"", ""level"": ""-1"", ""name"": ""Boomerang's Down Under Bar"", ""short_name"": ""Boomerang's"", ""wheelchair"": ""no""}",2026-08-10T08:57:15.983839+00:00
node,1834370489,Shim,restaurant,,thai;japanese,,,238,South Main Street,,Salt Lake City,UT,84101,"238 South Main Street, Salt Lake City, UT 84101",,,,Mo-Fr 11:00-15:00; Su 13:00-21:00,,,,,40.7639549,-111.8914200,,,https://www.openstreetmap.org/node/1834370489,"{""addr:city"": ""Salt Lake City"", ""addr:housenumber"": ""238"", ""addr:postcode"": ""84101"", ""addr:state"": ""UT"", ""addr:street"": ""South Main Street"", ""amenity"": ""restaurant"", ""cuisine"": ""thai;japanese"", ""name"": ""Shim"", ""opening_hours"": ""Mo-Fr 11:00-15:00; Su 13:00-21:00""}",2026-08-10T08:57:15.983839+00:00
node,1834370518,The Garden Restaurant,restaurant,,,,Temple Square Hospitality,,,,,,,,+1 801-539-3560,https://thegardenslc.com/,,Mo-Fr 11:00-15:00,,,,,40.7696868,-111.8907625,,,https://www.openstreetmap.org/node/1834370518,"{""amenity"": ""restaurant"", ""level"": ""0"", ""name"": ""The Garden Restaurant"", ""opening_hours"": ""Mo-Fr 11:00-15:00"", ""operator"": ""Temple Square Hospitality"", ""phone"": ""+1 801-539-3560"", ""website"": ""https://thegardenslc.com/""}",2026-08-10T08:57:15.983839+00:00
node,1834370523,The Lion House Pantry,restaurant,,,,,,,,,,,,+1 801-539-3257,https://www.templesquarehospitality.com/restaurants/pantry.php,,Mo-Sa 11:00-20:00,,,,,40.7698485,-111.8890487,,,https://www.openstreetmap.org/node/1834370523,"{""amenity"": ""restaurant"", ""name"": ""The Lion House Pantry"", ""opening_hours"": ""Mo-Sa 11:00-20:00"", ""phone"": ""+1 801-539-3257"", ""website"": ""https://www.templesquarehospitality.com/restaurants/pantry.php""}",2026-08-10T08:57:15.983839+00:00
node,1834370533,The Roof,restaurant,,,,,15,E South Temple,,Salt Lake City,UT,,"15 E South Temple, Salt Lake City, UT",+1 801-539-3550,https://www.templesquarehospitality.com/restaurants/roof.php,,Mo-Th 11:00-21:00; Fr-Sa 11:00-22:00,,,,,40.7701398,-111.8907383,,,https://www.openstreetmap.org/node/1834370533,"{""addr:city"": ""Salt Lake City"", ""addr:housenumber"": ""15"", ""addr:state"": ""UT"", ""addr:street"": ""E South Temple"", ""amenity"": ""restaurant"", ""level"": ""9"", ""name"": ""The Roof"", ""opening_hours"": ""Mo-Th 11:00-21:00; Fr-Sa 11:00-22:00"", ""phone"": ""+1 801-539-3550"", ""start_date"": ""2025-11-14"", ""website"": ""https://www.templesquarehospitality.com/restaurants/roof.php""}",2026-08-10T08:57:15.983839+00:00
node,1838297450,The Robin's Nest,restaurant,,sandwich,,,83,East 300 South,,Salt Lake City,UT,84111,"83 East 300 South, Salt Lake City, UT 84111",+1 801-466-6378,https://robinsnestslc.com/,,Mo-Fr 11:00-14:00; Sa 12:00-15:00; Su off,,,,,40.7630564,-111.8888782,,,https://www.openstreetmap.org/node/1838297450,"{""addr:city"": ""Salt Lake City"", ""addr:housenumber"": ""83"", ""addr:postcode"": ""84111"", ""addr:state"": ""UT"", ""addr:street"": ""East 300 South"", ""amenity"": ""restaurant"", ""check_date"": ""2025-06-02"", ""check_date:opening_hours"": ""2023-04-10"", ""cuisine"": ""sandwich"", ""name"": ""The Robin's Nest"", ""opening_hours"": ""Mo-Fr 11:00-14:00; Sa 12:00-15:00; Su off"", ""phone"": ""+1 801-466-6378"", ""website"": ""https://robinsnestslc.com/""}",2026-08-10T08:57:15.983839+00:00
node,1871931506,Brio Coffee,cafe,,coffee_shop,,,,,,,,,,,,,Mo-Th 07:30-18:00; Fr 07:30-16:00,,,,,40.7612983,-111.8445520,,,https://www.openstreetmap.org/node/1871931506,"{""amenity"": ""cafe"", ""cuisine"": ""coffee_shop"", ""level"": ""1"", ""name"": ""Brio Coffee"", ""not:brand:wikidata"": ""Q64055835"", ""opening_hours"": ""Mo-Th 07:30-18:00; Fr 07:30-16:00""}",2026-08-10T08:57:15.983839+00:00
node,1871931533,Union Food Court,food_court,,,,,,,,,,,,,,,,,,,,40.7650639,-111.8462810,,,https://www.openstreetmap.org/node/1871931533,"{""amenity"": ""food_court"", ""check_date"": ""2024-03-06"", ""name"": ""Union Food Court""}",2026-08-10T08:57:15.983839+00:00
node,1983025890,Salt Lake County Cafeteria,restaurant,,american,,,,,,,,,,,,,,,,,,40.7271834,-111.8876784,,,https://www.openstreetmap.org/node/1983025890,"{""amenity"": ""restaurant"", ""check_date"": ""2023-07-27"", ""cuisine"": ""american"", ""name"": ""Salt Lake County Cafeteria"", ""source"": ""local knowledge""}",2026-08-10T08:57:15.983839+00:00
node,2139609322,Hugo Coffee,cafe,,coffee_shop,,,,,,,,,,,https://hugo.coffee,,Mo-Sa 10:00-18:00; Su 11:00-17:00,,,,,40.7600013,-111.8842678,,,https://www.openstreetmap.org/node/2139609322,"{""amenity"": ""cafe"", ""cuisine"": ""coffee_shop"", ""description"": ""A female-founded & certified coffee roaster located in Park City, UT. We are on a mission to save animals by selling fantastic coffee nationwide. Operates an animal rescue giveback program (\""portion of each purchase....\"")"", ""level"": ""0"", ""name"": ""Hugo Coffee"", ""opening_hours"": ""Mo-Sa 10:00-18:00; Su 11:00-17:00"", ""strapline"": ""Drink Coffee, Save Animals"", ""website"": ""https://hugo.coffee""}",2026-08-10T08:57:15.983839+00:00
node,2140780683,Dolcetti Gelato,ice_cream,ice_cream,,,,902,East 900 South,,Salt Lake City,UT,84105,"902 East 900 South, Salt Lake City, UT 84105",,https://dolcettigelato.com/,catering.dolcettigelato@gmail.com,Mo-Sa 11:00-22:00; Su 11:00-20:00,yes,,no,yes,40.7495770,-111.8651700,,,https://www.openstreetmap.org/node/2140780683,"{""addr:city"": ""Salt Lake City"", ""addr:housenumber"": ""902"", ""addr:postcode"": ""84105"", ""addr:state"": ""UT"", ""addr:street"": ""East 900 South"", ""amenity"": ""ice_cream"", ""check_date"": ""2022-08-23"", ""email"": ""catering.dolcettigelato@gmail.com"", ""internet_access"": ""wlan"", ""internet_access:fee"": ""no"", ""name"": ""Dolcetti Gelato"", ""opening_hours"": ""Mo-Sa 11:00-22:00; Su 11:00-20:00"", ""outdoor_seating"": ""no"", ""payment:debit_cards"": ""yes"", ""shop"": ""ice_cream"", ""takeaway"": ""yes"", ""website"": ""https://dolcettigelato.com/"", ""wheelchair"": ""yes""}",2026-08-10T08:57:15.983839+00:00
node,2176658635,Mumbai House,restaurant,,indian,,,,,,,,,,+1 801-581-0222,https://mumbaihousecuisine.com/,,Mo-Sa 16:00-22:00,yes,,no,,40.7186583,-111.8116296,,,https://www.openstreetmap.org/node/2176658635,"{""amenity"": ""restaurant"", ""cuisine"": ""indian"", ""name"": ""Mumbai House"", ""old_name"": ""Bombay House"", ""opening_hours"": ""Mo-Sa 16:00-22:00"", ""outdoor_seating"": ""no"", ""phone"": ""+1 801-581-0222"", ""smoking"": ""no"", ""takeaway"": ""yes"", ""website"": ""https://mumbaihousecuisine.com/""}",2026-08-10T08:57:15.983839+00:00
node,2211697127,Cucina,restaurant,,sandwich;american;seafood;breakfast;pastry;diner;fine_dining;wine;bar,,,1026,East 2nd Avenue,,Salt Lake City,UT,84103,"1026 East 2nd Avenue, Salt Lake City, UT 84103",+1 801-322-3055,http://www.cucinadeli.com/,,Mo-Th 07:00-21:00; Fr-Sa 08:00-22:00; Su 08:00-21:00,yes,,patio,,40.7714732,-111.8587601,,,https://www.openstreetmap.org/node/2211697127,"{""addr:city"": ""Salt Lake City"", ""addr:housenumber"": ""1026"", ""addr:postcode"": ""84103"", ""addr:state"": ""UT"", ""addr:street"": ""East 2nd Avenue"", ""alt_name"": ""Cucina Deli;Cucina Wine Bar"", ""amenity"": ""restaurant"", ""cuisine"": ""sandwich;american;seafood;breakfast;pastry;diner;fine_dining;wine;bar"", ""diet:gluten_free"": ""yes"", ""diet:vegan"": ""limited"", ""diet:vegetarian"": ""yes"", ""name"": ""Cucina"", ""note"": ""Operates as Cucina all the time; calls itself Cucina Deli during the day (until 17:00); calls itself Cucina Wine Bar in the evenings."", ""opening_hours"": ""Mo-Th 07:00-21:00; Fr-Sa 08:00-22:00; Su 08:00-21:00"", ""outdoor_seating"": ""patio"", ""phone"": ""+1 801-322-3055"", ""smoking"": ""no"", ""takeaway"": ""yes"", ""website"": ""http://www.cucinadeli.com/""}",2026-08-10T08:57:15.983839+00:00
node,2288201853,Desert Edge Brewery,restaurant,,american,,,602,East 500 South,D243,Salt Lake City,UT,84102,"602 East 500 South, D243, Salt Lake City, UT 84102",+1-801-521-8917,https://desertedgebrewery.com/,,Mo-We 11:30-22:00; Th-Fr 11:00-23:00; Sa 11:30-23:00; Su 12:00-21:00,yes,yes,,yes,40.7571097,-111.8729826,,,https://www.openstreetmap.org/node/2288201853,"{""addr:city"": ""Salt Lake City"", ""addr:housenumber"": ""602"", ""addr:postcode"": ""84102"", ""addr:state"": ""UT"", ""addr:street"": ""East 500 South"", ""addr:unit"": ""D243"", ""air_conditioning"": ""yes"", ""alt_name"": ""Desert Edge Pub"", ""amenity"": ""restaurant"", ""bar"": ""yes"", ""brewery"": ""various"", ""cuisine"": ""american"", ""delivery"": ""yes"", ""level"": ""1"", ""min_age"": ""21"", ""name"": ""Desert Edge Brewery"", ""opening_hours"": ""Mo-We 11:30-22:00; Th-Fr 11:00-23:00; Sa 11:30-23:00; Su 12:00-21:00"", ""phone"": ""+1-801-521-8917"", ""takeaway"": ""yes"", ""website"": ""https://desertedgebrewery.com/"", ""wheelchair"": ""yes""}",2026-08-10T08:57:15.983839+00:00
node,2327589745,Blue Iguana,restaurant,,mexican,,,165,South West Temple,,Salt Lake City,,84101,"165 South West Temple, Salt Lake City, 84101",+1 801-533-8900,https://blueiguanarestaurant.net/,,Mo-Th 11:00-21:00;Fr-Sa 11:00-22:00;Su 16:00-21:00,,,,,40.7657194,-111.8930078,,,https://www.openstreetmap.org/node/2327589745,"{""addr:city"": ""Salt Lake City"", ""addr:housenumber"": ""165"", ""addr:postcode"": ""84101"", ""addr:street"": ""South West Temple"", ""amenity"": ""restaurant"", ""check_date"": ""2023-07-28"", ""cuisine"": ""mexican"", ""name"": ""Blue Iguana"", ""opening_hours"": ""Mo-Th 11:00-21:00;Fr-Sa 11:00-22:00;Su 16:00-21:00"", ""phone"": ""+1 801-533-8900"", ""website"": ""https://blueiguanarestaurant.net/""}",2026-08-10T08:57:15.983839+00:00
node,2327590568,J Wong's,restaurant,,chinese,,,163,West 200 South,,Salt Lake City,UT,84101,"163 West 200 South, Salt Lake City, UT 84101",,,,,,,,yes,40.7648014,-111.8961146,,,https://www.openstreetmap.org/node/2327590568,"{""addr:city"": ""Salt Lake City"", ""addr:housenumber"": ""163"", ""addr:postcode"": ""84101"", ""addr:state"": ""UT"", ""addr:street"": ""West 200 South"", ""amenity"": ""restaurant"", ""cuisine"": ""chinese"", ""name"": ""J Wong's"", ""wheelchair"": ""yes""}",2026-08-10T08:57:15.983839+00:00
node,2327628342,Aker,restaurant,,japanese,,,9,East Exchange Place,,Salt Lake City,UT,84101,"9 East Exchange Place, Salt Lake City, UT 84101",+1 385-295-4077,https://akersaltlake.com/,,"Mo 17:00-22:00; Tu-Th 11:30-14:30, 17:00-22:00; Fr 11:30-14:30, 17:00-23:00; Sa 17:00-23:00; Su off",,,,,40.7615515,-111.8908110,,,https://www.openstreetmap.org/node/2327628342,"{""addr:city"": ""Salt Lake City"", ""addr:housenumber"": ""9"", ""addr:postcode"": ""84101"", ""addr:state"": ""UT"", ""addr:street"": ""East Exchange Place"", ""amenity"": ""restaurant"", ""cuisine"": ""japanese"", ""level"": ""0"", ""min_age"": ""21"", ""name"": ""Aker"", ""opening_hours"": ""Mo 17:00-22:00; Tu-Th 11:30-14:30, 17:00-22:00; Fr 11:30-14:30, 17:00-23:00; Sa 17:00-23:00; Su off"", ""phone"": ""+1 385-295-4077"", ""website"": ""https://akersaltlake.com/""}",2026-08-10T08:57:15.983839+00:00
node,2327628373,Laurel Brasserie & Bar,restaurant,,european,,,555,South Main Street,,Salt Lake City,UT,84111,"555 South Main Street, Salt Lake City, UT 84111",+1 801-258-6708,https://laurelslc.com,,Mo-Su 06:30-24:00,,,,,40.7579588,-111.8904100,,,https://www.openstreetmap.org/node/2327628373,"{""addr:city"": ""Salt Lake City"", ""addr:housenumber"": ""555"", ""addr:postcode"": ""84111"", ""addr:state"": ""UT"", ""addr:street"": ""South Main Street"", ""amenity"": ""restaurant"", ""cuisine"": ""european"", ""name"": ""Laurel Brasserie & Bar"", ""opening_hours"": ""Mo-Su 06:30-24:00"", ""phone"": ""+1 801-258-6708"", ""website"": ""https://laurelslc.com""}",2026-08-10T08:57:15.983839+00:00
node,2327628379,The Melting Pot,restaurant,,fondue,The Melting Pot,,,,,,,,,,,,"Mo-Th 16:00-22:00; Fr 16:00-23:00; Sa 11:00-15:00,16:00-23:00; Su 16:00-21:00",,,,,40.7618350,-111.8913790,,,https://www.openstreetmap.org/node/2327628379,"{""alt_name"": ""Melting Pot"", ""amenity"": ""restaurant"", ""brand"": ""The Melting Pot"", ""brand:wikidata"": ""Q7750948"", ""check_date"": ""2025-01-27"", ""cuisine"": ""fondue"", ""name"": ""The Melting Pot"", ""opening_hours"": ""Mo-Th 16:00-22:00; Fr 16:00-23:00; Sa 11:00-15:00,16:00-23:00; Su 16:00-21:00""}",2026-08-10T08:57:15.983839+00:00
node,2327642665,Cafe Rio,restaurant,,mexican,Cafe Rio,,532,East 400 South,,Salt Lake City,UT,84102,"532 East 400 South, Salt Lake City, UT 84102",+1-801-924-3800,https://www.caferio.com/locations/4th-south,,Mo-We 10:30-22:00; Th-Sa 10:30-23:00; Su 10:30-22:00,,,,,40.7602663,-111.8755250,,,https://www.openstreetmap.org/node/2327642665,"{""addr:city"": ""Salt Lake City"", ""addr:country"": ""US"", ""addr:housenumber"": ""532"", ""addr:postcode"": ""84102"", ""addr:state"": ""UT"", ""addr:street"": ""East 400 South"", ""amenity"": ""restaurant"", ""brand"": ""Cafe Rio"", ""brand:wikidata"": ""Q5017108"", ""check_date"": ""2024-06-08"", ""cuisine"": ""mexican"", ""name"": ""Cafe Rio"", ""opening_hours"": ""Mo-We 10:30-22:00; Th-Sa 10:30-23:00; Su 10:30-22:00"", ""payment:cash"": ""yes"", ""payment:credit_cards"": ""yes"", ""payment:debit_cards"": ""yes"", ""phone"": ""+1-801-924-3800"", ""website"": ""https://www.caferio.com/locations/4th-south""}",2026-08-10T08:57:15.983839+00:00
node,2327648134,Tucano's Brazilian Grill,restaurant,,sandwich,,,162,South 400 West,,Salt Lake City,UT,84101,"162 South 400 West, Salt Lake City, UT 84101",,https://www.tucanos.com/location/slc,,Mo-Th 11:00-22:00; Fr-Sa 11:00-23:00,,,,,40.7658059,-111.9028975,,,https://www.openstreetmap.org/node/2327648134,"{""addr:city"": ""Salt Lake City"", ""addr:country"": ""US"", ""addr:housenumber"": ""162"", ""addr:postcode"": ""84101"", ""addr:state"": ""UT"", ""addr:street"": ""South 400 West"", ""amenity"": ""restaurant"", ""check_date"": ""2023-07-27"", ""cuisine"": ""sandwich"", ""level"": ""1"", ""name"": ""Tucano's Brazilian Grill"", ""opening_hours"": ""Mo-Th 11:00-22:00; Fr-Sa 11:00-23:00"", ""website"": ""https://www.tucanos.com/location/slc""}",2026-08-10T08:57:15.983839+00:00
node,2327662142,Johnny Rockets,restaurant,,burger,Johnny Rockets,,36,South State Street,,Salt Lake City,UT,84103,"36 South State Street, Salt Lake City, UT 84103",+1-801-441-1660,https://locations.johnnyrockets.com/ll/US/UT/Salt-Lake-City/36-South-State-St_*-Unit-240,,Mo-Th 11:00-20:00; Fr-Sa 11:00-21:00,,,,,40.7682992,-111.8892440,,,https://www.openstreetmap.org/node/2327662142,"{""addr:city"": ""Salt Lake City"", ""addr:housenumber"": ""36"", ""addr:postcode"": ""84103"", ""addr:state"": ""UT"", ""addr:street"": ""South State Street"", ""amenity"": ""restaurant"", ""brand"": ""Johnny Rockets"", ""brand:wikidata"": ""Q1051593"", ""cuisine"": ""burger"", ""name"": ""Johnny Rockets"", ""opening_hours"": ""Mo-Th 11:00-20:00; Fr-Sa 11:00-21:00"", ""phone"": ""+1-801-441-1660"", ""source"": ""Bing"", ""website"": ""https://locations.johnnyrockets.com/ll/US/UT/Salt-Lake-City/36-South-State-St_*-Unit-240""}",2026-08-10T08:57:15.983839+00:00
node,2327662145,The Cheesecake Factory,restaurant,,american,The Cheesecake Factory,,65,South Regent Street,,Salt Lake City,UT,84111,"65 South Regent Street, Salt Lake City, UT 84111",+1-801-521-1732,https://www.thecheesecakefactory.com/,,Mo-Th 11:00-21:00; Fr-Sa 11:00-22:00; Su 10:00-21:00,yes,yes,yes,yes,40.7676044,-111.8896090,,,https://www.openstreetmap.org/node/2327662145,"{""addr:city"": ""Salt Lake City"", ""addr:country"": ""US"", ""addr:housenumber"": ""65"", ""addr:postcode"": ""84111"", ""addr:state"": ""UT"", ""addr:street"": ""South Regent Street"", ""alt_name"": ""Cheesecake Factory"", ""amenity"": ""restaurant"", ""brand"": ""The Cheesecake Factory"", ""brand:wikidata"": ""Q1045842"", ""cuisine"": ""american"", ""delivery"": ""yes"", ""level"": ""0"", ""name"": ""The Cheesecake Factory"", ""opening_hours"": ""Mo-Th 11:00-21:00; Fr-Sa 11:00-22:00; Su 10:00-21:00"", ""outdoor_seating"": ""yes"", ""phone"": ""+1-801-521-1732"", ""reservation"": ""yes"", ""smoking"": ""outside"", ""source"": ""Bing;website"", ""takeaway"": ""yes"", ""website"": ""https://www.thecheesecakefactory.com/"", ""wheelchair"": ""yes""}",2026-08-10T08:57:15.983839+00:00
node,2327662149,Sal Y Limón,fast_food,,mexican,,,28,South State Street,,Salt Lake City,UT,84111,"28 South State Street, Salt Lake City, UT 84111",,,,,,,,yes,40.7684931,-111.8886818,,,https://www.openstreetmap.org/node/2327662149,"{""addr:city"": ""Salt Lake City"", ""addr:housenumber"": ""28"", ""addr:postcode"": ""84111"", ""addr:state"": ""UT"", ""addr:street"": ""South State Street"", ""air_conditioning"": ""yes"", ""amenity"": ""fast_food"", ""cuisine"": ""mexican"", ""name"": ""Sal Y Limón"", ""wheelchair"": ""yes""}",2026-08-10T08:57:15.983839+00:00
node,2327662155,Subway,fast_food,,sandwich,Subway,,28,South Street,Fc 114A,Salt Lake City,UT,84111,"28 South Street, Fc 114A, Salt Lake City, UT 84111",+1 801-363-2884,https://restaurants.subway.com/united-states/ut/salt-lake-city/28-south-street,,Mo 10:00-18:00; Tu-Th 10:00-20:00; Fr-Sa 10:00-21:00,yes,,,yes,40.7682604,-111.8890688,,,https://www.openstreetmap.org/node/2327662155,"{""addr:city"": ""Salt Lake City"", ""addr:housenumber"": ""28"", ""addr:postcode"": ""84111"", ""addr:state"": ""UT"", ""addr:street"": ""South Street"", ""addr:unit"": ""Fc 114A"", ""amenity"": ""fast_food"", ""brand"": ""Subway"", ""brand:wikidata"": ""Q244457"", ""check_date"": ""2024-06-17"", ""cuisine"": ""sandwich"", ""name"": ""Subway"", ""opening_hours"": ""Mo 10:00-18:00; Tu-Th 10:00-20:00; Fr-Sa 10:00-21:00"", ""phone"": ""+1 801-363-2884"", ""takeaway"": ""yes"", ""website"": ""https://restaurants.subway.com/united-states/ut/salt-lake-city/28-south-street"", ""wheelchair"": ""yes""}",2026-08-10T08:57:15.983839+00:00
node,2327662156,McDonald's,fast_food,,burger,McDonald's,,36,South State Street,,Salt Lake City,UT,84111,"36 South State Street, Salt Lake City, UT 84111",+1 801-322-5922,https://www.mcdonalds.com/us/en-us/location/32035.html,,Mo-Fr 06:00-21:00; Sa 07:00-21:00; Su 00:00-24:00,yes,yes,,yes,40.7686328,-111.8886403,,,https://www.openstreetmap.org/node/2327662156,"{""addr:city"": ""Salt Lake City"", ""addr:housenumber"": ""36"", ""addr:postcode"": ""84111"", ""addr:state"": ""UT"", ""addr:street"": ""South State Street"", ""air_conditioning"": ""yes"", ""amenity"": ""fast_food"", ""brand"": ""McDonald's"", ""brand:wikidata"": ""Q38076"", ""check_date"": ""2024-06-17"", ""cuisine"": ""burger"", ""delivery"": ""yes"", ""drive_through"": ""no"", ""internet_access"": ""wlan"", ""name"": ""McDonald's"", ""opening_hours"": ""Mo-Fr 06:00-21:00; Sa 07:00-21:00; Su 00:00-24:00"", ""payment:cash"": ""yes"", ""payment:cheque"": ""yes"", ""payment:credit_cards"": ""yes"", ""payment:debit_cards"": ""yes"", ""phone"": ""+1 801-322-5922"", ""smoking"": ""outside"", ""source"": ""Bing"", ""takeaway"": ""yes"", ""website"": ""https://www.mcdonalds.com/us/en-us/location/32035.html"", ""wheelchair"": ""yes""}",2026-08-10T08:57:15.983839+00:00
node,2327662157,Hallpass,food_court,,,,,153,South Rio Grande Street,,Salt Lake City,UT,84101,"153 South Rio Grande Street, Salt Lake City, UT 84101",,https://hallpassslc.com,,Su-Th 11:00-21:00; Fr-Sa 11:00-23:00,,,,,40.7659325,-111.9037099,,,https://www.openstreetmap.org/node/2327662157,"{""addr:city"": ""Salt Lake City"", ""addr:country"": ""US"", ""addr:housenumber"": ""153"", ""addr:postcode"": ""84101"", ""addr:state"": ""UT"", ""addr:street"": ""South Rio Grande Street"", ""alt_name"": ""Hall Pass"", ""amenity"": ""food_court"", ""level"": ""0"", ""name"": ""Hallpass"", ""opening_hours"": ""Su-Th 11:00-21:00; Fr-Sa 11:00-23:00"", ""website"": ""https://hallpassslc.com""}",2026-08-10T08:57:15.983839+00:00
node,2327662158,Fleming's,restaurant,,steak_house,Fleming's,,20,South 400 West,Suite 2020,Salt Lake City,UT,,"20 South 400 West, Suite 2020, Salt Lake City, UT",+1 801-355-3704,https://www.flemingssteakhouse.com/locations/ut/salt-lake-city,,Mo-Sa 16:00-22:00; Su 16:00-21:00,,,,yes,40.7688377,-111.9034540,,,https://www.openstreetmap.org/node/2327662158,"{""addr:city"": ""Salt Lake City"", ""addr:housenumber"": ""20"", ""addr:state"": ""UT"", ""addr:street"": ""South 400 West"", ""addr:unit"": ""Suite 2020"", ""amenity"": ""restaurant"", ""branch"": ""Prime Steakhouse"", ""brand"": ""Fleming's"", ""brand:wikidata"": ""Q5458552"", ""cuisine"": ""steak_house"", ""description"": ""Note: Hours for pickup and delivery are different than the hours here, which are the hours for in-person dining. See website for details."", ""name"": ""Fleming's"", ""official_name"": ""Fleming's Prime Steakhouse & Wine Bar"", ""opening_hours"": ""Mo-Sa 16:00-22:00; Su 16:00-21:00"", ""phone"": ""+1 801-355-3704"", ""website"": ""https://www.flemingssteakhouse.com/locations/ut/salt-lake-city"", ""wheelchair"": ""yes""}",2026-08-10T08:57:15.983839+00:00
node,2327662160,Sbarro,fast_food,,pizza,Sbarro,,28,South State Street,,Salt Lake City,UT,84111,"28 South State Street, Salt Lake City, UT 84111",+1-801-596-2243,https://sbarro.com/locations/UT/Salt-Lake-City/City-Creek-Center/,,Mo-Th 11:00-20:00; Fr-Sa 11:00-21:00,yes,,,yes,40.7684913,-111.8889123,,,https://www.openstreetmap.org/node/2327662160,"{""addr:city"": ""Salt Lake City"", ""addr:housenumber"": ""28"", ""addr:postcode"": ""84111"", ""addr:state"": ""UT"", ""addr:street"": ""South State Street"", ""amenity"": ""fast_food"", ""brand"": ""Sbarro"", ""brand:wikidata"": ""Q2589409"", ""check_date"": ""2024-06-17"", ""cuisine"": ""pizza"", ""name"": ""Sbarro"", ""opening_hours"": ""Mo-Th 11:00-20:00; Fr-Sa 11:00-21:00"", ""phone"": ""+1-801-596-2243"", ""takeaway"": ""yes"", ""website"": ""https://sbarro.com/locations/UT/Salt-Lake-City/City-Creek-Center/"", ""wheelchair"": ""yes""}",2026-08-10T08:57:15.983839+00:00
node,2327662161,Osaka Japan,fast_food,,japanese,,,,,,,,,,,,,,,,,,40.7687251,-111.8889466,,,https://www.openstreetmap.org/node/2327662161,"{""amenity"": ""fast_food"", ""check_date"": ""2024-06-17"", ""cuisine"": ""japanese"", ""name"": ""Osaka Japan""}",2026-08-10T08:57:15.983839+00:00
node,2327662162,Shake Shack,fast_food,,burger,Shake Shack,,28,South State Street,,Salt Lake City,UT,84111,"28 South State Street, Salt Lake City, UT 84111",,,,,yes,,,,40.7684871,-111.8890517,,,https://www.openstreetmap.org/node/2327662162,"{""addr:city"": ""Salt Lake City"", ""addr:housenumber"": ""28"", ""addr:postcode"": ""84111"", ""addr:state"": ""UT"", ""addr:street"": ""South State Street"", ""amenity"": ""fast_food"", ""brand"": ""Shake Shack"", ""brand:wikidata"": ""Q1058722"", ""cuisine"": ""burger"", ""name"": ""Shake Shack"", ""takeaway"": ""yes""}",2026-08-10T08:57:15.983839+00:00
node,2327662164,Kneaders Bakery & Cafe,restaurant,,sandwich;pastry,,,28,South State Street,235,Salt Lake City,UT,84111,"28 South State Street, 235, Salt Lake City, UT 84111",+1 801-428-3051,https://www.kneaders.com/,,Mo-Sa 08:00-21:00,,,,,40.7686785,-111.8890322,,,https://www.openstreetmap.org/node/2327662164,"{""addr:city"": ""Salt Lake City"", ""addr:housenumber"": ""28"", ""addr:postcode"": ""84111"", ""addr:state"": ""UT"", ""addr:street"": ""South State Street"", ""addr:unit"": ""235"", ""amenity"": ""restaurant"", ""check_date"": ""2024-06-17"", ""cuisine"": ""sandwich;pastry"", ""level"": ""1"", ""name"": ""Kneaders Bakery & Cafe"", ""name:en"": ""Kneaders"", ""opening_hours"": ""Mo-Sa 08:00-21:00"", ""phone"": ""+1 801-428-3051"", ""website"": ""https://www.kneaders.com/""}",2026-08-10T08:57:15.983839+00:00
node,2327662165,J Dawg's,restaurant,,hot_dog,,,50,East South Temple,,Salt Lake City,UT,,"50 East South Temple, Salt Lake City, UT",+1-801-373-3294,https://www.jdawgs.com,,Mo-Sa 11:00-21:00,,,,,40.7690980,-111.8897910,,,https://www.openstreetmap.org/node/2327662165,"{""addr:city"": ""Salt Lake City"", ""addr:housenumber"": ""50"", ""addr:state"": ""UT"", ""addr:street"": ""East South Temple"", ""amenity"": ""restaurant"", ""cuisine"": ""hot_dog"", ""name"": ""J Dawg's"", ""opening_hours"": ""Mo-Sa 11:00-21:00"", ""phone"": ""+1-801-373-3294"", ""website"": ""https://www.jdawgs.com""}",2026-08-10T08:57:15.983839+00:00
node,2327662166,Popeyes,fast_food,,chicken,Popeyes,,,,,,,,,,,,,yes,,,,40.7687308,-111.8887048,,,https://www.openstreetmap.org/node/2327662166,"{""amenity"": ""fast_food"", ""brand"": ""Popeyes"", ""brand:wikidata"": ""Q1330910"", ""check_date"": ""2024-06-17"", ""cuisine"": ""chicken"", ""name"": ""Popeyes"", ""official_name"": ""Popeyes Louisiana Kitchen"", ""takeaway"": ""yes""}",2026-08-10T08:57:15.983839+00:00
node,2327662167,Great Steak,fast_food,,sandwich,Great Steak,,28,South State Street,,Salt Lake City,UT,84111,"28 South State Street, Salt Lake City, UT 84111",+1-801-359-1061,https://www.thegreatsteak.com/stores/7145,,Mo 10:30-18:30; Tu-Th 10:30-19:30; Fr-Sa 10:30-20:00,,,,yes,40.7687288,-111.8888630,,,https://www.openstreetmap.org/node/2327662167,"{""addr:city"": ""Salt Lake City"", ""addr:housenumber"": ""28"", ""addr:postcode"": ""84111"", ""addr:state"": ""UT"", ""addr:street"": ""South State Street"", ""air_conditioning"": ""yes"", ""amenity"": ""fast_food"", ""brand"": ""Great Steak"", ""brand:wikidata"": ""Q5600034"", ""check_date"": ""2024-06-17"", ""cuisine"": ""sandwich"", ""drive_through"": ""no"", ""name"": ""Great Steak"", ""opening_hours"": ""Mo 10:30-18:30; Tu-Th 10:30-19:30; Fr-Sa 10:30-20:00"", ""phone"": ""+1-801-359-1061"", ""smoking"": ""outside"", ""website"": ""https://www.thegreatsteak.com/stores/7145"", ""wheelchair"": ""yes""}",2026-08-10T08:57:15.983839+00:00
node,2327662169,Chick-fil-A,fast_food,,chicken,Chick-fil-A,,28,South State Street,S,Salt Lake City,UT,84111,"28 South State Street, S, Salt Lake City, UT 84111",+1 385-259-7121,https://www.chick-fil-a.com/locations/ut/city-creek-center,,Mo-Th 08:00-20:00; Fr-Sa 08:00-21:00,yes,yes,,yes,40.7687339,-111.8891940,,,https://www.openstreetmap.org/node/2327662169,"{""addr:city"": ""Salt Lake City"", ""addr:housenumber"": ""28"", ""addr:postcode"": ""84111"", ""addr:state"": ""UT"", ""addr:street"": ""South State Street"", ""addr:unit"": ""S"", ""amenity"": ""fast_food"", ""branch"": ""City Creek Center"", ""brand"": ""Chick-fil-A"", ""brand:wikidata"": ""Q491516"", ""check_date"": ""2024-11-29"", ""cuisine"": ""chicken"", ""delivery"": ""yes"", ""drive_through"": ""yes"", ""indoor_seating"": ""no"", ""internet_access"": ""wlan"", ""name"": ""Chick-fil-A"", ""opening_hours"": ""Mo-Th 08:00-20:00; Fr-Sa 08:00-21:00"", ""payment:cash"": ""yes"", ""payment:credit_cards"": ""yes"", ""payment:debit_cards"": ""yes"", ""phone"": ""+1 385-259-7121"", ""ref"": ""03121"", ""takeaway"": ""yes"", ""website"": ""https://www.chick-fil-a.com/locations/ut/city-creek-center"", ""wheelchair"": ""yes""}",2026-08-10T08:57:15.983839+00:00
node,2327670185,Rich's Burgers 'N Grub,restaurant,,burger,,,30,East 300 South,,Salt Lake City,UT,,"30 East 300 South, Salt Lake City, UT",+1 801-355-0667,https://richsburgersngrub.com,,"Mo-Th 11:00-21:00; Fr,Sa 11:00-22:00; Su 12:00-20:00",,,yes,,40.7626199,-111.8897560,,,https://www.openstreetmap.org/node/2327670185,"{""addr:city"": ""Salt Lake City"", ""addr:housenumber"": ""30"", ""addr:state"": ""UT"", ""addr:street"": ""East 300 South"", ""amenity"": ""restaurant"", ""cuisine"": ""burger"", ""diet:vegetarian"": ""yes"", ""indoor_seating"": ""yes"", ""name"": ""Rich's Burgers 'N Grub"", ""opening_hours"": ""Mo-Th 11:00-21:00; Fr,Sa 11:00-22:00; Su 12:00-20:00"", ""outdoor_seating"": ""yes"", ""phone"": ""+1 801-355-0667"", ""source"": ""survey"", ""website"": ""https://richsburgersngrub.com""}",2026-08-10T08:57:15.983839+00:00
node,2327680509,Settebello,restaurant,,pizza,,,260,South 200 West,,Salt Lake City,UT,84101,"260 South 200 West, Salt Lake City, UT 84101",+1 801-322-3556,https://www.settebello.net,,Mo-Th 11:00-22:00; Fr-Sa 11:00-23:00; Su 12:00-21:00,,,,yes,40.7634257,-111.8971060,,,https://www.openstreetmap.org/node/2327680509,"{""addr:city"": ""Salt Lake City"", ""addr:housenumber"": ""260"", ""addr:postcode"": ""84101"", ""addr:state"": ""UT"", ""addr:street"": ""South 200 West"", ""amenity"": ""restaurant"", ""cuisine"": ""pizza"", ""name"": ""Settebello"", ""opening_hours"": ""Mo-Th 11:00-22:00; Fr-Sa 11:00-23:00; Su 12:00-21:00"", ""phone"": ""+1 801-322-3556"", ""website"": ""https://www.settebello.net"", ""wheelchair"": ""yes""}",2026-08-10T08:57:15.983839+00:00
node,2327680511,Bruges Waffles and Frites,restaurant,,international,,,336,West 300 South,,Salt Lake City,UT,84101,"336 West 300 South, Salt Lake City, UT 84101",+1 801-363-4444,https://www.brugeswaffles.com/bruges-bistro-salt-lake-city/,,Mo-Th 09:00-20:00; Fr-Sa 09:00-21:00; Su 09:00-14:00,,,yes,yes,40.7630350,-111.9006920,,,https://www.openstreetmap.org/node/2327680511,"{""addr:city"": ""Salt Lake City"", ""addr:housenumber"": ""336"", ""addr:postcode"": ""84101"", ""addr:state"": ""UT"", ""addr:street"": ""West 300 South"", ""amenity"": ""restaurant"", ""check_date"": ""2026-05-02"", ""contact:facebook"": ""https://www.facebook.com/BrugesWaffles/"", ""cuisine"": ""international"", ""name"": ""Bruges Waffles and Frites"", ""opening_hours"": ""Mo-Th 09:00-20:00; Fr-Sa 09:00-21:00; Su 09:00-14:00"", ""outdoor_seating"": ""yes"", ""phone"": ""+1 801-363-4444"", ""website"": ""https://www.brugeswaffles.com/bruges-bistro-salt-lake-city/"", ""wheelchair"": ""yes""}",2026-08-10T08:57:15.983839+00:00
node,2327680512,Red Rock Brewing,pub,,,,,254,West 200 South,,Salt Lake City,UT,84101,"254 West 200 South, Salt Lake City, UT 84101",,https://redrockbrewing.com/,,"Su-Th 11:00-22:00; Fr,Sa 11:00-23:00",yes,,yes,limited,40.7636633,-111.8971122,,,https://www.openstreetmap.org/node/2327680512,"{""addr:city"": ""Salt Lake City"", ""addr:housenumber"": ""254"", ""addr:postcode"": ""84101"", ""addr:state"": ""UT"", ""addr:street"": ""West 200 South"", ""amenity"": ""pub"", ""diet:vegetarian"": ""yes"", ""microbrewery"": ""yes"", ""name"": ""Red Rock Brewing"", ""opening_hours"": ""Su-Th 11:00-22:00; Fr,Sa 11:00-23:00"", ""outdoor_seating"": ""yes"", ""takeaway"": ""yes"", ""website"": ""https://redrockbrewing.com/"", ""wheelchair"": ""limited""}",2026-08-10T08:57:15.983839+00:00
node,2328421315,Charlie Chow's Dragon Grill,restaurant,,chinese,,,255,East 400 South,,Salt Lake City,UT,84111,"255 East 400 South, Salt Lake City, UT 84111",+1-801-328-3663,https://www.charliechowsslc.com/,,"Tu-Th 11:00-21:00; Fr,Sa 11:00-22:00; Su 16:00-21:00",,,,,40.7609168,-111.8834400,,,https://www.openstreetmap.org/node/2328421315,"{""addr:city"": ""Salt Lake City"", ""addr:country"": ""US"", ""addr:housenumber"": ""255"", ""addr:postcode"": ""84111"", ""addr:state"": ""UT"", ""addr:street"": ""East 400 South"", ""amenity"": ""restaurant"", ""check_date"": ""2024-06-08"", ""cuisine"": ""chinese"", ""name"": ""Charlie Chow's Dragon Grill"", ""opening_hours"": ""Tu-Th 11:00-21:00; Fr,Sa 11:00-22:00; Su 16:00-21:00"", ""phone"": ""+1-801-328-3663"", ""website"": ""https://www.charliechowsslc.com/""}",2026-08-10T08:57:15.983839+00:00
node,2328421316,Stoneground Kitchen,restaurant,,italian,,,249,East 400 South,,Salt Lake City,UT,84111,"249 East 400 South, Salt Lake City, UT 84111",+1-801-364-1368,https://stonegrounditalian.com/,,"Tu-Th 17:00-21:00; Fr,Sa 17:00-22:00",,,,,40.7609919,-111.8836840,,,https://www.openstreetmap.org/node/2328421316,"{""addr:city"": ""Salt Lake City"", ""addr:country"": ""US"", ""addr:housenumber"": ""249"", ""addr:postcode"": ""84111"", ""addr:state"": ""UT"", ""addr:street"": ""East 400 South"", ""air_conditioning"": ""yes"", ""amenity"": ""restaurant"", ""bar"": ""yes"", ""cuisine"": ""italian"", ""full_name"": ""Stoneground Kitchen"", ""level"": ""1"", ""name"": ""Stoneground Kitchen"", ""opening_hours"": ""Tu-Th 17:00-21:00; Fr,Sa 17:00-22:00"", ""phone"": ""+1-801-364-1368"", ""website"": ""https://stonegrounditalian.com/""}",2026-08-10T08:57:15.983839+00:00
node,2328430854,Rodizio Grill,restaurant,,steak_house,,,602,East 500 South,D212,Salt Lake City,UT,84102,"602 East 500 South, D212, Salt Lake City, UT 84102",+1-801-220-0500,https://www.rodiziogrill.com/salt-lake-city/,,"12:00-20:30; Fr,Sa 11:30-21:30",yes,yes,,yes,40.7567332,-111.8718104,,,https://www.openstreetmap.org/node/2328430854,"{""addr:city"": ""Salt Lake City"", ""addr:housenumber"": ""602"", ""addr:postcode"": ""84102"", ""addr:state"": ""UT"", ""addr:street"": ""East 500 South"", ""addr:unit"": ""D212"", ""air_conditioning"": ""yes"", ""amenity"": ""restaurant"", ""cuisine"": ""steak_house"", ""delivery"": ""yes"", ""level"": ""1"", ""name"": ""Rodizio Grill"", ""opening_hours"": ""12:00-20:30; Fr,Sa 11:30-21:30"", ""phone"": ""+1-801-220-0500"", ""takeaway"": ""yes"", ""website"": ""https://www.rodiziogrill.com/salt-lake-city/"", ""wheelchair"": ""yes""}",2026-08-10T08:57:15.983839+00:00
node,2328430855,The Old Spaghetti Factory,restaurant,,italian,The Old Spaghetti Factory,,602,East 500 South,D245,Salt Lake City,UT,84102,"602 East 500 South, D245, Salt Lake City, UT 84102",+1 801-521-0424,https://www.osf.com/location/salt-lake-city-ut/,,Mo-Th 11:30-20:30; Fr 11:30-21:00; Sa 12:00-21:00; Su 13:00-20:30,,,,yes,40.7568530,-111.8728854,,,https://www.openstreetmap.org/node/2328430855,"{""addr:city"": ""Salt Lake City"", ""addr:country"": ""US"", ""addr:housenumber"": ""602"", ""addr:postcode"": ""84102"", ""addr:state"": ""UT"", ""addr:street"": ""East 500 South"", ""addr:unit"": ""D245"", ""air_conditioning"": ""yes"", ""amenity"": ""restaurant"", ""brand"": ""The Old Spaghetti Factory"", ""brand:wikidata"": ""Q7754912"", ""contact:phone"": ""+1 801-521-0424"", ""contact:website"": ""https://www.osf.com/location/salt-lake-city-ut/"", ""cuisine"": ""italian"", ""level"": ""1"", ""name"": ""The Old Spaghetti Factory"", ""opening_hours"": ""Mo-Th 11:30-20:30; Fr 11:30-21:00; Sa 12:00-21:00; Su 13:00-20:30"", ""wheelchair"": ""yes""}",2026-08-10T08:57:15.983839+00:00
node,2328438447,Sonoma Grill,restaurant,,,,,,,,,,,,,,,,,,,yes,40.7631097,-111.8942691,,,https://www.openstreetmap.org/node/2328438447,"{""amenity"": ""restaurant"", ""name"": ""Sonoma Grill"", ""wheelchair"": ""yes""}",2026-08-10T08:57:15.983839+00:00
node,2328438448,Spencers for Steaks and Chops,restaurant,,steak_house,,,255,South West Temple,,,,,255 South West Temple,+1 801-238-4748,https://www.spencersslc.com/,,Mo-Sa 11:30-22:00;Su 16:00-22:00,,,,,40.7640215,-111.8935520,,,https://www.openstreetmap.org/node/2328438448,"{""addr:housenumber"": ""255"", ""addr:street"": ""South West Temple"", ""amenity"": ""restaurant"", ""check_date"": ""2023-07-28"", ""cuisine"": ""steak_house"", ""name"": ""Spencers for Steaks and Chops"", ""opening_hours"": ""Mo-Sa 11:30-22:00;Su 16:00-22:00"", ""opening_hours:bar"": ""Mo-Th 11:30-23:00;Fr-Sa 11:30-24:00;Su 16:00-23:00"", ""phone"": ""+1 801-238-4748"", ""website"": ""https://www.spencersslc.com/""}",2026-08-10T08:57:15.983839+00:00
node,2328438449,Ruth's Chris Steak House,restaurant,,american;steak_house,Ruth's Chris Steak House,,275,South West Temple,,,,,275 South West Temple,,,,Mo-Th 17:00-22:00; Fr-Sa 17:00-23:00; Su 17:00-21:00,,,,yes,40.7631002,-111.8936170,,,https://www.openstreetmap.org/node/2328438449,"{""addr:housenumber"": ""275"", ""addr:street"": ""South West Temple"", ""amenity"": ""restaurant"", ""brand"": ""Ruth's Chris Steak House"", ""brand:wikidata"": ""Q7382829"", ""cuisine"": ""american;steak_house"", ""name"": ""Ruth's Chris Steak House"", ""opening_hours"": ""Mo-Th 17:00-22:00; Fr-Sa 17:00-23:00; Su 17:00-21:00"", ""wheelchair"": ""yes""}",2026-08-10T08:57:15.983839+00:00
node,2328963023,Boston Deli,restaurant,,sandwich,,,,,,,,,,,,,off,,,,,40.7596984,-111.8891421,,,https://www.openstreetmap.org/node/2328963023,"{""amenity"": ""restaurant"", ""cuisine"": ""sandwich"", ""name"": ""Boston Deli"", ""opening_hours"": ""off""}",2026-08-10T08:57:15.983839+00:00
node,2328971125,Subway,fast_food,,sandwich,Subway,,18,West 100 South,,Salt Lake City,UT,84101,"18 West 100 South, Salt Lake City, UT 84101",+1 385-528-2182,https://restaurants.subway.com/united-states/ut/salt-lake-city/18-w-100-south,,Mo-Fr 09:00-19:00; Sa 10:00-16:00,yes,,,no,40.7673957,-111.8915750,,,https://www.openstreetmap.org/node/2328971125,"{""addr:city"": ""Salt Lake City"", ""addr:housenumber"": ""18"", ""addr:postcode"": ""84101"", ""addr:state"": ""UT"", ""addr:street"": ""West 100 South"", ""amenity"": ""fast_food"", ""brand"": ""Subway"", ""brand:wikidata"": ""Q244457"", ""contact:phone"": ""+1-801-521-3035"", ""country"": ""US"", ""cuisine"": ""sandwich"", ""name"": ""Subway"", ""opening_hours"": ""Mo-Fr 09:00-19:00; Sa 10:00-16:00"", ""phone"": ""+1 385-528-2182"", ""takeaway"": ""yes"", ""website"": ""https://restaurants.subway.com/united-states/ut/salt-lake-city/18-w-100-south"", ""wheelchair"": ""no""}",2026-08-10T08:57:15.983839+00:00
node,2330697647,Apollo Burger,fast_food,,burger,,,379,South Main Street,,Salt Lake City,UT,84111,"379 South Main Street, Salt Lake City, UT 84111",,,,Mo-Sa 07:00-21:00,,,,,40.7608504,-111.8908360,,,https://www.openstreetmap.org/node/2330697647,"{""addr:city"": ""Salt Lake City"", ""addr:housenumber"": ""379"", ""addr:postcode"": ""84111"", ""addr:state"": ""UT"", ""addr:street"": ""South Main Street"", ""amenity"": ""fast_food"", ""check_date"": ""2024-06-08"", ""cuisine"": ""burger"", ""name"": ""Apollo Burger"", ""opening_hours"": ""Mo-Sa 07:00-21:00"", ""source"": ""Bing""}",2026-08-10T08:57:15.983839+00:00
node,2330697655,Jimmy John's,fast_food,,sandwich,Jimmy John's,,14,East 300 South,,Salt Lake City,UT,84111,"14 East 300 South, Salt Lake City, UT 84111",+1 801-542-7827,https://locations.jimmyjohns.com/ut/saltlakecity/sandwiches-1331.html,,Mo-Sa 10:30-19:00; Su off,yes,yes,,,40.7626324,-111.8904270,,,https://www.openstreetmap.org/node/2330697655,"{""addr:city"": ""Salt Lake City"", ""addr:country"": ""US"", ""addr:housenumber"": ""14"", ""addr:postcode"": ""84111"", ""addr:state"": ""UT"", ""addr:street"": ""East 300 South"", ""amenity"": ""fast_food"", ""brand"": ""Jimmy John's"", ""brand:wikidata"": ""Q1689380"", ""check_date"": ""2023-08-24"", ""cuisine"": ""sandwich"", ""delivery"": ""yes"", ""name"": ""Jimmy John's"", ""official_name"": ""Jimmy John's Gourmet Sandwiches"", ""opening_hours"": ""Mo-Sa 10:30-19:00; Su off"", ""phone"": ""+1 801-542-7827"", ""source"": ""website"", ""takeaway"": ""yes"", ""website"": ""https://locations.jimmyjohns.com/ut/saltlakecity/sandwiches-1331.html""}",2026-08-10T08:57:15.983839+00:00
node,2330720185,China Delight,restaurant,,chinese,,,1704,West North Temple,,Salt Lake City,UT,84116,"1704 West North Temple, Salt Lake City, UT 84116",+1-801-364-8716,https://www.chinadelightsaltlakecity.com/,,Mo-Fr 11:00-21:00; Sa 12:00-21:00; Su off,,,,yes,40.7722710,-111.9397790,,,https://www.openstreetmap.org/node/2330720185,"{""addr:city"": ""Salt Lake City"", ""addr:country"": ""US"", ""addr:housenumber"": ""1704"", ""addr:postcode"": ""84116"", ""addr:state"": ""UT"", ""addr:street"": ""West North Temple"", ""amenity"": ""restaurant"", ""cuisine"": ""chinese"", ""name"": ""China Delight"", ""opening_hours"": ""Mo-Fr 11:00-21:00; Sa 12:00-21:00; Su off"", ""phone"": ""+1-801-364-8716"", ""website"": ""https://www.chinadelightsaltlakecity.com/"", ""wheelchair"": ""yes""}",2026-08-10T08:57:15.983839+00:00
node,2330720200,Arby's,fast_food,,sandwich,Arby's,,25,North Redwood Road,,Salt Lake City,UT,84116,"25 North Redwood Road, Salt Lake City, UT 84116",+1-801-239-1100,https://www.arbys.com/locations/us/ut/salt-lake-city/25-n--redwood-rd/store-7952/,,24/7,yes,,no,yes,40.7698845,-111.9402449,,,https://www.openstreetmap.org/node/2330720200,"{""addr:city"": ""Salt Lake City"", ""addr:housenumber"": ""25"", ""addr:postcode"": ""84116"", ""addr:state"": ""UT"", ""addr:street"": ""North Redwood Road"", ""air_conditioning"": ""yes"", ""amenity"": ""fast_food"", ""brand"": ""Arby's"", ""brand:wikidata"": ""Q630866"", ""check_date"": ""2024-06-21"", ""cuisine"": ""sandwich"", ""description"": ""Located inside convenience store."", ""drive_through"": ""yes"", ""name"": ""Arby's"", ""opening_hours"": ""24/7"", ""outdoor_seating"": ""no"", ""payment:cash"": ""yes"", ""payment:credit_cards"": ""yes"", ""phone"": ""+1-801-239-1100"", ""smoking"": ""outside"", ""takeaway"": ""yes"", ""website"": ""https://www.arbys.com/locations/us/ut/salt-lake-city/25-n--redwood-rd/store-7952/"", ""wheelchair"": ""yes""}",2026-08-10T08:57:15.983839+00:00
node,2330742687,Subway,fast_food,,sandwich,Subway,,1645,West 700 North,P,Salt Lake City,UT,84116,"1645 West 700 North, P, Salt Lake City, UT 84116",+1-801-355-0776,https://restaurants.subway.com/united-states/ut/salt-lake-city/1645-w-700-n,,Mo-Th 08:00-21:00; Fr-Sa 08:00-22:00; Su 10:00-21:00,yes,no,no,yes,40.7843576,-111.9378049,,,https://www.openstreetmap.org/node/2330742687,"{""addr:city"": ""Salt Lake City"", ""addr:country"": ""US"", ""addr:housenumber"": ""1645"", ""addr:postcode"": ""84116"", ""addr:state"": ""UT"", ""addr:street"": ""West 700 North"", ""addr:unit"": ""P"", ""air_conditioning"": ""yes"", ""amenity"": ""fast_food"", ""brand"": ""Subway"", ""brand:wikidata"": ""Q244457"", ""check_date"": ""2025-06-03"", ""cuisine"": ""sandwich"", ""delivery"": ""no"", ""drive_through"": ""yes"", ""internet_access"": ""no"", ""name"": ""Subway"", ""opening_hours"": ""Mo-Th 08:00-21:00; Fr-Sa 08:00-22:00; Su 10:00-21:00"", ""outdoor_seating"": ""no"", ""payment:cash"": ""yes"", ""payment:cheque"": ""yes"", ""payment:credit_cards"": ""yes"", ""payment:debit_cards"": ""yes"", ""phone"": ""+1-801-355-0776"", ""smoking"": ""outside"", ""takeaway"": ""yes"", ""website"": ""https://restaurants.subway.com/united-states/ut/salt-lake-city/1645-w-700-n"", ""wheelchair"": ""yes""}",2026-08-10T08:57:15.983839+00:00
node,2333364756,Keys on Main,bar,,,,,,,,,,,,,,,,,,,,40.7636617,-111.8914238,,,https://www.openstreetmap.org/node/2333364756,"{""amenity"": ""bar"", ""name"": ""Keys on Main""}",2026-08-10T08:57:15.983839+00:00
node,2333368646,The Ivy,restaurant,,,,,55,West 100 South,,Salt Lake City,UT,84101,"55 West 100 South, Salt Lake City, UT 84101",,https://ivyandvarley.com,,,,,yes,,40.7669100,-111.8930120,,,https://www.openstreetmap.org/node/2333368646,"{""addr:city"": ""Salt Lake City"", ""addr:housenumber"": ""55"", ""addr:postcode"": ""84101"", ""addr:state"": ""UT"", ""addr:street"": ""West 100 South"", ""amenity"": ""restaurant"", ""country"": ""US"", ""name"": ""The Ivy"", ""outdoor_seating"": ""yes"", ""website"": ""https://ivyandvarley.com""}",2026-08-10T08:57:15.983839+00:00
node,2333368647,Starbucks,cafe,,coffee_shop,Starbucks,,75,South West Temple,S,Salt Lake City,UT,84101,"75 South West Temple, S, Salt Lake City, UT 84101",+1 801-537-6023,https://www.starbucks.com/store-locator/store/17977/salt-lake-marriott-downtown-75-s-west-temple-street-salt-lake-city-ut-84101140,,"Mo-Su,PH 06:00-18:00",yes,,,limited,40.7674342,-111.8935170,,,https://www.openstreetmap.org/node/2333368647,"{""addr:city"": ""Salt Lake City"", ""addr:housenumber"": ""75"", ""addr:postcode"": ""84101"", ""addr:state"": ""UT"", ""addr:street"": ""South West Temple"", ""addr:unit"": ""S"", ""amenity"": ""cafe"", ""branch"": ""Salt Lake Marriott Downtown"", ""brand"": ""Starbucks"", ""brand:wikidata"": ""Q37158"", ""cuisine"": ""coffee_shop"", ""name"": ""Starbucks"", ""official_name"": ""Starbucks Coffee"", ""opening_hours"": ""Mo-Su,PH 06:00-18:00"", ""phone"": ""+1 801-537-6023"", ""takeaway"": ""yes"", ""website"": ""https://www.starbucks.com/store-locator/store/17977/salt-lake-marriott-downtown-75-s-west-temple-street-salt-lake-city-ut-84101140"", ""wheelchair"": ""limited""}",2026-08-10T08:57:15.983839+00:00
node,2333368648,Why Kiki,bar,,,,,69,West 100 South,,Salt Lake City,UT,84101,"69 West 100 South, Salt Lake City, UT 84101",+1 801-641-6115,https://www.whykikibar.com/,main@whykikibar.com,Mo-Tu off; We 17:00-24:00; Th-Sa 17:00-26:00; Su 11:00-25:00,,,,,40.7669141,-111.8934260,,,https://www.openstreetmap.org/node/2333368648,"{""addr:city"": ""Salt Lake City"", ""addr:country"": ""US"", ""addr:housenumber"": ""69"", ""addr:postcode"": ""84101"", ""addr:state"": ""UT"", ""addr:street"": ""West 100 South"", ""amenity"": ""bar"", ""check_date"": ""2023-08-25"", ""email"": ""main@whykikibar.com"", ""min_age"": ""21"", ""name"": ""Why Kiki"", ""opening_hours"": ""Mo-Tu off; We 17:00-24:00; Th-Sa 17:00-26:00; Su 11:00-25:00"", ""phone"": ""+1 801-641-6115"", ""source"": ""website"", ""website"": ""https://www.whykikibar.com/""}",2026-08-10T08:57:15.983839+00:00
node,2333422055,The Green Pig,pub,,,,,31,East 400 South,,Salt Lake City,UT,84111,"31 East 400 South, Salt Lake City, UT 84111",+1 801-532-7441,https://thegreenpigpub.com/,,"Mo-Sa 11:00-01:00, Su 10:30-01:00",,,,,40.7608888,-111.8898720,,,https://www.openstreetmap.org/node/2333422055,"{""addr:city"": ""Salt Lake City"", ""addr:housenumber"": ""31"", ""addr:postcode"": ""84111"", ""addr:state"": ""UT"", ""addr:street"": ""East 400 South"", ""amenity"": ""pub"", ""check_date"": ""2025-06-02"", ""contact:facebook"": ""https://www.facebook.com/greenpigpub/"", ""name"": ""The Green Pig"", ""opening_hours"": ""Mo-Sa 11:00-01:00, Su 10:30-01:00"", ""phone"": ""+1 801-532-7441"", ""website"": ""https://thegreenpigpub.com/""}",2026-08-10T08:57:15.983839+00:00
node,2333821058,Market Street Grill,restaurant,,seafood,,,48,West Market Street,,Salt Lake City,UT,84101,"48 West Market Street, Salt Lake City, UT 84101",+1 801-322-4668,,,,,,,,40.7618720,-111.8927130,,,https://www.openstreetmap.org/node/2333821058,"{""addr:city"": ""Salt Lake City"", ""addr:country"": ""US"", ""addr:housenumber"": ""48"", ""addr:postcode"": ""84101"", ""addr:state"": ""UT"", ""addr:street"": ""West Market Street"", ""amenity"": ""restaurant"", ""contact:phone"": ""+1 801-322-4668"", ""cuisine"": ""seafood"", ""name"": ""Market Street Grill""}",2026-08-10T08:57:15.983839+00:00
node,2334077671,Moochie's Meatballs,restaurant,,sandwich,Moochie's Meatballs,,232,East 800 South,,Salt Lake City,UT,84111,"232 East 800 South, Salt Lake City, UT 84111",+1-801-596-1350,https://moochiesmeatballs.com/,,Mo-Sa 10:30-20:30; Su 11:00-19:00,,,,,40.7516923,-111.8840900,,,https://www.openstreetmap.org/node/2334077671,"{""addr:city"": ""Salt Lake City"", ""addr:housenumber"": ""232"", ""addr:postcode"": ""84111"", ""addr:state"": ""UT"", ""addr:street"": ""East 800 South"", ""amenity"": ""restaurant"", ""brand"": ""Moochie's Meatballs"", ""check_date"": ""2025-06-02"", ""contact:website"": ""https://moochiesmeatballs.com/"", ""cuisine"": ""sandwich"", ""name"": ""Moochie's Meatballs"", ""opening_hours"": ""Mo-Sa 10:30-20:30; Su 11:00-19:00"", ""phone"": ""+1-801-596-1350""}",2026-08-10T08:57:15.983839+00:00
node,2334480057,Burger King,fast_food,,burger,Burger King,,1953,West California Avenue,,Salt Lake City,UT,84104,"1953 West California Avenue, Salt Lake City, UT 84104",+1-801-977-3900,,,24/7,yes,,,yes,40.7398887,-111.9462246,,,https://www.openstreetmap.org/node/2334480057,"{""addr:city"": ""Salt Lake City"", ""addr:housenumber"": ""1953"", ""addr:postcode"": ""84104"", ""addr:state"": ""UT"", ""addr:street"": ""West California Avenue"", ""air_conditioning"": ""yes"", ""amenity"": ""fast_food"", ""brand"": ""Burger King"", ""brand:wikidata"": ""Q177054"", ""cuisine"": ""burger"", ""description"": ""Located inside Sapp Brothers."", ""drive_through"": ""yes"", ""name"": ""Burger King"", ""opening_hours"": ""24/7"", ""payment:cash"": ""yes"", ""payment:credit_cards"": ""yes"", ""phone"": ""+1-801-977-3900"", ""source"": ""Bing"", ""takeaway"": ""yes"", ""wheelchair"": ""yes""}",2026-08-10T08:57:15.983839+00:00
node,2337334734,Taco Time,fast_food,,mexican,Taco Time,,810,South State Street,,Salt Lake City,UT,84111,"810 South State Street, Salt Lake City, UT 84111",+1-801-359-9373,https://www.tacotime.com/stores/6326,,Mo-Fr 07:30-22:00; Sa 10:00-21:00,yes,,,,40.7514907,-111.8887710,,,https://www.openstreetmap.org/node/2337334734,"{""addr:city"": ""Salt Lake City"", ""addr:housenumber"": ""810"", ""addr:postcode"": ""84111"", ""addr:state"": ""UT"", ""addr:street"": ""South State Street"", ""amenity"": ""fast_food"", ""brand"": ""Taco Time"", ""brand:wikidata"": ""Q7673969"", ""check_date"": ""2025-06-02"", ""cuisine"": ""mexican"", ""name"": ""Taco Time"", ""opening_hours"": ""Mo-Fr 07:30-22:00; Sa 10:00-21:00"", ""phone"": ""+1-801-359-9373"", ""ref"": ""6326"", ""takeaway"": ""yes"", ""website"": ""https://www.tacotime.com/stores/6326""}",2026-08-10T08:57:15.983839+00:00
node,2337334765,Starbucks,cafe,,coffee_shop,Starbucks,,224,West 600 South,,Salt Lake City,UT,84101,"224 West 600 South, Salt Lake City, UT 84101",+1 801-532-1367,https://starbucks.app.link/OVhZsh12VNb?,,05:00-19:00,yes,,yes,yes,40.7567375,-111.8976960,,,https://www.openstreetmap.org/node/2337334765,"{""addr:city"": ""Salt Lake City"", ""addr:housenumber"": ""224"", ""addr:postcode"": ""84101"", ""addr:state"": ""UT"", ""addr:street"": ""West 600 South"", ""amenity"": ""cafe"", ""branch"": ""600 South & 200 West, SLC"", ""brand"": ""Starbucks"", ""brand:wikidata"": ""Q37158"", ""check_date"": ""2026-02-08"", ""cuisine"": ""coffee_shop"", ""drive_through"": ""yes"", ""name"": ""Starbucks"", ""official_name"": ""Starbucks Coffee"", ""opening_hours"": ""05:00-19:00"", ""outdoor_seating"": ""yes"", ""phone"": ""+1 801-532-1367"", ""ref"": ""7757"", ""takeaway"": ""yes"", ""website"": ""https://starbucks.app.link/OVhZsh12VNb?"", ""wheelchair"": ""yes""}",2026-08-10T08:57:15.983839+00:00
node,2341505155,Costa Vida,fast_food,,mexican,Costa Vida,,,,,,,,,,,,,yes,,,,40.7393072,-111.8260210,,,https://www.openstreetmap.org/node/2341505155,"{""amenity"": ""fast_food"", ""brand"": ""Costa Vida"", ""brand:wikidata"": ""Q108403192"", ""cuisine"": ""mexican"", ""level"": ""1"", ""name"": ""Costa Vida"", ""official_name"": ""Costa Vida Fresh Mexican Grill"", ""takeaway"": ""yes""}",2026-08-10T08:57:15.983839+00:00
node,2341505157,Wendy's,fast_food,,burger,Wendy's,,1309,Foothill Boulevard,,Salt Lake City,UT,84108,"1309 Foothill Boulevard, Salt Lake City, UT 84108",+1 801-583-1514,https://locations.wendys.com/united-states/ut/salt-lake-city/1309-foothill-blvd,,06:00-22:00,yes,,,,40.7414372,-111.8262649,,,https://www.openstreetmap.org/node/2341505157,"{""addr:city"": ""Salt Lake City"", ""addr:housenumber"": ""1309"", ""addr:postcode"": ""84108"", ""addr:state"": ""UT"", ""addr:street"": ""Foothill Boulevard"", ""amenity"": ""fast_food"", ""brand"": ""Wendy's"", ""brand:wikidata"": ""Q550258"", ""cuisine"": ""burger"", ""drive_through"": ""yes"", ""name"": ""Wendy's"", ""opening_hours"": ""06:00-22:00"", ""opening_hours:drive_through"": ""Mo-Su 06:00-00:00"", ""phone"": ""+1 801-583-1514"", ""source"": ""Bing"", ""takeaway"": ""yes"", ""website"": ""https://locations.wendys.com/united-states/ut/salt-lake-city/1309-foothill-blvd""}",2026-08-10T08:57:15.983839+00:00
node,2341505159,Five Alls,restaurant,,international,,,,,,,,,,+1 385 528 1922,https://fivealls.com/,fiveallsrestaurant@gmail.com,Th-Sa 17:00-21:00,,,,,40.7380900,-111.8246315,,,https://www.openstreetmap.org/node/2341505159,"{""amenity"": ""restaurant"", ""contact:email"": ""fiveallsrestaurant@gmail.com"", ""contact:facebook"": ""https://www.facebook.com/fiveallsrestaurant/"", ""contact:instagram"": ""fiveallsrestaurant"", ""contact:phone"": ""+1 385 528 1922"", ""contact:website"": ""https://fivealls.com/"", ""cuisine"": ""international"", ""name"": ""Five Alls"", ""opening_hours"": ""Th-Sa 17:00-21:00""}",2026-08-10T08:57:15.983839+00:00
node,2341505167,The Black Sheep Bar and Grill,bar,,,,,1400,South Foothill Drive,166,Salt Lake City,UT,84108,"1400 South Foothill Drive, 166, Salt Lake City, UT 84108",,,,Mo-Fr 11:00-01:00; Sa-Su 10:30-01:00,,,yes,,40.7387201,-111.8261042,,,https://www.openstreetmap.org/node/2341505167,"{""addr:city"": ""Salt Lake City"", ""addr:housenumber"": ""1400"", ""addr:postcode"": ""84108"", ""addr:state"": ""UT"", ""addr:street"": ""South Foothill Drive"", ""addr:unit"": ""166"", ""amenity"": ""bar"", ""level"": ""0"", ""name"": ""The Black Sheep Bar and Grill"", ""opening_hours"": ""Mo-Fr 11:00-01:00; Sa-Su 10:30-01:00"", ""outdoor_seating"": ""yes""}",2026-08-10T08:57:15.983839+00:00
node,2341511597,Xiao Bao Bao,,bakery,chinese,,,216,East 500 South,,Salt Lake City,UT,84111,"216 East 500 South, Salt Lake City, UT 84111",+1-801-835-2226,https://xiaobaobaoslc.com/,,"Tu-Th 11:00-14:00,16:00-19:00; Fr-Sa 11:00-19:00",,,,,40.7582677,-111.8846550,,,https://www.openstreetmap.org/node/2341511597,"{""addr:city"": ""Salt Lake City"", ""addr:housenumber"": ""216"", ""addr:postcode"": ""84111"", ""addr:state"": ""UT"", ""addr:street"": ""East 500 South"", ""cuisine"": ""chinese"", ""name"": ""Xiao Bao Bao"", ""opening_hours"": ""Tu-Th 11:00-14:00,16:00-19:00; Fr-Sa 11:00-19:00"", ""phone"": ""+1-801-835-2226"", ""shop"": ""bakery"", ""website"": ""https://xiaobaobaoslc.com/""}",2026-08-10T08:57:15.983839+00:00
node,2341511598,Krua Thai,restaurant,,thai,,,212,East 500 South,,Salt Lake City,UT,84111,"212 East 500 South, Salt Lake City, UT 84111",+1-801-328-4401,https://www.kruathairestaurant.co/,,"Mo-Sa 11:00-14:30,17:00-22:00",,,,,40.7582564,-111.8848320,,,https://www.openstreetmap.org/node/2341511598,"{""addr:city"": ""Salt Lake City"", ""addr:housenumber"": ""212"", ""addr:postcode"": ""84111"", ""addr:state"": ""UT"", ""addr:street"": ""East 500 South"", ""amenity"": ""restaurant"", ""cuisine"": ""thai"", ""name"": ""Krua Thai"", ""opening_hours"": ""Mo-Sa 11:00-14:30,17:00-22:00"", ""phone"": ""+1-801-328-4401"", ""website"": ""https://www.kruathairestaurant.co/""}",2026-08-10T08:57:15.983839+00:00
node,2341520683,The Bruce Scottish Pub,restaurant,,scot,,,169,South Rio Grande Street,,Salt Lake City,UT,84101,"169 South Rio Grande Street, Salt Lake City, UT 84101",+1 801-456-4252,https://brucepub.com,,Mo-Su 10:00-01:00,,,,yes,40.7659772,-111.9033166,,,https://www.openstreetmap.org/node/2341520683,"{""addr:city"": ""Salt Lake City"", ""addr:housenumber"": ""169"", ""addr:postcode"": ""84101"", ""addr:state"": ""UT"", ""addr:street"": ""South Rio Grande Street"", ""amenity"": ""restaurant"", ""check_date"": ""2025-06-02"", ""contact:facebook"": ""https://www.facebook.com/people/The-Bruce-Scottish-Pub/61555933029779/"", ""cuisine"": ""scot"", ""level"": ""1"", ""name"": ""The Bruce Scottish Pub"", ""opening_hours"": ""Mo-Su 10:00-01:00"", ""phone"": ""+1 801-456-4252"", ""short_name"": ""The Bruce"", ""website"": ""https://brucepub.com"", ""wheelchair"": ""yes""}",2026-08-10T08:57:15.983839+00:00
node,2341520689,Brio,restaurant,,italian,Brio,,80,South Regent Street,,Salt Lake City,UT,84111,"80 South Regent Street, Salt Lake City, UT 84111",+1 801-359-4401,https://www.brioitalian.com/locations/us/ut/salt-lake/80-s-regent-st/,,Mo-Su 11:00-21:00,,,,yes,40.7675353,-111.8899610,,,https://www.openstreetmap.org/node/2341520689,"{""addr:city"": ""Salt Lake City"", ""addr:country"": ""US"", ""addr:housenumber"": ""80"", ""addr:postcode"": ""84111"", ""addr:state"": ""UT"", ""addr:street"": ""South Regent Street"", ""air_conditioning"": ""yes"", ""alt_name"": ""Brio Tuscan Grille"", ""amenity"": ""restaurant"", ""brand"": ""Brio"", ""brand:wikidata"": ""Q64055835"", ""cuisine"": ""italian"", ""level"": ""0"", ""name"": ""Brio"", ""opening_hours"": ""Mo-Su 11:00-21:00"", ""phone"": ""+1 801-359-4401"", ""reservation"": ""yes"", ""smoking"": ""outside"", ""source"": ""website"", ""website"": ""https://www.brioitalian.com/locations/us/ut/salt-lake/80-s-regent-st/"", ""wheelchair"": ""yes""}",2026-08-10T08:57:15.983839+00:00
node,2341520690,Sawadee Thai,restaurant,,asian;thai,,,758,East South Temple,,,,,758 East South Temple,,https://www.sawadeethaiutah.com/,,,,,,,40.7690293,-111.8692608,,,https://www.openstreetmap.org/node/2341520690,"{""addr:housenumber"": ""758"", ""addr:street"": ""East South Temple"", ""amenity"": ""restaurant"", ""contact:instagram"": ""sawadeethaiutah"", ""contact:website"": ""https://www.sawadeethaiutah.com/"", ""cuisine"": ""asian;thai"", ""diet:vegetarian"": ""yes"", ""name"": ""Sawadee Thai""}",2026-08-10T08:57:15.983839+00:00
node,2341520699,Bar-X,bar,,,,,,,,,,,,,,,Tu-Sa 16:00-25:00; Su-Mo 18:00-25:00,,,,,40.7652257,-111.8863210,,,https://www.openstreetmap.org/node/2341520699,"{""amenity"": ""bar"", ""name"": ""Bar-X"", ""opening_hours"": ""Tu-Sa 16:00-25:00; Su-Mo 18:00-25:00""}",2026-08-10T08:57:15.983839+00:00
node,2344998474,Tony Caputo's Market and Deli,,deli,,,,314,West 300 South,,Salt Lake City,UT,84101,"314 West 300 South, Salt Lake City, UT 84101",+1 801-531-8669,https://caputos.com/,info@caputos.com,Mo-Sa 09:00-19:00; Su 10:00-17:00,,,,yes,40.7632650,-111.9004980,,,https://www.openstreetmap.org/node/2344998474,"{""addr:city"": ""Salt Lake City"", ""addr:housenumber"": ""314"", ""addr:postcode"": ""84101"", ""addr:state"": ""UT"", ""addr:street"": ""West 300 South"", ""contact:facebook"": ""caputosmarket"", ""contact:instagram"": ""caputosmarket"", ""contact:twitter"": ""caputosmarket"", ""email"": ""info@caputos.com"", ""name"": ""Tony Caputo's Market and Deli"", ""opening_hours"": ""Mo-Sa 09:00-19:00; Su 10:00-17:00"", ""phone"": ""+1 801-531-8669"", ""shop"": ""deli"", ""website"": ""https://caputos.com/"", ""wheelchair"": ""yes""}",2026-08-10T08:57:15.983839+00:00
node,2344998584,Carlucci's,cafe,bakery,,,,282,South 300 West,,Salt Lake City,UT,84101,"282 South 300 West, Salt Lake City, UT 84101",+1 801-366-4484,https://theresecarlucci.wixsite.com/mysite-1,,,,,,yes,40.7630373,-111.9003150,,,https://www.openstreetmap.org/node/2344998584,"{""addr:city"": ""Salt Lake City"", ""addr:housenumber"": ""282"", ""addr:postcode"": ""84101"", ""addr:state"": ""UT"", ""addr:street"": ""South 300 West"", ""amenity"": ""cafe"", ""name"": ""Carlucci's"", ""phone"": ""+1 801-366-4484"", ""shop"": ""bakery"", ""website"": ""https://theresecarlucci.wixsite.com/mysite-1"", ""wheelchair"": ""yes""}",2026-08-10T08:57:15.983839+00:00
node,2345007626,Copper Canyon,restaurant,,american,,,215,West South Temple,,Salt Lake City,UT,84101,"215 West South Temple, Salt Lake City, UT 84101",,,,,,,,,40.7691106,-111.8979510,,,https://www.openstreetmap.org/node/2345007626,"{""addr:city"": ""Salt Lake City"", ""addr:housenumber"": ""215"", ""addr:postcode"": ""84101"", ""addr:state"": ""UT"", ""addr:street"": ""West South Temple"", ""amenity"": ""restaurant"", ""cuisine"": ""american"", ""name"": ""Copper Canyon""}",2026-08-10T08:57:15.983839+00:00
node,2352979379,Tony Burgers,restaurant,,burger,,,613,East 400 South,,Salt Lake City,UT,84102,"613 East 400 South, Salt Lake City, UT 84102",+1-801-708-0047 x3,https://www.tonyburgers.com,,"Mo-Th 11:00-21:00, Fr,Sa 11:00-22:00",,,,,40.7615678,-111.8734530,,,https://www.openstreetmap.org/node/2352979379,"{""addr:city"": ""Salt Lake City"", ""addr:country"": ""US"", ""addr:housenumber"": ""613"", ""addr:postcode"": ""84102"", ""addr:state"": ""UT"", ""addr:street"": ""East 400 South"", ""amenity"": ""restaurant"", ""cuisine"": ""burger"", ""name"": ""Tony Burgers"", ""opening_hours"": ""Mo-Th 11:00-21:00, Fr,Sa 11:00-22:00"", ""phone"": ""+1-801-708-0047 x3"", ""source"": ""Bing"", ""website"": ""https://www.tonyburgers.com""}",2026-08-10T08:57:15.983839+00:00
node,2352979382,Café Zupas,fast_food,,sandwich;salad;soup,Café Zupas,,613,East 400 South,,Salt Lake City,UT,84102,"613 East 400 South, Salt Lake City, UT 84102",,https://cafezupas.com/locationcopy/info/downtown,,"Mo-Th 11:00-21:00, Fr,Sa 11:00-22:00",yes,,,,40.7615660,-111.8735471,,,https://www.openstreetmap.org/node/2352979382,"{""addr:city"": ""Salt Lake City"", ""addr:country"": ""US"", ""addr:housenumber"": ""613"", ""addr:postcode"": ""84102"", ""addr:state"": ""UT"", ""addr:street"": ""East 400 South"", ""amenity"": ""fast_food"", ""brand"": ""Café Zupas"", ""brand:wikidata"": ""Q123687995"", ""contact:website"": ""https://cafezupas.com/locationcopy/info/downtown"", ""cuisine"": ""sandwich;salad;soup"", ""name"": ""Café Zupas"", ""opening_hours"": ""Mo-Th 11:00-21:00, Fr,Sa 11:00-22:00"", ""takeaway"": ""yes""}",2026-08-10T08:57:15.983839+00:00
node,2352979386,Jamba,fast_food,,juice,Jamba,,613,East 400 South,,Salt Lake City,UT,84102,"613 East 400 South, Salt Lake City, UT 84102",+1 801-575-6756,https://locations.jamba.com/ut/salt-lake-city/613-east-400-south,,"Mo-Fr 07:00-22:00, Sa 08:00-22:00, Su 09:00-21:00",yes,,,yes,40.7615736,-111.8731420,,,https://www.openstreetmap.org/node/2352979386,"{""addr:city"": ""Salt Lake City"", ""addr:country"": ""US"", ""addr:housenumber"": ""613"", ""addr:postcode"": ""84102"", ""addr:state"": ""UT"", ""addr:street"": ""East 400 South"", ""alt_name"": ""Jamba Juice"", ""amenity"": ""fast_food"", ""branch"": ""4th South"", ""brand"": ""Jamba"", ""brand:wikidata"": ""Q3088784"", ""cuisine"": ""juice"", ""name"": ""Jamba"", ""opening_hours"": ""Mo-Fr 07:00-22:00, Sa 08:00-22:00, Su 09:00-21:00"", ""phone"": ""+1 801-575-6756"", ""takeaway"": ""yes"", ""website"": ""https://locations.jamba.com/ut/salt-lake-city/613-east-400-south"", ""wheelchair"": ""yes""}",2026-08-10T08:57:15.983839+00:00
node,2352979389,Top Thai,restaurant,,thai,,,358,South 700 East,Suite A3,Salt Lake City,UT,84102,"358 South 700 East, Suite A3, Salt Lake City, UT 84102",+1 801-359-6666,https://topthairestaurantslc.com,,"Mo-Sa 11:00-15:30, 17:00-21:30; Su 17:00-20:30",,,,,40.7615655,-111.8715789,,,https://www.openstreetmap.org/node/2352979389,"{""addr:city"": ""Salt Lake City"", ""addr:country"": ""US"", ""addr:housenumber"": ""358"", ""addr:postcode"": ""84102"", ""addr:state"": ""UT"", ""addr:street"": ""South 700 East"", ""addr:unit"": ""Suite A3"", ""amenity"": ""restaurant"", ""check_date"": ""2025-07-15"", ""cuisine"": ""thai"", ""name"": ""Top Thai"", ""opening_hours"": ""Mo-Sa 11:00-15:30, 17:00-21:30; Su 17:00-20:30"", ""phone"": ""+1 801-359-6666"", ""source"": ""website"", ""website"": ""https://topthairestaurantslc.com""}",2026-08-10T08:57:15.983839+00:00
node,2352979393,Kokonut Island Grill,restaurant,,hawaiian,,,358,South 700 East,,Salt Lake City,UT,84102,"358 South 700 East, Salt Lake City, UT 84102",,https://www.kokonutislandgrill.com/,,,,,,,40.7615644,-111.8719120,,,https://www.openstreetmap.org/node/2352979393,"{""addr:city"": ""Salt Lake City"", ""addr:country"": ""US"", ""addr:housenumber"": ""358"", ""addr:postcode"": ""84102"", ""addr:state"": ""UT"", ""addr:street"": ""South 700 East"", ""amenity"": ""restaurant"", ""check_date"": ""2023-08-23"", ""cuisine"": ""hawaiian"", ""name"": ""Kokonut Island Grill"", ""source"": ""website"", ""website"": ""https://www.kokonutislandgrill.com/""}",2026-08-10T08:57:15.983839+00:00
node,2363245627,The Other Place,restaurant,,greek,,,469,East 300 South,,Salt Lake City,UT,84111,"469 East 300 South, Salt Lake City, UT 84111",,,,Tu-Su 08:00-21:00,,,,limited,40.7630432,-111.8774040,,,https://www.openstreetmap.org/node/2363245627,"{""addr:city"": ""Salt Lake City"", ""addr:housenumber"": ""469"", ""addr:postcode"": ""84111"", ""addr:state"": ""UT"", ""addr:street"": ""East 300 South"", ""amenity"": ""restaurant"", ""check_date:opening_hours"": ""2022-11-15"", ""cuisine"": ""greek"", ""name"": ""The Other Place"", ""opening_hours"": ""Tu-Su 08:00-21:00"", ""wheelchair"": ""limited""}",2026-08-10T08:57:15.983839+00:00
node,2363303197,Siegfried's Delicatessen,restaurant,,german,,,20,West 200 South,,Salt Lake City,UT,84101,"20 West 200 South, Salt Lake City, UT 84101",+1 801-355-3891,http://www.siegfriedsdelicatessen.com/,,"Mo-Th 09:00-18:00; Fr,Sa 09:00-21:00",,,,yes,40.7652235,-111.8919530,,,https://www.openstreetmap.org/node/2363303197,"{""addr:city"": ""Salt Lake City"", ""addr:housenumber"": ""20"", ""addr:postcode"": ""84101"", ""addr:state"": ""UT"", ""addr:street"": ""West 200 South"", ""amenity"": ""restaurant"", ""check_date"": ""2024-03-15"", ""cuisine"": ""german"", ""internet_access"": ""no"", ""name"": ""Siegfried's Delicatessen"", ""opening_hours"": ""Mo-Th 09:00-18:00; Fr,Sa 09:00-21:00"", ""phone"": ""+1 801-355-3891"", ""website"": ""http://www.siegfriedsdelicatessen.com/"", ""wheelchair"": ""yes""}",2026-08-10T08:57:15.983839+00:00
node,2363355473,Chunga's,restaurant,,mexican,,,180,South 900 West,,Salt Lake City,UT,84104,"180 South 900 West, Salt Lake City, UT 84104",+1 801-953-1840,https://chungasslc.com/,,Mo-Th 11:00-22:00; Fr-Sa 11:00-23:00; Su off,,,,,40.7653048,-111.9172633,,,https://www.openstreetmap.org/node/2363355473,"{""addr:city"": ""Salt Lake City"", ""addr:housenumber"": ""180"", ""addr:postcode"": ""84104"", ""addr:state"": ""UT"", ""addr:street"": ""South 900 West"", ""amenity"": ""restaurant"", ""check_date"": ""2025-05-30"", ""contact:facebook"": ""https://www.facebook.com/chungaslc/"", ""cuisine"": ""mexican"", ""name"": ""Chunga's"", ""opening_hours"": ""Mo-Th 11:00-22:00; Fr-Sa 11:00-23:00; Su off"", ""phone"": ""+1 801-953-1840"", ""website"": ""https://chungasslc.com/""}",2026-08-10T08:57:15.983839+00:00
node,2363427502,Legends Sports Pub,restaurant,,american,,,677,South 200 West,,Salt Lake City,UT,84111,"677 South 200 West, Salt Lake City, UT 84111",,https://www.whylegends.com/,,Mo-Th 11:00-22:00; Fr 11:00-24:00; Sa 10:00-24:00; Su 10:00-22:00,,,,,40.7544967,-111.8964400,,,https://www.openstreetmap.org/node/2363427502,"{""addr:city"": ""Salt Lake City"", ""addr:housenumber"": ""677"", ""addr:postcode"": ""84111"", ""addr:state"": ""UT"", ""addr:street"": ""South 200 West"", ""amenity"": ""restaurant"", ""check_date"": ""2026-02-08"", ""cuisine"": ""american"", ""name"": ""Legends Sports Pub"", ""opening_hours"": ""Mo-Th 11:00-22:00; Fr 11:00-24:00; Sa 10:00-24:00; Su 10:00-22:00"", ""website"": ""https://www.whylegends.com/""}",2026-08-10T08:57:15.983839+00:00
node,2363499105,Gracie's,restaurant,,american,,,326,South West Temple,,Salt Lake City,UT,84101,"326 South West Temple, Salt Lake City, UT 84101",+1 801-819-7565,https://www.graciesslc.com/,,Mo-Fr 11:00-25:00; Sa-Su 10:00-25:00,,,,,40.7620544,-111.8944410,,,https://www.openstreetmap.org/node/2363499105,"{""addr:city"": ""Salt Lake City"", ""addr:housenumber"": ""326"", ""addr:postcode"": ""84101"", ""addr:state"": ""UT"", ""addr:street"": ""South West Temple"", ""amenity"": ""restaurant"", ""cuisine"": ""american"", ""diet:vegan"": ""yes"", ""name"": ""Gracie's"", ""opening_hours"": ""Mo-Fr 11:00-25:00; Sa-Su 10:00-25:00"", ""phone"": ""+1 801-819-7565"", ""website"": ""https://www.graciesslc.com/""}",2026-08-10T08:57:15.983839+00:00
node,2364896258,International Bar & Lounge,bar,,,,,342,South State Street,,Salt Lake City,UT,84111,"342 South State Street, Salt Lake City, UT 84111",+1 801-906-8798,https://internationalbarslc.com,,,,,,,40.7617152,-111.8885390,,,https://www.openstreetmap.org/node/2364896258,"{""addr:city"": ""Salt Lake City"", ""addr:housenumber"": ""342"", ""addr:postcode"": ""84111"", ""addr:state"": ""UT"", ""addr:street"": ""South State Street"", ""alt_name"": ""International Artist Lounge"", ""amenity"": ""bar"", ""country"": ""US"", ""name"": ""International Bar & Lounge"", ""phone"": ""+1 801-906-8798"", ""website"": ""https://internationalbarslc.com""}",2026-08-10T08:57:15.983839+00:00
node,2364896259,On Top,bar,,,,,328,South State Street,,Salt Lake City,UT,84111,"328 South State Street, Salt Lake City, UT 84111",,,,,,,,,40.7618818,-111.8885470,,,https://www.openstreetmap.org/node/2364896259,"{""addr:city"": ""Salt Lake City"", ""addr:housenumber"": ""328"", ""addr:postcode"": ""84111"", ""addr:state"": ""UT"", ""addr:street"": ""South State Street"", ""alt_name"": ""ONTOP"", ""amenity"": ""bar"", ""name"": ""On Top"", ""start_date"": ""2025-07""}",2026-08-10T08:57:15.983839+00:00
node,2364898741,Bodega (The Rest),restaurant,,seafood,,,331,South Main Street,,Salt Lake City,UT,84111,"331 South Main Street, Salt Lake City, UT 84111",+1 801-532-4042,https://bodegaslc.com/,,,,,,,40.7619474,-111.8908087,,,https://www.openstreetmap.org/node/2364898741,"{""addr:city"": ""Salt Lake City"", ""addr:country"": ""US"", ""addr:housenumber"": ""331"", ""addr:postcode"": ""84111"", ""addr:state"": ""UT"", ""addr:street"": ""South Main Street"", ""amenity"": ""restaurant"", ""cuisine"": ""seafood"", ""name"": ""Bodega (The Rest)"", ""opening_hours:covid19"": ""off"", ""phone"": ""+1 801-532-4042"", ""website"": ""https://bodegaslc.com/""}",2026-08-10T08:57:15.983839+00:00
node,2364914337,O'Shucks Bar and Grill,bar,,,,,,,,,,,,,,,Mo-Su 11:00-25:00,,,,,40.7669941,-111.8901908,,,https://www.openstreetmap.org/node/2364914337,"{""amenity"": ""bar"", ""name"": ""O'Shucks Bar and Grill"", ""opening_hours"": ""Mo-Su 11:00-25:00""}",2026-08-10T08:57:15.983839+00:00
node,2364923199,The Red Door,bar,,,,,57,West 200 South,,Salt Lake City,UT,84101,"57 West 200 South, Salt Lake City, UT 84101",+1 801-363-6030,https://thereddoorslc.com/,,Su-Tu 16:00-22:00; We-Th 17:00-24:00; Fr-Sa 17:00-25:00,,,yes,yes,40.7647099,-111.8927150,,,https://www.openstreetmap.org/node/2364923199,"{""addr:city"": ""Salt Lake City"", ""addr:housenumber"": ""57"", ""addr:postcode"": ""84101"", ""addr:state"": ""UT"", ""addr:street"": ""West 200 South"", ""amenity"": ""bar"", ""indoor_seating"": ""yes"", ""name"": ""The Red Door"", ""opening_hours"": ""Su-Tu 16:00-22:00; We-Th 17:00-24:00; Fr-Sa 17:00-25:00"", ""outdoor_seating"": ""yes"", ""phone"": ""+1 801-363-6030"", ""website"": ""https://thereddoorslc.com/"", ""wheelchair"": ""yes""}",2026-08-10T08:57:15.983839+00:00
node,2365229905,Wienerschnitzel,fast_food,,hot_dog,Wienerschnitzel,,,,,,,,,,,,,yes,,,,40.7389302,-111.8993155,,,https://www.openstreetmap.org/node/2365229905,"{""amenity"": ""fast_food"", ""brand"": ""Wienerschnitzel"", ""brand:wikidata"": ""Q324679"", ""cuisine"": ""hot_dog"", ""name"": ""Wienerschnitzel"", ""takeaway"": ""yes""}",2026-08-10T08:57:15.983839+00:00
node,2373989729,Coffee Noir,cafe,,coffee_shop;tea,,,1035,East 200 South,,Salt Lake City,,84102,"1035 East 200 South, Salt Lake City, 84102",+1 801-532-1888,https://coffeenoir.com,alek@coffeenoir.com,"Mo-Fr 06:00-18:00; Sa, Su 07:00-18:00",yes,no,yes,,40.7652137,-111.8611791,,,https://www.openstreetmap.org/node/2373989729,"{""addr:city"": ""Salt Lake City"", ""addr:housenumber"": ""1035"", ""addr:postcode"": ""84102"", ""addr:street"": ""East 200 South"", ""amenity"": ""cafe"", ""bar"": ""no"", ""changing_table"": ""no"", ""contact:instagram"": ""coffeenoir"", ""cuisine"": ""coffee_shop;tea"", ""delivery"": ""no"", ""email"": ""alek@coffeenoir.com"", ""internet_access"": ""wlan"", ""internet_access:fee"": ""no"", ""name"": ""Coffee Noir"", ""opening_hours"": ""Mo-Fr 06:00-18:00; Sa, Su 07:00-18:00"", ""outdoor_seating"": ""yes"", ""phone"": ""+1 801-532-1888"", ""smoking"": ""no"", ""takeaway"": ""yes"", ""toilets"": ""yes"", ""toilets:access"": ""customers"", ""website"": ""https://coffeenoir.com"", ""website:menu"": ""https://coffeenoir.com/menu/""}",2026-08-10T08:57:15.983839+00:00
node,2376561063,Smashburger,fast_food,,burger,Smashburger,,1028,East 2100 South,,Salt Lake City,UT,84106,"1028 East 2100 South, Salt Lake City, UT 84106",+1 801 478 0158,https://smashburger.com/locations/us/ut/salt-lake-city/1028-east-2100-south,,,yes,no,,yes,40.7251300,-111.8617320,,,https://www.openstreetmap.org/node/2376561063,"{""addr:city"": ""Salt Lake City"", ""addr:country"": ""US"", ""addr:housenumber"": ""1028"", ""addr:postcode"": ""84106"", ""addr:state"": ""UT"", ""addr:street"": ""East 2100 South"", ""amenity"": ""fast_food"", ""brand"": ""Smashburger"", ""brand:wikidata"": ""Q17061332"", ""cuisine"": ""burger"", ""delivery"": ""no"", ""drive_through"": ""no"", ""name"": ""Smashburger"", ""phone"": ""+1 801 478 0158"", ""takeaway"": ""yes"", ""website"": ""https://smashburger.com/locations/us/ut/salt-lake-city/1028-east-2100-south"", ""wheelchair"": ""yes""}",2026-08-10T08:57:15.983839+00:00
node,2376659779,Rawbean Coffee,cafe,,,,,602,East 2100 South,,Salt Lake City,UT,84106,"602 East 2100 South, Salt Lake City, UT 84106",,https://www.rawbeancoffee.com,,,yes,,yes,,40.7252167,-111.8736425,,,https://www.openstreetmap.org/node/2376659779,"{""addr:city"": ""Salt Lake City"", ""addr:housenumber"": ""602"", ""addr:postcode"": ""84106"", ""addr:state"": ""UT"", ""addr:street"": ""East 2100 South"", ""amenity"": ""cafe"", ""building"": ""commercial"", ""drive_through"": ""yes"", ""food"": ""yes"", ""internet_access"": ""no"", ""name"": ""Rawbean Coffee"", ""outdoor_seating"": ""yes"", ""takeaway"": ""yes"", ""utahagrc:parcelid"": ""16192320280000"", ""website"": ""https://www.rawbeancoffee.com""}",2026-08-10T08:57:15.983839+00:00
node,2377305517,Kyoto,restaurant,,japanese,,,1080,East 1300 South,,Salt Lake City,,84105,"1080 East 1300 South, Salt Lake City, 84105",+1 801-487-3525,https://www.kyotoslc.com/,,,,,,yes,40.7414570,-111.8599218,,,https://www.openstreetmap.org/node/2377305517,"{""addr:city"": ""Salt Lake City"", ""addr:housenumber"": ""1080"", ""addr:postcode"": ""84105"", ""addr:street"": ""East 1300 South"", ""amenity"": ""restaurant"", ""cuisine"": ""japanese"", ""name"": ""Kyoto"", ""phone"": ""+1 801-487-3525"", ""website"": ""https://www.kyotoslc.com/"", ""wheelchair"": ""yes""}",2026-08-10T08:57:15.983839+00:00
node,2379634991,R&R BBQ,restaurant,,barbecue,,,307,West 600 South,,Salt Lake City,UT,84101,"307 West 600 South, Salt Lake City, UT 84101",+1 801-364-0443,https://locations.randrbbq.com/ut/salt-lake-city/salt-lake/,,Mo-Sa 11:00-22:00; Su 11:00-20:00,,,,,40.7557426,-111.9000630,,,https://www.openstreetmap.org/node/2379634991,"{""addr:city"": ""Salt Lake City"", ""addr:housenumber"": ""307"", ""addr:postcode"": ""84101"", ""addr:state"": ""UT"", ""addr:street"": ""West 600 South"", ""amenity"": ""restaurant"", ""check_date"": ""2025-06-01"", ""cuisine"": ""barbecue"", ""name"": ""R&R BBQ"", ""opening_hours"": ""Mo-Sa 11:00-22:00; Su 11:00-20:00"", ""phone"": ""+1 801-364-0443"", ""website"": ""https://locations.randrbbq.com/ut/salt-lake-city/salt-lake/""}",2026-08-10T08:57:15.983839+00:00
node,2379634996,Subway,fast_food,,sandwich,Subway,,311,West 600 South,,Salt Lake City,UT,84101,"311 West 600 South, Salt Lake City, UT 84101",+1 801-834-6869,https://restaurants.subway.com/united-states/ut/salt-lake-city/311-west-600-south,,24/7,yes,,,,40.7558094,-111.9001874,,,https://www.openstreetmap.org/node/2379634996,"{""addr:city"": ""Salt Lake City"", ""addr:housenumber"": ""311"", ""addr:postcode"": ""84101"", ""addr:state"": ""UT"", ""addr:street"": ""West 600 South"", ""amenity"": ""fast_food"", ""brand"": ""Subway"", ""brand:wikidata"": ""Q244457"", ""check_date"": ""2025-06-01"", ""cuisine"": ""sandwich"", ""name"": ""Subway"", ""opening_hours"": ""24/7"", ""phone"": ""+1 801-834-6869"", ""takeaway"": ""yes"", ""website"": ""https://restaurants.subway.com/united-states/ut/salt-lake-city/311-west-600-south""}",2026-08-10T08:57:15.983839+00:00
node,2385595656,Subway,fast_food,,sandwich,Subway,,1704,West North Temple,W,Salt Lake City,UT,84116,"1704 West North Temple, W, Salt Lake City, UT 84116",+1 801-322-5330,https://restaurants.subway.com/united-states/ut/salt-lake-city/1704-w-north-temple,,Mo-Sa 08:00-22:00; Su 10:00-21:00,yes,,,,40.7722555,-111.9398540,,,https://www.openstreetmap.org/node/2385595656,"{""addr:city"": ""Salt Lake City"", ""addr:country"": ""US"", ""addr:housenumber"": ""1704"", ""addr:postcode"": ""84116"", ""addr:state"": ""UT"", ""addr:street"": ""West North Temple"", ""addr:unit"": ""W"", ""amenity"": ""fast_food"", ""brand"": ""Subway"", ""brand:wikidata"": ""Q244457"", ""cuisine"": ""sandwich"", ""drive_through"": ""no"", ""name"": ""Subway"", ""opening_hours"": ""Mo-Sa 08:00-22:00; Su 10:00-21:00"", ""phone"": ""+1 801-322-5330"", ""takeaway"": ""yes"", ""website"": ""https://restaurants.subway.com/united-states/ut/salt-lake-city/1704-w-north-temple""}",2026-08-10T08:57:15.983839+00:00
node,2460696241,Lucky H Grille,restaurant,,buffet,,,500,South Main Street,,Salt Lake City,UT,84101,"500 South Main Street, Salt Lake City, UT 84101",+1-801-596-5704,https://saltlake.littleamerica.com/lucky-h-buffet/,,Mo-Fr 12:00-23:30; Sa-Su 11:30-00:00,,,,,40.7579997,-111.8916210,,,https://www.openstreetmap.org/node/2460696241,"{""addr:city"": ""Salt Lake City"", ""addr:housenumber"": ""500"", ""addr:postcode"": ""84101"", ""addr:state"": ""UT"", ""addr:street"": ""South Main Street"", ""amenity"": ""restaurant"", ""check_date:opening_hours"": ""2023-02-01"", ""cuisine"": ""buffet"", ""description"": ""Buffet-only."", ""name"": ""Lucky H Grille"", ""note"": ""It can be confusing to name this place because there is still signage at the front saying \""Lucky H Bar & Grille\"" but the hotel website uses \""Lucky H Grille\"", which I believe is correct. (as of 2023-02-03)"", ""opening_hours"": ""Mo-Fr 12:00-23:30; Sa-Su 11:30-00:00"", ""phone"": ""+1-801-596-5704"", ""website"": ""https://saltlake.littleamerica.com/lucky-h-buffet/""}",2026-08-10T08:57:15.983839+00:00
node,2460700082,Bonne Vie,,bakery,,,,,,,,,,,,https://www.grandamerica.com/dining/bonne-vie/,,Mo-Su 06:00-18:00,,,,,40.7579611,-111.8903170,,,https://www.openstreetmap.org/node/2460700082,"{""diet:vegan"": ""yes"", ""full_name"": ""Bonne Vie Patisserie"", ""name"": ""Bonne Vie"", ""opening_hours"": ""Mo-Su 06:00-18:00"", ""shop"": ""bakery"", ""website"": ""https://www.grandamerica.com/dining/bonne-vie/""}",2026-08-10T08:57:15.983839+00:00
node,2460891331,Thai 101,restaurant,,thai,,,214,West 600 South,,Salt Lake City,UT,,"214 West 600 South, Salt Lake City, UT",+1 385 227 8060,https://thai101slc.com,,"Mo-Th 11:00-14:30, 17:00-21:00; Fr 11:00-14:30, 17:00-21:30; Sa 12:30-21:30; Su 13:00-21:00",,,,,40.7565353,-111.8971750,,,https://www.openstreetmap.org/node/2460891331,"{""addr:city"": ""Salt Lake City"", ""addr:housenumber"": ""214"", ""addr:state"": ""UT"", ""addr:street"": ""West 600 South"", ""addr:street:prefix"": ""West"", ""amenity"": ""restaurant"", ""check_date"": ""2026-02-08"", ""check_date:opening_hours"": ""2023-06-01"", ""cuisine"": ""thai"", ""name"": ""Thai 101"", ""opening_hours"": ""Mo-Th 11:00-14:30, 17:00-21:00; Fr 11:00-14:30, 17:00-21:30; Sa 12:30-21:30; Su 13:00-21:00"", ""phone"": ""+1 385 227 8060"", ""strapline"": ""Original Thai Cuisine"", ""website"": ""https://thai101slc.com""}",2026-08-10T08:57:15.983839+00:00
node,2461895255,Beans & Brews Coffee House,cafe,,coffee_shop,,,268,South State Street,,Salt Lake City,UT,84111,"268 South State Street, Salt Lake City, UT 84111",+1 801-328-4148,https://www.beansandbrews.com/,,Mo-Sa 05:30-19:00; Su 06:30-19:00,,,,,40.7631133,-111.8885486,,,https://www.openstreetmap.org/node/2461895255,"{""addr:city"": ""Salt Lake City"", ""addr:housenumber"": ""268"", ""addr:postcode"": ""84111"", ""addr:state"": ""UT"", ""addr:street"": ""South State Street"", ""amenity"": ""cafe"", ""check_date"": ""2025-06-02"", ""cuisine"": ""coffee_shop"", ""name"": ""Beans & Brews Coffee House"", ""opening_hours"": ""Mo-Sa 05:30-19:00; Su 06:30-19:00"", ""phone"": ""+1 801-328-4148"", ""short_name"": ""Beans & Brews"", ""website"": ""https://www.beansandbrews.com/""}",2026-08-10T08:57:15.983839+00:00
node,2462094417,Einstein Bros. Bagels,fast_food,,bagel,Einstein Bros. Bagels,,481,East South Temple,C,Salt Lake City,UT,84111,"481 East South Temple, C, Salt Lake City, UT 84111",+1 801-322-0803,https://locations.einsteinbros.com/us/ut/salt-lake-city/481-e-south-temple,,06:00-14:00,yes,,,yes,40.7696781,-111.8772977,,,https://www.openstreetmap.org/node/2462094417,"{""addr:city"": ""Salt Lake City"", ""addr:housenumber"": ""481"", ""addr:postcode"": ""84111"", ""addr:state"": ""UT"", ""addr:street"": ""East South Temple"", ""addr:unit"": ""C"", ""alt_name"": ""Einstein Brothers Bagels"", ""amenity"": ""fast_food"", ""branch"": ""E Street & South Temple"", ""brand"": ""Einstein Bros. Bagels"", ""brand:wikidata"": ""Q5349788"", ""check_date"": ""2025-06-02"", ""cuisine"": ""bagel"", ""name"": ""Einstein Bros. Bagels"", ""opening_hours"": ""06:00-14:00"", ""phone"": ""+1 801-322-0803"", ""takeaway"": ""yes"", ""website"": ""https://locations.einsteinbros.com/us/ut/salt-lake-city/481-e-south-temple"", ""wheelchair"": ""yes""}",2026-08-10T08:57:15.983839+00:00
node,2466165658,Chick-fil-A,fast_food,,chicken,Chick-fil-A,,1206,East 2100 South,,Salt Lake City,UT,84106,"1206 East 2100 South, Salt Lake City, UT 84106",+1 801-486-0609,https://www.chick-fil-a.com/locations/ut/sugar-house,,Mo-Sa 06:30-22:00; Su off,yes,yes,,,40.7252201,-111.8566086,,,https://www.openstreetmap.org/node/2466165658,"{""addr:city"": ""Salt Lake City"", ""addr:housenumber"": ""1206"", ""addr:postcode"": ""84106"", ""addr:state"": ""UT"", ""addr:street"": ""East 2100 South"", ""amenity"": ""fast_food"", ""branch"": ""Sugar House"", ""brand"": ""Chick-fil-A"", ""brand:wikidata"": ""Q491516"", ""cuisine"": ""chicken"", ""delivery"": ""yes"", ""drive_through"": ""yes"", ""indoor_seating"": ""yes"", ""internet_access"": ""wlan"", ""name"": ""Chick-fil-A"", ""opening_hours"": ""Mo-Sa 06:30-22:00; Su off"", ""phone"": ""+1 801-486-0609"", ""ref"": ""02742"", ""takeaway"": ""yes"", ""website"": ""https://www.chick-fil-a.com/locations/ut/sugar-house""}",2026-08-10T08:57:15.983839+00:00
node,2466166864,TCBY,ice_cream,,frozen_yogurt,TCBY,,,,,,,,,,,,,yes,,,,40.7219291,-111.8568710,,,https://www.openstreetmap.org/node/2466166864,"{""amenity"": ""ice_cream"", ""brand"": ""TCBY"", ""brand:wikidata"": ""Q7669631"", ""cuisine"": ""frozen_yogurt"", ""name"": ""TCBY"", ""takeaway"": ""yes""}",2026-08-10T08:57:15.983839+00:00
node,2584451027,Ahh Sushi,restaurant,,sushi,,,22,East 100 South,,Salt Lake City,UT,,"22 East 100 South, Salt Lake City, UT",,https://www.oshucks-ahhsushi.com/,,Mo-Su 11:30-01:00,,,,,40.7669555,-111.8902564,,,https://www.openstreetmap.org/node/2584451027,"{""addr:city"": ""Salt Lake City"", ""addr:housenumber"": ""22"", ""addr:state"": ""UT"", ""addr:street"": ""East 100 South"", ""amenity"": ""restaurant"", ""cuisine"": ""sushi"", ""level"": ""-1"", ""name"": ""Ahh Sushi"", ""opening_hours"": ""Mo-Su 11:30-01:00"", ""website"": ""https://www.oshucks-ahhsushi.com/""}",2026-08-10T08:57:15.983839+00:00
node,2611689385,Hi Sushi,restaurant,,sushi,,,1400,South Foothill Drive,152,Salt Lake City,UT,84108,"1400 South Foothill Drive, 152, Salt Lake City, UT 84108",+1-801-906-8320,https://www.hisushiut.com/,sangyole@gmail.com,Mo-Sa 17:00-21:00; Su off,,,,,40.7387274,-111.8264938,,,https://www.openstreetmap.org/node/2611689385,"{""addr:city"": ""Salt Lake City"", ""addr:housenumber"": ""1400"", ""addr:postcode"": ""84108"", ""addr:state"": ""UT"", ""addr:street"": ""South Foothill Drive"", ""addr:unit"": ""152"", ""amenity"": ""restaurant"", ""contact:email"": ""sangyole@gmail.com"", ""contact:phone"": ""+1-801-906-8320"", ""contact:website"": ""https://www.hisushiut.com/"", ""cuisine"": ""sushi"", ""level"": ""0"", ""name"": ""Hi Sushi"", ""opening_hours"": ""Mo-Sa 17:00-21:00; Su off""}",2026-08-10T08:57:15.983839+00:00
node,2635666041,Johnny's On Second,bar,,,,,165,East 200 South,,Salt Lake City,UT,84111,"165 East 200 South, Salt Lake City, UT 84111",+1 801-746-3334,https://johnnysslc.com,,12:00-02:00,,,yes,,40.7652157,-111.8860163,,,https://www.openstreetmap.org/node/2635666041,"{""addr:city"": ""Salt Lake City"", ""addr:housenumber"": ""165"", ""addr:postcode"": ""84111"", ""addr:state"": ""UT"", ""addr:street"": ""East 200 South"", ""amenity"": ""bar"", ""min_age"": ""21"", ""name"": ""Johnny's On Second"", ""opening_hours"": ""12:00-02:00"", ""outdoor_seating"": ""yes"", ""phone"": ""+1 801-746-3334"", ""smoking"": ""outside"", ""website"": ""https://johnnysslc.com""}",2026-08-10T08:57:15.983839+00:00
node,2641218622,The Park Café,restaurant,,american,,,,,,,,,,+1-801-487-1670,https://theparkcafeslc.com/,,Mo-Su 07:00-15:00,,,yes,yes,40.7414012,-111.8736750,,,https://www.openstreetmap.org/node/2641218622,"{""amenity"": ""restaurant"", ""check_date:opening_hours"": ""2022-06-20"", ""cuisine"": ""american"", ""name"": ""The Park Café"", ""opening_hours"": ""Mo-Su 07:00-15:00"", ""outdoor_seating"": ""yes"", ""phone"": ""+1-801-487-1670"", ""website"": ""https://theparkcafeslc.com/"", ""wheelchair"": ""yes""}",2026-08-10T08:57:15.983839+00:00
node,2670587186,Two Creek Coffee House,cafe,,coffee_shop,,,,,,,,,,+1 801-913-9278,,,Mo-Th 07:30-16:30; Fr 07:30-16:00,,,yes,,40.7661722,-111.8475930,,,https://www.openstreetmap.org/node/2670587186,"{""amenity"": ""cafe"", ""cuisine"": ""coffee_shop"", ""level"": ""1"", ""name"": ""Two Creek Coffee House"", ""opening_hours"": ""Mo-Th 07:30-16:30; Fr 07:30-16:00"", ""outdoor_seating"": ""yes"", ""phone"": ""+1 801-913-9278""}",2026-08-10T08:57:15.983839+00:00
node,2698548152,Wildwood,restaurant,,american,,,,,,,,,,,,,Mo-Sa 17:00+,,,,,40.7727221,-111.8724820,,,https://www.openstreetmap.org/node/2698548152,"{""amenity"": ""restaurant"", ""check_date:opening_hours"": ""2025-04-28"", ""cuisine"": ""american"", ""name"": ""Wildwood"", ""opening_hours"": ""Mo-Sa 17:00+""}",2026-08-10T08:57:15.983839+00:00
node,2756080463,Sicilia Pizza,restaurant,,italian,,,35,West 300 South,,Salt Lake City,UT,,"35 West 300 South, Salt Lake City, UT",,,,Tu-We 11:00-22:00; Th 11:00-23:00; Fr-Sa 11:00-26:00; Su 13:00-22:00,,,,,40.7626191,-111.8923630,,,https://www.openstreetmap.org/node/2756080463,"{""addr:city"": ""Salt Lake City"", ""addr:housenumber"": ""35"", ""addr:state"": ""UT"", ""addr:street"": ""West 300 South"", ""amenity"": ""restaurant"", ""cuisine"": ""italian"", ""diet:vegetarian"": ""yes"", ""name"": ""Sicilia Pizza"", ""opening_hours"": ""Tu-We 11:00-22:00; Th 11:00-23:00; Fr-Sa 11:00-26:00; Su 13:00-22:00""}",2026-08-10T08:57:15.983839+00:00
node,2756093396,Alberto's,restaurant,,mexican,,,511,South 300 West,,Salt Lake City,UT,,"511 South 300 West, Salt Lake City, UT",+1-801-531-0411,https://www.albertosmex.com,,Mo-Sa 07:00-23:00,,,,,40.7581550,-111.8991060,,,https://www.openstreetmap.org/node/2756093396,"{""addr:city"": ""Salt Lake City"", ""addr:housenumber"": ""511"", ""addr:state"": ""UT"", ""addr:street"": ""South 300 West"", ""amenity"": ""restaurant"", ""check_date"": ""2025-06-03"", ""cuisine"": ""mexican"", ""name"": ""Alberto's"", ""opening_hours"": ""Mo-Sa 07:00-23:00"", ""phone"": ""+1-801-531-0411"", ""website"": ""https://www.albertosmex.com""}",2026-08-10T08:57:15.983839+00:00
node,2932985999,Raw Bean Coffee,cafe,,,,,611,South West Temple,,Salt Lake City,UT,84101,"611 South West Temple, Salt Lake City, UT 84101",+1-801-990-2326,https://www.rawbeancoffee.com/,,Mo-Fr 06:00-18:00; Sa-Su 06:30-18:00,,,,,40.7559746,-111.8936550,,,https://www.openstreetmap.org/node/2932985999,"{""addr:city"": ""Salt Lake City"", ""addr:housenumber"": ""611"", ""addr:postcode"": ""84101"", ""addr:state"": ""UT"", ""addr:street"": ""South West Temple"", ""amenity"": ""cafe"", ""check_date"": ""2025-06-01"", ""name"": ""Raw Bean Coffee"", ""opening_hours"": ""Mo-Fr 06:00-18:00; Sa-Su 06:30-18:00"", ""phone"": ""+1-801-990-2326"", ""website"": ""https://www.rawbeancoffee.com/""}",2026-08-10T08:57:15.983839+00:00
node,2978137295,From Scratch,restaurant,,american,,,62,East Gallivan Avenue,,Salt Lake City,UT,84111,"62 East Gallivan Avenue, Salt Lake City, UT 84111",+1 801-538-5090,https://fromscratchslc.com/,,Mo-Th 11:00-21:00; Fr 11:00-22:00; Sa 12:00-22:00,,,,yes,40.7635470,-111.8894310,,,https://www.openstreetmap.org/node/2978137295,"{""addr:city"": ""Salt Lake City"", ""addr:housenumber"": ""62"", ""addr:postcode"": ""84111"", ""addr:state"": ""UT"", ""addr:street"": ""East Gallivan Avenue"", ""amenity"": ""restaurant"", ""cuisine"": ""american"", ""diet:vegan"": ""yes"", ""name"": ""From Scratch"", ""opening_hours"": ""Mo-Th 11:00-21:00; Fr 11:00-22:00; Sa 12:00-22:00"", ""phone"": ""+1 801-538-5090"", ""smoking"": ""no"", ""website"": ""https://fromscratchslc.com/"", ""wheelchair"": ""yes""}",2026-08-10T08:57:15.983839+00:00
node,3065992408,Epic Brewing,bar,,,,,825,South State Street,,Salt Lake City,UT,84111,"825 South State Street, Salt Lake City, UT 84111",+1-801-906-0123,https://www.epicbrewing.com/,,Mo-Th 11:00-21:00; Fr 10:00-23:00; Sa 10:00-23:00; Su 11:00-19:00,,,patio,,40.7511682,-111.8878400,,,https://www.openstreetmap.org/node/3065992408,"{""addr:city"": ""Salt Lake City"", ""addr:housenumber"": ""825"", ""addr:postcode"": ""84111"", ""addr:state"": ""UT"", ""addr:street"": ""South State Street"", ""amenity"": ""bar"", ""check_date"": ""2025-06-02"", ""name"": ""Epic Brewing"", ""opening_hours"": ""Mo-Th 11:00-21:00; Fr 10:00-23:00; Sa 10:00-23:00; Su 11:00-19:00"", ""outdoor_seating"": ""patio"", ""phone"": ""+1-801-906-0123"", ""website"": ""https://www.epicbrewing.com/""}",2026-08-10T08:57:15.983839+00:00
node,3076763007,Amelia’s Grill & Bar,restaurant,,,,,5575,West Amelia Earhart Drive,,Salt Lake City,,84116,"5575 West Amelia Earhart Drive, Salt Lake City, 84116",+1 801-537-7020,http://www.ameliasgrill.com/,ramadaslcairport@hotmail.com,,,,,,40.7758067,-112.0239013,,,https://www.openstreetmap.org/node/3076763007,"{""addr:city"": ""Salt Lake City"", ""addr:housenumber"": ""5575"", ""addr:postcode"": ""84116"", ""addr:street"": ""West Amelia Earhart Drive"", ""amenity"": ""restaurant"", ""check_date"": ""2023-07-27"", ""contact:email"": ""ramadaslcairport@hotmail.com"", ""contact:fax"": ""+1 801-537-7701"", ""contact:phone"": ""+1 801-537-7020"", ""contact:website"": ""http://www.ameliasgrill.com/"", ""name"": ""Amelia’s Grill & Bar""}",2026-08-10T08:57:15.983839+00:00
node,3281513756,Jimmy John's,fast_food,,sandwich,Jimmy John's,,60,East South Temple,,Salt Lake City,UT,84111,"60 East South Temple, Salt Lake City, UT 84111",+1 801-741-1124,,,,yes,yes,,yes,40.7690728,-111.8888142,,,https://www.openstreetmap.org/node/3281513756,"{""addr:city"": ""Salt Lake City"", ""addr:housenumber"": ""60"", ""addr:postcode"": ""84111"", ""addr:state"": ""UT"", ""addr:street"": ""East South Temple"", ""amenity"": ""fast_food"", ""brand"": ""Jimmy John's"", ""brand:wikidata"": ""Q1689380"", ""cuisine"": ""sandwich"", ""delivery"": ""yes"", ""drive_through"": ""no"", ""fixme:atp"": ""no ATP match, check if still exists"", ""level"": ""1"", ""name"": ""Jimmy John's"", ""official_name"": ""Jimmy John's Gourmet Sandwiches"", ""opening_hours:covid19"": ""Mo-Su off"", ""phone"": ""+1 801-741-1124"", ""takeaway"": ""yes"", ""wheelchair"": ""yes""}",2026-08-10T08:57:15.983839+00:00
node,3438337768,Este Pizza,restaurant,,pizza,Este Pizza,,2148,South 900 East,,Salt Lake City,UT,84106,"2148 South 900 East, Salt Lake City, UT 84106",+1-801-485-3699,https://www.estepizzaco.com/location/este-pizzeria-sugarhouse/,estepizzasugarhouse@gmail.com,12:00-21:00,,,,,40.7243301,-111.8656628,,,https://www.openstreetmap.org/node/3438337768,"{""addr:city"": ""Salt Lake City"", ""addr:housenumber"": ""2148"", ""addr:postcode"": ""84106"", ""addr:state"": ""UT"", ""addr:street"": ""South 900 East"", ""amenity"": ""restaurant"", ""brand"": ""Este Pizza"", ""contact:website"": ""https://www.estepizzaco.com/location/este-pizzeria-sugarhouse/"", ""cuisine"": ""pizza"", ""email"": ""estepizzasugarhouse@gmail.com"", ""name"": ""Este Pizza"", ""opening_hours"": ""12:00-21:00"", ""phone"": ""+1-801-485-3699""}",2026-08-10T08:57:15.983839+00:00
node,3534539865,Sawadee 2Go,restaurant,,thai,,,61,East Gallivan Avenue,,Salt Lake City,UT,84111,"61 East Gallivan Avenue, Salt Lake City, UT 84111",+1 801-355-0068,https://sawadee2go.square.site/,,Mo-Fr 11:00-15:00,yes,yes,,,40.7637946,-111.8894210,,,https://www.openstreetmap.org/node/3534539865,"{""addr:city"": ""Salt Lake City"", ""addr:housenumber"": ""61"", ""addr:postcode"": ""84111"", ""addr:state"": ""UT"", ""addr:street"": ""East Gallivan Avenue"", ""amenity"": ""restaurant"", ""check_date:opening_hours"": ""2023-11-25"", ""cuisine"": ""thai"", ""delivery"": ""yes"", ""name"": ""Sawadee 2Go"", ""note"": ""As of 2025/11/04 sign posted at location stating they are only open from 11:00-15:00. Unclear if they are open Saturday as website states they are not but existing signage states they are."", ""opening_hours"": ""Mo-Fr 11:00-15:00"", ""phone"": ""+1 801-355-0068"", ""smoking"": ""no"", ""takeaway"": ""yes"", ""website"": ""https://sawadee2go.square.site/""}",2026-08-10T08:57:15.983839+00:00
node,3534552620,The Fault Line Cafe,cafe,,,,,389,South 900 East,,Salt Lake City,UT,84102,"389 South 900 East, Salt Lake City, UT 84102",,,,,,,,,40.7610862,-111.8648350,,,https://www.openstreetmap.org/node/3534552620,"{""addr:city"": ""Salt Lake City"", ""addr:country"": ""US"", ""addr:housenumber"": ""389"", ""addr:postcode"": ""84102"", ""addr:state"": ""UT"", ""addr:street"": ""South 900 East"", ""amenity"": ""cafe"", ""name"": ""The Fault Line Cafe""}",2026-08-10T08:57:15.983839+00:00
node,3625895988,Takashi,restaurant,,sushi,,,,,,,,,,,,,Mo-Fr 11:30-14:00; Mo-Sa 18:30-22:00,,,,,40.7618826,-111.8918190,,,https://www.openstreetmap.org/node/3625895988,"{""amenity"": ""restaurant"", ""cuisine"": ""sushi"", ""diet:vegetarian"": ""yes"", ""name"": ""Takashi"", ""opening_hours"": ""Mo-Fr 11:30-14:00; Mo-Sa 18:30-22:00""}",2026-08-10T08:57:15.983839+00:00
node,3625895989,Cheers to You,bar,,,,,315,South Main Street,,Salt Lake City,UT,84111,"315 South Main Street, Salt Lake City, UT 84111",+1 801-575-6400,https://www.facebook.com/people/Cheers-to-You-SLC/100063570219326/,,Mo-Su 11:00-26:00,,,,,40.7623413,-111.8908304,,,https://www.openstreetmap.org/node/3625895989,"{""addr:city"": ""Salt Lake City"", ""addr:country"": ""US"", ""addr:housenumber"": ""315"", ""addr:postcode"": ""84111"", ""addr:state"": ""UT"", ""addr:street"": ""South Main Street"", ""amenity"": ""bar"", ""check_date"": ""2023-08-24"", ""min_age"": ""21"", ""name"": ""Cheers to You"", ""opening_hours"": ""Mo-Su 11:00-26:00"", ""phone"": ""+1 801-575-6400"", ""source"": ""website"", ""website"": ""https://www.facebook.com/people/Cheers-to-You-SLC/100063570219326/""}",2026-08-10T08:57:15.983839+00:00
node,3625941810,Cucina Toscana,restaurant,,italian,,,282,South 300 West,,Salt Lake City,UT,,"282 South 300 West, Salt Lake City, UT",+1 801-328-3463,https://toscanaslc.com/,,Mo-Fr 17:30-22:00; Sa 07:30-22:00,,,,yes,40.7631118,-111.9000180,,,https://www.openstreetmap.org/node/3625941810,"{""addr:city"": ""Salt Lake City"", ""addr:housenumber"": ""282"", ""addr:state"": ""UT"", ""addr:street"": ""South 300 West"", ""amenity"": ""restaurant"", ""cuisine"": ""italian"", ""name"": ""Cucina Toscana"", ""opening_hours"": ""Mo-Fr 17:30-22:00; Sa 07:30-22:00"", ""phone"": ""+1 801-328-3463"", ""website"": ""https://toscanaslc.com/"", ""wheelchair"": ""yes""}",2026-08-10T08:57:15.983839+00:00
node,3635446417,Beans & Brew,cafe,,coffee_shop,Beans & Brew,,1868,South 300 West,A,Salt Lake City,UT,84115,"1868 South 300 West, A, Salt Lake City, UT 84115",,https://www.beansandbrews.com/coffee-shops/salt-lake-city-300-west/,,,yes,,,,40.7296053,-111.9000731,,,https://www.openstreetmap.org/node/3635446417,"{""addr:city"": ""Salt Lake City"", ""addr:housenumber"": ""1868"", ""addr:postcode"": ""84115"", ""addr:state"": ""UT"", ""addr:street"": ""South 300 West"", ""addr:unit"": ""A"", ""amenity"": ""cafe"", ""brand"": ""Beans & Brew"", ""cuisine"": ""coffee_shop"", ""drive_through"": ""yes"", ""name"": ""Beans & Brew"", ""takeaway"": ""yes"", ""website"": ""https://www.beansandbrews.com/coffee-shops/salt-lake-city-300-west/""}",2026-08-10T08:57:15.983839+00:00
node,3635446418,Huckleberry Grill,restaurant,,american,,,335,West 1830 South,A,Salt Lake City,UT,,"335 West 1830 South, A, Salt Lake City, UT",,https://huckleberrygrill.com,,Mo-Sa 11:00-20:30,,,,,40.7301093,-111.9007881,,,https://www.openstreetmap.org/node/3635446418,"{""addr:city"": ""Salt Lake City"", ""addr:housenumber"": ""335"", ""addr:state"": ""UT"", ""addr:street"": ""West 1830 South"", ""addr:unit"": ""A"", ""amenity"": ""restaurant"", ""cuisine"": ""american"", ""name"": ""Huckleberry Grill"", ""opening_hours"": ""Mo-Sa 11:00-20:30"", ""website"": ""https://huckleberrygrill.com""}",2026-08-10T08:57:15.983839+00:00
node,3635526485,Liberty Park Grill,restaurant,,,,,,,,,,,,,,,Jun 01-Aug 30 10:00-15:00; Sep 01-May 31 off,only,,,,40.7441255,-111.8742170,,,https://www.openstreetmap.org/node/3635526485,"{""amenity"": ""restaurant"", ""name"": ""Liberty Park Grill"", ""opening_hours"": ""Jun 01-Aug 30 10:00-15:00; Sep 01-May 31 off"", ""takeaway"": ""only""}",2026-08-10T08:57:15.983839+00:00
node,3635726211,The Beastro,restaurant,,,,,,,,,,,,,https://www.hoglezoo.org/dining/,,,,,,,40.7505106,-111.8159330,,,https://www.openstreetmap.org/node/3635726211,"{""amenity"": ""restaurant"", ""check_date"": ""2023-07-28"", ""name"": ""The Beastro"", ""website"": ""https://www.hoglezoo.org/dining/""}",2026-08-10T08:57:15.983839+00:00
node,3635726212,Shoreline Grill,restaurant,,,,,,,,,,,,,,,,,,,,40.7499437,-111.8191463,,,https://www.openstreetmap.org/node/3635726212,"{""amenity"": ""restaurant"", ""name"": ""Shoreline Grill""}",2026-08-10T08:57:15.983839+00:00
node,3635726213,Cat Wok Cafe,restaurant,,,,,,,,,,,,,https://www.hoglezoo.org/asian-highlands/,,,,,,,40.7492548,-111.8187708,,,https://www.openstreetmap.org/node/3635726213,"{""amenity"": ""restaurant"", ""contact:website"": ""https://www.hoglezoo.org/asian-highlands/"", ""name"": ""Cat Wok Cafe""}",2026-08-10T08:57:15.983839+00:00
node,3635726215,Oasis Cafe,restaurant,,,,,,,,,,,,,https://www.hoglezoo.org/dining/,,"""summers""",,,,,40.7498751,-111.8174820,,,https://www.openstreetmap.org/node/3635726215,"{""amenity"": ""restaurant"", ""check_date"": ""2023-07-28"", ""name"": ""Oasis Cafe"", ""opening_hours"": ""\""summers\"""", ""website"": ""https://www.hoglezoo.org/dining/""}",2026-08-10T08:57:15.983839+00:00
node,3681524449,See's Candies,,confectionery,,See's Candies,,2707,South 700 East,,Salt Lake City,UT,84106,"2707 South 700 East, Salt Lake City, UT 84106",,,,,,,,,40.7252494,-111.8705780,,,https://www.openstreetmap.org/node/3681524449,"{""addr:city"": ""Salt Lake City"", ""addr:country"": ""US"", ""addr:housenumber"": ""2707"", ""addr:postcode"": ""84106"", ""addr:state"": ""UT"", ""addr:street"": ""South 700 East"", ""brand"": ""See's Candies"", ""brand:wikidata"": ""Q2103510"", ""name"": ""See's Candies"", ""shop"": ""confectionery""}",2026-08-10T08:57:15.983839+00:00
node,3681559951,Little Caesars,fast_food,,pizza,Little Caesars,,2104,South 700 East,A,Salt Lake City,UT,84106,"2104 South 700 East, A, Salt Lake City, UT 84106",,https://littlecaesars.com/en-us/store/725/,,,yes,,,,40.7251972,-111.8724890,,,https://www.openstreetmap.org/node/3681559951,"{""addr:city"": ""Salt Lake City"", ""addr:country"": ""US"", ""addr:housenumber"": ""2104"", ""addr:postcode"": ""84106"", ""addr:state"": ""UT"", ""addr:street"": ""South 700 East"", ""addr:unit"": ""A"", ""amenity"": ""fast_food"", ""brand"": ""Little Caesars"", ""brand:wikidata"": ""Q1393809"", ""cuisine"": ""pizza"", ""name"": ""Little Caesars"", ""takeaway"": ""yes"", ""website"": ""https://littlecaesars.com/en-us/store/725/""}",2026-08-10T08:57:15.983839+00:00
node,3728512236,MOD Pizza,fast_food,,pizza,MOD Pizza,,1010,East 2100 South,,Salt Lake City,UT,84106,"1010 East 2100 South, Salt Lake City, UT 84106",+1 385-393-0201,https://locations.modpizza.com/usa/ut/salt-lake-city/1010-e-2100-s,,Mo-Th 10:30-22:00; Fr-Sa 10:30-23:00; Su 10:30-22:00,yes,no,sidewalk,yes,40.7249750,-111.8623050,,,https://www.openstreetmap.org/node/3728512236,"{""addr:city"": ""Salt Lake City"", ""addr:country"": ""US"", ""addr:housenumber"": ""1010"", ""addr:postcode"": ""84106"", ""addr:state"": ""UT"", ""addr:street"": ""East 2100 South"", ""amenity"": ""fast_food"", ""branch"": ""Sugar House"", ""brand"": ""MOD Pizza"", ""brand:wikidata"": ""Q19903469"", ""cuisine"": ""pizza"", ""delivery"": ""no"", ""internet_access"": ""wlan"", ""name"": ""MOD Pizza"", ""opening_hours"": ""Mo-Th 10:30-22:00; Fr-Sa 10:30-23:00; Su 10:30-22:00"", ""outdoor_seating"": ""sidewalk"", ""phone"": ""+1 385-393-0201"", ""smoking"": ""no"", ""takeaway"": ""yes"", ""website"": ""https://locations.modpizza.com/usa/ut/salt-lake-city/1010-e-2100-s"", ""wheelchair"": ""yes""}",2026-08-10T08:57:15.983839+00:00
node,3728512340,Squatters Pub,pub,,burger;pizza;sandwich,,,2110,South Highland Drive,,Salt Lake City,UT,84106,"2110 South Highland Drive, Salt Lake City, UT 84106",+1-801-783-1127,,,,,,yes,yes,40.7250615,-111.8598420,,,https://www.openstreetmap.org/node/3728512340,"{""addr:city"": ""Salt Lake City"", ""addr:country"": ""US"", ""addr:housenumber"": ""2110"", ""addr:postcode"": ""84106"", ""addr:state"": ""UT"", ""addr:street"": ""South Highland Drive"", ""amenity"": ""pub"", ""cuisine"": ""burger;pizza;sandwich"", ""microbrewery"": ""yes"", ""name"": ""Squatters Pub"", ""outdoor_seating"": ""yes"", ""phone"": ""+1-801-783-1127"", ""smoking"": ""no"", ""toilets"": ""yes"", ""wheelchair"": ""yes""}",2026-08-10T08:57:15.983839+00:00
node,3728543827,Silverside Deli,restaurant,,sandwich,,,2121,South McClelland Street,Suite 108,Salt Lake City,UT,84106,"2121 South McClelland Street, Suite 108, Salt Lake City, UT 84106",+1-801-935-4141,https://silversidedeli.com,,We-Su 09:30-19:00,,,no,,40.7250095,-111.8611934,,,https://www.openstreetmap.org/node/3728543827,"{""addr:city"": ""Salt Lake City"", ""addr:country"": ""US"", ""addr:housenumber"": ""2121"", ""addr:postcode"": ""84106"", ""addr:state"": ""UT"", ""addr:street"": ""South McClelland Street"", ""addr:unit"": ""Suite 108"", ""amenity"": ""restaurant"", ""check_date"": ""2026-05-08"", ""contact:facebook"": ""https://www.facebook.com/SilversideDeli"", ""cuisine"": ""sandwich"", ""diet:vegetarian"": ""yes"", ""name"": ""Silverside Deli"", ""opening_hours"": ""We-Su 09:30-19:00"", ""outdoor_seating"": ""no"", ""payment:cash"": ""no"", ""payment:credit_cards"": ""yes"", ""payment:debit_cards"": ""yes"", ""phone"": ""+1-801-935-4141"", ""website"": ""https://silversidedeli.com""}",2026-08-10T08:57:15.983839+00:00
node,3728544625,Urban Gyro & Chicken,restaurant,,greek,,,2121,South McClelland Street,104,Salt Lake City,UT,84106,"2121 South McClelland Street, 104, Salt Lake City, UT 84106",,https://ugcplatters.com,,,,,,,40.7247878,-111.8611904,,,https://www.openstreetmap.org/node/3728544625,"{""addr:city"": ""Salt Lake City"", ""addr:country"": ""US"", ""addr:housenumber"": ""2121"", ""addr:postcode"": ""84106"", ""addr:state"": ""UT"", ""addr:street"": ""South McClelland Street"", ""addr:unit"": ""104"", ""amenity"": ""restaurant"", ""cuisine"": ""greek"", ""diet:halal"": ""yes"", ""diet:vegetarian"": ""yes"", ""name"": ""Urban Gyro & Chicken"", ""website"": ""https://ugcplatters.com""}",2026-08-10T08:57:15.983839+00:00
node,3728547726,,restaurant,,thai,,,2130,South Highland Drive,,Salt Lake City,UT,84106,"2130 South Highland Drive, Salt Lake City, UT 84106",,,,,,,,yes,40.7242341,-111.8598430,,,https://www.openstreetmap.org/node/3728547726,"{""addr:city"": ""Salt Lake City"", ""addr:country"": ""US"", ""addr:housenumber"": ""2130"", ""addr:postcode"": ""84106"", ""addr:state"": ""UT"", ""addr:street"": ""South Highland Drive"", ""amenity"": ""restaurant"", ""cuisine"": ""thai"", ""panoramax"": ""4a091b5e-54bf-41e9-bd26-fda5c9fb01c7"", ""wheelchair"": ""yes""}",2026-08-10T08:57:15.983839+00:00
node,3728547729,Ramen Legend,restaurant,,japanese,,,2118,South Highland Drive,,Salt Lake City,UT,84106,"2118 South Highland Drive, Salt Lake City, UT 84106",,,,,,,,,40.7246845,-111.8598197,,,https://www.openstreetmap.org/node/3728547729,"{""addr:city"": ""Salt Lake City"", ""addr:country"": ""US"", ""addr:housenumber"": ""2118"", ""addr:postcode"": ""84106"", ""addr:state"": ""UT"", ""addr:street"": ""South Highland Drive"", ""amenity"": ""restaurant"", ""cuisine"": ""japanese"", ""name"": ""Ramen Legend"", ""panoramax"": ""0ed10917-cec1-4796-a2af-55ed0baf594b""}",2026-08-10T08:57:15.983839+00:00
node,3728752325,Laan Na Thai,restaurant,,thai,,,336,West 300 South,,Salt Lake City,,84101,"336 West 300 South, Salt Lake City, 84101",,,,,,,yes,yes,40.7630340,-111.9008380,,,https://www.openstreetmap.org/node/3728752325,"{""addr:city"": ""Salt Lake City"", ""addr:housenumber"": ""336"", ""addr:postcode"": ""84101"", ""addr:street"": ""West 300 South"", ""amenity"": ""restaurant"", ""check_date"": ""2026-07-13"", ""cuisine"": ""thai"", ""diet:vegetarian"": ""yes"", ""name"": ""Laan Na Thai"", ""outdoor_seating"": ""yes"", ""payment:cash"": ""yes"", ""payment:credit_cards"": ""yes"", ""payment:debit_cards"": ""yes"", ""wheelchair"": ""yes""}",2026-08-10T08:57:15.983839+00:00
node,3737720346,Beans & Brews Coffee House,cafe,,coffee_shop,,,906,South 500 East,,Salt Lake City,UT,84105,"906 South 500 East, Salt Lake City, UT 84105",+1-801-521-5221,https://www.beansandbrews.com/coffee-shops/salt-lake-city-liberty-park/,,Mo-Sa 05:30-20:00; Su 06:30-20:00,,,yes,,40.7494726,-111.8772940,,,https://www.openstreetmap.org/node/3737720346,"{""addr:city"": ""Salt Lake City"", ""addr:housenumber"": ""906"", ""addr:postcode"": ""84105"", ""addr:state"": ""UT"", ""addr:street"": ""South 500 East"", ""amenity"": ""cafe"", ""cuisine"": ""coffee_shop"", ""name"": ""Beans & Brews Coffee House"", ""opening_hours"": ""Mo-Sa 05:30-20:00; Su 06:30-20:00"", ""outdoor_seating"": ""yes"", ""phone"": ""+1-801-521-5221"", ""short_name"": ""Beans & Brews"", ""website"": ""https://www.beansandbrews.com/coffee-shops/salt-lake-city-liberty-park/""}",2026-08-10T08:57:15.983839+00:00
node,3788392657,Lucky 13,restaurant,,burger,,,135,West 1300 South,,Salt Lake City,UT,84115,"135 West 1300 South, Salt Lake City, UT 84115",+1 801-487-4418,https://www.lucky13slc.com/,,Mo-Su 10:00-02:00,,,,,40.7413510,-111.8950270,,,https://www.openstreetmap.org/node/3788392657,"{""addr:city"": ""Salt Lake City"", ""addr:housenumber"": ""135"", ""addr:postcode"": ""84115"", ""addr:state"": ""UT"", ""addr:street"": ""West 1300 South"", ""amenity"": ""restaurant"", ""check_date"": ""2022-02-15"", ""cuisine"": ""burger"", ""name"": ""Lucky 13"", ""opening_hours"": ""Mo-Su 10:00-02:00"", ""phone"": ""+1 801-487-4418"", ""website"": ""https://www.lucky13slc.com/""}",2026-08-10T08:57:15.983839+00:00
node,3792009741,Vertical Diner,restaurant,,american,,,234,West 900 South,,Salt Lake City,UT,84101,"234 West 900 South, Salt Lake City, UT 84101",+1 801-484-8378,https://verticaldiner.com/,,Mo-Su 09:00-22:00,yes,,yes,,40.7499947,-111.8978930,,,https://www.openstreetmap.org/node/3792009741,"{""addr:city"": ""Salt Lake City"", ""addr:housenumber"": ""234"", ""addr:postcode"": ""84101"", ""addr:state"": ""UT"", ""addr:street"": ""West 900 South"", ""amenity"": ""restaurant"", ""check_date"": ""2025-06-03"", ""check_date:opening_hours"": ""2023-12-29"", ""contact:phone"": ""+1 801-484-8378"", ""cuisine"": ""american"", ""diet:vegan"": ""only"", ""name"": ""Vertical Diner"", ""opening_hours"": ""Mo-Su 09:00-22:00"", ""outdoor_seating"": ""yes"", ""payment:cash"": ""yes"", ""payment:credit_cards"": ""yes"", ""payment:debit_cards"": ""yes"", ""takeaway"": ""yes"", ""website"": ""https://verticaldiner.com/""}",2026-08-10T08:57:15.983839+00:00
node,3792017692,Chanon Thai,restaurant,,thai,,,278,East 900 South,,Salt Lake City,UT,84111,"278 East 900 South, Salt Lake City, UT 84111",+1-801-532-1177,https://chanonthaislc.com/,,"We-Fr 11:30-15:00, 17:00-21:00; Sa-Su 17:00-21:00",,,,,40.7494561,-111.8828895,,,https://www.openstreetmap.org/node/3792017692,"{""addr:city"": ""Salt Lake City"", ""addr:housenumber"": ""278"", ""addr:postcode"": ""84111"", ""addr:state"": ""UT"", ""addr:street"": ""East 900 South"", ""amenity"": ""restaurant"", ""cuisine"": ""thai"", ""name"": ""Chanon Thai"", ""opening_hours"": ""We-Fr 11:30-15:00, 17:00-21:00; Sa-Su 17:00-21:00"", ""phone"": ""+1-801-532-1177"", ""website"": ""https://chanonthaislc.com/""}",2026-08-10T08:57:15.983839+00:00
node,3793726357,Buffalo Wild Wings,restaurant,,wings,Buffalo Wild Wings,,2132,South Highland Drive,,Salt Lake City,UT,84106,"2132 South Highland Drive, Salt Lake City, UT 84106",+1-801-484-1775,https://www.buffalowildwings.com/locations/us/ut/salt-lake-city/2132-south-highland-drive/sports-bar-1401/,,Su-We 11:00-24:00; Th-Sa 11:00-25:00,,,,,40.7241238,-111.8598270,,,https://www.openstreetmap.org/node/3793726357,"{""addr:city"": ""Salt Lake City"", ""addr:country"": ""US"", ""addr:housenumber"": ""2132"", ""addr:postcode"": ""84106"", ""addr:state"": ""UT"", ""addr:street"": ""South Highland Drive"", ""amenity"": ""restaurant"", ""brand"": ""Buffalo Wild Wings"", ""brand:wikidata"": ""Q509255"", ""check_date"": ""2025-10-18"", ""cuisine"": ""wings"", ""name"": ""Buffalo Wild Wings"", ""opening_hours"": ""Su-We 11:00-24:00; Th-Sa 11:00-25:00"", ""phone"": ""+1-801-484-1775"", ""short_name"": ""BW3"", ""website"": ""https://www.buffalowildwings.com/locations/us/ut/salt-lake-city/2132-south-highland-drive/sports-bar-1401/""}",2026-08-10T08:57:15.983839+00:00
node,3793730757,Denny's,restaurant,,american,Denny's,,2025,South 900 West,,Salt Lake City,UT,84119,"2025 South 900 West, Salt Lake City, UT 84119",+1-801-886-1107,https://locations.dennys.com/UT/SALT-LAKE-CITY/248676,,24/7,yes,yes,,yes,40.7264760,-111.9157060,,,https://www.openstreetmap.org/node/3793730757,"{""addr:city"": ""Salt Lake City"", ""addr:housenumber"": ""2025"", ""addr:postcode"": ""84119"", ""addr:state"": ""UT"", ""addr:street"": ""South 900 West"", ""air_conditioning"": ""yes"", ""amenity"": ""restaurant"", ""brand"": ""Denny's"", ""brand:wikidata"": ""Q1189695"", ""cuisine"": ""american"", ""delivery"": ""yes"", ""description"": ""Located inside convenience store."", ""name"": ""Denny's"", ""opening_hours"": ""24/7"", ""phone"": ""+1-801-886-1107"", ""takeaway"": ""yes"", ""website"": ""https://locations.dennys.com/UT/SALT-LAKE-CITY/248676"", ""wheelchair"": ""yes""}",2026-08-10T08:57:15.983839+00:00
node,3804138795,Toaster's Cafe,restaurant,,american,,,151,West 200 South,,Salt Lake City,UT,84101,"151 West 200 South, Salt Lake City, UT 84101",+1-888-339-3354,https://www.toastersdeli.com/,,Mo-Fr 07:00-15:30; Sa 07:00-15:00,yes,,,yes,40.7647428,-111.8959380,,,https://www.openstreetmap.org/node/3804138795,"{""addr:city"": ""Salt Lake City"", ""addr:housenumber"": ""151"", ""addr:postcode"": ""84101"", ""addr:state"": ""UT"", ""addr:street"": ""West 200 South"", ""amenity"": ""restaurant"", ""cuisine"": ""american"", ""name"": ""Toaster's Cafe"", ""opening_hours"": ""Mo-Fr 07:00-15:30; Sa 07:00-15:00"", ""phone"": ""+1-888-339-3354"", ""takeaway"": ""yes"", ""website"": ""https://www.toastersdeli.com/"", ""wheelchair"": ""yes""}",2026-08-10T08:57:15.983839+00:00
node,3810136101,Little Caesars,fast_food,,pizza,Little Caesars,,3292,South Richmond Street,106,Salt Lake City,UT,84106,"3292 South Richmond Street, 106, Salt Lake City, UT 84106",,https://littlecaesars.com/en-us/store/10461/,,,yes,no,,,40.7002484,-111.8543270,,,https://www.openstreetmap.org/node/3810136101,"{""addr:city"": ""Salt Lake City"", ""addr:country"": ""US"", ""addr:housenumber"": ""3292"", ""addr:postcode"": ""84106"", ""addr:state"": ""UT"", ""addr:street"": ""South Richmond Street"", ""addr:unit"": ""106"", ""amenity"": ""fast_food"", ""brand"": ""Little Caesars"", ""brand:wikidata"": ""Q1393809"", ""cuisine"": ""pizza"", ""delivery"": ""no"", ""drive_through"": ""no"", ""name"": ""Little Caesars"", ""takeaway"": ""yes"", ""website"": ""https://littlecaesars.com/en-us/store/10461/""}",2026-08-10T08:57:15.983839+00:00
node,3810254587,Tap Room,bar,,,,,,,,,,,,,,,,,,,,40.7261296,-111.8661334,,,https://www.openstreetmap.org/node/3810254587,"{""amenity"": ""bar"", ""name"": ""Tap Room""}",2026-08-10T08:57:15.983839+00:00
node,3810274101,Tsunami,restaurant,,sushi,,,,,,,,,,,,,Tu-Th 11:00-20:30; Fr 11:00-21:00; Sa 12:00-21:00; Su 12:00-20:00,,,,,40.7222509,-111.8580440,,,https://www.openstreetmap.org/node/3810274101,"{""amenity"": ""restaurant"", ""cuisine"": ""sushi"", ""name"": ""Tsunami"", ""opening_hours"": ""Tu-Th 11:00-20:30; Fr 11:00-21:00; Sa 12:00-21:00; Su 12:00-20:00""}",2026-08-10T08:57:15.983839+00:00
node,3810274102,Franco’s Churro House,fast_food,,churro,,,,,,,,,,,,,,,,,yes,40.7222428,-111.8572636,,,https://www.openstreetmap.org/node/3810274102,"{""amenity"": ""fast_food"", ""cuisine"": ""churro"", ""drive_through"": ""no"", ""name"": ""Franco’s Churro House"", ""wheelchair"": ""yes""}",2026-08-10T08:57:15.983839+00:00
node,3810274103,Zao Asian Cafe,fast_food,,asian,,,2227,South Highland Drive,e2,Salt Lake City,UT,84106,"2227 South Highland Drive, e2, Salt Lake City, UT 84106",,,,Mo-Su 11:00-21:00,yes,,,,40.7222325,-111.8574787,,,https://www.openstreetmap.org/node/3810274103,"{""addr:city"": ""Salt Lake City"", ""addr:housenumber"": ""2227"", ""addr:postcode"": ""84106"", ""addr:state"": ""UT"", ""addr:street"": ""South Highland Drive"", ""addr:unit"": ""e2"", ""amenity"": ""fast_food"", ""cuisine"": ""asian"", ""name"": ""Zao Asian Cafe"", ""opening_hours"": ""Mo-Su 11:00-21:00"", ""takeaway"": ""yes""}",2026-08-10T08:57:15.983839+00:00
node,3810295156,Spitz,restaurant,,kebab;mediterranean;sandwich;turkish,,,1201,East Wilmington Avenue,101,Salt Lake City,UT,84106,"1201 East Wilmington Avenue, 101, Salt Lake City, UT 84106",+1 385-322-1140,https://spitz-restaurant.com/mediterranean-food-sugarhouse-restaurant-bar/,,Su-Th 11:00-21:00; Fr-Sa 11:00-22:00,yes,,yes,,40.7234935,-111.8568170,,,https://www.openstreetmap.org/node/3810295156,"{""addr:city"": ""Salt Lake City"", ""addr:housenumber"": ""1201"", ""addr:postcode"": ""84106"", ""addr:state"": ""UT"", ""addr:street"": ""East Wilmington Avenue"", ""addr:unit"": ""101"", ""amenity"": ""restaurant"", ""contact:instagram"": ""spitzpics"", ""contact:twitter"": ""spitztweets"", ""cuisine"": ""kebab;mediterranean;sandwich;turkish"", ""diet:gluten_free"": ""yes"", ""diet:halal"": ""yes"", ""diet:vegan"": ""yes"", ""diet:vegetarian"": ""yes"", ""name"": ""Spitz"", ""opening_hours"": ""Su-Th 11:00-21:00; Fr-Sa 11:00-22:00"", ""outdoor_seating"": ""yes"", ""phone"": ""+1 385-322-1140"", ""takeaway"": ""yes"", ""website"": ""https://spitz-restaurant.com/mediterranean-food-sugarhouse-restaurant-bar/"", ""website:menu"": ""https://spitz-restaurant.com/spitz-menu/""}",2026-08-10T08:57:15.983839+00:00
node,3836602257,Eva's Bakery,restaurant,,sandwich;pastry;bakery,,,155,South Main Street,,Salt Lake City,UT,,"155 South Main Street, Salt Lake City, UT",+1 801-355-3942,https://www.evasbakeryslc.com/,,Mo-Sa 07:30-15:30; Su 08:00-15:00,yes,no,sidewalk,limited,40.7657223,-111.8908250,,,https://www.openstreetmap.org/node/3836602257,"{""addr:city"": ""Salt Lake City"", ""addr:housenumber"": ""155"", ""addr:state"": ""UT"", ""addr:street"": ""South Main Street"", ""amenity"": ""restaurant"", ""check_date"": ""2026-02-22"", ""cuisine"": ""sandwich;pastry;bakery"", ""delivery"": ""no"", ""name"": ""Eva's Bakery"", ""opening_hours"": ""Mo-Sa 07:30-15:30; Su 08:00-15:00"", ""outdoor_seating"": ""sidewalk"", ""phone"": ""+1 801-355-3942"", ""smoking"": ""no"", ""takeaway"": ""yes"", ""website"": ""https://www.evasbakeryslc.com/"", ""wheelchair"": ""limited""}",2026-08-10T08:57:15.983839+00:00
node,3852908822,The Spot,bar,,,,,,,,,,,,,,,,,,,,40.7502511,-111.8913746,,,https://www.openstreetmap.org/node/3852908822,"{""amenity"": ""bar"", ""name"": ""The Spot"", ""opening_hours:signed"": ""no""}",2026-08-10T08:57:15.983839+00:00
node,3911575398,Golden Pearl,restaurant,,chinese,,,1625,West 700 North,D,Salt Lake City,UT,84116,"1625 West 700 North, D, Salt Lake City, UT 84116",+1-801-363-5223,https://www.goldenpearlut.com/,goldenpearlut@gmail.com,Mo-Th 11:00-21:00; Fr-Sa 11:00-22:00,yes,yes,no,yes,40.7841202,-111.9372510,,,https://www.openstreetmap.org/node/3911575398,"{""addr:city"": ""Salt Lake City"", ""addr:housenumber"": ""1625"", ""addr:postcode"": ""84116"", ""addr:state"": ""UT"", ""addr:street"": ""West 700 North"", ""addr:unit"": ""D"", ""air_conditioning"": ""yes"", ""amenity"": ""restaurant"", ""cuisine"": ""chinese"", ""delivery"": ""yes"", ""email"": ""goldenpearlut@gmail.com"", ""name"": ""Golden Pearl"", ""opening_hours"": ""Mo-Th 11:00-21:00; Fr-Sa 11:00-22:00"", ""outdoor_seating"": ""no"", ""phone"": ""+1-801-363-5223"", ""smoking"": ""outside"", ""source"": ""website"", ""takeaway"": ""yes"", ""website"": ""https://www.goldenpearlut.com/"", ""wheelchair"": ""yes""}",2026-08-10T08:57:15.983839+00:00
node,3949043233,Spitz,restaurant,,kebab;mediterranean;turkish,,,35,East 300 South,,Salt Lake City,UT,84111,"35 East 300 South, Salt Lake City, UT 84111",+1 801-364-0286,https://spitz-restaurant.com/mediterranean-food-downtown-salt-lake-city-restaurant-bar/,,Su-Th 11:00-21:00; Fr-Sa 11:00-22:00,yes,yes,yes,,40.7630248,-111.8899573,,,https://www.openstreetmap.org/node/3949043233,"{""addr:city"": ""Salt Lake City"", ""addr:housenumber"": ""35"", ""addr:postcode"": ""84111"", ""addr:state"": ""UT"", ""addr:street"": ""East 300 South"", ""amenity"": ""restaurant"", ""bar"": ""yes"", ""contact:instagram"": ""spitzpics"", ""contact:twitter"": ""spitztweets"", ""cuisine"": ""kebab;mediterranean;turkish"", ""delivery"": ""yes"", ""diet:gluten_free"": ""yes"", ""diet:halal"": ""yes"", ""diet:vegan"": ""yes"", ""diet:vegetarian"": ""yes"", ""name"": ""Spitz"", ""opening_hours"": ""Su-Th 11:00-21:00; Fr-Sa 11:00-22:00"", ""outdoor_seating"": ""yes"", ""phone"": ""+1 801-364-0286"", ""smoking"": ""no"", ""takeaway"": ""yes"", ""website"": ""https://spitz-restaurant.com/mediterranean-food-downtown-salt-lake-city-restaurant-bar/"", ""website:menu"": ""https://spitz-restaurant.com/spitz-menu/""}",2026-08-10T08:57:15.983839+00:00
node,3952542124,Domino's,fast_food,,pizza,Domino's,Domino's,1156,West 600 North,,Salt Lake City,UT,84116,"1156 West 600 North, Salt Lake City, UT 84116",+1 801-595-0347,https://pizza.dominos.com/utah/salt-lake-city/1156-w-600-n,,Mo-Th 10:00-01:00; Fr-Sa 10:00-02:00; Su 10:00-23:59,yes,yes,no,yes,40.7826499,-111.9244087,,,https://www.openstreetmap.org/node/3952542124,"{""addr:city"": ""Salt Lake City"", ""addr:country"": ""US"", ""addr:floor"": ""1"", ""addr:housenumber"": ""1156"", ""addr:postcode"": ""84116"", ""addr:state"": ""UT"", ""addr:street"": ""West 600 North"", ""amenity"": ""fast_food"", ""brand"": ""Domino's"", ""brand:wikidata"": ""Q839466"", ""check_date"": ""2022-10-24"", ""cuisine"": ""pizza"", ""delivery"": ""yes"", ""drive_through"": ""no"", ""internet_access"": ""no"", ""level"": ""0"", ""name"": ""Domino's"", ""opening_hours"": ""Mo-Th 10:00-01:00; Fr-Sa 10:00-02:00; Su 10:00-23:59"", ""operator"": ""Domino's"", ""outdoor_seating"": ""no"", ""payment:american_express"": ""yes"", ""payment:debit_cards"": ""yes"", ""payment:discover_card"": ""yes"", ""payment:mastercard"": ""yes"", ""payment:visa"": ""yes"", ""payment:visa_debit"": ""yes"", ""phone"": ""+1 801-595-0347"", ""ref"": ""7513"", ""smoking"": ""outside"", ""takeaway"": ""yes"", ""website"": ""https://pizza.dominos.com/utah/salt-lake-city/1156-w-600-n"", ""wheelchair"": ""yes""}",2026-08-10T08:57:15.983839+00:00
node,3998254042,La Barba Coffee,cafe,,,,,9,South Rio Grande Street,,Salt Lake City,UT,84101,"9 South Rio Grande Street, Salt Lake City, UT 84101",,https://labarbacoffee.com,,Mo-Su 08:00-14:00,,,yes,yes,40.7689883,-111.9038560,,,https://www.openstreetmap.org/node/3998254042,"{""addr:city"": ""Salt Lake City"", ""addr:housenumber"": ""9"", ""addr:postcode"": ""84101"", ""addr:state"": ""UT"", ""addr:street"": ""South Rio Grande Street"", ""amenity"": ""cafe"", ""internet_access"": ""wlan"", ""internet_access:fee"": ""no"", ""name"": ""La Barba Coffee"", ""opening_hours"": ""Mo-Su 08:00-14:00"", ""outdoor_seating"": ""yes"", ""website"": ""https://labarbacoffee.com"", ""wheelchair"": ""yes""}",2026-08-10T08:57:15.983839+00:00
node,3998285931,Salt Bistro,restaurant,,,,,,,,,,,,,,,Mo-Sa 10:00-16:00; Su 11:00-17:00,,,,,40.7590512,-111.8849096,,,https://www.openstreetmap.org/node/3998285931,"{""amenity"": ""restaurant"", ""name"": ""Salt Bistro"", ""opening_hours"": ""Mo-Sa 10:00-16:00; Su 11:00-17:00""}",2026-08-10T08:57:15.983839+00:00
node,3998285939,Pizzeria Limone,restaurant,,pizza,,,613,East 400 South,,Salt Lake City,UT,84102,"613 East 400 South, Salt Lake City, UT 84102",+1-801-953-0200,https://pizzerialimone.com/downtown/,,Su 12:00-20:00; Mo-Th 11:00-12:00; Fr-Sa 11:00-22:00,,,,yes,40.7615715,-111.8732540,,,https://www.openstreetmap.org/node/3998285939,"{""addr:city"": ""Salt Lake City"", ""addr:country"": ""US"", ""addr:housenumber"": ""613"", ""addr:postcode"": ""84102"", ""addr:state"": ""UT"", ""addr:street"": ""East 400 South"", ""amenity"": ""restaurant"", ""cuisine"": ""pizza"", ""name"": ""Pizzeria Limone"", ""opening_hours"": ""Su 12:00-20:00; Mo-Th 11:00-12:00; Fr-Sa 11:00-22:00"", ""phone"": ""+1-801-953-0200"", ""website"": ""https://pizzerialimone.com/downtown/"", ""wheelchair"": ""yes""}",2026-08-10T08:57:15.983839+00:00
node,3999759480,Starbucks,cafe,,coffee_shop,Starbucks,,1440,South Foothill Drive,100,Salt Lake City,UT,84108,"1440 South Foothill Drive, 100, Salt Lake City, UT 84108",+1 801-583-2208,https://www.starbucks.com/store-locator/store/1024464/foothill-drive-and-2300-e-1440-s-foothill-dr-ste-100-salt-lake-city-ut-84108,,,yes,,,,40.7388201,-111.8253400,,,https://www.openstreetmap.org/node/3999759480,"{""addr:city"": ""Salt Lake City"", ""addr:housenumber"": ""1440"", ""addr:postcode"": ""84108"", ""addr:state"": ""UT"", ""addr:street"": ""South Foothill Drive"", ""addr:unit"": ""100"", ""amenity"": ""cafe"", ""atm"": ""yes"", ""branch"": ""Foothill Drive and 2300 East"", ""brand"": ""Starbucks"", ""brand:wikidata"": ""Q37158"", ""cuisine"": ""coffee_shop"", ""drive_through"": ""yes"", ""name"": ""Starbucks"", ""official_name"": ""Starbucks Coffee"", ""phone"": ""+1 801-583-2208"", ""ref"": ""1024464"", ""takeaway"": ""yes"", ""website"": ""https://www.starbucks.com/store-locator/store/1024464/foothill-drive-and-2300-e-1440-s-foothill-dr-ste-100-salt-lake-city-ut-84108""}",2026-08-10T08:57:15.983839+00:00
node,4001332189,Jimmy John's,fast_food,,sandwich,Jimmy John's,,675,East 2100 South,,Salt Lake City,UT,84106,"675 East 2100 South, Salt Lake City, UT 84106",+1 801-486-7827,https://locations.jimmyjohns.com/ut/saltlakecity/sandwiches-1685.html,,Mo-Sa 10:30-21:00,yes,,,,40.7260856,-111.8715160,,,https://www.openstreetmap.org/node/4001332189,"{""addr:city"": ""Salt Lake City"", ""addr:country"": ""US"", ""addr:housenumber"": ""675"", ""addr:postcode"": ""84106"", ""addr:state"": ""UT"", ""addr:street"": ""East 2100 South"", ""amenity"": ""fast_food"", ""brand"": ""Jimmy John's"", ""brand:wikidata"": ""Q1689380"", ""cuisine"": ""sandwich"", ""drive_through"": ""no"", ""name"": ""Jimmy John's"", ""official_name"": ""Jimmy John's Gourmet Sandwiches"", ""opening_hours"": ""Mo-Sa 10:30-21:00"", ""opening_hours:url"": ""https://locations.jimmyjohns.com/ut/saltlakecity/sandwiches-1685.html"", ""phone"": ""+1 801-486-7827"", ""takeaway"": ""yes"", ""website"": ""https://locations.jimmyjohns.com/ut/saltlakecity/sandwiches-1685.html""}",2026-08-10T08:57:15.983839+00:00
node,4001332192,Pizza Hut,restaurant,,pizza,Pizza Hut,,731,East 2100 South,,Salt Lake City,UT,84106,"731 East 2100 South, Salt Lake City, UT 84106",,,,,yes,,,,40.7258160,-111.8699270,,,https://www.openstreetmap.org/node/4001332192,"{""addr:city"": ""Salt Lake City"", ""addr:country"": ""US"", ""addr:housenumber"": ""731"", ""addr:postcode"": ""84106"", ""addr:state"": ""UT"", ""addr:street"": ""East 2100 South"", ""amenity"": ""restaurant"", ""brand"": ""Pizza Hut"", ""brand:wikidata"": ""Q191615"", ""cuisine"": ""pizza"", ""name"": ""Pizza Hut"", ""takeaway"": ""yes""}",2026-08-10T08:57:15.983839+00:00
node,4053610591,Port of Subs,fast_food,,sandwich,Port of Subs,,1320,South Swaner Road,,Salt Lake City,UT,84104,"1320 South Swaner Road, Salt Lake City, UT 84104",+1-801-977-3747,https://locations.portofsubs.com/port-of-subs-dfd7a8f68bd5,,Mo-Fr 09:00-16:00; Sa 10:00-14:00; Su off,,,,,40.7406985,-111.9522400,,,https://www.openstreetmap.org/node/4053610591,"{""addr:city"": ""Salt Lake City"", ""addr:housenumber"": ""1320"", ""addr:postcode"": ""84104"", ""addr:state"": ""UT"", ""addr:street"": ""South Swaner Road"", ""amenity"": ""fast_food"", ""brand"": ""Port of Subs"", ""brand:wikidata"": ""Q7231273"", ""cuisine"": ""sandwich"", ""name"": ""Port of Subs"", ""opening_hours"": ""Mo-Fr 09:00-16:00; Sa 10:00-14:00; Su off"", ""phone"": ""+1-801-977-3747"", ""website"": ""https://locations.portofsubs.com/port-of-subs-dfd7a8f68bd5""}",2026-08-10T08:57:15.983839+00:00
node,4053610592,El Rey Del Pollo,restaurant,,mexican,,,1320,South Swaner Road,,Salt Lake City,UT,84104,"1320 South Swaner Road, Salt Lake City, UT 84104",+1-385-253-1165,https://elreydelpollo-mexicanrestaurant.business.site/,,Mo 11:00-20:00; Tu off; We-Su 11:00-20:00,,,,,40.7411120,-111.9522320,,,https://www.openstreetmap.org/node/4053610592,"{""addr:city"": ""Salt Lake City"", ""addr:housenumber"": ""1320"", ""addr:postcode"": ""84104"", ""addr:state"": ""UT"", ""addr:street"": ""South Swaner Road"", ""amenity"": ""restaurant"", ""cuisine"": ""mexican"", ""name"": ""El Rey Del Pollo"", ""opening_hours"": ""Mo 11:00-20:00; Tu off; We-Su 11:00-20:00"", ""phone"": ""+1-385-253-1165"", ""website"": ""https://elreydelpollo-mexicanrestaurant.business.site/""}",2026-08-10T08:57:15.983839+00:00
node,4053610593,Horn of Africa,restaurant,,,,,1320,South Swaner Road,,Salt Lake City,UT,84104,"1320 South Swaner Road, Salt Lake City, UT 84104",+1-801-908-5498,https://somali-restaurant-slc.business.site/,,Su-Tu 09:00-21:00; We off; Th-Sa 09:00-21:00,,,,,40.7408948,-111.9521960,,,https://www.openstreetmap.org/node/4053610593,"{""addr:city"": ""Salt Lake City"", ""addr:housenumber"": ""1320"", ""addr:postcode"": ""84104"", ""addr:state"": ""UT"", ""addr:street"": ""South Swaner Road"", ""amenity"": ""restaurant"", ""name"": ""Horn of Africa"", ""opening_hours"": ""Su-Tu 09:00-21:00; We off; Th-Sa 09:00-21:00"", ""phone"": ""+1-801-908-5498"", ""website"": ""https://somali-restaurant-slc.business.site/""}",2026-08-10T08:57:15.983839+00:00
node,4098253657,Red Lotus Bistro,restaurant,,chinese,,,,,,,,,,,,,Mo-Th 11:00-21:00; Fr 11:00-21:30; Sa 13:00-21:30,,,,,40.7617378,-111.8879110,,,https://www.openstreetmap.org/node/4098253657,"{""amenity"": ""restaurant"", ""cuisine"": ""chinese"", ""name"": ""Red Lotus Bistro"", ""opening_hours"": ""Mo-Th 11:00-21:00; Fr 11:00-21:30; Sa 13:00-21:30""}",2026-08-10T08:57:15.983839+00:00
node,4106682391,The People's Coffee,cafe,,,,,,,,,,,,+1 801-410-4734,,,"Mo-Fr 07:00-19:00; Sa,Su 08:00-19:00",,,yes,,40.7652199,-111.8856682,,,https://www.openstreetmap.org/node/4106682391,"{""amenity"": ""cafe"", ""contact:instagram"": ""https://www.instagram.com/thepeoplescoffeeutah/"", ""contact:phone"": ""+1 801-410-4734"", ""level"": ""0"", ""name"": ""The People's Coffee"", ""opening_hours"": ""Mo-Fr 07:00-19:00; Sa,Su 08:00-19:00"", ""outdoor_seating"": ""yes""}",2026-08-10T08:57:15.983839+00:00
node,4106686590,From The Ground Up Coffee,cafe,,coffee_shop,,,239,East 300 South,,Salt Lake City,UT,84111,"239 East 300 South, Salt Lake City, UT 84111",,,,,,,,,40.7630476,-111.8840649,,,https://www.openstreetmap.org/node/4106686590,"{""addr:city"": ""Salt Lake City"", ""addr:country"": ""US"", ""addr:housenumber"": ""239"", ""addr:postcode"": ""84111"", ""addr:state"": ""UT"", ""addr:street"": ""East 300 South"", ""amenity"": ""cafe"", ""cuisine"": ""coffee_shop"", ""name"": ""From The Ground Up Coffee""}",2026-08-10T08:57:15.983839+00:00
node,4166199161,Hong Kong Teahouse and Restaurant,restaurant,,chinese,,,565,West 200 South,,Salt Lake City,UT,84101,"565 West 200 South, Salt Lake City, UT 84101",,https://hongkongteahouse.yolasite.com/,,Tu-Fr 11:00-20:00; Sa-Su 10:00-20:00,,,,,40.7646897,-111.9074947,,,https://www.openstreetmap.org/node/4166199161,"{""addr:city"": ""Salt Lake City"", ""addr:country"": ""US"", ""addr:housenumber"": ""565"", ""addr:postcode"": ""84101"", ""addr:state"": ""UT"", ""addr:street"": ""West 200 South"", ""amenity"": ""restaurant"", ""cuisine"": ""chinese"", ""name"": ""Hong Kong Teahouse and Restaurant"", ""opening_hours"": ""Tu-Fr 11:00-20:00; Sa-Su 10:00-20:00"", ""website"": ""https://hongkongteahouse.yolasite.com/""}",2026-08-10T08:57:15.983839+00:00
node,4166213014,Drift Lounge and Bar,bar,,,,,,,,,,,,,,,Tu-Th 16:00-23:00; Fr-Sa 16:00-01:00,,,,,40.7538771,-111.9070800,,,https://www.openstreetmap.org/node/4166213014,"{""amenity"": ""bar"", ""contact:twitter"": ""@driftloungeslc"", ""name"": ""Drift Lounge and Bar"", ""opening_hours"": ""Tu-Th 16:00-23:00; Fr-Sa 16:00-01:00"", ""short_name"": ""Drift""}",2026-08-10T08:57:15.983839+00:00
node,4167659584,RubySnap Fresh Cookies,,pastry,,,,770,South 300 West,,Salt Lake City,UT,84101,"770 South 300 West, Salt Lake City, UT 84101",+1 801-834-6111,https://rubysnap.com/,,Mo-Fr 08:00-19:00; Sa 09:00-19:00,,,,,40.7523977,-111.8999780,,,https://www.openstreetmap.org/node/4167659584,"{""addr:city"": ""Salt Lake City"", ""addr:housenumber"": ""770"", ""addr:postcode"": ""84101"", ""addr:state"": ""UT"", ""addr:street"": ""South 300 West"", ""check_date"": ""2026-02-07"", ""contact:facebook"": ""https://www.facebook.com/people/RubySnap/100061304030687/"", ""diet:vegetarian"": ""yes"", ""name"": ""RubySnap Fresh Cookies"", ""opening_hours"": ""Mo-Fr 08:00-19:00; Sa 09:00-19:00"", ""phone"": ""+1 801-834-6111"", ""shop"": ""pastry"", ""website"": ""https://rubysnap.com/""}",2026-08-10T08:57:15.983839+00:00
node,4167725356,Salt Egg City,restaurant,,sandwich,,,1391,South 300 West,,Salt Lake City,UT,84115,"1391 South 300 West, Salt Lake City, UT 84115",+1 385-301-1038,https://salteggcity.com/,,Mo-Su 07:00-14:00,,,,,40.7395198,-111.8992539,,,https://www.openstreetmap.org/node/4167725356,"{""addr:city"": ""Salt Lake City"", ""addr:housenumber"": ""1391"", ""addr:postcode"": ""84115"", ""addr:state"": ""UT"", ""addr:street"": ""South 300 West"", ""amenity"": ""restaurant"", ""check_date"": ""2025-06-03"", ""cuisine"": ""sandwich"", ""diet:vegan"": ""no"", ""diet:vegetarian"": ""limited"", ""name"": ""Salt Egg City"", ""opening_hours"": ""Mo-Su 07:00-14:00"", ""phone"": ""+1 385-301-1038"", ""website"": ""https://salteggcity.com/""}",2026-08-10T08:57:15.983839+00:00
node,4167725357,My Thai Asian Cuisine,restaurant,,,,,,,,,,,,,,,,,,,yes,40.7387322,-111.8993715,,,https://www.openstreetmap.org/node/4167725357,"{""amenity"": ""restaurant"", ""name"": ""My Thai Asian Cuisine"", ""wheelchair"": ""yes""}",2026-08-10T08:57:15.983839+00:00
node,4167725387,Yoimi Sushi & Hibachi,restaurant,,japanese,,,1280,South 300 West,,,,,1280 South 300 West,+1 208-346-1953,https://yoimisaltlakecity.com,,"Su-Th 11:00-14:30, 16:00-21:00; Fr 11:00-14:30, 16:00-22:00; Sa 11:00-22:00",,,,,40.7419920,-111.8999300,,,https://www.openstreetmap.org/node/4167725387,"{""addr:housenumber"": ""1280"", ""addr:street"": ""South 300 West"", ""amenity"": ""restaurant"", ""cuisine"": ""japanese"", ""name"": ""Yoimi Sushi & Hibachi"", ""opening_hours"": ""Su-Th 11:00-14:30, 16:00-21:00; Fr 11:00-14:30, 16:00-22:00; Sa 11:00-22:00"", ""phone"": ""+1 208-346-1953"", ""website"": ""https://yoimisaltlakecity.com""}",2026-08-10T08:57:15.983839+00:00
node,4217519788,Subway,fast_food,,sandwich,Subway,,1240,South Redwood Road,,Salt Lake City,UT,84104,"1240 South Redwood Road, Salt Lake City, UT 84104",+1 801-886-9092,https://restaurants.subway.com/united-states/ut/salt-lake-city/1240-s-redwood-rd,,Mo-Sa 08:00-22:00; Su 10:00-21:00,yes,,,,40.7427346,-111.9398388,,,https://www.openstreetmap.org/node/4217519788,"{""addr:city"": ""Salt Lake City"", ""addr:housenumber"": ""1240"", ""addr:postcode"": ""84104"", ""addr:state"": ""UT"", ""addr:street"": ""South Redwood Road"", ""amenity"": ""fast_food"", ""brand"": ""Subway"", ""brand:wikidata"": ""Q244457"", ""cuisine"": ""sandwich"", ""name"": ""Subway"", ""opening_hours"": ""Mo-Sa 08:00-22:00; Su 10:00-21:00"", ""phone"": ""+1 801-886-9092"", ""takeaway"": ""yes"", ""website"": ""https://restaurants.subway.com/united-states/ut/salt-lake-city/1240-s-redwood-rd""}",2026-08-10T08:57:15.983839+00:00
node,4217519789,La Hacienda,restaurant,,mexican,,,,,,,,,,,,,,,,,,40.7423512,-111.9398072,,,https://www.openstreetmap.org/node/4217519789,"{""amenity"": ""restaurant"", ""cuisine"": ""mexican"", ""name"": ""La Hacienda""}",2026-08-10T08:57:15.983839+00:00
node,4217519790,China Village,restaurant,,chinese,,,1234,South Redwood Road,,Salt Lake City,,84104,"1234 South Redwood Road, Salt Lake City, 84104",+1 801-908-5197,https://chinavillagesaltlake.com/,,Mo-Th 11:00-21:00;Fr 11:00-21:30;Sa 12:00-20:00;Su off,,,,,40.7429602,-111.9398207,,,https://www.openstreetmap.org/node/4217519790,"{""addr:city"": ""Salt Lake City"", ""addr:housenumber"": ""1234"", ""addr:postcode"": ""84104"", ""addr:street"": ""South Redwood Road"", ""amenity"": ""restaurant"", ""check_date"": ""2023-07-28"", ""contact:phone"": ""+1 801-908-5197"", ""contact:website"": ""https://chinavillagesaltlake.com/"", ""cuisine"": ""chinese"", ""name"": ""China Village"", ""opening_hours"": ""Mo-Th 11:00-21:00;Fr 11:00-21:30;Sa 12:00-20:00;Su off""}",2026-08-10T08:57:15.983839+00:00
node,4217612870,Burger King,fast_food,,burger,Burger King,,2104,South Redwood Road,,Salt Lake City,UT,84119-1320,"2104 South Redwood Road, Salt Lake City, UT 84119-1320",+1 801-972-4957,https://www.bk.com/store-locator/store/restaurant_5954,,Mo-Sa 06:00-23:00; Su 07:00-21:00,yes,yes,,,40.7255853,-111.9394937,,,https://www.openstreetmap.org/node/4217612870,"{""addr:city"": ""Salt Lake City"", ""addr:housenumber"": ""2104"", ""addr:postcode"": ""84119-1320"", ""addr:state"": ""UT"", ""addr:street"": ""South Redwood Road"", ""amenity"": ""fast_food"", ""brand"": ""Burger King"", ""brand:wikidata"": ""Q177054"", ""cuisine"": ""burger"", ""delivery"": ""yes"", ""drive_through"": ""yes"", ""internet_access"": ""wlan"", ""name"": ""Burger King"", ""opening_hours"": ""Mo-Sa 06:00-23:00; Su 07:00-21:00"", ""phone"": ""+1 801-972-4957"", ""ref"": ""10521"", ""takeaway"": ""yes"", ""website"": ""https://www.bk.com/store-locator/store/restaurant_5954""}",2026-08-10T08:57:15.983839+00:00
node,4244705547,La Cevichería,restaurant,,mexican,,,,,,,,,,+1 801-906-0016,,,,,,,,40.7652501,-111.8872670,,,https://www.openstreetmap.org/node/4244705547,"{""amenity"": ""restaurant"", ""contact:phone"": ""+1 801-906-0016"", ""cuisine"": ""mexican"", ""diet:vegetarian"": ""limited"", ""name"": ""La Cevichería""}",2026-08-10T08:57:15.983839+00:00
node,4301396182,Argentina's Best Empanadas,restaurant,,,,,357,South 200 East,,Salt Lake City,UT,84111,"357 South 200 East, Salt Lake City, UT 84111",+1-801-548-8194,https://www.argentinasbestslc.com/,empanadas@argentinasbestslc.com,Mo-Sa 10:00-14:00,,,,,40.7612105,-111.8850320,,,https://www.openstreetmap.org/node/4301396182,"{""addr:city"": ""Salt Lake City"", ""addr:housenumber"": ""357"", ""addr:postcode"": ""84111"", ""addr:state"": ""UT"", ""addr:street"": ""South 200 East"", ""amenity"": ""restaurant"", ""email"": ""empanadas@argentinasbestslc.com"", ""name"": ""Argentina's Best Empanadas"", ""opening_hours"": ""Mo-Sa 10:00-14:00"", ""phone"": ""+1-801-548-8194"", ""website"": ""https://www.argentinasbestslc.com/""}",2026-08-10T08:57:15.983839+00:00
node,4303251889,Taqueria 27,restaurant,,mexican,,,,,,,,,,+1 385-259-0940,https://www.taqueria27.com/,,Su-Th 11:30-20:30; Fr-Sa 11:30-21:30,,,,,40.7652306,-111.8864849,,,https://www.openstreetmap.org/node/4303251889,"{""amenity"": ""restaurant"", ""check_date"": ""2023-07-28"", ""contact:phone"": ""+1 385-259-0940"", ""contact:website"": ""https://www.taqueria27.com/"", ""cuisine"": ""mexican"", ""name"": ""Taqueria 27"", ""opening_hours"": ""Su-Th 11:30-20:30; Fr-Sa 11:30-21:30""}",2026-08-10T08:57:15.983839+00:00
node,4303251890,Repeal,bar,,,,,19,East 200 South,,Salt Lake City,UT,,"19 East 200 South, Salt Lake City, UT",,https://repealutah.com,,,,,,,40.7652561,-111.8904630,,,https://www.openstreetmap.org/node/4303251890,"{""addr:city"": ""Salt Lake City"", ""addr:housenumber"": ""19"", ""addr:state"": ""UT"", ""addr:street"": ""East 200 South"", ""amenity"": ""bar"", ""level"": ""-1"", ""min_age"": ""21"", ""name"": ""Repeal"", ""start_date"": ""2025-04-29"", ""website"": ""https://repealutah.com""}",2026-08-10T08:57:15.983839+00:00
node,4303251892,SLC Pub,bar,,,,,69,East Gallivan Avenue,,Salt Lake City,UT,,"69 East Gallivan Avenue, Salt Lake City, UT",,,,,,,yes,,40.7637957,-111.8893335,,,https://www.openstreetmap.org/node/4303251892,"{""addr:city"": ""Salt Lake City"", ""addr:housenumber"": ""69"", ""addr:state"": ""UT"", ""addr:street"": ""East Gallivan Avenue"", ""amenity"": ""bar"", ""contact:instagram"": ""https://www.instagram.com/slcpub/"", ""description"": ""\""Movie bar.\"""", ""name"": ""SLC Pub"", ""outdoor_seating"": ""yes"", ""start_date"": ""2025-08""}",2026-08-10T08:57:15.983839+00:00
node,4303273724,P.F. Chang's,restaurant,,asian,P.F. Chang's,,,,,,,,,+1 801-539-0500,https://www.pfchangs.com/locations/us/ut/salt-lake-city/174-west-300-south/6000-salt-lake-city.html,,Mo-Su 11:00-22:00,,,yes,yes,40.7630892,-111.8964280,,,https://www.openstreetmap.org/node/4303273724,"{""amenity"": ""restaurant"", ""brand"": ""P.F. Chang's"", ""brand:wikidata"": ""Q5360181"", ""cuisine"": ""asian"", ""name"": ""P.F. Chang's"", ""official_name"": ""P.F. Chang's China Bistro"", ""opening_hours"": ""Mo-Su 11:00-22:00"", ""outdoor_seating"": ""yes"", ""phone"": ""+1 801-539-0500"", ""website"": ""https://www.pfchangs.com/locations/us/ut/salt-lake-city/174-west-300-south/6000-salt-lake-city.html"", ""wheelchair"": ""yes""}",2026-08-10T08:57:15.983839+00:00
node,4303273725,Zest Kitchen & Bar,restaurant,,,,,275,South 200 West,,Salt Lake City,UT,84101,"275 South 200 West, Salt Lake City, UT 84101",+1 801-433-0589,https://www.zestslc.com/,,"Mo-Th 11:00-22:00, Fr 11:00-23:00, Sa 10:00-23:00, Su 10:00-21:00",,,yes,yes,40.7632846,-111.8965380,,,https://www.openstreetmap.org/node/4303273725,"{""addr:city"": ""Salt Lake City"", ""addr:housenumber"": ""275"", ""addr:postcode"": ""84101"", ""addr:state"": ""UT"", ""addr:street"": ""South 200 West"", ""amenity"": ""restaurant"", ""description"": ""Upscale all-vegan and gluten-free cuisine."", ""diet:gluten_free"": ""only"", ""diet:vegan"": ""yes"", ""diet:vegetarian"": ""only"", ""indoor_seating"": ""yes"", ""name"": ""Zest Kitchen & Bar"", ""opening_hours"": ""Mo-Th 11:00-22:00, Fr 11:00-23:00, Sa 10:00-23:00, Su 10:00-21:00"", ""outdoor_seating"": ""yes"", ""phone"": ""+1 801-433-0589"", ""website"": ""https://www.zestslc.com/"", ""wheelchair"": ""yes""}",2026-08-10T08:57:15.983839+00:00
node,4303273726,Free Wheeler Pizza,restaurant,,pizza,,,,,,,,,,,,,,,,,yes,40.7658632,-111.8800309,,,https://www.openstreetmap.org/node/4303273726,"{""amenity"": ""restaurant"", ""cuisine"": ""pizza"", ""name"": ""Free Wheeler Pizza"", ""wheelchair"": ""yes""}",2026-08-10T08:57:15.983839+00:00
node,4303273727,Oasis Cafe,restaurant,,breakfast;lunch;brunch;coffee_shop;dinner;salad;fish;soup,,,151,South 500 East,,Salt Lake City,UT,84102,"151 South 500 East, Salt Lake City, UT 84102",+1 801-322-0404,https://oasiscafeslc.com,,Mo-Su 08:00-21:00,,,yes,,40.7659274,-111.8763607,,,https://www.openstreetmap.org/node/4303273727,"{""addr:city"": ""Salt Lake City"", ""addr:housenumber"": ""151"", ""addr:postcode"": ""84102"", ""addr:state"": ""UT"", ""addr:street"": ""South 500 East"", ""amenity"": ""restaurant"", ""contact:facebook"": ""oasiscafeslc"", ""contact:instagram"": ""oasiscafeslc"", ""contact:yelp"": ""https://www.yelp.com/biz/oasis-cafe-salt-lake-city"", ""cuisine"": ""breakfast;lunch;brunch;coffee_shop;dinner;salad;fish;soup"", ""level"": ""0"", ""name"": ""Oasis Cafe"", ""opening_hours"": ""Mo-Su 08:00-21:00"", ""outdoor_seating"": ""yes"", ""phone"": ""+1 801-322-0404"", ""website"": ""https://oasiscafeslc.com""}",2026-08-10T08:57:15.983839+00:00
node,4303273732,Hamachi,restaurant,,sushi,,,,,,,,84111,84111,+1 801-359-2092,https://hamachisushibar.com/,Admin@hamachisushibar.com,Mo-Th 16:00-21:30; Fr-Su 12:00-21:30,,,,,40.7668333,-111.8772835,,,https://www.openstreetmap.org/node/4303273732,"{""addr:postcode"": ""84111"", ""amenity"": ""restaurant"", ""contact:facebook"": ""hamachisushiut"", ""contact:instagram"": ""hamachislc"", ""cuisine"": ""sushi"", ""email"": ""Admin@hamachisushibar.com"", ""name"": ""Hamachi"", ""opening_hours"": ""Mo-Th 16:00-21:30; Fr-Su 12:00-21:30"", ""phone"": ""+1 801-359-2092"", ""website"": ""https://hamachisushibar.com/"", ""website:menu"": ""https://hamachisushibar.com/menu/""}",2026-08-10T08:57:15.983839+00:00
node,4303282416,Mrs. Backer's Pastry Shop,,bakery,,,,434,East South Temple,,Salt Lake City,UT,84111,"434 East South Temple, Salt Lake City, UT 84111",+1 801-532-2022,https://www.mrsbackers.com/,,,,,,no,40.7691076,-111.8783358,,,https://www.openstreetmap.org/node/4303282416,"{""addr:city"": ""Salt Lake City"", ""addr:housenumber"": ""434"", ""addr:postcode"": ""84111"", ""addr:state"": ""UT"", ""addr:street"": ""East South Temple"", ""check_date"": ""2025-06-02"", ""contact:facebook"": ""https://www.facebook.com/MrsBackers/"", ""name"": ""Mrs. Backer's Pastry Shop"", ""phone"": ""+1 801-532-2022"", ""shop"": ""bakery"", ""start_date"": ""1941"", ""website"": ""https://www.mrsbackers.com/"", ""wheelchair"": ""no""}",2026-08-10T08:57:15.983839+00:00
node,4311777195,The Glowbal Bite,restaurant,,american,,,200,North Admiral Byrd Road,,Salt Lake City,UT,84116,"200 North Admiral Byrd Road, Salt Lake City, UT 84116",+1-801-746-5157,https://the-glowbal-bite.business.site/,,"Mo-Su 06:30-09:30,17:00-22:30",,,,,40.7725544,-112.0217250,,,https://www.openstreetmap.org/node/4311777195,"{""addr:city"": ""Salt Lake City"", ""addr:housenumber"": ""200"", ""addr:postcode"": ""84116"", ""addr:state"": ""UT"", ""addr:street"": ""North Admiral Byrd Road"", ""air_conditioning"": ""yes"", ""amenity"": ""restaurant"", ""brewery"": ""yes"", ""cuisine"": ""american"", ""name"": ""The Glowbal Bite"", ""opening_hours"": ""Mo-Su 06:30-09:30,17:00-22:30"", ""phone"": ""+1-801-746-5157"", ""smoking"": ""no"", ""website"": ""https://the-glowbal-bite.business.site/""}",2026-08-10T08:57:15.983839+00:00
node,4311787879,Salt Stone,restaurant,,,,,,,,,,,,+1 801-537-6019,https://www.marriott.com/en-us/hotels/slcut-salt-lake-marriott-downtown-at-city-creek/dining/,,,,,,,40.7677152,-111.8928980,,,https://www.openstreetmap.org/node/4311787879,"{""amenity"": ""restaurant"", ""name"": ""Salt Stone"", ""phone"": ""+1 801-537-6019"", ""website"": ""https://www.marriott.com/en-us/hotels/slcut-salt-lake-marriott-downtown-at-city-creek/dining/""}",2026-08-10T08:57:15.983839+00:00
node,4311805330,Perkins,restaurant,,american,Perkins,,230,North Admiral Byrd Road,,Salt Lake City,UT,84116,"230 North Admiral Byrd Road, Salt Lake City, UT 84116",+1-801-355-4488,https://stores.perkinsrestaurants.com/us/ut/salt-lake-city/230-north-admiral-byrd-rd.html,,Mo-Su 06:00-22:00,,,,yes,40.7733548,-112.0218170,,,https://www.openstreetmap.org/node/4311805330,"{""addr:city"": ""Salt Lake City"", ""addr:housenumber"": ""230"", ""addr:postcode"": ""84116"", ""addr:state"": ""UT"", ""addr:street"": ""North Admiral Byrd Road"", ""air_conditioning"": ""yes"", ""amenity"": ""restaurant"", ""brand"": ""Perkins"", ""brand:wikidata"": ""Q7169056"", ""cuisine"": ""american"", ""internet_access"": ""wlan"", ""name"": ""Perkins"", ""official_name"": ""Perkins Restaurant and Bakery"", ""opening_hours"": ""Mo-Su 06:00-22:00"", ""phone"": ""+1-801-355-4488"", ""smoking"": ""no"", ""website"": ""https://stores.perkinsrestaurants.com/us/ut/salt-lake-city/230-north-admiral-byrd-rd.html"", ""wheelchair"": ""yes""}",2026-08-10T08:57:15.983839+00:00
node,4311805397,The Coffee Shop,restaurant,,,,,500,South Main Street,,Salt Lake City,UT,84111,"500 South Main Street, Salt Lake City, UT 84111",+1-801-596-5711,https://saltlake.littleamerica.com/dining/the-coffee-shop/,,Mo-Fr 06:00-23:00; Sa-Su 06:00-22:00,,,,yes,40.7578937,-111.8915630,,,https://www.openstreetmap.org/node/4311805397,"{""addr:city"": ""Salt Lake City"", ""addr:housenumber"": ""500"", ""addr:postcode"": ""84111"", ""addr:state"": ""UT"", ""addr:street"": ""South Main Street"", ""amenity"": ""restaurant"", ""check_date"": ""2024-06-08"", ""description"": ""Name notwithstanding, The Coffee Shop is in fact a full-service restaurant."", ""name"": ""The Coffee Shop"", ""opening_hours"": ""Mo-Fr 06:00-23:00; Sa-Su 06:00-22:00"", ""payment:cash"": ""yes"", ""payment:credit_cards"": ""yes"", ""payment:debit_cards"": ""yes"", ""phone"": ""+1-801-596-5711"", ""website"": ""https://saltlake.littleamerica.com/dining/the-coffee-shop/"", ""wheelchair"": ""yes""}",2026-08-10T08:57:15.983839+00:00
node,4311815199,Central,restaurant,,indian,,,454,East 300 South,,Salt Lake City,UT,84111,"454 East 300 South, Salt Lake City, UT 84111",+1 385-267-1949,https://centralbysaffronvalley.com/,,"Tu-Fr 11:00-14:30, 17:00-22:00; Sa 11:00-15:30, 17:00-22:00; Su 11:00-15:30, 17:00-21:00",,,,yes,40.7625441,-111.8778550,,,https://www.openstreetmap.org/node/4311815199,"{""addr:city"": ""Salt Lake City"", ""addr:housenumber"": ""454"", ""addr:postcode"": ""84111"", ""addr:state"": ""UT"", ""addr:street"": ""East 300 South"", ""addr:street:prefix"": ""East"", ""amenity"": ""restaurant"", ""cuisine"": ""indian"", ""full_name"": ""Central by Saffron"", ""name"": ""Central"", ""opening_hours"": ""Tu-Fr 11:00-14:30, 17:00-22:00; Sa 11:00-15:30, 17:00-22:00; Su 11:00-15:30, 17:00-21:00"", ""phone"": ""+1 385-267-1949"", ""start_date"": ""2025-09-17"", ""website"": ""https://centralbysaffronvalley.com/"", ""wheelchair"": ""yes""}",2026-08-10T08:57:15.983839+00:00
node,4311815210,Stephen's American Bistro,restaurant,,,,,,,,,,,,,https://www.hilton.com/en/hotels/slcwsdt-doubletree-suites-salt-lake-city-downtown/dining/,,Mo-Su 15:00-22:00,,,,,40.7567909,-111.8944800,,,https://www.openstreetmap.org/node/4311815210,"{""amenity"": ""restaurant"", ""check_date"": ""2023-03-24"", ""name"": ""Stephen's American Bistro"", ""opening_hours"": ""Mo-Su 15:00-22:00"", ""website"": ""https://www.hilton.com/en/hotels/slcwsdt-doubletree-suites-salt-lake-city-downtown/dining/""}",2026-08-10T08:57:15.983839+00:00
node,4311820334,Trofi,restaurant,,,,,,,,,,,,,,,,,,yes,,40.7639199,-111.8931764,,,https://www.openstreetmap.org/node/4311820334,"{""amenity"": ""restaurant"", ""name"": ""Trofi"", ""outdoor_seating"": ""yes""}",2026-08-10T08:57:15.983839+00:00
node,4346402131,Panda Express,fast_food,,chinese,Panda Express,,1126,East 2100 South,,Salt Lake City,UT,84106,"1126 East 2100 South, Salt Lake City, UT 84106",+1 801-467-7001,https://www.pandaexpress.com/locations/ut/salt-lake-city/522,,"Mo-Th 10:30-22:00, Fr,Sa 10:30-22:30, Su 11:00-21:00",yes,,,,40.7246274,-111.8585880,,,https://www.openstreetmap.org/node/4346402131,"{""addr:city"": ""Salt Lake City"", ""addr:country"": ""US"", ""addr:housenumber"": ""1126"", ""addr:postcode"": ""84106"", ""addr:state"": ""UT"", ""addr:street"": ""East 2100 South"", ""amenity"": ""fast_food"", ""branch"": ""East 2100 South & Highland"", ""brand"": ""Panda Express"", ""brand:wikidata"": ""Q1358690"", ""cuisine"": ""chinese"", ""name"": ""Panda Express"", ""opening_hours"": ""Mo-Th 10:30-22:00, Fr,Sa 10:30-22:30, Su 11:00-21:00"", ""phone"": ""+1 801-467-7001"", ""takeaway"": ""yes"", ""website"": ""https://www.pandaexpress.com/locations/ut/salt-lake-city/522""}",2026-08-10T08:57:15.983839+00:00
node,4362041293,Starbucks,cafe,,coffee_shop,Starbucks,,255,South West Temple,,,,,255 South West Temple,,,,,yes,,,,40.7638156,-111.8935597,,,https://www.openstreetmap.org/node/4362041293,"{""addr:housenumber"": ""255"", ""addr:street"": ""South West Temple"", ""amenity"": ""cafe"", ""brand"": ""Starbucks"", ""brand:wikidata"": ""Q37158"", ""cuisine"": ""coffee_shop"", ""name"": ""Starbucks"", ""name:en"": ""Starbucks"", ""official_name"": ""Starbucks Coffee"", ""takeaway"": ""yes""}",2026-08-10T08:57:15.983839+00:00
node,4374664447,Knickerbockers Deli,cafe,,sandwich,,,,,200,,,,200,+1 801-583-8854,,,Mo-Fr 08:00-15:00,yes,,,,40.7589873,-111.8282500,,,https://www.openstreetmap.org/node/4374664447,"{""addr:unit"": ""200"", ""amenity"": ""cafe"", ""cuisine"": ""sandwich"", ""level"": ""1"", ""name"": ""Knickerbockers Deli"", ""opening_hours"": ""Mo-Fr 08:00-15:00"", ""phone"": ""+1 801-583-8854"", ""takeaway"": ""yes""}",2026-08-10T08:57:15.983839+00:00
node,4374905555,Nona Bistro,restaurant,,,,,,,,,,,,,,,,,,,,40.7495348,-111.8810018,,,https://www.openstreetmap.org/node/4374905555,"{""amenity"": ""restaurant"", ""name"": ""Nona Bistro""}",2026-08-10T08:57:15.983839+00:00
node,4374905559,Atomic Biscuit,restaurant,,,,,401,East 900 South,,Salt Lake City,UT,,"401 East 900 South, Salt Lake City, UT",,,,Mo-Fr 08:00-14:00; Sa-Su 08:00-15:00,,,yes,yes,40.7499991,-111.8793705,,,https://www.openstreetmap.org/node/4374905559,"{""addr:city"": ""Salt Lake City"", ""addr:housenumber"": ""401"", ""addr:state"": ""UT"", ""addr:street"": ""East 900 South"", ""amenity"": ""restaurant"", ""diet:vegetarian"": ""yes"", ""lgbtq"": ""welcome"", ""name"": ""Atomic Biscuit"", ""opening_hours"": ""Mo-Fr 08:00-14:00; Sa-Su 08:00-15:00"", ""outdoor_seating"": ""yes"", ""payment:cash"": ""no"", ""wheelchair"": ""yes""}",2026-08-10T08:57:15.983839+00:00
node,4374905561,Tea Grotto,,tea,,,,401,East 900 South,,Salt Lake City,UT,84111,"401 East 900 South, Salt Lake City, UT 84111",+1-801-466-8255,https://www.teagrotto.com/,,Mo-Sa 10:00-19:00; Su 10:00-18:00,,,,,40.7499727,-111.8792740,,,https://www.openstreetmap.org/node/4374905561,"{""addr:city"": ""Salt Lake City"", ""addr:housenumber"": ""401"", ""addr:postcode"": ""84111"", ""addr:state"": ""UT"", ""addr:street"": ""East 900 South"", ""name"": ""Tea Grotto"", ""opening_hours"": ""Mo-Sa 10:00-19:00; Su 10:00-18:00"", ""phone"": ""+1-801-466-8255"", ""shop"": ""tea"", ""website"": ""https://www.teagrotto.com/""}",2026-08-10T08:57:15.983839+00:00
node,4467046618,Patrick's Pub,pub,,,,,163,West 200 South,,Salt Lake City,UT,84101,"163 West 200 South, Salt Lake City, UT 84101",,,,"Mo-Th 15:00-23:00; Fr,Sa 00:00-01:00; Su 14:00-22:00",,,,no,40.7648007,-111.8960340,,,https://www.openstreetmap.org/node/4467046618,"{""addr:city"": ""Salt Lake City"", ""addr:housenumber"": ""163"", ""addr:postcode"": ""84101"", ""addr:state"": ""UT"", ""addr:street"": ""West 200 South"", ""amenity"": ""pub"", ""name"": ""Patrick's Pub"", ""opening_hours"": ""Mo-Th 15:00-23:00; Fr,Sa 00:00-01:00; Su 14:00-22:00"", ""wheelchair"": ""no""}",2026-08-10T08:57:15.983839+00:00
node,4469116904,Salt Lake Coffee Break,cafe,,,,,430,East 400 South,,Salt Lake City,UT,84111,"430 East 400 South, Salt Lake City, UT 84111",,,,"Su-Th 07:00-02:00; Fr,Sa 07:00-03:00",,,yes,,40.7603594,-111.8784990,,,https://www.openstreetmap.org/node/4469116904,"{""addr:city"": ""Salt Lake City"", ""addr:country"": ""US"", ""addr:housenumber"": ""430"", ""addr:postcode"": ""84111"", ""addr:state"": ""UT"", ""addr:street"": ""East 400 South"", ""amenity"": ""cafe"", ""check_date"": ""2024-06-09"", ""name"": ""Salt Lake Coffee Break"", ""opening_hours"": ""Su-Th 07:00-02:00; Fr,Sa 07:00-03:00"", ""outdoor_seating"": ""yes""}",2026-08-10T08:57:15.983839+00:00
node,4479522695,Little Caesars,fast_food,,pizza,Little Caesars,,805,South 900 West,,Salt Lake City,UT,84104,"805 South 900 West, Salt Lake City, UT 84104",+1-801-363-2400,https://littlecaesars.com/en-us/store/734,,Mo-Th 10:00-22:00; Fr-Sa 10:00-23:00; Su 11:00-22:00,yes,,,,40.7516735,-111.9163022,,,https://www.openstreetmap.org/node/4479522695,"{""addr:city"": ""Salt Lake City"", ""addr:housenumber"": ""805"", ""addr:postcode"": ""84104"", ""addr:state"": ""UT"", ""addr:street"": ""South 900 West"", ""amenity"": ""fast_food"", ""brand"": ""Little Caesars"", ""brand:wikidata"": ""Q1393809"", ""cuisine"": ""pizza"", ""drive_through"": ""no"", ""name"": ""Little Caesars"", ""opening_hours"": ""Mo-Th 10:00-22:00; Fr-Sa 10:00-23:00; Su 11:00-22:00"", ""phone"": ""+1-801-363-2400"", ""takeaway"": ""yes"", ""website"": ""https://littlecaesars.com/en-us/store/734""}",2026-08-10T08:57:15.983839+00:00
node,4497644389,Proper Brewing Company,pub,,,,,857,South Main Street,,Salt Lake City,UT,84111,"857 South Main Street, Salt Lake City, UT 84111",+1-801-953-1707,https://properbrewingco.com/locations/proper-brewing-downtown/,,Su-Th 12:00-23:00; Fr-Sa 12:00-25:00,,,,,40.7505505,-111.8906740,,,https://www.openstreetmap.org/node/4497644389,"{""addr:city"": ""Salt Lake City"", ""addr:housenumber"": ""857"", ""addr:postcode"": ""84111"", ""addr:state"": ""UT"", ""addr:street"": ""South Main Street"", ""amenity"": ""pub"", ""name"": ""Proper Brewing Company"", ""opening_hours"": ""Su-Th 12:00-23:00; Fr-Sa 12:00-25:00"", ""phone"": ""+1-801-953-1707"", ""website"": ""https://properbrewingco.com/locations/proper-brewing-downtown/"", ""website:menu"": ""https://properbrewingco.com/locations/proper-brewing-downtown/menu/""}",2026-08-10T08:57:15.983839+00:00
node,4497644489,V Chocolates,,confectionery,,,,850,South Main Street,,Salt Lake City,UT,84101,"850 South Main Street, Salt Lake City, UT 84101",+1-801-269-8444,https://vchocolates.com/,,,,,,,40.7506885,-111.8913921,,,https://www.openstreetmap.org/node/4497644489,"{""addr:city"": ""Salt Lake City"", ""addr:housenumber"": ""850"", ""addr:postcode"": ""84101"", ""addr:state"": ""UT"", ""addr:street"": ""South Main Street"", ""name"": ""V Chocolates"", ""opening_hours:signed"": ""no"", ""phone"": ""+1-801-269-8444"", ""shop"": ""confectionery"", ""website"": ""https://vchocolates.com/""}",2026-08-10T08:57:15.983839+00:00
node,4514166089,Felt Bar & Eatery,bar,,,,,341,South Main Street,,Salt Lake City,UT,84111,"341 South Main Street, Salt Lake City, UT 84111",,https://feltslc.com,,,,,,,40.7618114,-111.8907812,,,https://www.openstreetmap.org/node/4514166089,"{""addr:city"": ""Salt Lake City"", ""addr:country"": ""US"", ""addr:housenumber"": ""341"", ""addr:postcode"": ""84111"", ""addr:state"": ""UT"", ""addr:street"": ""South Main Street"", ""amenity"": ""bar"", ""level"": ""0"", ""min_age"": ""21"", ""name"": ""Felt Bar & Eatery"", ""website"": ""https://feltslc.com""}",2026-08-10T08:57:15.983839+00:00
node,4519677587,Beto's Mexican Food,fast_food,,mexican,,,435,East 400 South,,Salt Lake City,UT,84111,"435 East 400 South, Salt Lake City, UT 84111",,,,,yes,,yes,,40.7609399,-111.8784830,,,https://www.openstreetmap.org/node/4519677587,"{""addr:city"": ""Salt Lake City"", ""addr:housenumber"": ""435"", ""addr:postcode"": ""84111"", ""addr:state"": ""UT"", ""addr:street"": ""East 400 South"", ""air_conditioning"": ""yes"", ""amenity"": ""fast_food"", ""check_date"": ""2024-06-09"", ""cuisine"": ""mexican"", ""diet:vegetarian"": ""yes"", ""drive_through"": ""yes"", ""name"": ""Beto's Mexican Food"", ""outdoor_seating"": ""yes"", ""source"": ""survey"", ""takeaway"": ""yes""}",2026-08-10T08:57:15.983839+00:00
node,4534726847,Chile-Tepin,restaurant,,mexican,,,307,West 200 South,,Salt Lake City,UT,84101,"307 West 200 South, Salt Lake City, UT 84101",+1-801-883-9255,https://www.chile-tepin.com/home,,"Tu-Th 11:30-21:00; Fr,Sa 11:30-22:00",,,,no,40.7647725,-111.9000420,,,https://www.openstreetmap.org/node/4534726847,"{""addr:city"": ""Salt Lake City"", ""addr:housenumber"": ""307"", ""addr:postcode"": ""84101"", ""addr:state"": ""UT"", ""addr:street"": ""West 200 South"", ""amenity"": ""restaurant"", ""cuisine"": ""mexican"", ""diet:vegetarian"": ""yes"", ""name"": ""Chile-Tepin"", ""opening_hours"": ""Tu-Th 11:30-21:00; Fr,Sa 11:30-22:00"", ""phone"": ""+1-801-883-9255"", ""website"": ""https://www.chile-tepin.com/home"", ""wheelchair"": ""no""}",2026-08-10T08:57:15.983839+00:00
node,4534772482,Beast from the East,restaurant,,sandwich,,,1702,South Main Street,,Salt Lake City,UT,84115,"1702 South Main Street, Salt Lake City, UT 84115",,https://beastfromtheeastsandwichery.com,,"Tu-Th 12:00-20:00 ""or sold out""; Fr-Sa 12:00-22:00 ""or sold out""; Su 12:00-20:00 ""or sold out""; Mo off",,,no,,40.7333581,-111.8914860,,,https://www.openstreetmap.org/node/4534772482,"{""addr:city"": ""Salt Lake City"", ""addr:housenumber"": ""1702"", ""addr:postcode"": ""84115"", ""addr:state"": ""UT"", ""addr:street"": ""South Main Street"", ""addr:street:prefix"": ""South"", ""amenity"": ""restaurant"", ""contact:instagram"": ""@beastfromtheeast_subs"", ""cuisine"": ""sandwich"", ""diet:gluten_free"": ""no"", ""diet:halal"": ""no"", ""diet:vegetarian"": ""limited"", ""drive_through"": ""no"", ""full_name"": ""Beast from the East Sandwichery"", ""name"": ""Beast from the East"", ""opening_hours"": ""Tu-Th 12:00-20:00 \""or sold out\""; Fr-Sa 12:00-22:00 \""or sold out\""; Su 12:00-20:00 \""or sold out\""; Mo off"", ""outdoor_seating"": ""no"", ""start_date"": ""2025-11-22"", ""website"": ""https://beastfromtheeastsandwichery.com""}",2026-08-10T08:57:15.983839+00:00
node,4534820075,Sala Thai Kitchen,restaurant,,thai,,,,,,,,,,,,,"Mo,We-Su 12:00-22:00; Tu 17:00-22:00",,,,,40.7546055,-111.8957802,,,https://www.openstreetmap.org/node/4534820075,"{""amenity"": ""restaurant"", ""check_date"": ""2026-02-08"", ""cuisine"": ""thai"", ""diet:vegetarian"": ""yes"", ""name"": ""Sala Thai Kitchen"", ""opening_hours"": ""Mo,We-Su 12:00-22:00; Tu 17:00-22:00""}",2026-08-10T08:57:15.983839+00:00
node,4534854495,Same Sushi,restaurant,,sushi,,,,,,,,,,,,,Mo 16:00-21:00; Tu-Th 11:00-22:00; Fr 11:00-22:30; Sa 15:00-22:30,,,,,40.7625660,-111.9032078,,,https://www.openstreetmap.org/node/4534854495,"{""amenity"": ""restaurant"", ""cuisine"": ""sushi"", ""name"": ""Same Sushi"", ""opening_hours"": ""Mo 16:00-21:00; Tu-Th 11:00-22:00; Fr 11:00-22:30; Sa 15:00-22:30""}",2026-08-10T08:57:15.983839+00:00
node,4539792304,Starbucks,cafe,,coffee_shop,Starbucks,,270,South 1500 East,,Salt Lake City,UT,84112,"270 South 1500 East, Salt Lake City, UT 84112",+1 801-581-6326,https://www.starbucks.com/store-locator/store/1013114/university-of-utah-bookstore-270-s-1500-e-salt-lake-city-ut-84112-us,,Mo-Fr 07:30-18:00; Sa 11:00-16:00,yes,,,,40.7637061,-111.8475210,,,https://www.openstreetmap.org/node/4539792304,"{""addr:city"": ""Salt Lake City"", ""addr:housenumber"": ""270"", ""addr:postcode"": ""84112"", ""addr:state"": ""UT"", ""addr:street"": ""South 1500 East"", ""amenity"": ""cafe"", ""branch"": ""University of Utah Bookstore"", ""brand"": ""Starbucks"", ""brand:wikidata"": ""Q37158"", ""cuisine"": ""coffee_shop"", ""food"": ""yes"", ""name"": ""Starbucks"", ""official_name"": ""Starbucks Coffee"", ""opening_hours"": ""Mo-Fr 07:30-18:00; Sa 11:00-16:00"", ""phone"": ""+1 801-581-6326"", ""takeaway"": ""yes"", ""website"": ""https://www.starbucks.com/store-locator/store/1013114/university-of-utah-bookstore-270-s-1500-e-salt-lake-city-ut-84112-us""}",2026-08-10T08:57:15.983839+00:00
node,4608305392,Laziz Kitchen,restaurant,,mediterranean,,,912,South Jefferson Street,,Salt Lake City,UT,84101,"912 South Jefferson Street, Salt Lake City, UT 84101",+1 801-441-1228,https://lazizkitchen.com/,granary@lazizkitchen.com,Mo-Th 11:00-21:00; Fr-Sa 11:00-22:00; Su 12:00-20:00,,,,yes,40.7493851,-111.8956420,,,https://www.openstreetmap.org/node/4608305392,"{""addr:city"": ""Salt Lake City"", ""addr:housenumber"": ""912"", ""addr:postcode"": ""84101"", ""addr:state"": ""UT"", ""addr:street"": ""South Jefferson Street"", ""amenity"": ""restaurant"", ""contact:facebook"": ""https://www.facebook.com/Lazizslc/"", ""contact:instagram"": ""https://www.instagram.com/lazizslc"", ""contact:yelp"": ""https://www.yelp.com/biz/laziz-kitchen-salt-lake-city"", ""cuisine"": ""mediterranean"", ""diet:gluten_free"": ""yes"", ""diet:vegan"": ""yes"", ""diet:vegetarian"": ""yes"", ""email"": ""granary@lazizkitchen.com"", ""lgbtq"": ""welcome"", ""name"": ""Laziz Kitchen"", ""name:en"": ""Laziz Kitchen"", ""opening_hours"": ""Mo-Th 11:00-21:00; Fr-Sa 11:00-22:00; Su 12:00-20:00"", ""phone"": ""+1 801-441-1228"", ""website"": ""https://lazizkitchen.com/"", ""wheelchair"": ""yes""}",2026-08-10T08:57:15.983839+00:00
node,4608306189,Nohm,restaurant,,japanese,,,,,,,,,,,,,,,,,,40.7495319,-111.8959818,,,https://www.openstreetmap.org/node/4608306189,"{""amenity"": ""restaurant"", ""cuisine"": ""japanese"", ""name"": ""Nohm""}",2026-08-10T08:57:15.983839+00:00
node,4650620384,Grove Market,fast_food,,sandwich,,,1906,South Main Street,,Salt Lake City,UT,84115,"1906 South Main Street, Salt Lake City, UT 84115",,http://grovemarketdeli.com/index.php/home/,,"Mo,Su off; Tu-Sa 10:00-15:00",,,yes,,40.7287529,-111.8914720,,,https://www.openstreetmap.org/node/4650620384,"{""addr:city"": ""Salt Lake City"", ""addr:housenumber"": ""1906"", ""addr:postcode"": ""84115"", ""addr:state"": ""UT"", ""addr:street"": ""South Main Street"", ""amenity"": ""fast_food"", ""check_date"": ""2026-02-26"", ""cuisine"": ""sandwich"", ""name"": ""Grove Market"", ""note"": ""Changed to sandwich shop, the deli part is basically nonexistent at this point (shelves are near empty but they have sodas and some fruit)"", ""opening_hours"": ""Mo,Su off; Tu-Sa 10:00-15:00"", ""outdoor_seating"": ""yes"", ""website"": ""http://grovemarketdeli.com/index.php/home/""}",2026-08-10T08:57:15.983839+00:00
node,4653448575,Mahider Ethiopian Restaurant & Market,restaurant,,ethiopian,,,1465,South State Street,7,Salt Lake City,UT,,"1465 South State Street, 7, Salt Lake City, UT",+1 801-975-1111,https://mahiderethiopian.com,,Tu-Sa 11:00-21:00,,,,,40.7378727,-111.8876799,,,https://www.openstreetmap.org/node/4653448575,"{""addr:city"": ""Salt Lake City"", ""addr:country"": ""US"", ""addr:housenumber"": ""1465"", ""addr:state"": ""UT"", ""addr:street"": ""South State Street"", ""addr:street:prefix"": ""South"", ""addr:unit"": ""7"", ""amenity"": ""restaurant"", ""contact:phone"": ""+1 801-975-1111"", ""contact:website"": ""https://mahiderethiopian.com"", ""cuisine"": ""ethiopian"", ""description"": ""Strip-mall outpost offering classic Ethiopian fare (dining) & specialty grocery items in a laid-back setting."", ""diet:vegan"": ""yes"", ""diet:vegetarian"": ""yes"", ""name"": ""Mahider Ethiopian Restaurant & Market"", ""opening_hours"": ""Tu-Sa 11:00-21:00"", ""short_name"": ""Mahider""}",2026-08-10T08:57:15.983839+00:00
node,4653448576,Afghan Kitchen,restaurant,,afghan,,,1465,South State Street,10,Salt Lake City,UT,,"1465 South State Street, 10, Salt Lake City, UT",+1 801-953-1398,https://afghanistanrestaurant.com,,"Mo-Th 11:30-15:00, 16:00-21:00; Fr-Sa 16:00-21:00; Su off",,,,,40.7377004,-111.8876774,,,https://www.openstreetmap.org/node/4653448576,"{""addr:city"": ""Salt Lake City"", ""addr:housenumber"": ""1465"", ""addr:state"": ""UT"", ""addr:street"": ""South State Street"", ""addr:unit"": ""10"", ""amenity"": ""restaurant"", ""cuisine"": ""afghan"", ""name"": ""Afghan Kitchen"", ""opening_hours"": ""Mo-Th 11:30-15:00, 16:00-21:00; Fr-Sa 16:00-21:00; Su off"", ""phone"": ""+1 801-953-1398"", ""website"": ""https://afghanistanrestaurant.com""}",2026-08-10T08:57:15.983839+00:00
node,4653448578,Tosh's Ramen,restaurant,,ramen;japanese,,,1465,South State Street,,Salt Lake City,UT,84115,"1465 South State Street, Salt Lake City, UT 84115",+1 801-466-7000,https://toshsramenslc.com/,,,,,,,40.7374874,-111.8876743,,,https://www.openstreetmap.org/node/4653448578,"{""addr:city"": ""Salt Lake City"", ""addr:country"": ""US"", ""addr:housenumber"": ""1465"", ""addr:postcode"": ""84115"", ""addr:state"": ""UT"", ""addr:street"": ""South State Street"", ""amenity"": ""restaurant"", ""contact:phone"": ""+1 801-466-7000"", ""cuisine"": ""ramen;japanese"", ""name"": ""Tosh's Ramen"", ""website"": ""https://toshsramenslc.com/""}",2026-08-10T08:57:15.983839+00:00
node,4653448579,Beto's Mexican Food,restaurant,,mexican,,,,,,,,,,,,,,,,,,40.7370163,-111.8877218,,,https://www.openstreetmap.org/node/4653448579,"{""amenity"": ""restaurant"", ""cuisine"": ""mexican"", ""name"": ""Beto's Mexican Food""}",2026-08-10T08:57:15.983839+00:00
node,4653448580,Ho Ho Gourmet,restaurant,,,,,1504,South State Street,,Salt Lake City,UT,84115,"1504 South State Street, Salt Lake City, UT 84115",+1 801-487-7709,https://www.facebook.com/people/Ho-Ho-Gourmet/100063536533369/,,,,,,,40.7369526,-111.8888780,,,https://www.openstreetmap.org/node/4653448580,"{""addr:city"": ""Salt Lake City"", ""addr:housenumber"": ""1504"", ""addr:postcode"": ""84115"", ""addr:state"": ""UT"", ""addr:street"": ""South State Street"", ""amenity"": ""restaurant"", ""check_date"": ""2023-07-27"", ""name"": ""Ho Ho Gourmet"", ""phone"": ""+1 801-487-7709"", ""website"": ""https://www.facebook.com/people/Ho-Ho-Gourmet/100063536533369/""}",2026-08-10T08:57:15.983839+00:00
node,4653609692,Hacienda Mexican Grill,restaurant,,mexican,,,797,North Redwood Road,,Salt Lake City,UT,84116,"797 North Redwood Road, Salt Lake City, UT 84116",+1-801-953-0667,,,,,,no,yes,40.7862657,-111.9407743,,,https://www.openstreetmap.org/node/4653609692,"{""addr:city"": ""Salt Lake City"", ""addr:country"": ""US"", ""addr:housenumber"": ""797"", ""addr:postcode"": ""84116"", ""addr:state"": ""UT"", ""addr:street"": ""North Redwood Road"", ""air_conditioning"": ""yes"", ""amenity"": ""restaurant"", ""cuisine"": ""mexican"", ""name"": ""Hacienda Mexican Grill"", ""outdoor_seating"": ""no"", ""phone"": ""+1-801-953-0667"", ""wheelchair"": ""yes""}",2026-08-10T08:57:15.983839+00:00
node,4653613062,Papa Murphy's,fast_food,,pizza,Papa Murphy's,,1645,West 700 North,L,Salt Lake City,UT,84116,"1645 West 700 North, L, Salt Lake City, UT 84116",+1-801-359-7272,https://www.papamurphys.com/order/papa-murphys-700-north/?storeId=46011&storeName=Papa%20Murphy%27s%20700%20North,,"Mo-Th 11:00-20:00; Fr,Sa 11:00-21:00; Su 13:00-19:00",only,no,no,yes,40.7843591,-111.9380390,,,https://www.openstreetmap.org/node/4653613062,"{""addr:city"": ""Salt Lake City"", ""addr:housenumber"": ""1645"", ""addr:postcode"": ""84116"", ""addr:state"": ""UT"", ""addr:street"": ""West 700 North"", ""addr:unit"": ""L"", ""air_conditioning"": ""yes"", ""amenity"": ""fast_food"", ""brand"": ""Papa Murphy's"", ""brand:wikidata"": ""Q7132349"", ""check_date"": ""2025-06-03"", ""cuisine"": ""pizza"", ""delivery"": ""no"", ""drive_through"": ""no"", ""name"": ""Papa Murphy's"", ""official_name"": ""Papa Murphy's Take 'N' Bake Pizza"", ""opening_hours"": ""Mo-Th 11:00-20:00; Fr,Sa 11:00-21:00; Su 13:00-19:00"", ""outdoor_seating"": ""no"", ""payment:cash"": ""yes"", ""payment:cheque"": ""yes"", ""payment:credit_cards"": ""yes"", ""payment:debit_cards"": ""yes"", ""phone"": ""+1-801-359-7272"", ""smoking"": ""outside"", ""takeaway"": ""only"", ""website"": ""https://www.papamurphys.com/order/papa-murphys-700-north/?storeId=46011&storeName=Papa%20Murphy%27s%20700%20North"", ""wheelchair"": ""yes""}",2026-08-10T08:57:15.983839+00:00
node,4654359047,Itto Sushi,restaurant,,,,,12,West 300 South,,Salt Lake City,UT,84101,"12 West 300 South, Salt Lake City, UT 84101",+1 385-522-2603,https://ittoutah.com/,,"Mo-Fr 11:00-14:30,17:00-22:00; Sa 17:00-23:00",,,,,40.7630200,-111.8917670,,,https://www.openstreetmap.org/node/4654359047,"{""addr:city"": ""Salt Lake City"", ""addr:housenumber"": ""12"", ""addr:postcode"": ""84101"", ""addr:state"": ""UT"", ""addr:street"": ""West 300 South"", ""amenity"": ""restaurant"", ""name"": ""Itto Sushi"", ""opening_hours"": ""Mo-Fr 11:00-14:30,17:00-22:00; Sa 17:00-23:00"", ""phone"": ""+1 385-522-2603"", ""website"": ""https://ittoutah.com/""}",2026-08-10T08:57:15.983839+00:00
node,4668563801,Big Dipper Sandwiches,restaurant,,sandwich;soup,,,208,East 500 South,,Salt Lake City,UT,84111,"208 East 500 South, Salt Lake City, UT 84111",+1 385-541-7100,https://bigdippersandwiches.com,,Mo-Sa 11:00-16:00,,,,,40.7582619,-111.8849420,,,https://www.openstreetmap.org/node/4668563801,"{""addr:city"": ""Salt Lake City"", ""addr:housenumber"": ""208"", ""addr:postcode"": ""84111"", ""addr:state"": ""UT"", ""addr:street"": ""East 500 South"", ""amenity"": ""restaurant"", ""cuisine"": ""sandwich;soup"", ""diet:vegan"": ""yes"", ""name"": ""Big Dipper Sandwiches"", ""opening_hours"": ""Mo-Sa 11:00-16:00"", ""phone"": ""+1 385-541-7100"", ""website"": ""https://bigdippersandwiches.com""}",2026-08-10T08:57:15.983839+00:00
node,4679399153,Tinker's Cat Cafe,cafe,,,,,302,East 900 South,,,,,302 East 900 South,+1 801-519-2287,https://www.tinkerscatcafe.com/,,"Mo off; Tu-Th 10:00-18:00; Fr,Sa 09:45-19:00; Su 11:00-18:00",no,,no,yes,40.7495053,-111.8822810,,,https://www.openstreetmap.org/node/4679399153,"{""addr:housenumber"": ""302"", ""addr:street"": ""East 900 South"", ""air_conditioning"": ""yes"", ""amenity"": ""cafe"", ""check_date:opening_hours"": ""2026-07-17"", ""description"": ""Salt Lake's first cat cafe and lounge. Enjoy local coffee and treats in the cafe, or reserve an hour of relaxing with cats from a local shelter in the lounge."", ""food"": ""snacks"", ""indoor_seating"": ""yes"", ""name"": ""Tinker's Cat Cafe"", ""opening_hours"": ""Mo off; Tu-Th 10:00-18:00; Fr,Sa 09:45-19:00; Su 11:00-18:00"", ""outdoor_seating"": ""no"", ""payment:cash"": ""no"", ""phone"": ""+1 801-519-2287"", ""start_date"": ""2017-11"", ""takeaway"": ""no"", ""theme"": ""cat"", ""website"": ""https://www.tinkerscatcafe.com/"", ""wheelchair"": ""yes""}",2026-08-10T08:57:15.983839+00:00
node,4725175593,Picnic Cafe,cafe,,coffee_shop;pastry;sandwich;ice_cream,,,,,,,,,,+1-801-467-2947,https://www.picnicslc.com/,,Mo-Fr 08:00-14:00; Sa-Su 08:00-15:00,yes,no,yes,yes,40.7408925,-111.8764930,,,https://www.openstreetmap.org/node/4725175593,"{""air_conditioning"": ""yes"", ""amenity"": ""cafe"", ""bar"": ""no"", ""check_date"": ""2026-03-21"", ""cuisine"": ""coffee_shop;pastry;sandwich;ice_cream"", ""delivery"": ""no"", ""drive_through"": ""no"", ""food"": ""yes"", ""highchair"": ""yes"", ""internet_access"": ""wlan"", ""internet_access:fee"": ""no"", ""name"": ""Picnic Cafe"", ""opening_hours"": ""Mo-Fr 08:00-14:00; Sa-Su 08:00-15:00"", ""outdoor_seating"": ""yes"", ""payment:cash"": ""yes"", ""payment:credit_cards"": ""yes"", ""payment:debit_cards"": ""yes"", ""phone"": ""+1-801-467-2947"", ""smoking"": ""no"", ""takeaway"": ""yes"", ""toilets"": ""yes"", ""website"": ""https://www.picnicslc.com/"", ""wheelchair"": ""yes""}",2026-08-10T08:57:15.983839+00:00
node,4835235301,That Sandwich Shop,restaurant,,sandwich,,,55,North Redwood Road,E,Salt Lake City,UT,84116,"55 North Redwood Road, E, Salt Lake City, UT 84116",+1-801-532-2689,https://thatsandwichshop.com/,,Mo-Fr 10:00-14:00; Sa-Su off,,,,,40.7706797,-111.9403380,,,https://www.openstreetmap.org/node/4835235301,"{""addr:city"": ""Salt Lake City"", ""addr:housenumber"": ""55"", ""addr:postcode"": ""84116"", ""addr:state"": ""UT"", ""addr:street"": ""North Redwood Road"", ""addr:unit"": ""E"", ""amenity"": ""restaurant"", ""check_date"": ""2025-05-30"", ""contact:facebook"": ""https://www.facebook.com/people/The-official-That-Sandwich-Shop/100053260663205/"", ""cuisine"": ""sandwich"", ""name"": ""That Sandwich Shop"", ""opening_hours"": ""Mo-Fr 10:00-14:00; Sa-Su off"", ""phone"": ""+1-801-532-2689"", ""website"": ""https://thatsandwichshop.com/""}",2026-08-10T08:57:15.983839+00:00
node,4835245717,Jeeva's,fast_food,,greek,,,28,South State Street,,Salt Lake City,UT,84111,"28 South State Street, Salt Lake City, UT 84111",,,,,yes,,,,40.7687241,-111.8887793,,,https://www.openstreetmap.org/node/4835245717,"{""addr:city"": ""Salt Lake City"", ""addr:housenumber"": ""28"", ""addr:postcode"": ""84111"", ""addr:state"": ""UT"", ""addr:street"": ""South State Street"", ""amenity"": ""fast_food"", ""check_date"": ""2024-06-17"", ""cuisine"": ""greek"", ""name"": ""Jeeva's"", ""takeaway"": ""yes""}",2026-08-10T08:57:15.983839+00:00
node,4844136578,Water Witch,bar,,,,,163,West 900 South,,Salt Lake City,UT,84101,"163 West 900 South, Salt Lake City, UT 84101",+1-801-462-0967,https://waterwitchbar.com/,,Mo-We 15:00-25:00; Th-Su 12:00-25:00,,,yes,,40.7495354,-111.8958211,,,https://www.openstreetmap.org/node/4844136578,"{""addr:city"": ""Salt Lake City"", ""addr:housenumber"": ""163"", ""addr:postcode"": ""84101"", ""addr:state"": ""UT"", ""addr:street"": ""West 900 South"", ""amenity"": ""bar"", ""min_age"": ""21"", ""name"": ""Water Witch"", ""opening_hours"": ""Mo-We 15:00-25:00; Th-Su 12:00-25:00"", ""outdoor_seating"": ""yes"", ""phone"": ""+1-801-462-0967"", ""source"": ""esri/USA_NAD_Addresses"", ""website"": ""https://waterwitchbar.com/""}",2026-08-10T08:57:15.983839+00:00
node,4844136593,Sapa Bar & Grill,restaurant,,asian;sushi,,,722,South State Street,,Salt Lake City,UT,84111,"722 South State Street, Salt Lake City, UT 84111",+1 801-363-7272,,,"Mo-Th 11:00-15:00,17:00-21:00; Fr 11:00-22:00; Sa 17:00-22:00",,,,,40.7535705,-111.8885550,,,https://www.openstreetmap.org/node/4844136593,"{""addr:city"": ""Salt Lake City"", ""addr:housenumber"": ""722"", ""addr:postcode"": ""84111"", ""addr:state"": ""UT"", ""addr:street"": ""South State Street"", ""amenity"": ""restaurant"", ""check_date"": ""2025-06-02"", ""cuisine"": ""asian;sushi"", ""name"": ""Sapa Bar & Grill"", ""opening_hours"": ""Mo-Th 11:00-15:00,17:00-21:00; Fr 11:00-22:00; Sa 17:00-22:00"", ""phone"": ""+1 801-363-7272""}",2026-08-10T08:57:15.983839+00:00
node,4844169463,Wild Pepper Pizza,restaurant,,pizza,,,777,South State Street,,Salt Lake City,UT,,"777 South State Street, Salt Lake City, UT",+1 801-220-0777,https://wildpepperpizza.com/,,"Mo-Th 11:00-24:00; Fr-Sa 11:00-28:00, Su 12:00-24:00",,,,,40.7524015,-111.8878870,,,https://www.openstreetmap.org/node/4844169463,"{""addr:city"": ""Salt Lake City"", ""addr:housenumber"": ""777"", ""addr:state"": ""UT"", ""addr:street"": ""South State Street"", ""amenity"": ""restaurant"", ""check_date"": ""2025-06-02"", ""cuisine"": ""pizza"", ""diet:halal"": ""yes"", ""name"": ""Wild Pepper Pizza"", ""opening_hours"": ""Mo-Th 11:00-24:00; Fr-Sa 11:00-28:00, Su 12:00-24:00"", ""phone"": ""+1 801-220-0777"", ""website"": ""https://wildpepperpizza.com/""}",2026-08-10T08:57:15.983839+00:00
node,4902865443,Little Caesars,fast_food,,pizza,Little Caesars,,,,,,,,,,https://littlecaesars.com/en-us/store/735/,,,yes,,,,40.7260620,-111.8246623,,,https://www.openstreetmap.org/node/4902865443,"{""amenity"": ""fast_food"", ""brand"": ""Little Caesars"", ""brand:wikidata"": ""Q1393809"", ""cuisine"": ""pizza"", ""name"": ""Little Caesars"", ""takeaway"": ""yes"", ""website"": ""https://littlecaesars.com/en-us/store/735/""}",2026-08-10T08:57:15.983839+00:00
node,4929523421,Fisher Brewing Company,pub,,,,,320,West 800 South,,Salt Lake City,UT,84101,"320 West 800 South, Salt Lake City, UT 84101",+1 801-487-2337,https://fisherbeer.com,,Mo-Th 11:00-23:00; Fr-Sa 11:00-24:00; Su 11:00-22:00,,,yes,,40.7521877,-111.9004870,,,https://www.openstreetmap.org/node/4929523421,"{""addr:city"": ""Salt Lake City"", ""addr:housenumber"": ""320"", ""addr:postcode"": ""84101"", ""addr:state"": ""UT"", ""addr:street"": ""West 800 South"", ""addr:street:prefix"": ""West"", ""amenity"": ""pub"", ""brewery"": ""yes"", ""check_date"": ""2026-03-29"", ""contact:facebook"": ""https://www.facebook.com/fisherbeer/"", ""internet_access"": ""wlan"", ""microbrewery"": ""yes"", ""name"": ""Fisher Brewing Company"", ""name:en"": ""Fisher Brewing Company"", ""opening_hours"": ""Mo-Th 11:00-23:00; Fr-Sa 11:00-24:00; Su 11:00-22:00"", ""outdoor_seating"": ""yes"", ""payment:cards"": ""yes"", ""payment:cash"": ""yes"", ""phone"": ""+1 801-487-2337"", ""smoking"": ""no"", ""toilets"": ""yes"", ""website"": ""https://fisherbeer.com""}",2026-08-10T08:57:15.983839+00:00
node,4933360524,Christopher's Prime Tavern & Grill,restaurant,,,,,,,,,,,,,https://www.peeryhotel.com/carnegies-public-house/carnegies-public-house1.htm,,,,,,,40.7630643,-111.8944699,,,https://www.openstreetmap.org/node/4933360524,"{""amenity"": ""restaurant"", ""name"": ""Christopher's Prime Tavern & Grill"", ""website"": ""https://www.peeryhotel.com/carnegies-public-house/carnegies-public-house1.htm""}",2026-08-10T08:57:15.983839+00:00
node,4944775261,Brio Coffee,cafe,,coffee_shop,,,,,,,,,,,,,Mo-Th 07:30-17:00; Fr 07:30-16:00,,,,,40.7633732,-111.8495350,,,https://www.openstreetmap.org/node/4944775261,"{""amenity"": ""cafe"", ""cuisine"": ""coffee_shop"", ""name"": ""Brio Coffee"", ""not:brand:wikidata"": ""Q64055835"", ""opening_hours"": ""Mo-Th 07:30-17:00; Fr 07:30-16:00""}",2026-08-10T08:57:15.983839+00:00
node,4957229426,Ramblin Roads,restaurant,,american,,,206,South West Temple,,Salt Lake City,UT,84101,"206 South West Temple, Salt Lake City, UT 84101",+1 801-237-0559,https://ramblinroadsrestaurant.com/salt-lake-city-206-south-temple,,"Su, Mo 07:00-14:00; Tu-Sa 07:00-20:00",,,,yes,40.7647156,-111.8942400,,,https://www.openstreetmap.org/node/4957229426,"{""addr:city"": ""Salt Lake City"", ""addr:housenumber"": ""206"", ""addr:postcode"": ""84101"", ""addr:state"": ""UT"", ""addr:street"": ""South West Temple"", ""amenity"": ""restaurant"", ""check_date"": ""2025-06-02"", ""cuisine"": ""american"", ""full_name"": ""Ramblin Roads Family Restaurant"", ""name"": ""Ramblin Roads"", ""opening_hours"": ""Su, Mo 07:00-14:00; Tu-Sa 07:00-20:00"", ""phone"": ""+1 801-237-0559"", ""website"": ""https://ramblinroadsrestaurant.com/salt-lake-city-206-south-temple"", ""wheelchair"": ""yes""}",2026-08-10T08:57:15.983839+00:00
node,5000957466,SOMI Vietnamese Bistro,restaurant,,,,,1215,East Wilmington Avenue,100,Salt Lake City,UT,84106,"1215 East Wilmington Avenue, 100, Salt Lake City, UT 84106",+1 385-322-1158,https://somislc.com/,,Mo-Th 11:00-21:00; Fr-Sa 11:00-22:00; Su 12:00-20:00,,,,,40.7234063,-111.8565720,,,https://www.openstreetmap.org/node/5000957466,"{""addr:city"": ""Salt Lake City"", ""addr:housenumber"": ""1215"", ""addr:postcode"": ""84106"", ""addr:state"": ""UT"", ""addr:street"": ""East Wilmington Avenue"", ""addr:unit"": ""100"", ""amenity"": ""restaurant"", ""name"": ""SOMI Vietnamese Bistro"", ""opening_hours"": ""Mo-Th 11:00-21:00; Fr-Sa 11:00-22:00; Su 12:00-20:00"", ""phone"": ""+1 385-322-1158"", ""website"": ""https://somislc.com/""}",2026-08-10T08:57:15.983839+00:00
node,5087557414,Domino's,fast_food,,pizza,Domino's,,1400,South Foothill Drive,,Salt Lake City,UT,84108,"1400 South Foothill Drive, Salt Lake City, UT 84108",+1 801-582-5424,https://pizza.dominos.com/utah/salt-lake-city/1430-foothill-dr,,Su-Th 10:00-23:59; Fr-Sa 10:00-01:00,yes,,,,40.7386538,-111.8260717,,,https://www.openstreetmap.org/node/5087557414,"{""addr:city"": ""Salt Lake City"", ""addr:housenumber"": ""1400"", ""addr:postcode"": ""84108"", ""addr:state"": ""UT"", ""addr:street"": ""South Foothill Drive"", ""amenity"": ""fast_food"", ""brand"": ""Domino's"", ""brand:wikidata"": ""Q839466"", ""cuisine"": ""pizza"", ""drive_through"": ""no"", ""name"": ""Domino's"", ""opening_hours"": ""Su-Th 10:00-23:59; Fr-Sa 10:00-01:00"", ""phone"": ""+1 801-582-5424"", ""ref"": ""7523"", ""takeaway"": ""yes"", ""website"": ""https://pizza.dominos.com/utah/salt-lake-city/1430-foothill-dr""}",2026-08-10T08:57:15.983839+00:00
node,5166552220,Subway,fast_food,,sandwich,Subway,,675,South Arapeen Drive,105,Salt Lake City,UT,84108,"675 South Arapeen Drive, 105, Salt Lake City, UT 84108",+1 801-535-3862,https://restaurants.subway.com/united-states/ut/salt-lake-city/675-arapeen-drive,,Mo-Th 09:00-17:00; Fr 09:00-16:00,yes,,,,40.7553002,-111.8257112,,,https://www.openstreetmap.org/node/5166552220,"{""addr:city"": ""Salt Lake City"", ""addr:housenumber"": ""675"", ""addr:postcode"": ""84108"", ""addr:state"": ""UT"", ""addr:street"": ""South Arapeen Drive"", ""addr:unit"": ""105"", ""amenity"": ""fast_food"", ""brand"": ""Subway"", ""brand:wikidata"": ""Q244457"", ""cuisine"": ""sandwich"", ""name"": ""Subway"", ""opening_hours"": ""Mo-Th 09:00-17:00; Fr 09:00-16:00"", ""phone"": ""+1 801-535-3862"", ""takeaway"": ""yes"", ""website"": ""https://restaurants.subway.com/united-states/ut/salt-lake-city/675-arapeen-drive""}",2026-08-10T08:57:15.983839+00:00
node,5197068859,Cassot Wine + Work,bar,,,,,1508,South 1500 East,,Salt Lake City,UT,84105,"1508 South 1500 East, Salt Lake City, UT 84105",+1 801-441-2873,https://casotwinework.com/,,Mo-Th 16:00-22:00; Fr-Sa 16:00-23:00; Su 14:00-21:00,,,,,40.7369292,-111.8482400,,,https://www.openstreetmap.org/node/5197068859,"{""addr:city"": ""Salt Lake City"", ""addr:housenumber"": ""1508"", ""addr:postcode"": ""84105"", ""addr:state"": ""UT"", ""addr:street"": ""South 1500 East"", ""amenity"": ""bar"", ""brewery"": ""no"", ""name"": ""Cassot Wine + Work"", ""note"": ""In daytime this is a workspace, like an internet cafe. In evenings it is a wine bar. This is an example of why OSM should embrace the \""conditional\"" concept for data elements other than access restrictions."", ""opening_hours"": ""Mo-Th 16:00-22:00; Fr-Sa 16:00-23:00; Su 14:00-21:00"", ""phone"": ""+1 801-441-2873"", ""website"": ""https://casotwinework.com/"", ""website:menu"": ""https://casotwinework.com/drinks/""}",2026-08-10T08:57:15.983839+00:00
node,5253317024,Passion Flour Patisserie,,pastry,,,,165,East 900 South,,Salt Lake City,UT,84111,"165 East 900 South, Salt Lake City, UT 84111",+1 385-242-7040,,,off,,,,,40.7499845,-111.8860430,,,https://www.openstreetmap.org/node/5253317024,"{""addr:city"": ""Salt Lake City"", ""addr:housenumber"": ""165"", ""addr:postcode"": ""84111"", ""addr:state"": ""UT"", ""addr:street"": ""East 900 South"", ""contact:phone"": ""+1 385-242-7040"", ""description"": ""2026-02-01: Has closed to public access. It isn't clear if they'll keep operating out of this space, but they will operate as a mail-order bakery only."", ""diet:gluten_free"": ""yes"", ""diet:vegan"": ""only"", ""name"": ""Passion Flour Patisserie"", ""opening_hours"": ""off"", ""shop"": ""pastry""}",2026-08-10T08:57:15.983839+00:00
node,5262255796,Kafe Mamai,restaurant,,african;caribbean,,,47,East Gallivan Avenue,,Salt Lake City,UT,,"47 East Gallivan Avenue, Salt Lake City, UT",+1 801-923-3360,https://kafemamai.com/,,Mo-Th 11:00-21:00; Fr-Sa 11:00-22:30,,,,,40.7637959,-111.8895610,,,https://www.openstreetmap.org/node/5262255796,"{""addr:city"": ""Salt Lake City"", ""addr:housenumber"": ""47"", ""addr:state"": ""UT"", ""addr:street"": ""East Gallivan Avenue"", ""amenity"": ""restaurant"", ""cuisine"": ""african;caribbean"", ""diet:halal"": ""yes"", ""diet:vegan"": ""yes"", ""name"": ""Kafe Mamai"", ""opening_hours"": ""Mo-Th 11:00-21:00; Fr-Sa 11:00-22:30"", ""phone"": ""+1 801-923-3360"", ""website"": ""https://kafemamai.com/""}",2026-08-10T08:57:15.983839+00:00
node,5262255805,Cafe Shambala,restaurant,,tibetan,,,382,East 4th Avenue,,Salt Lake City,UT,84103,"382 East 4th Avenue, Salt Lake City, UT 84103",+1 801-364-8558,,,Tu-Su 11:30-21:00; Mo off,yes,,no,,40.7738558,-111.8779590,,,https://www.openstreetmap.org/node/5262255805,"{""addr:city"": ""Salt Lake City"", ""addr:housenumber"": ""382"", ""addr:postcode"": ""84103"", ""addr:state"": ""UT"", ""addr:street"": ""East 4th Avenue"", ""amenity"": ""restaurant"", ""check_date:opening_hours"": ""2025-05-08"", ""cuisine"": ""tibetan"", ""description"": ""Tibetan restaurant. \""Mostly vegetarian items.\"" Menu order any time. Buffet offered 11:30-15:00. Chef's specials on weekends."", ""diet:vegetarian"": ""yes"", ""name"": ""Cafe Shambala"", ""opening_hours"": ""Tu-Su 11:30-21:00; Mo off"", ""outdoor_seating"": ""no"", ""phone"": ""+1 801-364-8558"", ""smoking"": ""no"", ""takeaway"": ""yes""}",2026-08-10T08:57:15.983839+00:00
node,5262255806,Straw Market,restaurant,,,,,,East 4th Avenue,,Salt Lake City,UT,,"East 4th Avenue, Salt Lake City, UT",+1 801-935-4420,,,Mo-Sa 07:00-15:00; Su 08:00-14:00,,,,,40.7738223,-111.8777510,,,https://www.openstreetmap.org/node/5262255806,"{""addr:city"": ""Salt Lake City"", ""addr:state"": ""UT"", ""addr:street"": ""East 4th Avenue"", ""amenity"": ""restaurant"", ""diet:vegetarian"": ""yes"", ""full_name"": ""Aveneus Straw Market"", ""name"": ""Straw Market"", ""opening_hours"": ""Mo-Sa 07:00-15:00; Su 08:00-14:00"", ""phone"": ""+1 801-935-4420""}",2026-08-10T08:57:15.983839+00:00
node,5262328851,Curry Fried Chicken,restaurant,,indian;pakistani,,,660,South State Street,,Salt Lake City,UT,,"660 South State Street, Salt Lake City, UT",+1 801-924-9188,https://www.curryfriedchickenutah.com/,,"Mo-Th 11:30-14:00,17:30-20:30; Fr 11:30-20:30; Sa 12:30-21:30; Su off",,,,,40.7547936,-111.8885480,,,https://www.openstreetmap.org/node/5262328851,"{""addr:city"": ""Salt Lake City"", ""addr:housenumber"": ""660"", ""addr:state"": ""UT"", ""addr:street"": ""South State Street"", ""amenity"": ""restaurant"", ""check_date"": ""2025-06-01"", ""check_date:currency:XBT"": ""2023-12-02"", ""contact:facebook"": ""https://www.facebook.com/cfcslc/"", ""cuisine"": ""indian;pakistani"", ""currency:XBT"": ""no"", ""diet:vegetarian"": ""yes"", ""name"": ""Curry Fried Chicken"", ""opening_hours"": ""Mo-Th 11:30-14:00,17:30-20:30; Fr 11:30-20:30; Sa 12:30-21:30; Su off"", ""payment:lightning"": ""no"", ""payment:lightning_contactless"": ""no"", ""payment:onchain"": ""no"", ""phone"": ""+1 801-924-9188"", ""website"": ""https://www.curryfriedchickenutah.com/""}",2026-08-10T08:57:15.983839+00:00
node,5262328852,Oh Mai,restaurant,,vietnamese,,,850,South State Street,,Salt Lake City,UT,84111,"850 South State Street, Salt Lake City, UT 84111",+1-801-575-8888,https://www.ohmaisandwichkitchen.com/,,Mo-Sa 11:00-05:00,yes,,,,40.7508071,-111.8885480,,,https://www.openstreetmap.org/node/5262328852,"{""addr:city"": ""Salt Lake City"", ""addr:housenumber"": ""850"", ""addr:postcode"": ""84111"", ""addr:state"": ""UT"", ""addr:street"": ""South State Street"", ""amenity"": ""restaurant"", ""check_date"": ""2025-06-02"", ""cuisine"": ""vietnamese"", ""diet:vegan"": ""yes"", ""name"": ""Oh Mai"", ""opening_hours"": ""Mo-Sa 11:00-05:00"", ""phone"": ""+1-801-575-8888"", ""smoking"": ""no"", ""takeaway"": ""yes"", ""website"": ""https://www.ohmaisandwichkitchen.com/""}",2026-08-10T08:57:15.983839+00:00
node,5262328861,Saffron Valley,restaurant,,indian,,,479,East 2100 South,,Salt Lake City,UT,84106,"479 East 2100 South, Salt Lake City, UT 84106",+1 801-203-3754,https://www.saffronvalley.com/saffron-bistro-sugar-house-indian-restaurant-utah,,"Tu-Fr 11:00-03:00,05:00-10:00; Sa-Su 11:00-04:00,05:00-09:00",,,,,40.7256151,-111.8770421,,,https://www.openstreetmap.org/node/5262328861,"{""addr:city"": ""Salt Lake City"", ""addr:country"": ""US"", ""addr:housenumber"": ""479"", ""addr:postcode"": ""84106"", ""addr:state"": ""UT"", ""addr:street"": ""East 2100 South"", ""air_conditioning"": ""yes"", ""amenity"": ""restaurant"", ""cuisine"": ""indian"", ""diet:vegetarian"": ""yes"", ""name"": ""Saffron Valley"", ""opening_hours"": ""Tu-Fr 11:00-03:00,05:00-10:00; Sa-Su 11:00-04:00,05:00-09:00"", ""phone"": ""+1 801-203-3754"", ""website"": ""https://www.saffronvalley.com/saffron-bistro-sugar-house-indian-restaurant-utah""}",2026-08-10T08:57:15.983839+00:00
node,5262892283,Little World,restaurant,,chinese,,,1356,South State Street,,Salt Lake City,,84115,"1356 South State Street, Salt Lake City, 84115",+1 801-467-5213,https://www.littleworldslc.com/,,Mo-Su 11:00-24:00,,,,,40.7402719,-111.8885449,,,https://www.openstreetmap.org/node/5262892283,"{""addr:city"": ""Salt Lake City"", ""addr:housenumber"": ""1356"", ""addr:postcode"": ""84115"", ""addr:street"": ""South State Street"", ""amenity"": ""restaurant"", ""check_date"": ""2023-07-28"", ""cuisine"": ""chinese"", ""diet:vegetarian"": ""yes"", ""name"": ""Little World"", ""opening_hours"": ""Mo-Su 11:00-24:00"", ""phone"": ""+1 801-467-5213"", ""website"": ""https://www.littleworldslc.com/""}",2026-08-10T08:57:15.983839+00:00
node,5271105172,Carol's Pastry Shop,,bakery,,,,,,,,,,,,,,,,,,,40.7268681,-111.8634669,,,https://www.openstreetmap.org/node/5271105172,"{""name"": ""Carol's Pastry Shop"", ""shop"": ""bakery""}",2026-08-10T08:57:15.983839+00:00
node,5277923316,Penny Ann's Cafe,restaurant,,american;breakfast,,,1810,South Main Street,,Salt Lake City,UT,84115,"1810 South Main Street, Salt Lake City, UT 84115",+1-801-935-4760,https://pennyannscafe.com/,,Mo-Su 07:00-14:30,yes,,,,40.7308383,-111.8914680,,,https://www.openstreetmap.org/node/5277923316,"{""addr:city"": ""Salt Lake City"", ""addr:housenumber"": ""1810"", ""addr:postcode"": ""84115"", ""addr:state"": ""UT"", ""addr:street"": ""South Main Street"", ""amenity"": ""restaurant"", ""cuisine"": ""american;breakfast"", ""name"": ""Penny Ann's Cafe"", ""opening_hours"": ""Mo-Su 07:00-14:30"", ""phone"": ""+1-801-935-4760"", ""takeaway"": ""yes"", ""website"": ""https://pennyannscafe.com/""}",2026-08-10T08:57:15.983839+00:00
node,5278025116,Shake Shack,fast_food,,burger,Shake Shack,,1314,South Foothill Drive,,Salt Lake City,UT,84108,"1314 South Foothill Drive, Salt Lake City, UT 84108",,,,Su-Th 10:00-23:00; Fr-Sa 10:00-24:00,,,,,40.7409929,-111.8274088,,,https://www.openstreetmap.org/node/5278025116,"{""addr:city"": ""Salt Lake City"", ""addr:housenumber"": ""1314"", ""addr:postcode"": ""84108"", ""addr:state"": ""UT"", ""addr:street"": ""South Foothill Drive"", ""amenity"": ""fast_food"", ""brand"": ""Shake Shack"", ""brand:wikidata"": ""Q1058722"", ""cuisine"": ""burger"", ""drive_through"": ""no"", ""name"": ""Shake Shack"", ""opening_hours"": ""Su-Th 10:00-23:00; Fr-Sa 10:00-24:00""}",2026-08-10T08:57:15.983839+00:00
node,5282325570,Sugar Bean Coffee Shop,,coffee,,,,,,,,,,,,,,,,,,,40.7252657,-111.8552840,,,https://www.openstreetmap.org/node/5282325570,"{""name"": ""Sugar Bean Coffee Shop"", ""opening_hours:covid19"": ""off"", ""shop"": ""coffee""}",2026-08-10T08:57:15.983839+00:00
node,5324281510,Wast Side Tavern & Cold Beer Store,bar,,,,,,,,,,,,,,,,,,,,40.7326119,-111.8992587,,,https://www.openstreetmap.org/node/5324281510,"{""amenity"": ""bar"", ""name"": ""Wast Side Tavern & Cold Beer Store""}",2026-08-10T08:57:15.983839+00:00
node,5329811546,Gaetano's Sub Shop,restaurant,,sandwich,,,1618,South State Street,,Salt Lake City,UT,,"1618 South State Street, Salt Lake City, UT",+1 801-467-3676,https://gaetanosslc.com,,Mo-Sa 10:00-20:00,yes,,,,40.7343359,-111.8885060,,,https://www.openstreetmap.org/node/5329811546,"{""addr:city"": ""Salt Lake City"", ""addr:housenumber"": ""1618"", ""addr:state"": ""UT"", ""addr:street"": ""South State Street"", ""amenity"": ""restaurant"", ""cuisine"": ""sandwich"", ""diet:vegetarian"": ""yes"", ""name"": ""Gaetano's Sub Shop"", ""opening_hours"": ""Mo-Sa 10:00-20:00"", ""phone"": ""+1 801-467-3676"", ""takeaway"": ""yes"", ""takeaway:conditional"": ""only @ (Mo-Sa 17:00-20:00)"", ""website"": ""https://gaetanosslc.com""}",2026-08-10T08:57:15.983839+00:00
node,5599375321,Kathmandu Grill,restaurant,,indian,,,212,South 700 East,,,,84102,"212 South 700 East, 84102",+1801-355-0454,https://www.kathmandugrillslc.com/,,"Mo-Tu, Th-Sa 11:30-22:00; Su 12:00-21:00",,,,yes,40.7643189,-111.8717771,,,https://www.openstreetmap.org/node/5599375321,"{""addr:housenumber"": ""212"", ""addr:postcode"": ""84102"", ""addr:street"": ""South 700 East"", ""amenity"": ""restaurant"", ""cuisine"": ""indian"", ""name"": ""Kathmandu Grill"", ""opening_hours"": ""Mo-Tu, Th-Sa 11:30-22:00; Su 12:00-21:00"", ""phone"": ""+1801-355-0454"", ""strapline"": ""Indian and Nepali Cuisine"", ""website"": ""https://www.kathmandugrillslc.com/"", ""website:menu"": ""http://www.kathmandugrillslc.com/Menu.html"", ""wheelchair"": ""yes""}",2026-08-10T08:57:15.983839+00:00
node,5726247450,Costa Vida,fast_food,,mexican,Costa Vida,,171,South Rio Grande Street,,Salt Lake City,UT,84101,"171 South Rio Grande Street, Salt Lake City, UT 84101",,,,,yes,,,yes,40.7656576,-111.9033213,,,https://www.openstreetmap.org/node/5726247450,"{""addr:city"": ""Salt Lake City"", ""addr:country"": ""US"", ""addr:housenumber"": ""171"", ""addr:postcode"": ""84101"", ""addr:state"": ""UT"", ""addr:street"": ""South Rio Grande Street"", ""amenity"": ""fast_food"", ""brand"": ""Costa Vida"", ""brand:wikidata"": ""Q108403192"", ""cuisine"": ""mexican"", ""name"": ""Costa Vida"", ""official_name"": ""Costa Vida Fresh Mexican Grill"", ""takeaway"": ""yes"", ""wheelchair"": ""yes""}",2026-08-10T08:57:15.983839+00:00
node,5726247452,Panda Express,fast_food,,chinese,Panda Express,,188,South Rio Grande Street,,Salt Lake City,UT,84101,"188 South Rio Grande Street, Salt Lake City, UT 84101",+1 801-467-7001,https://www.pandaexpress.com/locations/ut/salt-lake-city/1126-e-2100-south-suite-b,,Mo-Th 09:30-23:30; Fr 09:30-24:00; Sa 09:30-23:30; Su 10:00-23:30,yes,,,,40.7652372,-111.9042720,,,https://www.openstreetmap.org/node/5726247452,"{""addr:city"": ""Salt Lake City"", ""addr:housenumber"": ""188"", ""addr:postcode"": ""84101"", ""addr:state"": ""UT"", ""addr:street"": ""South Rio Grande Street"", ""amenity"": ""fast_food"", ""branch"": ""Gateway"", ""brand"": ""Panda Express"", ""brand:wikidata"": ""Q1358690"", ""cuisine"": ""chinese"", ""name"": ""Panda Express"", ""opening_hours"": ""Mo-Th 09:30-23:30; Fr 09:30-24:00; Sa 09:30-23:30; Su 10:00-23:30"", ""phone"": ""+1 801-467-7001"", ""takeaway"": ""yes"", ""website"": ""https://www.pandaexpress.com/locations/ut/salt-lake-city/1126-e-2100-south-suite-b""}",2026-08-10T08:57:15.983839+00:00
node,5726247453,Dave & Buster's,restaurant,,american,Dave & Buster's,,140,South Rio Grande Street,,Salt Lake City,UT,84101,"140 South Rio Grande Street, Salt Lake City, UT 84101",+1-385-285-7321,https://www.daveandbusters.com/us/en/about/locations/salt-lake-city/,,Su 10:00-18:00; Mo-Th 10:00-24:00; Fr-Sa 10:00-25:00,,,,,40.7664517,-111.9044130,,,https://www.openstreetmap.org/node/5726247453,"{""addr:city"": ""Salt Lake City"", ""addr:country"": ""US"", ""addr:housenumber"": ""140"", ""addr:postcode"": ""84101"", ""addr:state"": ""UT"", ""addr:street"": ""South Rio Grande Street"", ""amenity"": ""restaurant"", ""brand"": ""Dave & Buster's"", ""brand:wikidata"": ""Q5228205"", ""cuisine"": ""american"", ""leisure"": ""amusement_arcade"", ""level"": ""1"", ""name"": ""Dave & Buster's"", ""opening_hours"": ""Su 10:00-18:00; Mo-Th 10:00-24:00; Fr-Sa 10:00-25:00"", ""phone"": ""+1-385-285-7321"", ""website"": ""https://www.daveandbusters.com/us/en/about/locations/salt-lake-city/""}",2026-08-10T08:57:15.983839+00:00
node,5726247454,Rocket Fizz,,confectionery,,Rocket Fizz,,51,South Rio Grande Street,Suite 137,Salt Lake City,UT,84111,"51 South Rio Grande Street, Suite 137, Salt Lake City, UT 84111",+1-801-456-2613,https://rocketfizz.com/locations/rocket-fizz-salt-lake-city-ut/,,Mo-Sa 10:00-21:00; Su 12:00-18:00,,,,yes,40.7689440,-111.9039190,,,https://www.openstreetmap.org/node/5726247454,"{""addr:city"": ""Salt Lake City"", ""addr:housenumber"": ""51"", ""addr:postcode"": ""84111"", ""addr:state"": ""UT"", ""addr:street"": ""South Rio Grande Street"", ""addr:unit"": ""Suite 137"", ""brand"": ""Rocket Fizz"", ""brand:wikidata"": ""Q17107987"", ""name"": ""Rocket Fizz"", ""official_name"": ""Rocket Fizz Soda Pop & Candy Shop"", ""opening_hours"": ""Mo-Sa 10:00-21:00; Su 12:00-18:00"", ""phone"": ""+1-801-456-2613"", ""shop"": ""confectionery"", ""website"": ""https://rocketfizz.com/locations/rocket-fizz-salt-lake-city-ut/"", ""wheelchair"": ""yes""}",2026-08-10T08:57:15.983839+00:00
node,5733152887,Crimson View,restaurant,,,,,,,,,,,,,,,Mo-Fr 11:00-13:00,yes,no,no,,40.7650393,-111.8469879,,,https://www.openstreetmap.org/node/5733152887,"{""amenity"": ""restaurant"", ""check_date"": ""2024-03-06"", ""delivery"": ""no"", ""name"": ""Crimson View"", ""opening_hours"": ""Mo-Fr 11:00-13:00"", ""outdoor_seating"": ""no"", ""takeaway"": ""yes""}",2026-08-10T08:57:15.983839+00:00
node,5747890834,Millcreek Coffee Roasters,cafe,,coffee_shop,,,657,South Main Street,,Salt Lake City,UT,84111,"657 South Main Street, Salt Lake City, UT 84111",+1-801-595-8646,https://www.millcreekcoffee.com/,info@millcreekcoffee.com,Mo-Fr 06:30-17:00; Sa-Su 08:00-14:00,,,yes,,40.7548501,-111.8907870,,,https://www.openstreetmap.org/node/5747890834,"{""addr:city"": ""Salt Lake City"", ""addr:housenumber"": ""657"", ""addr:postcode"": ""84111"", ""addr:state"": ""UT"", ""addr:street"": ""South Main Street"", ""air_conditioning"": ""yes"", ""amenity"": ""cafe"", ""bar"": ""no"", ""check_date"": ""2025-11-09"", ""contact:facebook"": ""https://www.facebook.com/millcreekcoffeeslc/"", ""cuisine"": ""coffee_shop"", ""email"": ""info@millcreekcoffee.com"", ""internet_access"": ""yes"", ""name"": ""Millcreek Coffee Roasters"", ""opening_hours"": ""Mo-Fr 06:30-17:00; Sa-Su 08:00-14:00"", ""outdoor_seating"": ""yes"", ""phone"": ""+1-801-595-8646"", ""website"": ""https://www.millcreekcoffee.com/""}",2026-08-10T08:57:15.983839+00:00
node,5852132523,BGR,restaurant,,burger,,,1202,East Wilmington Avenue,120,Salt Lake City,UT,84106,"1202 East Wilmington Avenue, 120, Salt Lake City, UT 84106",+1-801-487-6301,https://bgrtheburgerjoint.com/locations-menus/saltlake-ut/,,"Mo-Sa 11:00-22:00, Su 11:00-21:00",,,yes,,40.7231161,-111.8572980,,,https://www.openstreetmap.org/node/5852132523,"{""addr:city"": ""Salt Lake City"", ""addr:housenumber"": ""1202"", ""addr:postcode"": ""84106"", ""addr:state"": ""UT"", ""addr:street"": ""East Wilmington Avenue"", ""addr:unit"": ""120"", ""amenity"": ""restaurant"", ""cuisine"": ""burger"", ""name"": ""BGR"", ""opening_hours"": ""Mo-Sa 11:00-22:00, Su 11:00-21:00"", ""opening_hours:covid19"": ""Mo-Th 11:00-20:00; Fr-Sa 11:00-21:00"", ""outdoor_seating"": ""yes"", ""phone"": ""+1-801-487-6301"", ""website"": ""https://bgrtheburgerjoint.com/locations-menus/saltlake-ut/""}",2026-08-10T08:57:15.983839+00:00
node,5875267685,JINYA Ramen Bar,restaurant,,ramen,JINYA Ramen Bar,,675,East 2100 South,H & I,Salt Lake City,UT,84106,"675 East 2100 South, H & I, Salt Lake City, UT 84106",+1 801-883-9466,https://www.jinyaramenbar.com/,,Mo-Sa 11:00-22:00; Su 11:30-22:00,,,,,40.7259797,-111.8720820,,,https://www.openstreetmap.org/node/5875267685,"{""addr:city"": ""Salt Lake City"", ""addr:country"": ""US"", ""addr:housenumber"": ""675"", ""addr:postcode"": ""84106"", ""addr:state"": ""UT"", ""addr:street"": ""East 2100 South"", ""addr:unit"": ""H & I"", ""amenity"": ""restaurant"", ""brand"": ""JINYA Ramen Bar"", ""brand:wikidata"": ""Q16997755"", ""cuisine"": ""ramen"", ""name"": ""JINYA Ramen Bar"", ""note"": ""9/2021: Please do not upgrade to the standard tags. The standard tags put the name in the wrong case and I think plug in an outdated URL for the website."", ""opening_hours"": ""Mo-Sa 11:00-22:00; Su 11:30-22:00"", ""opening_hours:url"": ""https://www.jinyaramenbar.com/locations/sugarhouse/"", ""phone"": ""+1 801-883-9466"", ""short_name"": ""JINYA"", ""website"": ""https://www.jinyaramenbar.com/""}",2026-08-10T08:57:15.983839+00:00
node,5935692028,City Cakes,,bakery,,,,1860,South 300 West,D,Salt Lake City,UT,84115,"1860 South 300 West, D, Salt Lake City, UT 84115",+1 801-359-2239,https://www.citycakescafe.com/location/salt-lake-city/,,Mo-Th 08:00-18:00; Fr-Sa 08:00-20:00; Su off,,,yes,,40.7295986,-111.9009054,,,https://www.openstreetmap.org/node/5935692028,"{""addr:city"": ""Salt Lake City"", ""addr:housenumber"": ""1860"", ""addr:postcode"": ""84115"", ""addr:state"": ""UT"", ""addr:street"": ""South 300 West"", ""addr:unit"": ""D"", ""contact:phone"": ""+1 801-359-2239"", ""description"": ""Vegan and mostly gluten-free bakery with baked goods including cakes, peanut butter bars, and cheesecake."", ""diet:gluten_free"": ""yes"", ""diet:vegan"": ""only"", ""name"": ""City Cakes"", ""opening_hours"": ""Mo-Th 08:00-18:00; Fr-Sa 08:00-20:00; Su off"", ""outdoor_seating"": ""yes"", ""shop"": ""bakery"", ""website"": ""https://www.citycakescafe.com/location/salt-lake-city/""}",2026-08-10T08:57:15.983839+00:00
node,5935692030,Monkeywrench,ice_cream,,,,,53,East Gallivan Avenue,,Salt Lake City,UT,84111,"53 East Gallivan Avenue, Salt Lake City, UT 84111",,https://monkeywrench-109928.square.site,,Mo-Th 16:00-22:00; Fr 16:00-23:00; Sa 12:00-23:00; Su off,,,yes,,40.7638081,-111.8895100,,,https://www.openstreetmap.org/node/5935692030,"{""addr:city"": ""Salt Lake City"", ""addr:housenumber"": ""53"", ""addr:postcode"": ""84111"", ""addr:state"": ""UT"", ""addr:street"": ""East Gallivan Avenue"", ""amenity"": ""ice_cream"", ""check_date:opening_hours"": ""2023-11-25"", ""contact:instagram"": ""https://www.instagram.com/monkeywrench_slc/"", ""description"": ""All-vegan ice cream shop and coffee bar with house-made nut milks. Open late. (Source: UARC directory); does not take cash."", ""diet:vegan"": ""only"", ""indoor_seating"": ""no"", ""name"": ""Monkeywrench"", ""opening_hours"": ""Mo-Th 16:00-22:00; Fr 16:00-23:00; Sa 12:00-23:00; Su off"", ""outdoor_seating"": ""yes"", ""payment:cash"": ""no"", ""toilets"": ""no"", ""website"": ""https://monkeywrench-109928.square.site""}",2026-08-10T08:57:15.983839+00:00
node,5935814379,Piper Down,pub,,,,,1492,South State Street,,Salt Lake City,UT,,"1492 South State Street, Salt Lake City, UT",+1 801-468-1492,https://www.piperdownpub.com/,,Su-Th 11:00-26:00; Fr-Sa 10:00-26:00,,,yes,,40.7371022,-111.8885500,,,https://www.openstreetmap.org/node/5935814379,"{""addr:city"": ""Salt Lake City"", ""addr:housenumber"": ""1492"", ""addr:state"": ""UT"", ""addr:street"": ""South State Street"", ""amenity"": ""pub"", ""description"": ""Irish bar with omnivore menu and separate vegan menu"", ""diet:vegan"": ""yes"", ""name"": ""Piper Down"", ""opening_hours"": ""Su-Th 11:00-26:00; Fr-Sa 10:00-26:00"", ""outdoor_seating"": ""yes"", ""phone"": ""+1 801-468-1492"", ""website"": ""https://www.piperdownpub.com/""}",2026-08-10T08:57:15.983839+00:00
node,5935814383,Matcha Cafe Kyoto,cafe,,,,,2223,South Highland Drive,E-5,Salt Lake City,UT,84106,"2223 South Highland Drive, E-5, Salt Lake City, UT 84106",,,,,,,no,,40.7223598,-111.8581310,,,https://www.openstreetmap.org/node/5935814383,"{""addr:city"": ""Salt Lake City"", ""addr:housenumber"": ""2223"", ""addr:postcode"": ""84106"", ""addr:state"": ""UT"", ""addr:street"": ""South Highland Drive"", ""addr:unit"": ""E-5"", ""amenity"": ""cafe"", ""contact:instagram"": ""@matchacafecyoto"", ""name"": ""Matcha Cafe Kyoto"", ""outdoor_seating"": ""no""}",2026-08-10T08:57:15.983839+00:00
node,5970862427,Alchemy Coffee,cafe,,,,,390,East 1700 South,,Salt Lake City,UT,,"390 East 1700 South, Salt Lake City, UT",,,,,,,,,40.7331371,-111.8799283,,,https://www.openstreetmap.org/node/5970862427,"{""addr:city"": ""Salt Lake City"", ""addr:housenumber"": ""390"", ""addr:state"": ""UT"", ""addr:street"": ""East 1700 South"", ""amenity"": ""cafe"", ""diet:vegetarian"": ""yes"", ""name"": ""Alchemy Coffee""}",2026-08-10T08:57:15.983839+00:00
node,5970862429,Domino's,fast_food,,pizza,Domino's,,481,East South Temple,,Salt Lake City,UT,84103,"481 East South Temple, Salt Lake City, UT 84103",+1 385-429-7676,https://pizza.dominos.com/utah/salt-lake-city/481-east-south-temple,,Mo-Th 10:00-24:00; Fr-Sa 10:00-01:00; Su 10:00-24:00,yes,,,yes,40.7695878,-111.8770806,,,https://www.openstreetmap.org/node/5970862429,"{""addr:city"": ""Salt Lake City"", ""addr:housenumber"": ""481"", ""addr:postcode"": ""84103"", ""addr:state"": ""UT"", ""addr:street"": ""East South Temple"", ""amenity"": ""fast_food"", ""brand"": ""Domino's"", ""brand:wikidata"": ""Q839466"", ""cuisine"": ""pizza"", ""name"": ""Domino's"", ""opening_hours"": ""Mo-Th 10:00-24:00; Fr-Sa 10:00-01:00; Su 10:00-24:00"", ""phone"": ""+1 385-429-7676"", ""ref"": ""9109"", ""short_name"": ""Domino's"", ""takeaway"": ""yes"", ""website"": ""https://pizza.dominos.com/utah/salt-lake-city/481-east-south-temple"", ""wheelchair"": ""yes""}",2026-08-10T08:57:15.983839+00:00
node,6069449107,Hub & Spoke Diner,restaurant,,diner,,,1291,South 1100 East,,Salt Lake City,UT,84105,"1291 South 1100 East, Salt Lake City, UT 84105",,https://www.hubandspokediner.com/,,Mo-Su 09:00-21:00,,,,yes,40.7417598,-111.8593566,,,https://www.openstreetmap.org/node/6069449107,"{""addr:city"": ""Salt Lake City"", ""addr:country"": ""US"", ""addr:housenumber"": ""1291"", ""addr:postcode"": ""84105"", ""addr:state"": ""UT"", ""addr:street"": ""South 1100 East"", ""amenity"": ""restaurant"", ""building"": ""commercial"", ""check_date"": ""2022-09-10"", ""cuisine"": ""diner"", ""internet_access"": ""no"", ""name"": ""Hub & Spoke Diner"", ""opening_hours"": ""Mo-Su 09:00-21:00"", ""payment:mastercard"": ""yes"", ""payment:visa"": ""yes"", ""smoking"": ""no"", ""website"": ""https://www.hubandspokediner.com/"", ""wheelchair"": ""yes""}",2026-08-10T08:57:15.983839+00:00
node,6073207233,Tea Bar,,tea,,,,1201,East Wilmington Avenue,109,,,,"1201 East Wilmington Avenue, 109",,,,,,,,,40.7236588,-111.8568113,,,https://www.openstreetmap.org/node/6073207233,"{""addr:housenumber"": ""1201"", ""addr:street"": ""East Wilmington Avenue"", ""addr:unit"": ""109"", ""name"": ""Tea Bar"", ""shop"": ""tea""}",2026-08-10T08:57:15.983839+00:00
node,6076438437,Little Saigon,restaurant,,asian;vietnamese,,,2021,South Windsor Street,,Salt Lake City,UT,84105,"2021 South Windsor Street, Salt Lake City, UT 84105",+1 801-906-8630,https://www.littlesaigonutah.com/,,Mo-Sa 11:00-21:00,yes,,,,40.7261413,-111.8664070,,,https://www.openstreetmap.org/node/6076438437,"{""addr:city"": ""Salt Lake City"", ""addr:housenumber"": ""2021"", ""addr:postcode"": ""84105"", ""addr:state"": ""UT"", ""addr:street"": ""South Windsor Street"", ""amenity"": ""restaurant"", ""cuisine"": ""asian;vietnamese"", ""description"": ""Sandwiches (banh mi), noodle soups (pho), vermicelli noodles (bun), lo mein, Asian style burritos and tacos."", ""diet:vegetarian"": ""yes"", ""name"": ""Little Saigon"", ""opening_hours"": ""Mo-Sa 11:00-21:00"", ""phone"": ""+1 801-906-8630"", ""takeaway"": ""yes"", ""website"": ""https://www.littlesaigonutah.com/""}",2026-08-10T08:57:15.983839+00:00
node,6076438438,O'Falafel Etc.,restaurant,,mediterranean,,,790,East 2100 South,100,Salt Lake City,UT,84106,"790 East 2100 South, 100, Salt Lake City, UT 84106",+1 801-487-7747,https://ofalafeletc.com/,,Mo-Sa 10:30-21:30; Su 11:00-20:00,yes,,no,,40.7252464,-111.8687720,,,https://www.openstreetmap.org/node/6076438438,"{""addr:city"": ""Salt Lake City"", ""addr:country"": ""US"", ""addr:housenumber"": ""790"", ""addr:postcode"": ""84106"", ""addr:state"": ""UT"", ""addr:street"": ""East 2100 South"", ""addr:unit"": ""100"", ""amenity"": ""restaurant"", ""cuisine"": ""mediterranean"", ""diet:vegetarian"": ""yes"", ""name"": ""O'Falafel Etc."", ""opening_hours"": ""Mo-Sa 10:30-21:30; Su 11:00-20:00"", ""outdoor_seating"": ""no"", ""phone"": ""+1 801-487-7747"", ""smoking"": ""no"", ""takeaway"": ""yes"", ""website"": ""https://ofalafeletc.com/""}",2026-08-10T08:57:15.983839+00:00
node,6086155589,Coffee Garden,cafe,,coffee_shop;tea,,,878,East 900 South,,Salt Lake City,UT,84105,"878 East 900 South, Salt Lake City, UT 84105",+1-801-355-3425,https://www.coffeegardenslc.com,,Mo-Sa 06:00-21:00; Su 07:00-21:00,,,yes,limited,40.7495236,-111.8658278,,,https://www.openstreetmap.org/node/6086155589,"{""addr:city"": ""Salt Lake City"", ""addr:housenumber"": ""878"", ""addr:postcode"": ""84105"", ""addr:state"": ""UT"", ""addr:street"": ""East 900 South"", ""amenity"": ""cafe"", ""check_date"": ""2022-08-23"", ""check_date:opening_hours"": ""2023-02-08"", ""contact:facebook"": ""Coffee-Garden-101366246591347"", ""contact:instagram"": ""coffeegardenslc"", ""cuisine"": ""coffee_shop;tea"", ""food"": ""yes"", ""internet_access"": ""no"", ""name"": ""Coffee Garden"", ""opening_hours"": ""Mo-Sa 06:00-21:00; Su 07:00-21:00"", ""outdoor_seating"": ""yes"", ""payment:credit_cards"": ""yes"", ""payment:debit_cards"": ""yes"", ""payment:mastercard"": ""yes"", ""payment:visa"": ""yes"", ""phone"": ""+1-801-355-3425"", ""smoking"": ""no"", ""utahagrc:parcelid"": ""16081810180000"", ""website"": ""https://www.coffeegardenslc.com"", ""wheelchair"": ""limited""}",2026-08-10T08:57:15.983839+00:00
node,6086155590,East Liberty Tap House,bar,,,,,850,East 900 South,,Salt Lake City,UT,84105,"850 East 900 South, Salt Lake City, UT 84105",,https://www.eastlibertytaphouse.com/,info@eastlibertytaphouse.com,,,,yes,yes,40.7495102,-111.8665770,,,https://www.openstreetmap.org/node/6086155590,"{""addr:city"": ""Salt Lake City"", ""addr:housenumber"": ""850"", ""addr:postcode"": ""84105"", ""addr:state"": ""UT"", ""addr:street"": ""East 900 South"", ""amenity"": ""bar"", ""brewery"": ""yes"", ""building"": ""commercial"", ""check_date"": ""2025-10-31"", ""email"": ""info@eastlibertytaphouse.com"", ""food"": ""yes"", ""internet_access"": ""no"", ""min_age"": ""21"", ""name"": ""East Liberty Tap House"", ""outdoor_seating"": ""yes"", ""panoramax"": ""ecbc538e-aa89-431d-8c90-438c545e1e83"", ""smoking"": ""no"", ""utahagrc:parcelid"": ""16081810020000"", ""website"": ""https://www.eastlibertytaphouse.com/"", ""wheelchair"": ""yes""}",2026-08-10T08:57:15.983839+00:00
node,6086155789,Starbucks,cafe,,coffee_shop,Starbucks,,876,East 800 South,,Salt Lake City,UT,84102,"876 East 800 South, Salt Lake City, UT 84102",+1 801-355-2801,https://www.starbucks.com/store-locator/store/1019038/smiths-salt-lake-city-44-876-e-800-s-salt-lake-city-ut-84102-us,,,yes,,no,,40.7507721,-111.8660840,,,https://www.openstreetmap.org/node/6086155789,"{""addr:city"": ""Salt Lake City"", ""addr:housenumber"": ""876"", ""addr:postcode"": ""84102"", ""addr:state"": ""UT"", ""addr:street"": ""East 800 South"", ""amenity"": ""cafe"", ""branch"": ""Smith's Salt Lake City 44"", ""brand"": ""Starbucks"", ""brand:wikidata"": ""Q37158"", ""cuisine"": ""coffee_shop"", ""name"": ""Starbucks"", ""official_name"": ""Starbucks Coffee"", ""outdoor_seating"": ""no"", ""phone"": ""+1 801-355-2801"", ""ref"": ""1019038"", ""takeaway"": ""yes"", ""website"": ""https://www.starbucks.com/store-locator/store/1019038/smiths-salt-lake-city-44-876-e-800-s-salt-lake-city-ut-84102-us""}",2026-08-10T08:57:15.983839+00:00
node,6086494502,Sugar House Pizza,restaurant,,pizza,,,1063,East 2100 South,,Salt Lake City,,84105,"1063 East 2100 South, Salt Lake City, 84105",,,,Th-Sa 11:30-21:30,yes,,,,40.7255563,-111.8605205,,,https://www.openstreetmap.org/node/6086494502,"{""addr:city"": ""Salt Lake City"", ""addr:housenumber"": ""1063"", ""addr:postcode"": ""84105"", ""addr:street"": ""East 2100 South"", ""amenity"": ""restaurant"", ""cuisine"": ""pizza"", ""name"": ""Sugar House Pizza"", ""opening_hours"": ""Th-Sa 11:30-21:30"", ""start_date"": ""2025-07"", ""takeaway"": ""yes""}",2026-08-10T08:57:15.983839+00:00
node,6088765933,Buds,,deli,,,,509,East 300 South,,Salt Lake City,UT,84102,"509 East 300 South, Salt Lake City, UT 84102",+1 801-521-4522,https://budsslc.com,,Mo-Sa 11:00-17:00,,,only,,40.7630485,-111.8763570,,,https://www.openstreetmap.org/node/6088765933,"{""addr:city"": ""Salt Lake City"", ""addr:housenumber"": ""509"", ""addr:postcode"": ""84102"", ""addr:state"": ""UT"", ""addr:street"": ""East 300 South"", ""contact:phone"": ""+1 801-521-4522"", ""contact:website"": ""https://budsslc.com"", ""description"": ""Fast carry-out only, serving pesto subs, cheesesteak subs, barbacoa burritos, taco salads and more. Outdoor patio seating. (Source: UARC directory)"", ""diet:vegan"": ""only"", ""name"": ""Buds"", ""opening_hours"": ""Mo-Sa 11:00-17:00"", ""outdoor_seating"": ""only"", ""payment:cash"": ""no"", ""shop"": ""deli"", ""utahagrc:parcelid"": ""16062770210000""}",2026-08-10T08:57:15.983839+00:00
node,6088765935,Noodle and Dumpling,restaurant,,chinese,,,516,East 300 South,,Salt Lake City,UT,84102,"516 East 300 South, Salt Lake City, UT 84102",,https://www.noodledumpling.com/,,,,,,yes,40.7625709,-111.8761140,,,https://www.openstreetmap.org/node/6088765935,"{""addr:city"": ""Salt Lake City"", ""addr:housenumber"": ""516"", ""addr:postcode"": ""84102"", ""addr:state"": ""UT"", ""addr:street"": ""East 300 South"", ""alt_name"": ""Noodle & Dumpling;Noodles & Dumplings"", ""amenity"": ""restaurant"", ""cuisine"": ""chinese"", ""description"": ""One of three locations in Salt Lake County."", ""name"": ""Noodle and Dumpling"", ""website"": ""https://www.noodledumpling.com/"", ""wheelchair"": ""yes""}",2026-08-10T08:57:15.983839+00:00
node,6088768795,Yoko Ramen,restaurant,,asian,,,473,East 300 South,,Salt Lake City,UT,84111,"473 East 300 South, Salt Lake City, UT 84111",,,,"Mo off; Tu-Th 12:00-15:00,16:00-21:00; Fr-Su 12:00-15:00,16:00-22:00",yes,,yes,no,40.7630447,-111.8771580,,,https://www.openstreetmap.org/node/6088768795,"{""addr:city"": ""Salt Lake City"", ""addr:housenumber"": ""473"", ""addr:postcode"": ""84111"", ""addr:state"": ""UT"", ""addr:street"": ""East 300 South"", ""amenity"": ""restaurant"", ""building"": ""commercial"", ""check_date"": ""2024-06-27"", ""cuisine"": ""asian"", ""fixme"": ""Yoko Ramen has announced that they will close on or about 2026-06-30, so OSM should be updated after that happens."", ""internet_access"": ""wlan"", ""internet_access:fee"": ""no"", ""name"": ""Yoko Ramen"", ""opening_hours"": ""Mo off; Tu-Th 12:00-15:00,16:00-21:00; Fr-Su 12:00-15:00,16:00-22:00"", ""outdoor_seating"": ""yes"", ""takeaway"": ""yes"", ""utahagrc:parcelid"": ""16062530430000"", ""wheelchair"": ""no""}",2026-08-10T08:57:15.983839+00:00
node,6088768796,Dick & Dixie's,pub,,,,,479,East 300 South,,Salt Lake City,UT,84111,"479 East 300 South, Salt Lake City, UT 84111",,,,11:00-01:00,,,,,40.7630256,-111.8770630,,,https://www.openstreetmap.org/node/6088768796,"{""addr:city"": ""Salt Lake City"", ""addr:housenumber"": ""479"", ""addr:postcode"": ""84111"", ""addr:state"": ""UT"", ""addr:street"": ""East 300 South"", ""amenity"": ""pub"", ""atm"": ""yes"", ""building"": ""commercial"", ""food"": ""yes"", ""name"": ""Dick & Dixie's"", ""opening_hours"": ""11:00-01:00"", ""smoking"": ""outside"", ""utahagrc:parcelid"": ""16062530430000""}",2026-08-10T08:57:15.983839+00:00
node,6088855134,The Original Pancake House,restaurant,,breakfast;pancake,The Original Pancake House,,790,East 2100 South,400,Salt Lake City,UT,84106,"790 East 2100 South, 400, Salt Lake City, UT 84106",,,,,,,,,40.7252417,-111.8684309,,,https://www.openstreetmap.org/node/6088855134,"{""addr:city"": ""Salt Lake City"", ""addr:country"": ""US"", ""addr:housenumber"": ""790"", ""addr:postcode"": ""84106"", ""addr:state"": ""UT"", ""addr:street"": ""East 2100 South"", ""addr:unit"": ""400"", ""amenity"": ""restaurant"", ""brand"": ""The Original Pancake House"", ""brand:website"": ""https://www.originalpancakehouse.com/"", ""brand:wikidata"": ""Q7755384"", ""cuisine"": ""breakfast;pancake"", ""name"": ""The Original Pancake House""}",2026-08-10T08:57:15.983839+00:00
node,6094214025,Cold Stone Creamery,ice_cream,,ice_cream,Cold Stone Creamery,,2126,South Highland Drive,,Salt Lake City,UT,84106,"2126 South Highland Drive, Salt Lake City, UT 84106",,https://www.coldstonecreamery.com/stores/23264,,"Mo-Th 11:00-22:00; Fr,Sa 11:00-23:00",,,,yes,40.7243363,-111.8598300,,,https://www.openstreetmap.org/node/6094214025,"{""addr:city"": ""Salt Lake City"", ""addr:country"": ""US"", ""addr:housenumber"": ""2126"", ""addr:postcode"": ""84106"", ""addr:state"": ""UT"", ""addr:street"": ""South Highland Drive"", ""amenity"": ""ice_cream"", ""brand"": ""Cold Stone Creamery"", ""brand:wikidata"": ""Q1094923"", ""cuisine"": ""ice_cream"", ""name"": ""Cold Stone Creamery"", ""opening_hours"": ""Mo-Th 11:00-22:00; Fr,Sa 11:00-23:00"", ""website"": ""https://www.coldstonecreamery.com/stores/23264"", ""wheelchair"": ""yes""}",2026-08-10T08:57:15.983839+00:00
node,6114169240,Hbar,bar,,,,,,,,,,,,,,,,,,,,40.7663947,-111.9000304,,,https://www.openstreetmap.org/node/6114169240,"{""amenity"": ""bar"", ""name"": ""Hbar""}",2026-08-10T08:57:15.983839+00:00
node,6114406267,Just Organic Juice,restaurant,,juice,,,2030,South 900 East,,Salt Lake City,UT,84105,"2030 South 900 East, Salt Lake City, UT 84105",+1-801-953-0112,https://www.justorganicjuice.com/,info@justorganicjuice.com,,only,,no,yes,40.7260718,-111.8659574,,,https://www.openstreetmap.org/node/6114406267,"{""addr:city"": ""Salt Lake City"", ""addr:housenumber"": ""2030"", ""addr:postcode"": ""84105"", ""addr:state"": ""UT"", ""addr:street"": ""South 900 East"", ""amenity"": ""restaurant"", ""cuisine"": ""juice"", ""email"": ""info@justorganicjuice.com"", ""name"": ""Just Organic Juice"", ""outdoor_seating"": ""no"", ""phone"": ""+1-801-953-0112"", ""takeaway"": ""only"", ""website"": ""https://www.justorganicjuice.com/"", ""wheelchair"": ""yes""}",2026-08-10T08:57:15.983839+00:00
node,6127230533,Emigration Cafe,restaurant,,,,,1709,East 1300 South,,Salt Lake City,UT,84108,"1709 East 1300 South, Salt Lake City, UT 84108",,,,,,,,,40.7418182,-111.8420420,,,https://www.openstreetmap.org/node/6127230533,"{""addr:city"": ""Salt Lake City"", ""addr:housenumber"": ""1709"", ""addr:postcode"": ""84108"", ""addr:state"": ""UT"", ""addr:street"": ""East 1300 South"", ""amenity"": ""restaurant"", ""name"": ""Emigration Cafe"", ""opening_date"": ""2022-06-01""}",2026-08-10T08:57:15.983839+00:00
node,6129188722,Arctic Circle,fast_food,,burger,Arctic Circle,,,,,,,,,,,,,yes,,,,40.7337688,-111.8760034,,,https://www.openstreetmap.org/node/6129188722,"{""amenity"": ""fast_food"", ""brand"": ""Arctic Circle"", ""brand:wikidata"": ""Q4787501"", ""cuisine"": ""burger"", ""name"": ""Arctic Circle"", ""takeaway"": ""yes""}",2026-08-10T08:57:15.983839+00:00
node,6292413936,Hopkins Brewing Co.,pub,,,,,1048,East 2100 South,109,Salt Lake City,UT,84106,"1048 East 2100 South, 109, Salt Lake City, UT 84106",+1 385 528 3275,https://www.hopkinsbrewingcompany.com/,,"Mo-Tu,Su 11:00-23:00; We-Sa 11:00-24:00",,,yes,,40.7251645,-111.8609177,,,https://www.openstreetmap.org/node/6292413936,"{""addr:city"": ""Salt Lake City"", ""addr:country"": ""US"", ""addr:housenumber"": ""1048"", ""addr:postcode"": ""84106"", ""addr:state"": ""UT"", ""addr:street"": ""East 2100 South"", ""addr:street:prefix"": ""East"", ""addr:unit"": ""109"", ""alt_name"": ""Hopkins Brewing Company"", ""amenity"": ""pub"", ""check_date"": ""2026-03-09"", ""lgbtq"": ""welcome"", ""microbrewery"": ""yes"", ""min_age"": ""21"", ""name"": ""Hopkins Brewing Co."", ""opening_hours"": ""Mo-Tu,Su 11:00-23:00; We-Sa 11:00-24:00"", ""outdoor_seating"": ""yes"", ""payment:cash"": ""yes"", ""payment:mastercard"": ""yes"", ""payment:visa"": ""yes"", ""phone"": ""+1 385 528 3275"", ""website"": ""https://www.hopkinsbrewingcompany.com/""}",2026-08-10T08:57:15.983839+00:00
node,6342112089,White Horse,bar,,,,,325,South Main Street,,Salt Lake City,UT,84111,"325 South Main Street, Salt Lake City, UT 84111",+1 801-363-0137,https://www.whitehorseslc.com/,,Mo-Su 11:00-25:00,,,,,40.7620720,-111.8908090,,,https://www.openstreetmap.org/node/6342112089,"{""addr:city"": ""Salt Lake City"", ""addr:country"": ""US"", ""addr:housenumber"": ""325"", ""addr:postcode"": ""84111"", ""addr:state"": ""UT"", ""addr:street"": ""South Main Street"", ""amenity"": ""bar"", ""full_name"": ""White Horse Spirits and Kitchen"", ""name"": ""White Horse"", ""name:en-Dsrt"": ""𐐎𐐐𐐀𐐓𐐁 𐐐𐐄𐐡𐐝𐐁"", ""opening_date"": ""2026-01-29"", ""opening_hours"": ""Mo-Su 11:00-25:00"", ""phone"": ""+1 801-363-0137"", ""website"": ""https://www.whitehorseslc.com/""}",2026-08-10T08:57:15.983839+00:00
node,6361452778,The Goat Head,restaurant,,american,,,702,South 300 East,,Salt Lake City,UT,84111,"702 South 300 East, Salt Lake City, UT 84111",,https://slcgoathead.com,,Tu-Su 08:00-15:00,,,,,40.7539134,-111.8828070,,,https://www.openstreetmap.org/node/6361452778,"{""addr:city"": ""Salt Lake City"", ""addr:housenumber"": ""702"", ""addr:postcode"": ""84111"", ""addr:state"": ""UT"", ""addr:street"": ""South 300 East"", ""amenity"": ""restaurant"", ""check_date"": ""2026-02-22"", ""cuisine"": ""american"", ""diet:vegan"": ""yes"", ""diet:vegetarian"": ""yes"", ""internet_access"": ""wlan"", ""internet_access:fee"": ""customers"", ""name"": ""The Goat Head"", ""opening_hours"": ""Tu-Su 08:00-15:00"", ""payment:cash"": ""yes"", ""payment:credit_cards"": ""yes"", ""payment:debit_cards"": ""yes"", ""start_date"": ""2025-02"", ""website"": ""https://slcgoathead.com""}",2026-08-10T08:57:15.983839+00:00
node,6363462551,Chipotle,fast_food,,mexican,Chipotle,,734,East 400 South,,Salt Lake City,UT,84102,"734 East 400 South, Salt Lake City, UT 84102",+1-801-359-4535,https://locations.chipotle.com/ut/salt-lake-city/734-e-400-s,,,yes,,yes,yes,40.7604524,-111.8698750,,,https://www.openstreetmap.org/node/6363462551,"{""addr:city"": ""Salt Lake City"", ""addr:country"": ""US"", ""addr:housenumber"": ""734"", ""addr:postcode"": ""84102"", ""addr:state"": ""UT"", ""addr:street"": ""East 400 South"", ""amenity"": ""fast_food"", ""brand"": ""Chipotle"", ""brand:wikidata"": ""Q465751"", ""cuisine"": ""mexican"", ""name"": ""Chipotle"", ""official_name"": ""Chipotle Mexican Grill"", ""outdoor_seating"": ""yes"", ""phone"": ""+1-801-359-4535"", ""smoking"": ""no"", ""takeaway"": ""yes"", ""website"": ""https://locations.chipotle.com/ut/salt-lake-city/734-e-400-s"", ""wheelchair"": ""yes""}",2026-08-10T08:57:15.983839+00:00
node,6372749716,Nono,restaurant,,pizza,,,925,East 900 South,,Salt Lake City,UT,84105,"925 East 900 South, Salt Lake City, UT 84105",+1-801-702-3580,https://www.nonopizza.com/,,Mo-Sa 11:30-21:00,,,yes,,40.7500587,-111.8644020,,,https://www.openstreetmap.org/node/6372749716,"{""addr:city"": ""Salt Lake City"", ""addr:housenumber"": ""925"", ""addr:postcode"": ""84105"", ""addr:state"": ""UT"", ""addr:street"": ""East 900 South"", ""amenity"": ""restaurant"", ""building"": ""commercial"", ""cuisine"": ""pizza"", ""name"": ""Nono"", ""opening_hours"": ""Mo-Sa 11:30-21:00"", ""outdoor_seating"": ""yes"", ""payment:cash"": ""no"", ""payment:credit_cards"": ""yes"", ""phone"": ""+1-801-702-3580"", ""utahagrc:parcelid"": ""16081790310000"", ""website"": ""https://www.nonopizza.com/""}",2026-08-10T08:57:15.983839+00:00
node,6401415293,Little Caesars,fast_food,,pizza,Little Caesars,,1625,700 North,G,Salt Lake City,UT,84116,"1625 700 North, G, Salt Lake City, UT 84116",+1-801-328-3300,https://littlecaesars.com/en-us/store/7371/,,Mo-Sa 10:00-24:00; Su 10:00-23:00,yes,yes,,yes,40.7841347,-111.9370809,,,https://www.openstreetmap.org/node/6401415293,"{""addr:city"": ""Salt Lake City"", ""addr:housenumber"": ""1625"", ""addr:postcode"": ""84116"", ""addr:state"": ""UT"", ""addr:street"": ""700 North"", ""addr:unit"": ""G"", ""air_conditioning"": ""yes"", ""amenity"": ""fast_food"", ""brand"": ""Little Caesars"", ""brand:wikidata"": ""Q1393809"", ""check_date"": ""2025-06-03"", ""cuisine"": ""pizza"", ""delivery"": ""yes"", ""drive_through"": ""no"", ""name"": ""Little Caesars"", ""opening_hours"": ""Mo-Sa 10:00-24:00; Su 10:00-23:00"", ""phone"": ""+1-801-328-3300"", ""takeaway"": ""yes"", ""website"": ""https://littlecaesars.com/en-us/store/7371/"", ""wheelchair"": ""yes""}",2026-08-10T08:57:15.983839+00:00
node,6401415314,Flores Bakery,,bakery,,,,1625,West 700 North,E,Salt Lake City,UT,84116,"1625 West 700 North, E, Salt Lake City, UT 84116",+1-801-533-0209,,,Mo-Su 07:00-22:00,,,,yes,40.7841172,-111.9371606,,,https://www.openstreetmap.org/node/6401415314,"{""addr:city"": ""Salt Lake City"", ""addr:country"": ""US"", ""addr:housenumber"": ""1625"", ""addr:postcode"": ""84116"", ""addr:state"": ""UT"", ""addr:street"": ""West 700 North"", ""addr:unit"": ""E"", ""air_conditioning"": ""yes"", ""diet:vegetarian"": ""yes"", ""name"": ""Flores Bakery"", ""opening_hours"": ""Mo-Su 07:00-22:00"", ""payment:cash"": ""yes"", ""payment:credit_cards"": ""yes"", ""payment:debit_cards"": ""yes"", ""phone"": ""+1-801-533-0209"", ""shop"": ""bakery"", ""stroller"": ""yes"", ""wheelchair"": ""yes""}",2026-08-10T08:57:15.983839+00:00
node,6401415348,Angelito Mexican Restaurant & Ice Cream,restaurant,,mexican;ice_cream,,,1625,West 700 North,A,Salt Lake City,UT,84116,"1625 West 700 North, A, Salt Lake City, UT 84116",+1 801-410-8140,,,,,,,yes,40.7841382,-111.9375512,,,https://www.openstreetmap.org/node/6401415348,"{""addr:city"": ""Salt Lake City"", ""addr:housenumber"": ""1625"", ""addr:postcode"": ""84116"", ""addr:state"": ""UT"", ""addr:street"": ""West 700 North"", ""addr:unit"": ""A"", ""air_conditioning"": ""yes"", ""amenity"": ""restaurant"", ""check_date"": ""2025-06-03"", ""cuisine"": ""mexican;ice_cream"", ""name"": ""Angelito Mexican Restaurant & Ice Cream"", ""phone"": ""+1 801-410-8140"", ""wheelchair"": ""yes""}",2026-08-10T08:57:15.983839+00:00
node,6434396394,Donut House,fast_food,donut,donut,,,950,West 1000 North,B,Salt Lake City,UT,84116,"950 West 1000 North, B, Salt Lake City, UT 84116",+1 801-699-6876,,,Tu-Su 06:00-16:00; Mo off,only,,,yes,40.7913628,-111.9188460,,,https://www.openstreetmap.org/node/6434396394,"{""addr:city"": ""Salt Lake City"", ""addr:country"": ""US"", ""addr:housenumber"": ""950"", ""addr:postcode"": ""84116"", ""addr:state"": ""UT"", ""addr:street"": ""West 1000 North"", ""addr:unit"": ""B"", ""amenity"": ""fast_food"", ""check_date:opening_hours"": ""2023-05-01"", ""contact:phone"": ""+1 801-699-6876"", ""cuisine"": ""donut"", ""drive_through"": ""no"", ""name"": ""Donut House"", ""opening_hours"": ""Tu-Su 06:00-16:00; Mo off"", ""shop"": ""donut"", ""start_date"": ""2023"", ""takeaway"": ""only"", ""wheelchair"": ""yes""}",2026-08-10T08:57:15.983839+00:00
node,6456040670,Broadway Deli,,deli,,,,,,,,,,,,,,"Mo-Fr 08:30-19:00; Sa,Su 11:00-19:00",,,,,40.7630744,-111.8876018,,,https://www.openstreetmap.org/node/6456040670,"{""name"": ""Broadway Deli"", ""opening_hours"": ""Mo-Fr 08:30-19:00; Sa,Su 11:00-19:00"", ""shop"": ""deli""}",2026-08-10T08:57:15.983839+00:00
node,6456072559,Apple Spice,cafe,,,,,,,,,,,,,,,We 18:30-22:00; Th 19:00-24:00; Fr-Sa 18:30-25:00,,,,,40.7636204,-111.8905970,,,https://www.openstreetmap.org/node/6456072559,"{""amenity"": ""cafe"", ""name"": ""Apple Spice"", ""opening_hours"": ""We 18:30-22:00; Th 19:00-24:00; Fr-Sa 18:30-25:00""}",2026-08-10T08:57:15.983839+00:00
node,6478941102,Pretty Bird,restaurant,,chicken,,,146,South Regent Street,,Salt Lake City,UT,84111,"146 South Regent Street, Salt Lake City, UT 84111",,https://prettybirdchicken.com,info@prettybirdchicken.com,Mo-Th 11:00-21:00; Fr-Sa 11:00-22:00,,,,,40.7660316,-111.8899310,,,https://www.openstreetmap.org/node/6478941102,"{""addr:city"": ""Salt Lake City"", ""addr:housenumber"": ""146"", ""addr:postcode"": ""84111"", ""addr:state"": ""UT"", ""addr:street"": ""South Regent Street"", ""amenity"": ""restaurant"", ""cuisine"": ""chicken"", ""email"": ""info@prettybirdchicken.com"", ""name"": ""Pretty Bird"", ""opening_hours"": ""Mo-Th 11:00-21:00; Fr-Sa 11:00-22:00"", ""website"": ""https://prettybirdchicken.com""}",2026-08-10T08:57:15.983839+00:00
node,6478941103,Honest Eatery,restaurant,,,,,115,South Regent Street,115 B,Salt Lake City,UT,84111,"115 South Regent Street, 115 B, Salt Lake City, UT 84111",+1-801-532-4754,https://www.eatathonest.com/,,Mo-Fr 08:00-19:00; Sa 09:00-18:00; Su 09:00-15:00,,,,,40.7666268,-111.8896360,,,https://www.openstreetmap.org/node/6478941103,"{""addr:city"": ""Salt Lake City"", ""addr:housenumber"": ""115"", ""addr:postcode"": ""84111"", ""addr:state"": ""UT"", ""addr:street"": ""South Regent Street"", ""addr:unit"": ""115 B"", ""amenity"": ""restaurant"", ""level"": ""0"", ""name"": ""Honest Eatery"", ""opening_hours"": ""Mo-Fr 08:00-19:00; Sa 09:00-18:00; Su 09:00-15:00"", ""phone"": ""+1-801-532-4754"", ""website"": ""https://www.eatathonest.com/""}",2026-08-10T08:57:15.983839+00:00
node,6478978403,Caffe Molise,restaurant,,italian,,,404,South West Temple,,Salt Lake City,UT,84101,"404 South West Temple, Salt Lake City, UT 84101",+1 801-364-8833,http://caffemolise.com,,Mo-Su 11:30-15:00; Su-Th 17:00-21:00; Fr-Sa 17:00-22:00,,,,,40.7604021,-111.8942810,,,https://www.openstreetmap.org/node/6478978403,"{""addr:city"": ""Salt Lake City"", ""addr:housenumber"": ""404"", ""addr:postcode"": ""84101"", ""addr:state"": ""UT"", ""addr:street"": ""South West Temple"", ""amenity"": ""restaurant"", ""cuisine"": ""italian"", ""name"": ""Caffe Molise"", ""opening_hours"": ""Mo-Su 11:30-15:00; Su-Th 17:00-21:00; Fr-Sa 17:00-22:00"", ""phone"": ""+1 801-364-8833"", ""website"": ""http://caffemolise.com""}",2026-08-10T08:57:15.983839+00:00
node,6478978404,BTG Wine Bar,bar,,,,,,,,,,,,+1 801-359-2814,http://btgwinebar.com,,,,,,,40.7604554,-111.8943730,,,https://www.openstreetmap.org/node/6478978404,"{""amenity"": ""bar"", ""name"": ""BTG Wine Bar"", ""phone"": ""+1 801-359-2814"", ""website"": ""http://btgwinebar.com""}",2026-08-10T08:57:15.983839+00:00
node,6478982367,Fillings & Emulsions,,bakery,,,,1391,South 300 West,,Salt Lake City,UT,84115,"1391 South 300 West, Salt Lake City, UT 84115",+1-385-229-4228,https://fillingsandemulsions.com,,Mo-Fr 08:00-18:00; Sa 09:00-18:00,,,,,40.7393307,-111.8992516,,,https://www.openstreetmap.org/node/6478982367,"{""addr:city"": ""Salt Lake City"", ""addr:housenumber"": ""1391"", ""addr:postcode"": ""84115"", ""addr:state"": ""UT"", ""addr:street"": ""South 300 West"", ""name"": ""Fillings & Emulsions"", ""opening_hours"": ""Mo-Fr 08:00-18:00; Sa 09:00-18:00"", ""phone"": ""+1-385-229-4228"", ""shop"": ""bakery"", ""website"": ""https://fillingsandemulsions.com""}",2026-08-10T08:57:15.983839+00:00
node,6533999209,Mountain West Hard Cider,bar,,,,,425,North 400 West,,Salt Lake City,UT,,"425 North 400 West, Salt Lake City, UT",+1 801-935-4147,https://mountainwestcider.com,,Mo-Th 11:00-21:00; Fr-Sa 11:00-22:00; Su 11:00-19:00,,,,,40.7787712,-111.9028720,,,https://www.openstreetmap.org/node/6533999209,"{""addr:city"": ""Salt Lake City"", ""addr:housenumber"": ""425"", ""addr:state"": ""UT"", ""addr:street"": ""North 400 West"", ""amenity"": ""bar"", ""check_date"": ""2025-05-30"", ""contact:facebook"": ""https://www.facebook.com/MountainWestHardCider/"", ""name"": ""Mountain West Hard Cider"", ""opening_hours"": ""Mo-Th 11:00-21:00; Fr-Sa 11:00-22:00; Su 11:00-19:00"", ""phone"": ""+1 801-935-4147"", ""start_date"": ""2014"", ""website"": ""https://mountainwestcider.com""}",2026-08-10T08:57:15.983839+00:00
node,6533999210,The Garten,biergarten,,,,,,,,,,,,,,,,,,,,40.7785899,-111.9028805,,,https://www.openstreetmap.org/node/6533999210,"{""amenity"": ""biergarten"", ""name"": ""The Garten""}",2026-08-10T08:57:15.983839+00:00
node,6546381248,Tucci's Cucina Italiana,restaurant,,italian,,,515 S,700 East,1D,Salt Lake City,UT,84102,"515 S 700 East, 1D, Salt Lake City, UT 84102",+1-801-533-9111,https://tuccisslc.com/,tuccis@tuccisslc.com,"Mo-Th 11:30-21:00; Fr,Sa 11:30-22:00; Su 12:00-21:00",,yes,,yes,40.7579441,-111.8707200,,,https://www.openstreetmap.org/node/6546381248,"{""addr:city"": ""Salt Lake City"", ""addr:housenumber"": ""515 S"", ""addr:postcode"": ""84102"", ""addr:state"": ""UT"", ""addr:street"": ""700 East"", ""addr:unit"": ""1D"", ""amenity"": ""restaurant"", ""cuisine"": ""italian"", ""delivery"": ""yes"", ""diet:gluten_free"": ""yes"", ""email"": ""tuccis@tuccisslc.com"", ""name"": ""Tucci's Cucina Italiana"", ""opening_hours"": ""Mo-Th 11:30-21:00; Fr,Sa 11:30-22:00; Su 12:00-21:00"", ""phone"": ""+1-801-533-9111"", ""reservation"": ""yes"", ""website"": ""https://tuccisslc.com/"", ""wheelchair"": ""yes""}",2026-08-10T08:57:15.983839+00:00
node,6546381266,Kung Fu Tea,cafe,tea,bubble_tea,Kung Fu Tea,,464,South 600 East,,Salt Lake City,UT,84102,"464 South 600 East, Salt Lake City, UT 84102",+1-801-364-4558,https://www.kungfutea.com,,Tu-Th 12:00-21:30; Fr-Su 12:00-22:30,yes,,,,40.7590844,-111.8743750,,,https://www.openstreetmap.org/node/6546381266,"{""addr:city"": ""Salt Lake City"", ""addr:housenumber"": ""464"", ""addr:postcode"": ""84102"", ""addr:state"": ""UT"", ""addr:street"": ""South 600 East"", ""amenity"": ""cafe"", ""brand"": ""Kung Fu Tea"", ""brand:wikidata"": ""Q66023886"", ""cuisine"": ""bubble_tea"", ""name"": ""Kung Fu Tea"", ""opening_hours"": ""Tu-Th 12:00-21:30; Fr-Su 12:00-22:30"", ""phone"": ""+1-801-364-4558"", ""shop"": ""tea"", ""takeaway"": ""yes"", ""website"": ""https://www.kungfutea.com""}",2026-08-10T08:57:15.983839+00:00
node,6573465035,Neutral Ground Lounge,restaurant,,cajun,,,122,West Pierpont Avenue,,Salt Lake City,UT,,"122 West Pierpont Avenue, Salt Lake City, UT",,,,,,,,,40.7640859,-111.8948643,,,https://www.openstreetmap.org/node/6573465035,"{""addr:city"": ""Salt Lake City"", ""addr:housenumber"": ""122"", ""addr:state"": ""UT"", ""addr:street"": ""West Pierpont Avenue"", ""amenity"": ""restaurant"", ""cuisine"": ""cajun"", ""name"": ""Neutral Ground Lounge"", ""short_name"": ""Neutral Ground""}",2026-08-10T08:57:15.983839+00:00
node,6591671005,Street Tacos,fast_food,,mexican,,,243,West 400 South,,Salt Lake City,UT,84101,"243 West 400 South, Salt Lake City, UT 84101",+1-801-364-0249,https://streettacosut.com/,info@streettacosut.mysites.io,10:00-24:00,,,,,40.7603077,-111.8984110,,,https://www.openstreetmap.org/node/6591671005,"{""addr:city"": ""Salt Lake City"", ""addr:housenumber"": ""243"", ""addr:postcode"": ""84101"", ""addr:state"": ""UT"", ""addr:street"": ""West 400 South"", ""amenity"": ""fast_food"", ""check_date"": ""2024-06-08"", ""cuisine"": ""mexican"", ""diet:vegan"": ""limited"", ""diet:vegetarian"": ""yes"", ""drive_through"": ""yes"", ""email"": ""info@streettacosut.mysites.io"", ""name"": ""Street Tacos"", ""opening_hours"": ""10:00-24:00"", ""payment:cash"": ""yes"", ""payment:credit_cards"": ""yes"", ""payment:debit_cards"": ""yes"", ""phone"": ""+1-801-364-0249"", ""website"": ""https://streettacosut.com/""}",2026-08-10T08:57:15.983839+00:00
node,6597385875,Chedda Burger,restaurant,,burger,,,190,South 400 West,,Salt Lake City,UT,84101,"190 South 400 West, Salt Lake City, UT 84101",,,,,,,,,40.7655945,-111.9031680,,,https://www.openstreetmap.org/node/6597385875,"{""addr:city"": ""Salt Lake City"", ""addr:country"": ""US"", ""addr:housenumber"": ""190"", ""addr:postcode"": ""84101"", ""addr:state"": ""UT"", ""addr:street"": ""South 400 West"", ""amenity"": ""restaurant"", ""cuisine"": ""burger"", ""name"": ""Chedda Burger""}",2026-08-10T08:57:15.983839+00:00
node,6611023942,Cupla Coffee,cafe,,coffee_shop,,,77,West 200 South,,Salt Lake City,UT,84101,"77 West 200 South, Salt Lake City, UT 84101",+1 385-207-8362,https://cuplacoffee.com/,,Mo-Sa 07:00-19:00; Su 07:00-15:00,yes,no,yes,no,40.7646911,-111.8934510,,,https://www.openstreetmap.org/node/6611023942,"{""addr:city"": ""Salt Lake City"", ""addr:housenumber"": ""77"", ""addr:postcode"": ""84101"", ""addr:state"": ""UT"", ""addr:street"": ""West 200 South"", ""amenity"": ""cafe"", ""check_date"": ""2026-02-22"", ""cuisine"": ""coffee_shop"", ""delivery"": ""no"", ""dog"": ""patio_only"", ""internet_access"": ""wlan"", ""layer"": ""-1"", ""name"": ""Cupla Coffee"", ""opening_hours"": ""Mo-Sa 07:00-19:00; Su 07:00-15:00"", ""outdoor_seating"": ""yes"", ""payment:cash"": ""yes"", ""payment:credit_cards"": ""yes"", ""payment:debit_cards"": ""yes"", ""phone"": ""+1 385-207-8362"", ""takeaway"": ""yes"", ""website"": ""https://cuplacoffee.com/"", ""wheelchair"": ""no""}",2026-08-10T08:57:15.983839+00:00
node,6611041635,Lake Effect,bar,,,,,155,West 200 South,,Salt Lake City,UT,84101,"155 West 200 South, Salt Lake City, UT 84101",+1 801-532-2068,https://lakeeffectslc.com,,Mo-Su 11:00-25:00,,,yes,,40.7647997,-111.8958810,,,https://www.openstreetmap.org/node/6611041635,"{""addr:city"": ""Salt Lake City"", ""addr:housenumber"": ""155"", ""addr:postcode"": ""84101"", ""addr:state"": ""UT"", ""addr:street"": ""West 200 South"", ""amenity"": ""bar"", ""contact:instagram"": ""lakeeffectslc"", ""min_age"": ""21"", ""name"": ""Lake Effect"", ""opening_hours"": ""Mo-Su 11:00-25:00"", ""outdoor_seating"": ""yes"", ""phone"": ""+1 801-532-2068"", ""website"": ""https://lakeeffectslc.com"", ""website:menu"": ""https://www.lakeeffectslc.com/menus""}",2026-08-10T08:57:15.983839+00:00
node,6620807149,Panda Express,fast_food,,chinese,Panda Express,,,,,,,,,,,,,yes,,,,40.7650822,-111.8461122,,,https://www.openstreetmap.org/node/6620807149,"{""amenity"": ""fast_food"", ""brand"": ""Panda Express"", ""brand:wikidata"": ""Q1358690"", ""cuisine"": ""chinese"", ""fixme:atp"": ""no ATP match, check if still exists"", ""name"": ""Panda Express"", ""takeaway"": ""yes""}",2026-08-10T08:57:15.983839+00:00
node,6620807150,,fast_food,,juice,,,,,,,,,,,,,,,,,,40.7650978,-111.8458720,,,https://www.openstreetmap.org/node/6620807150,"{""amenity"": ""fast_food"", ""cuisine"": ""juice""}",2026-08-10T08:57:15.983839+00:00
node,6620807151,Einstein Bros. Bagels,fast_food,,bagel,Einstein Bros. Bagels,,200,South Central Campus Drive,C,Salt Lake City,UT,84112,"200 South Central Campus Drive, C, Salt Lake City, UT 84112",+1 801-585-9569,https://locations.einsteinbros.com/us/ut/salt-lake-city/200-central-campus-dr,,Mo-Fr 07:30-17:30,yes,,,,40.7650392,-111.8458390,,,https://www.openstreetmap.org/node/6620807151,"{""addr:city"": ""Salt Lake City"", ""addr:housenumber"": ""200"", ""addr:postcode"": ""84112"", ""addr:state"": ""UT"", ""addr:street"": ""South Central Campus Drive"", ""addr:unit"": ""C"", ""alt_name"": ""Einstein Brothers Bagels"", ""amenity"": ""fast_food"", ""branch"": ""Univ. of Utah"", ""brand"": ""Einstein Bros. Bagels"", ""brand:wikidata"": ""Q5349788"", ""cuisine"": ""bagel"", ""name"": ""Einstein Bros. Bagels"", ""opening_hours"": ""Mo-Fr 07:30-17:30"", ""phone"": ""+1 801-585-9569"", ""takeaway"": ""yes"", ""website"": ""https://locations.einsteinbros.com/us/ut/salt-lake-city/200-central-campus-dr""}",2026-08-10T08:57:15.983839+00:00
node,6624546732,A&W,fast_food,,burger,A&W,,555,East 400 South,,Salt Lake City,UT,84102,"555 East 400 South, Salt Lake City, UT 84102",+1-801-363-9652,https://awrestaurants.com/locations/utah/salt-lake-city/555-e-400-s/,,Mo-Su 10:30-20:30,yes,yes,,,40.7609342,-111.8750240,,,https://www.openstreetmap.org/node/6624546732,"{""addr:city"": ""Salt Lake City"", ""addr:country"": ""US"", ""addr:housenumber"": ""555"", ""addr:postcode"": ""84102"", ""addr:state"": ""UT"", ""addr:street"": ""East 400 South"", ""amenity"": ""fast_food"", ""brand"": ""A&W"", ""brand:wikidata"": ""Q277641"", ""cuisine"": ""burger"", ""delivery"": ""yes"", ""drive_through"": ""yes"", ""name"": ""A&W"", ""opening_hours"": ""Mo-Su 10:30-20:30"", ""phone"": ""+1-801-363-9652"", ""takeaway"": ""yes"", ""website"": ""https://awrestaurants.com/locations/utah/salt-lake-city/555-e-400-s/""}",2026-08-10T08:57:15.983839+00:00
node,6624546733,KFC,fast_food,,chicken,KFC,,555,East 400 South,,Salt Lake City,UT,84102,"555 East 400 South, Salt Lake City, UT 84102",+1 801-363-9652,https://locations.kfc.com/ut/salt-lake-city/555-east-400-south,,Mo-Su 10:30-20:30,yes,yes,,,40.7609351,-111.8749557,,,https://www.openstreetmap.org/node/6624546733,"{""addr:city"": ""Salt Lake City"", ""addr:country"": ""US"", ""addr:housenumber"": ""555"", ""addr:postcode"": ""84102"", ""addr:state"": ""UT"", ""addr:street"": ""East 400 South"", ""alt_name"": ""Kentucky Fried Chicken"", ""amenity"": ""fast_food"", ""brand"": ""KFC"", ""brand:wikidata"": ""Q524757"", ""cuisine"": ""chicken"", ""delivery"": ""yes"", ""name"": ""KFC"", ""opening_hours"": ""Mo-Su 10:30-20:30"", ""phone"": ""+1 801-363-9652"", ""takeaway"": ""yes"", ""website"": ""https://locations.kfc.com/ut/salt-lake-city/555-east-400-south""}",2026-08-10T08:57:15.983839+00:00
node,6629626834,Handosake,restaurant,,sushi,,,222,South Main Street,,Salt Lake City,UT,84101,"222 South Main Street, Salt Lake City, UT 84101",,https://handosake.com/,,Mo-Th 11:00-21:00; Fr-Sa 11:00-22:00,,,yes,,40.7642073,-111.8914750,,,https://www.openstreetmap.org/node/6629626834,"{""addr:city"": ""Salt Lake City"", ""addr:housenumber"": ""222"", ""addr:postcode"": ""84101"", ""addr:state"": ""UT"", ""addr:street"": ""South Main Street"", ""amenity"": ""restaurant"", ""check_date"": ""2025-01-27"", ""cuisine"": ""sushi"", ""name"": ""Handosake"", ""opening_hours"": ""Mo-Th 11:00-21:00; Fr-Sa 11:00-22:00"", ""outdoor_seating"": ""yes"", ""smoking"": ""no"", ""start_date"": ""2024-10"", ""strapline"": ""Japanese Handroll Bar"", ""website"": ""https://handosake.com/""}",2026-08-10T08:57:15.983839+00:00
node,6634234124,X-Wife's Place,bar,,,,,,,,,,,,+1 801 532 1954,https://www.barsaltlakecity.com,,12:00-26:00,,,,,40.7590435,-111.8707325,,,https://www.openstreetmap.org/node/6634234124,"{""amenity"": ""bar"", ""name"": ""X-Wife's Place"", ""opening_hours"": ""12:00-26:00"", ""phone"": ""+1 801 532 1954"", ""website"": ""https://www.barsaltlakecity.com""}",2026-08-10T08:57:15.983839+00:00
node,6639210736,Tin Angel At The Eccles,restaurant,,,,,,,,,,,,,https://thetinangel.com/,,,,,,,40.7662592,-111.8908262,,,https://www.openstreetmap.org/node/6639210736,"{""amenity"": ""restaurant"", ""check_date"": ""2026-02-22"", ""loc_name"": ""The Tin Angel"", ""name"": ""Tin Angel At The Eccles"", ""website"": ""https://thetinangel.com/""}",2026-08-10T08:57:15.983839+00:00
node,6658611579,Starbucks,cafe,,coffee_shop,Starbucks,,455,South 500 East,,Salt Lake City,UT,84102,"455 South 500 East, Salt Lake City, UT 84102",+1 801-328-6000,https://www.starbucks.com/store-locator/store/7585/smiths-salt-lake-city-94-455-s-500-e-salt-lake-city-ut-841022753-us,,Mo-Su 06:00-20:00,yes,,,,40.7591317,-111.8755370,,,https://www.openstreetmap.org/node/6658611579,"{""addr:city"": ""Salt Lake City"", ""addr:housenumber"": ""455"", ""addr:postcode"": ""84102"", ""addr:state"": ""UT"", ""addr:street"": ""South 500 East"", ""amenity"": ""cafe"", ""branch"": ""Smith's Salt Lake City 94"", ""brand"": ""Starbucks"", ""brand:wikidata"": ""Q37158"", ""cuisine"": ""coffee_shop"", ""description"": ""Located inside Smith's."", ""level"": ""0"", ""name"": ""Starbucks"", ""official_name"": ""Starbucks Coffee"", ""opening_hours"": ""Mo-Su 06:00-20:00"", ""phone"": ""+1 801-328-6000"", ""takeaway"": ""yes"", ""website"": ""https://www.starbucks.com/store-locator/store/7585/smiths-salt-lake-city-94-455-s-500-e-salt-lake-city-ut-841022753-us""}",2026-08-10T08:57:15.983839+00:00
node,6662671895,Starbucks,cafe,,coffee_shop,Starbucks,,80,South Main Street,,Salt Lake City,UT,84101,"80 South Main Street, Salt Lake City, UT 84101",+1 801-355-3037,https://www.starbucks.com/store-locator/store/91230/crandall-building-80-s-main-street-salt-lake-city-ut-841011506-us,,Mo-Fr 06:00-20:00; Sa 06:30-20:00; Su 08:00-19:00,yes,,,,40.7673965,-111.8914000,,,https://www.openstreetmap.org/node/6662671895,"{""addr:city"": ""Salt Lake City"", ""addr:housenumber"": ""80"", ""addr:postcode"": ""84101"", ""addr:state"": ""UT"", ""addr:street"": ""South Main Street"", ""amenity"": ""cafe"", ""branch"": ""Crandall Building"", ""brand"": ""Starbucks"", ""brand:wikidata"": ""Q37158"", ""country"": ""US"", ""cuisine"": ""coffee_shop"", ""level"": ""0"", ""name"": ""Starbucks"", ""official_name"": ""Starbucks Coffee"", ""opening_hours"": ""Mo-Fr 06:00-20:00; Sa 06:30-20:00; Su 08:00-19:00"", ""phone"": ""+1 801-355-3037"", ""takeaway"": ""yes"", ""website"": ""https://www.starbucks.com/store-locator/store/91230/crandall-building-80-s-main-street-salt-lake-city-ut-841011506-us""}",2026-08-10T08:57:15.983839+00:00
node,6699380899,Normal,ice_cream,,,,,169,East 900 South,,Salt Lake City,UT,84111,"169 East 900 South, Salt Lake City, UT 84111",,,,Mo-Su 12:00-22:00,,,,,40.7499796,-111.8858890,,,https://www.openstreetmap.org/node/6699380899,"{""addr:city"": ""Salt Lake City"", ""addr:country"": ""US"", ""addr:housenumber"": ""169"", ""addr:postcode"": ""84111"", ""addr:state"": ""UT"", ""addr:street"": ""East 900 South"", ""amenity"": ""ice_cream"", ""name"": ""Normal"", ""opening_hours"": ""Mo-Su 12:00-22:00""}",2026-08-10T08:57:15.983839+00:00
node,6703526288,Quarters,bar,,,,,5,East 400 South,,Salt Lake City,UT,84111,"5 East 400 South, Salt Lake City, UT 84111",,https://www.quartersslc.com/downtown,,Mo-Su 16:00-02:00,,,,,40.7608508,-111.8906850,,,https://www.openstreetmap.org/node/6703526288,"{""addr:city"": ""Salt Lake City"", ""addr:housenumber"": ""5"", ""addr:postcode"": ""84111"", ""addr:state"": ""UT"", ""addr:street"": ""East 400 South"", ""amenity"": ""bar"", ""check_date"": ""2025-07-26"", ""leisure"": ""amusement_arcade"", ""level"": ""-1"", ""min_age"": ""21"", ""name"": ""Quarters"", ""opening_hours"": ""Mo-Su 16:00-02:00"", ""payment:cash"": ""yes"", ""payment:credit_cards"": ""yes"", ""payment:debit_cards"": ""yes"", ""website"": ""https://www.quartersslc.com/downtown""}",2026-08-10T08:57:15.983839+00:00
node,6805873030,Cinnabon,fast_food,,dessert,Cinnabon,,2025,South 900 West,,Salt Lake City,UT,84119,"2025 South 900 West, Salt Lake City, UT 84119",+1-801-972-3711,https://locations.cinnabon.com/ut/salt-lake-city/2025-s-900-w,,Mo-Su 06:00-19:00,yes,,,yes,40.7265831,-111.9154764,,,https://www.openstreetmap.org/node/6805873030,"{""addr:city"": ""Salt Lake City"", ""addr:housenumber"": ""2025"", ""addr:postcode"": ""84119"", ""addr:state"": ""UT"", ""addr:street"": ""South 900 West"", ""air_conditioning"": ""yes"", ""amenity"": ""fast_food"", ""brand"": ""Cinnabon"", ""brand:website"": ""https://www.cinnabon.com/"", ""brand:wikidata"": ""Q1092539"", ""cuisine"": ""dessert"", ""description"": ""Located inside convenience store."", ""drive_through"": ""no"", ""name"": ""Cinnabon"", ""opening_hours"": ""Mo-Su 06:00-19:00"", ""payment:cash"": ""yes"", ""payment:credit_cards"": ""yes"", ""phone"": ""+1-801-972-3711"", ""takeaway"": ""yes"", ""website"": ""https://locations.cinnabon.com/ut/salt-lake-city/2025-s-900-w"", ""wheelchair"": ""yes""}",2026-08-10T08:57:15.983839+00:00
node,6808247499,Beans and Brews,cafe,,coffee_shop,,,1953,West California Avenue,,Salt Lake City,UT,84104,"1953 West California Avenue, Salt Lake City, UT 84104",+1-801- 977-3900,http://www.beansandbrews.com/coffee-shops/salt-lake-city-sapp-bros/,,"Mo-Th 05:00-21:00; Fr 05:00-22:00; Sa 06:00-22:00,06:00-20:30",only,,no,yes,40.7400070,-111.9463801,,,https://www.openstreetmap.org/node/6808247499,"{""addr:city"": ""Salt Lake City"", ""addr:housenumber"": ""1953"", ""addr:postcode"": ""84104"", ""addr:state"": ""UT"", ""addr:street"": ""West California Avenue"", ""air_conditioning"": ""yes"", ""amenity"": ""cafe"", ""cuisine"": ""coffee_shop"", ""description"": ""Located inside Sapp Brothers."", ""internet_access"": ""wlan"", ""name"": ""Beans and Brews"", ""opening_hours"": ""Mo-Th 05:00-21:00; Fr 05:00-22:00; Sa 06:00-22:00,06:00-20:30"", ""outdoor_seating"": ""no"", ""payment:cash"": ""yes"", ""payment:credit_cards"": ""yes"", ""phone"": ""+1-801- 977-3900"", ""smoking"": ""outside"", ""takeaway"": ""only"", ""website"": ""http://www.beansandbrews.com/coffee-shops/salt-lake-city-sapp-bros/"", ""wheelchair"": ""yes""}",2026-08-10T08:57:15.983839+00:00
node,6808247500,Apple Barrel,restaurant,,,,,1953,West California Avenue,,Salt Lake City,UT,84104,"1953 West California Avenue, Salt Lake City, UT 84104",,https://applebarrelrestaurant.com,,Mo-Su 06:00-22:00,,,,yes,40.7400106,-111.9462306,,,https://www.openstreetmap.org/node/6808247500,"{""addr:city"": ""Salt Lake City"", ""addr:housenumber"": ""1953"", ""addr:postcode"": ""84104"", ""addr:state"": ""UT"", ""addr:street"": ""West California Avenue"", ""air_conditioning"": ""yes"", ""amenity"": ""restaurant"", ""description"": ""Located inside Sapp Brothers."", ""internet_access"": ""wlan"", ""name"": ""Apple Barrel"", ""opening_hours"": ""Mo-Su 06:00-22:00"", ""smoking"": ""outside"", ""website"": ""https://applebarrelrestaurant.com"", ""wheelchair"": ""yes""}",2026-08-10T08:57:15.983839+00:00
node,6928865947,ShakeSmart,fast_food,,,,,,,,,,,,,,,,,,,,40.7648932,-111.8381536,,,https://www.openstreetmap.org/node/6928865947,"{""amenity"": ""fast_food"", ""name"": ""ShakeSmart""}",2026-08-10T08:57:15.983839+00:00
node,6949026707,Skillets,restaurant,,,,,282,East 900 South,,Salt Lake City,UT,84111,"282 East 900 South, Salt Lake City, UT 84111",+1 801-900-9988,https://www.eatskilletsut.com,eatskilletsut@gmail.com,We-Mo 07:00-14:00; Tu off,,,yes,,40.7494790,-111.8827350,,,https://www.openstreetmap.org/node/6949026707,"{""addr:city"": ""Salt Lake City"", ""addr:housenumber"": ""282"", ""addr:postcode"": ""84111"", ""addr:state"": ""UT"", ""addr:street"": ""East 900 South"", ""amenity"": ""restaurant"", ""contact:instagram"": ""@eatskillets"", ""diet:gluten_free"": ""yes"", ""diet:vegan"": ""no"", ""diet:vegetarian"": ""yes"", ""email"": ""eatskilletsut@gmail.com"", ""name"": ""Skillets"", ""opening_hours"": ""We-Mo 07:00-14:00; Tu off"", ""outdoor_seating"": ""yes"", ""phone"": ""+1 801-900-9988"", ""smoking"": ""no"", ""website"": ""https://www.eatskilletsut.com""}",2026-08-10T08:57:15.983839+00:00
node,6960361172,La Barba Coffee,cafe,,coffee_shop;tacos,,,155,East 900 South,,Salt Lake City,UT,,"155 East 900 South, Salt Lake City, UT",,,,"Mo-Fr 07:00-14:00, Sa-Su 08:00-14:00",,,yes,,40.7500149,-111.8864150,,,https://www.openstreetmap.org/node/6960361172,"{""addr:city"": ""Salt Lake City"", ""addr:housenumber"": ""155"", ""addr:state"": ""UT"", ""addr:street"": ""East 900 South"", ""amenity"": ""cafe"", ""cuisine"": ""coffee_shop;tacos"", ""internet_access"": ""wlan"", ""internet_access:fee"": ""customers"", ""name"": ""La Barba Coffee"", ""opening_hours"": ""Mo-Fr 07:00-14:00, Sa-Su 08:00-14:00"", ""outdoor_seating"": ""yes""}",2026-08-10T08:57:15.983839+00:00
node,6960411702,Papa John's,fast_food,,pizza,Papa John's,,124,East 900 South,,Salt Lake City,UT,84111,"124 East 900 South, Salt Lake City, UT 84111",+1 801-521-7272,https://locations.papajohns.com/united-states/ut/84111/salt-lake-city/124-e-900-s,,09:30-24:00,yes,,,,40.7495824,-111.8873420,,,https://www.openstreetmap.org/node/6960411702,"{""addr:city"": ""Salt Lake City"", ""addr:housenumber"": ""124"", ""addr:postcode"": ""84111"", ""addr:state"": ""UT"", ""addr:street"": ""East 900 South"", ""amenity"": ""fast_food"", ""brand"": ""Papa John's"", ""brand:wikidata"": ""Q2759586"", ""cuisine"": ""pizza"", ""name"": ""Papa John's"", ""opening_hours"": ""09:30-24:00"", ""phone"": ""+1 801-521-7272"", ""takeaway"": ""yes"", ""website"": ""https://locations.papajohns.com/united-states/ut/84111/salt-lake-city/124-e-900-s""}",2026-08-10T08:57:15.983839+00:00
node,7020860673,Market Nono,cafe,,,,,925,East 900 South,,Salt Lake City,UT,,"925 East 900 South, Salt Lake City, UT",,,,,,,,,40.7500603,-111.8643580,,,https://www.openstreetmap.org/node/7020860673,"{""addr:city"": ""Salt Lake City"", ""addr:housenumber"": ""925"", ""addr:state"": ""UT"", ""addr:street"": ""East 900 South"", ""amenity"": ""cafe"", ""name"": ""Market Nono""}",2026-08-10T08:57:15.983839+00:00
node,7041966232,Thai Garden Bistro,restaurant,,thai,,,868,East 900 South,,Salt Lake City,UT,84105,"868 East 900 South, Salt Lake City, UT 84105",+1-801-355-8899,https://www.thaigardenslc.com/,,Mo-Fr 11:00-25:00; Sa 12:00-25:00; Su 16:00-25:00,,,,,40.7495362,-111.8663120,,,https://www.openstreetmap.org/node/7041966232,"{""addr:city"": ""Salt Lake City"", ""addr:housenumber"": ""868"", ""addr:postcode"": ""84105"", ""addr:state"": ""UT"", ""addr:street"": ""East 900 South"", ""amenity"": ""restaurant"", ""cuisine"": ""thai"", ""name"": ""Thai Garden Bistro"", ""opening_hours"": ""Mo-Fr 11:00-25:00; Sa 12:00-25:00; Su 16:00-25:00"", ""phone"": ""+1-801-355-8899"", ""website"": ""https://www.thaigardenslc.com/""}",2026-08-10T08:57:15.983839+00:00
node,7064743218,Bird Feeder Café,cafe,,,,,,,,,,,,,,,Mo-Su 09:00-16:30,,,yes,,40.7433616,-111.8761474,,,https://www.openstreetmap.org/node/7064743218,"{""amenity"": ""cafe"", ""name"": ""Bird Feeder Café"", ""opening_hours"": ""Mo-Su 09:00-16:30"", ""outdoor_seating"": ""yes""}",2026-08-10T08:57:15.983839+00:00
node,7080390447,Tappo,restaurant,,tapas,,,565,East 2100 South,,Salt Lake City,UT,84106,"565 East 2100 South, Salt Lake City, UT 84106",,,,Mo-Th 11:00-21:00; Fr-Sa 11:00-22:00,,,yes,,40.7256563,-111.8748070,,,https://www.openstreetmap.org/node/7080390447,"{""addr:city"": ""Salt Lake City"", ""addr:country"": ""US"", ""addr:housenumber"": ""565"", ""addr:postcode"": ""84106"", ""addr:state"": ""UT"", ""addr:street"": ""East 2100 South"", ""amenity"": ""restaurant"", ""bar"": ""yes"", ""cuisine"": ""tapas"", ""name"": ""Tappo"", ""opening_hours"": ""Mo-Th 11:00-21:00; Fr-Sa 11:00-22:00"", ""outdoor_seating"": ""yes""}",2026-08-10T08:57:15.983839+00:00
node,7080960785,Mira Mira,cafe,,coffee_shop,,,401,North 300 West,,Salt Lake City,UT,84103,"401 North 300 West, Salt Lake City, UT 84103",+1-801-225-2092,,,Mo-Su 07:00-19:00,,,,,40.7782805,-111.9000060,,,https://www.openstreetmap.org/node/7080960785,"{""addr:city"": ""Salt Lake City"", ""addr:housenumber"": ""401"", ""addr:postcode"": ""84103"", ""addr:state"": ""UT"", ""addr:street"": ""North 300 West"", ""amenity"": ""cafe"", ""cuisine"": ""coffee_shop"", ""name"": ""Mira Mira"", ""opening_hours"": ""Mo-Su 07:00-19:00"", ""phone"": ""+1-801-225-2092""}",2026-08-10T08:57:15.983839+00:00
node,7235572389,Arempa's,restaurant,,venezuelan,,,350,South State Street,,Salt Lake City,UT,84111,"350 South State Street, Salt Lake City, UT 84111",+1 385-301-8905,https://www.arempas.com/,,Mo-We 10:00-22:00; Th 10:00-23:30; Fr-Sa 10:00-02:00; Su 12:00-02:30,,,,,40.7615454,-111.8885340,,,https://www.openstreetmap.org/node/7235572389,"{""addr:city"": ""Salt Lake City"", ""addr:housenumber"": ""350"", ""addr:postcode"": ""84111"", ""addr:state"": ""UT"", ""addr:street"": ""South State Street"", ""amenity"": ""restaurant"", ""check_date"": ""2025-06-02"", ""cuisine"": ""venezuelan"", ""diet:vegan"": ""yes"", ""full_name"": ""Arempa's Venezuelan Cuisine"", ""name"": ""Arempa's"", ""opening_hours"": ""Mo-We 10:00-22:00; Th 10:00-23:30; Fr-Sa 10:00-02:00; Su 12:00-02:30"", ""phone"": ""+1 385-301-8905"", ""start_date"": ""2019"", ""website"": ""https://www.arempas.com/""}",2026-08-10T08:57:15.983839+00:00
node,7258547582,Starbucks,cafe,,coffee_shop,Starbucks,,2254,South 1300 East,,Salt Lake City,UT,84106,"2254 South 1300 East, Salt Lake City, UT 84106",+1 801-483-2974,https://www.starbucks.com/store-locator/store/5459-286327/13-th-and-simpson-sugar-house-2254-south-1300-east-salt-lake-city-ut-841062831-u,,04:30-21:30,yes,,,,40.7217657,-111.8542350,,,https://www.openstreetmap.org/node/7258547582,"{""addr:city"": ""Salt Lake City"", ""addr:housenumber"": ""2254"", ""addr:postcode"": ""84106"", ""addr:state"": ""UT"", ""addr:street"": ""South 1300 East"", ""amenity"": ""cafe"", ""branch"": ""13th and Simpson - Sugar House"", ""brand"": ""Starbucks"", ""brand:wikidata"": ""Q37158"", ""cuisine"": ""coffee_shop"", ""name"": ""Starbucks"", ""official_name"": ""Starbucks Coffee"", ""opening_hours"": ""04:30-21:30"", ""phone"": ""+1 801-483-2974"", ""ref"": ""1023107"", ""takeaway"": ""yes"", ""website"": ""https://www.starbucks.com/store-locator/store/5459-286327/13-th-and-simpson-sugar-house-2254-south-1300-east-salt-lake-city-ut-841062831-u""}",2026-08-10T08:57:15.983839+00:00
node,7339376603,McDonald's,fast_food,,burger,McDonald's,,,,,,,,,,,,,yes,,,,40.7408994,-111.9015810,,,https://www.openstreetmap.org/node/7339376603,"{""amenity"": ""fast_food"", ""brand"": ""McDonald's"", ""brand:wikidata"": ""Q38076"", ""cuisine"": ""burger"", ""fixme:atp"": ""Check if still exists. No corresponding ATP object."", ""name"": ""McDonald's"", ""takeaway"": ""yes""}",2026-08-10T08:57:15.983839+00:00
node,7616870738,Vessel Kitchen,restaurant,,american;lebanese;international,,,902,East 900 South,,Salt Lake City,UT,84105,"902 East 900 South, Salt Lake City, UT 84105",+1-801-810-1950,https://www.vesselkitchen.com,,Su-We 11:00-21:00; Th-Sa 11:00-22:00,,,,,40.7500523,-111.8648110,,,https://www.openstreetmap.org/node/7616870738,"{""addr:city"": ""Salt Lake City"", ""addr:housenumber"": ""902"", ""addr:postcode"": ""84105"", ""addr:state"": ""UT"", ""addr:street"": ""East 900 South"", ""amenity"": ""restaurant"", ""check_date"": ""2025-04-19"", ""check_date:opening_hours"": ""2025-04-19"", ""contact:facebook"": ""vesselkitchen"", ""contact:instagram"": ""vesselkitchen"", ""cuisine"": ""american;lebanese;international"", ""name"": ""Vessel Kitchen"", ""opening_hours"": ""Su-We 11:00-21:00; Th-Sa 11:00-22:00"", ""payment:cash"": ""no"", ""payment:credit_cards"": ""yes"", ""payment:debit_cards"": ""yes"", ""payment:mastercard"": ""yes"", ""payment:visa"": ""yes"", ""phone"": ""+1-801-810-1950"", ""website"": ""https://www.vesselkitchen.com"", ""website:menu"": ""https://www.vesselkitchen.com/menu""}",2026-08-10T08:57:15.983839+00:00
node,7633023664,The Canyon Cafe,cafe,,sandwich,,,301,South Wakara Way,,Salt Lake City,UT,84108,"301 South Wakara Way, Salt Lake City, UT 84108",,,,Mo-Fr 09:00-16:00; We 09:00-19:00,,,yes,,40.7642492,-111.8230510,,,https://www.openstreetmap.org/node/7633023664,"{""addr:city"": ""Salt Lake City"", ""addr:housenumber"": ""301"", ""addr:postcode"": ""84108"", ""addr:state"": ""UT"", ""addr:street"": ""South Wakara Way"", ""amenity"": ""cafe"", ""cuisine"": ""sandwich"", ""internet_access"": ""yes"", ""name"": ""The Canyon Cafe"", ""opening_hours"": ""Mo-Fr 09:00-16:00; We 09:00-19:00"", ""outdoor_seating"": ""yes""}",2026-08-10T08:57:15.983839+00:00
node,7797720176,Salt Lake Brewing Company,restaurant,,american,,,168,West 300 South,,Salt Lake City,UT,84101,"168 West 300 South, Salt Lake City, UT 84101",+1 801-363-2739,https://www.saltlakebrewingco.com/squatters,,Mo-Fr 11:30-23:00; Sa-Su 09:00-23:00,,,,limited,40.7625666,-111.8957060,,,https://www.openstreetmap.org/node/7797720176,"{""addr:city"": ""Salt Lake City"", ""addr:country"": ""US"", ""addr:housenumber"": ""168"", ""addr:postcode"": ""84101"", ""addr:state"": ""UT"", ""addr:street"": ""West 300 South"", ""amenity"": ""restaurant"", ""brewery"": ""yes"", ""cuisine"": ""american"", ""diet:vegan"": ""yes"", ""microbrewery"": ""yes"", ""name"": ""Salt Lake Brewing Company"", ""opening_hours"": ""Mo-Fr 11:30-23:00; Sa-Su 09:00-23:00"", ""phone"": ""+1 801-363-2739"", ""start_date"": ""1984"", ""website"": ""https://www.saltlakebrewingco.com/squatters"", ""wheelchair"": ""limited""}",2026-08-10T08:57:15.983839+00:00
node,7834214734,Rio Grande Cafe,restaurant,,mexican,,,258,1300 East,,Salt Lake City,UT,84102,"258 1300 East, Salt Lake City, UT 84102",+1-801-364-3302,https://riograndecafeslc.com,,Mo-Sa 11:00-22:00; Su 11:00-21:00,,no,yes,yes,40.7634990,-111.8543780,,,https://www.openstreetmap.org/node/7834214734,"{""addr:city"": ""Salt Lake City"", ""addr:housenumber"": ""258"", ""addr:postcode"": ""84102"", ""addr:state"": ""UT"", ""addr:street"": ""1300 East"", ""amenity"": ""restaurant"", ""contact:facebook"": ""TheRioSLC"", ""contact:instagram"": ""riograndecafe"", ""cuisine"": ""mexican"", ""delivery"": ""no"", ""name"": ""Rio Grande Cafe"", ""opening_hours"": ""Mo-Sa 11:00-22:00; Su 11:00-21:00"", ""outdoor_seating"": ""yes"", ""phone"": ""+1-801-364-3302"", ""smoking"": ""outside"", ""website"": ""https://riograndecafeslc.com"", ""website:menu"": ""https://riograndecafeslc.com/#menu"", ""wheelchair"": ""yes""}",2026-08-10T08:57:15.983839+00:00
node,7834214738,Indochine Vietnamese Bistro,restaurant,,chinese;vietnamese,,,230,1300 East,,Salt Lake City,,84102,"230 1300 East, Salt Lake City, 84102",+1-385-205-6321,https://indochineslc.com/,,Mo-Th 11:00-21:00; Fr 11:00-22:00; Sa 12:00-22:00; Su 12:00-21:00,,,yes,yes,40.7640497,-111.8543290,,,https://www.openstreetmap.org/node/7834214738,"{""addr:city"": ""Salt Lake City"", ""addr:housenumber"": ""230"", ""addr:postcode"": ""84102"", ""addr:street"": ""1300 East"", ""amenity"": ""restaurant"", ""contact:instagram"": ""indochinesaltlake"", ""cuisine"": ""chinese;vietnamese"", ""name"": ""Indochine Vietnamese Bistro"", ""note"": ""2026-04:  The opening hours on their door and on their website do not match. I don't know which is correct."", ""opening_hours"": ""Mo-Th 11:00-21:00; Fr 11:00-22:00; Sa 12:00-22:00; Su 12:00-21:00"", ""outdoor_seating"": ""yes"", ""phone"": ""+1-385-205-6321"", ""website"": ""https://indochineslc.com/"", ""website:menu"": ""https://indochineslc.com/salt-lake-city-indochine-vietnamese-bistro-restaurant-food-menu"", ""wheelchair"": ""yes""}",2026-08-10T08:57:15.983839+00:00
node,7834214739,The Pie Pizzeria - Take Out & Delivery,fast_food,,pizza,,,273,South 1300 East,,Salt Lake City,UT,84102,"273 South 1300 East, Salt Lake City, UT 84102",+1 801-582-5700,https://thepie.com/,,Mo-Th 10:30-22:00; Fr-Sa 10:30-23:00; Su 12:00-22:00,only,yes,yes,,40.7632737,-111.8534200,,,https://www.openstreetmap.org/node/7834214739,"{""addr:city"": ""Salt Lake City"", ""addr:housenumber"": ""273"", ""addr:postcode"": ""84102"", ""addr:state"": ""UT"", ""addr:street"": ""South 1300 East"", ""alt_name"": ""The Pie To Go"", ""amenity"": ""fast_food"", ""check_date"": ""2024-06-03"", ""contact:facebook"": ""ThePiePizzeria"", ""contact:instagram"": ""thepiepizzeria"", ""contact:twitter"": ""thepiepizzeria"", ""cuisine"": ""pizza"", ""delivery"": ""yes"", ""diet:vegan"": ""yes"", ""diet:vegetarian"": ""yes"", ""drive_through"": ""no"", ""name"": ""The Pie Pizzeria - Take Out & Delivery"", ""note"": ""The old location on 200 S was damaged by a fire"", ""opening_hours"": ""Mo-Th 10:30-22:00; Fr-Sa 10:30-23:00; Su 12:00-22:00"", ""outdoor_seating"": ""yes"", ""phone"": ""+1 801-582-5700"", ""takeaway"": ""only"", ""website"": ""https://thepie.com/"", ""website:menu"": ""https://thepie.com/menu""}",2026-08-10T08:57:15.983839+00:00
node,7855166505,Panchos Mexican Grill,restaurant,,mexican,,,250,West 2100 South,,Salt Lake City,UT,84115,"250 West 2100 South, Salt Lake City, UT 84115",+1-801-666-9778,https://panchosmexicangrillslc.com/,panchosmexicangrill1@gmail.com,Mo-Sa 09:00-20:00; Tu off; Su 09:00-16:00,,,,,40.7256792,-111.8979780,,,https://www.openstreetmap.org/node/7855166505,"{""addr:city"": ""Salt Lake City"", ""addr:country"": ""US"", ""addr:housenumber"": ""250"", ""addr:postcode"": ""84115"", ""addr:state"": ""UT"", ""addr:street"": ""West 2100 South"", ""amenity"": ""restaurant"", ""cuisine"": ""mexican"", ""email"": ""panchosmexicangrill1@gmail.com"", ""name"": ""Panchos Mexican Grill"", ""opening_hours"": ""Mo-Sa 09:00-20:00; Tu off; Su 09:00-16:00"", ""payment:credit_card"": ""yes"", ""payment:girocard"": ""yes"", ""phone"": ""+1-801-666-9778"", ""strapline"": ""La casa de la birria"", ""website"": ""https://panchosmexicangrillslc.com/""}",2026-08-10T08:57:15.983839+00:00
node,7855166511,Slice House,restaurant,,pizza,,,1332,South Foothill Drive,,Salt Lake City,UT,84108,"1332 South Foothill Drive, Salt Lake City, UT 84108",,,,Su-Th 11:00-21:00; Fr-Sa 11:00-22:00,,,yes,,40.7405201,-111.8273740,,,https://www.openstreetmap.org/node/7855166511,"{""addr:city"": ""Salt Lake City"", ""addr:housenumber"": ""1332"", ""addr:postcode"": ""84108"", ""addr:state"": ""UT"", ""addr:street"": ""South Foothill Drive"", ""amenity"": ""restaurant"", ""cuisine"": ""pizza"", ""diet:vegetarian"": ""yes"", ""name"": ""Slice House"", ""opening_hours"": ""Su-Th 11:00-21:00; Fr-Sa 11:00-22:00"", ""outdoor_seating"": ""yes""}",2026-08-10T08:57:15.983839+00:00
node,7897114661,Skewered Thai,restaurant,,thai,,,575,700 East,,Salt Lake City,,84102,"575 700 East, Salt Lake City, 84102",+1 801-364-1144,https://skeweredthai.com/,,"Mo-Fr 11:00-16:00, 17:00-21:00; Sa-Su 12:00-21:00",,,,,40.7567438,-111.8707681,,,https://www.openstreetmap.org/node/7897114661,"{""addr:city"": ""Salt Lake City"", ""addr:housenumber"": ""575"", ""addr:postcode"": ""84102"", ""addr:street"": ""700 East"", ""amenity"": ""restaurant"", ""cuisine"": ""thai"", ""name"": ""Skewered Thai"", ""opening_hours"": ""Mo-Fr 11:00-16:00, 17:00-21:00; Sa-Su 12:00-21:00"", ""phone"": ""+1 801-364-1144"", ""website"": ""https://skeweredthai.com/"", ""website:menu"": ""https://skeweredthai.com/dinner.html""}",2026-08-10T08:57:15.983839+00:00
node,7926224853,Tacos 801,restaurant,,taco,,,1290,S 300 West,,Salt Lake City,UT,,"1290 S 300 West, Salt Lake City, UT",+1-801-906-0136,,,,,,,,40.7418893,-111.9001470,,,https://www.openstreetmap.org/node/7926224853,"{""addr:city"": ""Salt Lake City"", ""addr:housenumber"": ""1290"", ""addr:state"": ""UT"", ""addr:street"": ""S 300 West"", ""amenity"": ""restaurant"", ""contact:instagram"": ""instagram.com/tacos801ut"", ""cuisine"": ""taco"", ""name"": ""Tacos 801"", ""phone"": ""+1-801-906-0136""}",2026-08-10T08:57:15.983839+00:00
node,7928632809,Stone Ground Bakery Facility #2,,bakery,,,,,,,,,,,,,,,,,,,40.7466203,-111.9115218,,,https://www.openstreetmap.org/node/7928632809,"{""name"": ""Stone Ground Bakery Facility #2"", ""shop"": ""bakery""}",2026-08-10T08:57:15.983839+00:00
node,7928647193,Club Try-Angles,bar,,,,,251,West 900 South,,Salt Lake City,UT,84101,"251 West 900 South, Salt Lake City, UT 84101",,https://clubtryangles.com/,,"Mo-Fr 16:00-01:00, Sa 18:00-01:00, Su 14:00-01:00",,,patio,,40.7495344,-111.8985315,,,https://www.openstreetmap.org/node/7928647193,"{""addr:city"": ""Salt Lake City"", ""addr:housenumber"": ""251"", ""addr:postcode"": ""84101"", ""addr:state"": ""UT"", ""addr:street"": ""West 900 South"", ""amenity"": ""bar"", ""brewery"": ""yes"", ""lgbtq"": ""primary"", ""min_age"": ""21"", ""name"": ""Club Try-Angles"", ""opening_hours"": ""Mo-Fr 16:00-01:00, Sa 18:00-01:00, Su 14:00-01:00"", ""outdoor_seating"": ""patio"", ""website"": ""https://clubtryangles.com/""}",2026-08-10T08:57:15.983839+00:00
node,7928693385,Spice on 9th,restaurant,,,,,422A,West 900 South,101,Salt Lake City,UT,84101,"422A West 900 South, 101, Salt Lake City, UT 84101",+1-385-202-5207,https://spicekitchenincubator.org,,Tu-Th 17:00-21:00; Fr-Sa 16:00-21:00; Su 15:00-20:00; Mo off,,,,,40.7500021,-111.9034420,,,https://www.openstreetmap.org/node/7928693385,"{""addr:city"": ""Salt Lake City"", ""addr:housenumber"": ""422A"", ""addr:postcode"": ""84101"", ""addr:state"": ""UT"", ""addr:street"": ""West 900 South"", ""addr:street:prefix"": ""West"", ""addr:unit"": ""101"", ""amenity"": ""restaurant"", ""name"": ""Spice on 9th"", ""opening_hours"": ""Tu-Th 17:00-21:00; Fr-Sa 16:00-21:00; Su 15:00-20:00; Mo off"", ""phone"": ""+1-385-202-5207"", ""website"": ""https://spicekitchenincubator.org""}",2026-08-10T08:57:15.983839+00:00
node,7932628167,Oromian,restaurant,,ethiopian,,,1522,South State Street,,Salt Lake City,UT,84115,"1522 South State Street, Salt Lake City, UT 84115",+1-801-978-9673,https://oromianrestaurant.com/,,Mo-Th 16:00-21:00; Fr-Sa 12:00-12:00,,,,,40.7364559,-111.8885710,,,https://www.openstreetmap.org/node/7932628167,"{""addr:city"": ""Salt Lake City"", ""addr:housenumber"": ""1522"", ""addr:postcode"": ""84115"", ""addr:state"": ""UT"", ""addr:street"": ""South State Street"", ""amenity"": ""restaurant"", ""cuisine"": ""ethiopian"", ""name"": ""Oromian"", ""opening_hours"": ""Mo-Th 16:00-21:00; Fr-Sa 12:00-12:00"", ""phone"": ""+1-801-978-9673"", ""website"": ""https://oromianrestaurant.com/""}",2026-08-10T08:57:15.983839+00:00
node,7961114332,Gossip Kitchen,restaurant,,japanese;italian,,,152,East 200 South,,Salt Lake City,UT,84111,"152 East 200 South, Salt Lake City, UT 84111",+1 385-556-0790,https://gossipkitchenutah.com,,,,,,,40.7647652,-111.8864510,,,https://www.openstreetmap.org/node/7961114332,"{""addr:city"": ""Salt Lake City"", ""addr:housenumber"": ""152"", ""addr:postcode"": ""84111"", ""addr:state"": ""UT"", ""addr:street"": ""East 200 South"", ""amenity"": ""restaurant"", ""cuisine"": ""japanese;italian"", ""name"": ""Gossip Kitchen"", ""phone"": ""+1 385-556-0790"", ""website"": ""https://gossipkitchenutah.com""}",2026-08-10T08:57:15.983839+00:00
node,7961114334,Nacho Daddy,restaurant,,mexican,,,241,West 200 South,,Salt Lake City,UT,84101,"241 West 200 South, Salt Lake City, UT 84101",+1 801-869-1066,https://nachodaddy.com/locations/salt-lake-city/,,Mo-Th 11:00-22:00; Fr-Sa 11:00-24:00; Su 11:00-22:00,,,,,40.7647502,-111.8982720,,,https://www.openstreetmap.org/node/7961114334,"{""addr:city"": ""Salt Lake City"", ""addr:housenumber"": ""241"", ""addr:postcode"": ""84101"", ""addr:state"": ""UT"", ""addr:street"": ""West 200 South"", ""amenity"": ""restaurant"", ""cuisine"": ""mexican"", ""name"": ""Nacho Daddy"", ""opening_hours"": ""Mo-Th 11:00-22:00; Fr-Sa 11:00-24:00; Su 11:00-22:00"", ""phone"": ""+1 801-869-1066"", ""strapline"": ""Gourmet Nachos and Margaritas"", ""website"": ""https://nachodaddy.com/locations/salt-lake-city/""}",2026-08-10T08:57:15.983839+00:00
node,7983069505,Carson Kitchen,restaurant,,,,,241,West 200 South,,Salt Lake City,UT,84101,"241 West 200 South, Salt Lake City, UT 84101",+1 385-252-3200,https://carsonkitchen.com,,Mo-Th 11:30-22:00; Fr-Sa 11:30-23:00; Su 11:00-22:00,,,,,40.7647494,-111.8984450,,,https://www.openstreetmap.org/node/7983069505,"{""addr:city"": ""Salt Lake City"", ""addr:housenumber"": ""241"", ""addr:postcode"": ""84101"", ""addr:state"": ""UT"", ""addr:street"": ""West 200 South"", ""amenity"": ""restaurant"", ""name"": ""Carson Kitchen"", ""opening_hours"": ""Mo-Th 11:30-22:00; Fr-Sa 11:30-23:00; Su 11:00-22:00"", ""phone"": ""+1 385-252-3200"", ""website"": ""https://carsonkitchen.com""}",2026-08-10T08:57:15.983839+00:00
node,7983136219,Ozora Izakaya Japanese Bar & Tapas (Downtown),restaurant,,sushi,,,65,East 300 South,,Salt Lake City,UT,84111,"65 East 300 South, Salt Lake City, UT 84111",+1 801-800-6768,https://ozoraizakaya.com/,,Mo-Th 17:00-22:00; Fr-Sa 12:00-23:00; Su 14:00-21:00,,,,,40.7630541,-111.8892300,,,https://www.openstreetmap.org/node/7983136219,"{""addr:city"": ""Salt Lake City"", ""addr:housenumber"": ""65"", ""addr:postcode"": ""84111"", ""addr:state"": ""UT"", ""addr:street"": ""East 300 South"", ""amenity"": ""restaurant"", ""check_date"": ""2025-06-02"", ""contact:instagram"": ""ozora_izakaya"", ""cuisine"": ""sushi"", ""name"": ""Ozora Izakaya Japanese Bar & Tapas (Downtown)"", ""opening_hours"": ""Mo-Th 17:00-22:00; Fr-Sa 12:00-23:00; Su 14:00-21:00"", ""phone"": ""+1 801-800-6768"", ""strapline"": ""Sushi Bar and Grill"", ""website"": ""https://ozoraizakaya.com/"", ""website:menu"": ""https://ozoraizakaya.com/menu""}",2026-08-10T08:57:15.983839+00:00
node,7983136221,Ramen 930,restaurant,,asian,,,,,,,,,,,,,"Mo-Fr 11:00-14:30,17:00-21:00; Sa 11:00-21:00",,,,,40.7630539,-111.8897560,,,https://www.openstreetmap.org/node/7983136221,"{""amenity"": ""restaurant"", ""cuisine"": ""asian"", ""name"": ""Ramen 930"", ""opening_hours"": ""Mo-Fr 11:00-14:30,17:00-21:00; Sa 11:00-21:00""}",2026-08-10T08:57:15.983839+00:00
node,7983136222,Cup Bop,restaurant,,asian,,,,,,,,,,,,,,,,,,40.7643457,-111.8886868,,,https://www.openstreetmap.org/node/7983136222,"{""amenity"": ""restaurant"", ""cuisine"": ""asian"", ""name"": ""Cup Bop""}",2026-08-10T08:57:15.983839+00:00
node,7986248980,Tsunami,restaurant,,sushi;japanese,,,1059,East 900 South,,Salt Lake City,UT,84105,"1059 East 900 South, Salt Lake City, UT 84105",+1-385-900-0288,https://www.tsunamiutah.com/tsunami-9th,,Tu-Th 11:30-21:00; Fr 11:30-21:30; Sa 12:00-21:30; Su-Mo off,,,,,40.7500448,-111.8605760,,,https://www.openstreetmap.org/node/7986248980,"{""addr:city"": ""Salt Lake City"", ""addr:housenumber"": ""1059"", ""addr:postcode"": ""84105"", ""addr:state"": ""UT"", ""addr:street"": ""East 900 South"", ""amenity"": ""restaurant"", ""check_date:opening_hours"": ""2022-09-20"", ""cuisine"": ""sushi;japanese"", ""diet:nut_free"": ""only"", ""name"": ""Tsunami"", ""opening_hours"": ""Tu-Th 11:30-21:00; Fr 11:30-21:30; Sa 12:00-21:30; Su-Mo off"", ""phone"": ""+1-385-900-0288"", ""website"": ""https://www.tsunamiutah.com/tsunami-9th""}",2026-08-10T08:57:15.983839+00:00
node,7986248981,Granary Bakehouse,,bakery,,,,,,102,,,,102,,https://www.granarybakehouse.com,,,,,,,40.7500468,-111.8604630,,,https://www.openstreetmap.org/node/7986248981,"{""addr:unit"": ""102"", ""name"": ""Granary Bakehouse"", ""shop"": ""bakery"", ""website"": ""https://www.granarybakehouse.com""}",2026-08-10T08:57:15.983839+00:00
node,7992602925,District Coffee Company,cafe,,coffee_shop,,,206,North 200 West,,Salt Lake City,UT,,"206 North 200 West, Salt Lake City, UT",,https://districtcoffeeco.square.site/#7,,Mo-Fr 12:00-18:00; Sa 12:00-16:00,,,,,40.7739688,-111.8964206,,,https://www.openstreetmap.org/node/7992602925,"{""addr:city"": ""Salt Lake City"", ""addr:housenumber"": ""206"", ""addr:state"": ""UT"", ""addr:street"": ""North 200 West"", ""amenity"": ""cafe"", ""check_date"": ""2025-06-02"", ""cuisine"": ""coffee_shop"", ""internet_access"": ""wlan"", ""internet_access:fee"": ""no"", ""name"": ""District Coffee Company"", ""opening_hours"": ""Mo-Fr 12:00-18:00; Sa 12:00-16:00"", ""website"": ""https://districtcoffeeco.square.site/#7""}",2026-08-10T08:57:15.983839+00:00
node,8001539780,Finca,restaurant,,spanish;tapas,,,,,,,,,,,,,,,,yes,,40.7368306,-111.8476337,,,https://www.openstreetmap.org/node/8001539780,"{""amenity"": ""restaurant"", ""cuisine"": ""spanish;tapas"", ""name"": ""Finca"", ""outdoor_seating"": ""yes""}",2026-08-10T08:57:15.983839+00:00
node,8017041159,Cafe Rio,restaurant,,mexican,Cafe Rio,,1235,East 2100 South,,Salt Lake City,UT,84106,"1235 East 2100 South, Salt Lake City, UT 84106",+1-801-889-1654,https://www.caferio.com/locations/sugarhouse,,Su-We 10:30-22:00; Th-Sa 10:30-23:00,,,patio,,40.7256586,-111.8558897,,,https://www.openstreetmap.org/node/8017041159,"{""addr:city"": ""Salt Lake City"", ""addr:housenumber"": ""1235"", ""addr:postcode"": ""84106"", ""addr:state"": ""UT"", ""addr:street"": ""East 2100 South"", ""amenity"": ""restaurant"", ""brand"": ""Cafe Rio"", ""brand:wikidata"": ""Q5017108"", ""check_date"": ""2023-07-25"", ""cuisine"": ""mexican"", ""drive_through"": ""yes"", ""full_name"": ""Cafe Rio Mexican Grill"", ""name"": ""Cafe Rio"", ""opening_hours"": ""Su-We 10:30-22:00; Th-Sa 10:30-23:00"", ""outdoor_seating"": ""patio"", ""phone"": ""+1-801-889-1654"", ""website"": ""https://www.caferio.com/locations/sugarhouse""}",2026-08-10T08:57:15.983839+00:00
node,8017269756,Noodles & Company,restaurant,,pasta,Noodles & Company,,1152,East 2100 South,,Salt Lake City,UT,84106,"1152 East 2100 South, Salt Lake City, UT 84106",+1-801-466-8880,https://locations.noodles.com/ut/salt-lake-city/1152-east-2100-south.html,,Mo-Su 10:30-22:00,,,patio,,40.7252328,-111.8579560,,,https://www.openstreetmap.org/node/8017269756,"{""addr:city"": ""Salt Lake City"", ""addr:country"": ""US"", ""addr:housenumber"": ""1152"", ""addr:postcode"": ""84106"", ""addr:state"": ""UT"", ""addr:street"": ""East 2100 South"", ""amenity"": ""restaurant"", ""brand"": ""Noodles & Company"", ""brand:wikidata"": ""Q7049673"", ""cuisine"": ""pasta"", ""name"": ""Noodles & Company"", ""opening_hours"": ""Mo-Su 10:30-22:00"", ""outdoor_seating"": ""patio"", ""phone"": ""+1-801-466-8880"", ""website"": ""https://locations.noodles.com/ut/salt-lake-city/1152-east-2100-south.html""}",2026-08-10T08:57:15.983839+00:00
node,8048724490,Bartolo's,restaurant,,italian,,,,,,,,,,,,,"Mo-Su 08:30-14:30, 17:00-21:00",,,,yes,40.7420371,-111.8598211,,,https://www.openstreetmap.org/node/8048724490,"{""amenity"": ""restaurant"", ""check_date"": ""2022-08-23"", ""cuisine"": ""italian"", ""diet:gluten_free"": ""yes"", ""diet:vegetarian"": ""yes"", ""name"": ""Bartolo's"", ""opening_hours"": ""Mo-Su 08:30-14:30, 17:00-21:00"", ""payment:cash"": ""yes"", ""payment:mastercard"": ""yes"", ""payment:visa"": ""yes"", ""strapline"": ""Italian Inspired Kitchen"", ""wheelchair"": ""yes""}",2026-08-10T08:57:15.983839+00:00
node,8060731366,Condie's Candies,,confectionery,,,,1479,South Main Street,,Salt Lake City,UT,84115,"1479 South Main Street, Salt Lake City, UT 84115",+1-801-485-2261,,condiescandies@yahoo.com,,,,,,40.7374462,-111.8906570,,,https://www.openstreetmap.org/node/8060731366,"{""addr:city"": ""Salt Lake City"", ""addr:housenumber"": ""1479"", ""addr:postcode"": ""84115"", ""addr:state"": ""UT"", ""addr:street"": ""South Main Street"", ""contact:facebook"": ""@condiescandies"", ""email"": ""condiescandies@yahoo.com"", ""name"": ""Condie's Candies"", ""phone"": ""+1-801-485-2261"", ""shop"": ""confectionery""}",2026-08-10T08:57:15.983839+00:00
node,8060731376,Honeysuckle Coffee Company,cafe,,coffee_shop,,,1588,South Main Street,Suite 101,Salt Lake City,UT,84115,"1588 South Main Street, Suite 101, Salt Lake City, UT 84115",+1-385-242-7195,https://thehoneysucklecoffeeco.com/,,Mo-Sa 07:00-15:00; Su 08:00-14:00,,,yes,,40.7350226,-111.8915170,,,https://www.openstreetmap.org/node/8060731376,"{""addr:city"": ""Salt Lake City"", ""addr:housenumber"": ""1588"", ""addr:postcode"": ""84115"", ""addr:state"": ""UT"", ""addr:street"": ""South Main Street"", ""addr:unit"": ""Suite 101"", ""amenity"": ""cafe"", ""cuisine"": ""coffee_shop"", ""internet_access"": ""wlan"", ""level"": ""0"", ""name"": ""Honeysuckle Coffee Company"", ""opening_hours"": ""Mo-Sa 07:00-15:00; Su 08:00-14:00"", ""outdoor_seating"": ""yes"", ""phone"": ""+1-385-242-7195"", ""short_name"": ""Honeysuckle Coffee"", ""start_date"": ""2022-08"", ""website"": ""https://thehoneysucklecoffeeco.com/""}",2026-08-10T08:57:15.983839+00:00
node,8062913178,Ramblin Roads,restaurant,,american,,,169,South Main Street,,Salt Lake City,UT,84111,"169 South Main Street, Salt Lake City, UT 84111",+1 801-410-8972,https://ramblinroadsrestaurant.com,,"Su, Mo 07:00-14:00; Tu-Sa 07:00-20:00",,,,,40.7654661,-111.8907261,,,https://www.openstreetmap.org/node/8062913178,"{""addr:city"": ""Salt Lake City"", ""addr:housenumber"": ""169"", ""addr:postcode"": ""84111"", ""addr:state"": ""UT"", ""addr:street"": ""South Main Street"", ""amenity"": ""restaurant"", ""cuisine"": ""american"", ""full_name"": ""Ramblin Roads Family Restaurant"", ""name"": ""Ramblin Roads"", ""opening_hours"": ""Su, Mo 07:00-14:00; Tu-Sa 07:00-20:00"", ""phone"": ""+1 801-410-8972"", ""website"": ""https://ramblinroadsrestaurant.com""}",2026-08-10T08:57:15.983839+00:00
node,8065670997,Santo Taco,restaurant,,mexican,,,910,North 900 West,,Salt Lake City,UT,84116,"910 North 900 West, Salt Lake City, UT 84116",+1 801-893-4000,https://www.santotacos.com/,,Mo-Sa 10:00-21:00; Su 10:00-17:00,yes,yes,,yes,40.7889658,-111.9162840,,,https://www.openstreetmap.org/node/8065670997,"{""addr:city"": ""Salt Lake City"", ""addr:country"": ""US"", ""addr:housenumber"": ""910"", ""addr:postcode"": ""84116"", ""addr:state"": ""UT"", ""addr:street"": ""North 900 West"", ""addr:street:prefix"": ""North"", ""air_conditioning"": ""yes"", ""amenity"": ""restaurant"", ""contact:phone"": ""+1 801-893-4000"", ""contact:website"": ""https://www.santotacos.com/"", ""cuisine"": ""mexican"", ""delivery"": ""yes"", ""diet:vegan"": ""yes"", ""drive_through"": ""no"", ""name"": ""Santo Taco"", ""opening_hours"": ""Mo-Sa 10:00-21:00; Su 10:00-17:00"", ""source"": ""streetlevel imagery;website"", ""takeaway"": ""yes"", ""wheelchair"": ""yes""}",2026-08-10T08:57:15.983839+00:00
node,8067158941,La Flor de Salt Lake Tortillas,,bakery,,,,,,,,,,,,,,Mo-Fr 08:00-16:00; Sa 09:00-14:00,,,,,40.7291588,-111.9691732,,,https://www.openstreetmap.org/node/8067158941,"{""check_date:opening_hours"": ""2024-05-10"", ""name"": ""La Flor de Salt Lake Tortillas"", ""opening_hours"": ""Mo-Fr 08:00-16:00; Sa 09:00-14:00"", ""shop"": ""bakery""}",2026-08-10T08:57:15.983839+00:00
node,8072353898,Market Street Grill,restaurant,,,,,,,,,,,,,,,,,,,,40.7858648,-111.9847707,,,https://www.openstreetmap.org/node/8072353898,"{""amenity"": ""restaurant"", ""check_date"": ""2024-06-06"", ""level"": ""2"", ""name"": ""Market Street Grill"", ""payment:cash"": ""yes"", ""payment:credit_cards"": ""yes"", ""payment:debit_cards"": ""yes""}",2026-08-10T08:57:15.983839+00:00
node,8072353900,Starbucks,cafe,,coffee_shop,Starbucks,,3920,West Terminal Drive,CASP-221,Salt Lake City,UT,84116,"3920 West Terminal Drive, CASP-221, Salt Lake City, UT 84116",+1 801-231-0741,https://www.starbucks.com/store-locator/store/1028831/slc-departures-hall-level-2-3920-west-terminal-drive-casp-221-salt-lake-city-u,,,yes,,,,40.7852907,-111.9847675,,,https://www.openstreetmap.org/node/8072353900,"{""addr:city"": ""Salt Lake City"", ""addr:housenumber"": ""3920"", ""addr:postcode"": ""84116"", ""addr:state"": ""UT"", ""addr:street"": ""West Terminal Drive"", ""addr:unit"": ""CASP-221"", ""amenity"": ""cafe"", ""branch"": ""SLC Departures Hall Level 2"", ""brand"": ""Starbucks"", ""brand:wikidata"": ""Q37158"", ""cuisine"": ""coffee_shop"", ""level"": ""2"", ""name"": ""Starbucks"", ""official_name"": ""Starbucks Coffee"", ""phone"": ""+1 801-231-0741"", ""ref"": ""1028831"", ""takeaway"": ""yes"", ""website"": ""https://www.starbucks.com/store-locator/store/1028831/slc-departures-hall-level-2-3920-west-terminal-drive-casp-221-salt-lake-city-u""}",2026-08-10T08:57:15.983839+00:00
node,8072353901,Granato's Gourmet Market,restaurant,,,,,,,,,,,,,,,,,,,,40.7851051,-111.9847438,,,https://www.openstreetmap.org/node/8072353901,"{""amenity"": ""restaurant"", ""level"": ""2"", ""name"": ""Granato's Gourmet Market""}",2026-08-10T08:57:15.983839+00:00
node,8072353902,Panda Express,fast_food,,chinese,Panda Express,,776,North Terminal Drive,,Salt Lake City,UT,84122,"776 North Terminal Drive, Salt Lake City, UT 84122",,https://www.pandaexpress.com/locations/ut/salt-lake-city/3333,,Mo 06:00-22:00; Tu-Sa 06:00-24:00; Su 06:00-22:00,yes,,,,40.7851671,-111.9852488,,,https://www.openstreetmap.org/node/8072353902,"{""addr:city"": ""Salt Lake City"", ""addr:housenumber"": ""776"", ""addr:postcode"": ""84122"", ""addr:state"": ""UT"", ""addr:street"": ""North Terminal Drive"", ""amenity"": ""fast_food"", ""branch"": ""Salt Lake City International Airport"", ""brand"": ""Panda Express"", ""brand:wikidata"": ""Q1358690"", ""check_date"": ""2024-06-09"", ""cuisine"": ""chinese"", ""level"": ""2"", ""name"": ""Panda Express"", ""opening_hours"": ""Mo 06:00-22:00; Tu-Sa 06:00-24:00; Su 06:00-22:00"", ""payment:cash"": ""yes"", ""payment:credit_cards"": ""yes"", ""payment:debit_cards"": ""yes"", ""takeaway"": ""yes"", ""website"": ""https://www.pandaexpress.com/locations/ut/salt-lake-city/3333""}",2026-08-10T08:57:15.983839+00:00
node,8072353903,Fillings & Emulsions,,bakery,,,,,,,,,,,,,,,,,,,40.7848895,-111.9852060,,,https://www.openstreetmap.org/node/8072353903,"{""check_date"": ""2024-06-09"", ""level"": ""2"", ""name"": ""Fillings & Emulsions"", ""payment:cash"": ""yes"", ""payment:credit_cards"": ""yes"", ""payment:debit_cards"": ""yes"", ""shop"": ""bakery""}",2026-08-10T08:57:15.983839+00:00
node,8072353904,Shake Shack,fast_food,,burger,Shake Shack,,,,,,,,,,https://shakeshack.com/location/salt-lake-city-international-airport#/,,,yes,,,,40.7849848,-111.9852224,,,https://www.openstreetmap.org/node/8072353904,"{""amenity"": ""fast_food"", ""brand"": ""Shake Shack"", ""brand:wikidata"": ""Q1058722"", ""check_date"": ""2024-06-09"", ""cuisine"": ""burger"", ""level"": ""2"", ""name"": ""Shake Shack"", ""payment:cash"": ""yes"", ""payment:credit_cards"": ""yes"", ""payment:debit_cards"": ""yes"", ""takeaway"": ""yes"", ""website"": ""https://shakeshack.com/location/salt-lake-city-international-airport#/""}",2026-08-10T08:57:15.983839+00:00
node,8072353905,Pizzeria Limone,restaurant,,pizza,,,,,,,,,,,,,,,,,,40.7850782,-111.9852223,,,https://www.openstreetmap.org/node/8072353905,"{""amenity"": ""restaurant"", ""check_date"": ""2024-06-09"", ""cuisine"": ""pizza"", ""level"": ""2"", ""name"": ""Pizzeria Limone"", ""payment:cash"": ""yes"", ""payment:credit_cards"": ""yes"", ""payment:debit_cards"": ""yes""}",2026-08-10T08:57:15.983839+00:00
node,8072353906,Blue Lemon,restaurant,,,,,,,,,,,,,,,,,,,,40.7852396,-111.9854199,,,https://www.openstreetmap.org/node/8072353906,"{""amenity"": ""restaurant"", ""level"": ""2"", ""name"": ""Blue Lemon""}",2026-08-10T08:57:15.983839+00:00
node,8072353907,White Horse,restaurant,,,,,,,,,,,,,,,,,,,,40.7855600,-111.9861261,,,https://www.openstreetmap.org/node/8072353907,"{""amenity"": ""restaurant"", ""check_date"": ""2026-07-28"", ""level"": ""2"", ""name"": ""White Horse"", ""name:en"": ""White Horse;𐐎𐐸𐐨𐐻𐐩 𐐐𐐫𐑉𐑅𐐩"", ""name:en-Dsrt"": ""𐐎𐐸𐐨𐐻𐐩 𐐐𐐫𐑉𐑅𐐩"", ""name:en-Latn"": ""White Horse"", ""not:name:en-Dsrt"": ""𐐎𐐴𐐻 𐐸𐐫𐑉𐑅"", ""official_name"": ""White Horse Spirits & Kitchen"", ""payment:cash"": ""yes"", ""payment:credit_cards"": ""yes"", ""payment:debit_cards"": ""yes""}",2026-08-10T08:57:15.983839+00:00
node,8072353908,Panera Bread,fast_food,,sandwich;bakery,Panera Bread,,3920,West Terminal Drive,CAW-2-040,Salt Lake City,UT,84116,"3920 West Terminal Drive, CAW-2-040, Salt Lake City, UT 84116",+1 801-657-5070,https://locations.panerabread.com/ut/salt-lake-city/3920-w-terminal-drive.html,,24/7,yes,,,,40.7856372,-111.9865758,,,https://www.openstreetmap.org/node/8072353908,"{""addr:city"": ""Salt Lake City"", ""addr:housenumber"": ""3920"", ""addr:postcode"": ""84116"", ""addr:state"": ""UT"", ""addr:street"": ""West Terminal Drive"", ""addr:unit"": ""CAW-2-040"", ""amenity"": ""fast_food"", ""brand"": ""Panera Bread"", ""brand:wikidata"": ""Q7130852"", ""check_date"": ""2026-07-28"", ""cuisine"": ""sandwich;bakery"", ""level"": ""2"", ""name"": ""Panera Bread"", ""opening_hours"": ""24/7"", ""payment:cash"": ""yes"", ""payment:credit_cards"": ""yes"", ""payment:debit_cards"": ""yes"", ""phone"": ""+1 801-657-5070"", ""short_name"": ""Panera"", ""takeaway"": ""yes"", ""website"": ""https://locations.panerabread.com/ut/salt-lake-city/3920-w-terminal-drive.html""}",2026-08-10T08:57:15.983839+00:00
node,8072353909,Cafe Rio,restaurant,,mexican,Cafe Rio,,,,,,,,,,,,,,,,,40.7855964,-111.9878527,,,https://www.openstreetmap.org/node/8072353909,"{""amenity"": ""restaurant"", ""brand"": ""Cafe Rio"", ""brand:wikidata"": ""Q5017108"", ""cuisine"": ""mexican"", ""level"": ""2"", ""name"": ""Cafe Rio""}",2026-08-10T08:57:15.983839+00:00
node,8072353910,Bruges Belgian Bistro,restaurant,,,,,,,,,,,,,,,,,,,,40.7856004,-111.9877565,,,https://www.openstreetmap.org/node/8072353910,"{""amenity"": ""restaurant"", ""level"": ""2"", ""name"": ""Bruges Belgian Bistro""}",2026-08-10T08:57:15.983839+00:00
node,8072353911,Salt Lake Brewing Company,restaurant,,american,,,,,,,,,,,,,,,no,no,,40.7854251,-111.9878853,,,https://www.openstreetmap.org/node/8072353911,"{""amenity"": ""restaurant"", ""bar"": ""yes"", ""cuisine"": ""american"", ""delivery"": ""no"", ""level"": ""2"", ""microbrewery"": ""yes"", ""name"": ""Salt Lake Brewing Company"", ""outdoor_seating"": ""no"", ""toilets"": ""no""}",2026-08-10T08:57:15.983839+00:00
node,8072353913,Garbanzo Mediterranean Fresh,restaurant,,,,,,,,,,,,,,,,,,,,40.7854528,-111.9892413,,,https://www.openstreetmap.org/node/8072353913,"{""amenity"": ""restaurant"", ""level"": ""2"", ""name"": ""Garbanzo Mediterranean Fresh""}",2026-08-10T08:57:15.983839+00:00
node,8072353914,Starbucks,cafe,,coffee_shop,Starbucks,,3920,West Terminal Drive,CASP-221,Salt Lake City,UT,84116,"3920 West Terminal Drive, CASP-221, Salt Lake City, UT 84116",+1 801-696-5838,https://www.starbucks.com/store-locator/store/1030677/slc-concourse-a-gate-a-11-3920-west-terminal-drive-casp-221-salt-lake-city-u,,,yes,,,,40.7854482,-111.9899253,,,https://www.openstreetmap.org/node/8072353914,"{""addr:city"": ""Salt Lake City"", ""addr:housenumber"": ""3920"", ""addr:postcode"": ""84116"", ""addr:state"": ""UT"", ""addr:street"": ""West Terminal Drive"", ""addr:unit"": ""CASP-221"", ""amenity"": ""cafe"", ""branch"": ""SLC Concourse A Gate A11"", ""brand"": ""Starbucks"", ""brand:wikidata"": ""Q37158"", ""cuisine"": ""coffee_shop"", ""level"": ""2"", ""name"": ""Starbucks"", ""official_name"": ""Starbucks Coffee"", ""phone"": ""+1 801-696-5838"", ""ref"": ""1030677"", ""takeaway"": ""yes"", ""website"": ""https://www.starbucks.com/store-locator/store/1030677/slc-concourse-a-gate-a-11-3920-west-terminal-drive-casp-221-salt-lake-city-u""}",2026-08-10T08:57:15.983839+00:00
node,8072353915,Jamba,fast_food,,juice,Jamba,,,,,,,,,,,,,yes,,,,40.7852198,-111.9902353,,,https://www.openstreetmap.org/node/8072353915,"{""airside"": ""yes"", ""alt_name"": ""Jamba Juice"", ""amenity"": ""fast_food"", ""brand"": ""Jamba"", ""brand:wikidata"": ""Q3088784"", ""cuisine"": ""juice"", ""fixme:atp"": ""no ATP match, check if still exists"", ""level"": ""2"", ""name"": ""Jamba"", ""takeaway"": ""yes""}",2026-08-10T08:57:15.983839+00:00
node,8072353916,California Pizza Kitchen,restaurant,,pizza,California Pizza Kitchen,,,,,,,,,,,,,,,,,40.7853523,-111.9915620,,,https://www.openstreetmap.org/node/8072353916,"{""amenity"": ""restaurant"", ""brand"": ""California Pizza Kitchen"", ""brand:wikidata"": ""Q15109854"", ""cuisine"": ""pizza"", ""level"": ""2"", ""name"": ""California Pizza Kitchen"", ""short_name"": ""CPK""}",2026-08-10T08:57:15.983839+00:00
node,8072357617,Beecher's Handmade Cheese,fast_food,,sandwich,,,,,,,,,,,,,,,,,,40.8035032,-111.9513226,,,https://www.openstreetmap.org/node/8072357617,"{""amenity"": ""fast_food"", ""cuisine"": ""sandwich"", ""level"": ""2"", ""name"": ""Beecher's Handmade Cheese""}",2026-08-10T08:57:15.983839+00:00
node,8072357618,Pick Up Stix,fast_food,,asian,Pick Up Stix,,,,,,,,,,,,,yes,,,,40.7890042,-111.9879787,,,https://www.openstreetmap.org/node/8072357618,"{""amenity"": ""fast_food"", ""brand"": ""Pick Up Stix"", ""brand:wikidata"": ""Q7190707"", ""cuisine"": ""asian"", ""level"": ""2"", ""name"": ""Pick Up Stix"", ""takeaway"": ""yes""}",2026-08-10T08:57:15.983839+00:00
node,8072357619,Uinta Brewing Company,restaurant,,,,,,,,,,,,,,,,,,,,40.7890713,-111.9870239,,,https://www.openstreetmap.org/node/8072357619,"{""amenity"": ""restaurant"", ""level"": ""2"", ""name"": ""Uinta Brewing Company""}",2026-08-10T08:57:15.983839+00:00
node,8072357620,Gourmandise The Diner,restaurant,,,,,,,,,,,,,,,,,,,,40.7888744,-111.9891711,,,https://www.openstreetmap.org/node/8072357620,"{""amenity"": ""restaurant"", ""level"": ""2"", ""name"": ""Gourmandise The Diner""}",2026-08-10T08:57:15.983839+00:00
node,8072357621,Smashburger,fast_food,,burger,Smashburger,,,,,,,,,,,,,yes,,,,40.7887825,-111.9906675,,,https://www.openstreetmap.org/node/8072357621,"{""amenity"": ""fast_food"", ""brand"": ""Smashburger"", ""brand:wikidata"": ""Q17061332"", ""cuisine"": ""burger"", ""level"": ""2"", ""name"": ""Smashburger"", ""takeaway"": ""yes""}",2026-08-10T08:57:15.983839+00:00
node,8072357622,Corner Brew Pub,restaurant,,,,,,,,,,,,,,,,,,,,40.7887621,-111.9909813,,,https://www.openstreetmap.org/node/8072357622,"{""amenity"": ""restaurant"", ""level"": ""2"", ""name"": ""Corner Brew Pub""}",2026-08-10T08:57:15.983839+00:00
node,8125277503,Pie Fight,,bakery,,,,937,East 900 South,,Salt Lake City,UT,84105,"937 East 900 South, Salt Lake City, UT 84105",+1-385-528-1184,https://www.thepiefight.com/,,Su-Th 11:00-21:00; Fr-Sa 11:00-22:00,,,,,40.7500304,-111.8641270,,,https://www.openstreetmap.org/node/8125277503,"{""addr:city"": ""Salt Lake City"", ""addr:housenumber"": ""937"", ""addr:postcode"": ""84105"", ""addr:state"": ""UT"", ""addr:street"": ""East 900 South"", ""name"": ""Pie Fight"", ""opening_hours"": ""Su-Th 11:00-21:00; Fr-Sa 11:00-22:00"", ""phone"": ""+1-385-528-1184"", ""shop"": ""bakery"", ""website"": ""https://www.thepiefight.com/""}",2026-08-10T08:57:15.983839+00:00
node,8458665244,Ozora Izakaya Japanese Bar & Tapas,restaurant,,japanese,,,1078,East 2100 South,,Salt Lake City,UT,84106,"1078 East 2100 South, Salt Lake City, UT 84106",+18018450405,https://www.ozoraizakaya.com/,,,,,yes,,40.7248532,-111.8603470,,,https://www.openstreetmap.org/node/8458665244,"{""addr:city"": ""Salt Lake City"", ""addr:country"": ""US"", ""addr:housenumber"": ""1078"", ""addr:postcode"": ""84106"", ""addr:state"": ""UT"", ""addr:street"": ""East 2100 South"", ""amenity"": ""restaurant"", ""check_date"": ""2023-07-25"", ""cuisine"": ""japanese"", ""name"": ""Ozora Izakaya Japanese Bar & Tapas"", ""outdoor_seating"": ""yes"", ""phone"": ""+18018450405"", ""website"": ""https://www.ozoraizakaya.com/""}",2026-08-10T08:57:15.983839+00:00
node,8795872620,Vitality Bowls,cafe,,breakfast;coffee_shop;tea,,,51,South Main Street,,Salt Lake City,UT,84102,"51 South Main Street, Salt Lake City, UT 84102",+1 801-883-9065,https://vitalitybowls.com/locations/salt-lake-city/,saltlakcity@vitalitybowls.com,Mo-Sa 09:00-20:00,,,,,40.7681480,-111.8892800,,,https://www.openstreetmap.org/node/8795872620,"{""addr:city"": ""Salt Lake City"", ""addr:housenumber"": ""51"", ""addr:postcode"": ""84102"", ""addr:state"": ""UT"", ""addr:street"": ""South Main Street"", ""amenity"": ""cafe"", ""cuisine"": ""breakfast;coffee_shop;tea"", ""diet:vegan"": ""yes"", ""diet:vegetarian"": ""yes"", ""email"": ""saltlakcity@vitalitybowls.com"", ""internet_access"": ""wlan"", ""name"": ""Vitality Bowls"", ""opening_hours"": ""Mo-Sa 09:00-20:00"", ""phone"": ""+1 801-883-9065"", ""website"": ""https://vitalitybowls.com/locations/salt-lake-city/""}",2026-08-10T08:57:15.983839+00:00
node,8812321914,Central 9th Market,restaurant,,pizza;sandwich,,,161,West 900 South,,Salt Lake City,UT,84101,"161 West 900 South, Salt Lake City, UT 84101",+1 385-332-3240,https://central9th.com,holla@central9th.com,Mo 08:00-21:00; Tu-Sa 08:00-18:00; Su 09:00-17:00,,,yes,,40.7495477,-111.8956080,,,https://www.openstreetmap.org/node/8812321914,"{""addr:city"": ""Salt Lake City"", ""addr:housenumber"": ""161"", ""addr:postcode"": ""84101"", ""addr:state"": ""UT"", ""addr:street"": ""West 900 South"", ""amenity"": ""restaurant"", ""check_date"": ""2025-10-15"", ""contact:instagram"": ""https://www.instagram.com/central9thmarket"", ""cuisine"": ""pizza;sandwich"", ""email"": ""holla@central9th.com"", ""name"": ""Central 9th Market"", ""opening_hours"": ""Mo 08:00-21:00; Tu-Sa 08:00-18:00; Su 09:00-17:00"", ""outdoor_seating"": ""yes"", ""phone"": ""+1 385-332-3240"", ""website"": ""https://central9th.com""}",2026-08-10T08:57:15.983839+00:00
node,8999144571,Roosters Brewing Co.,restaurant,,burger,,,,,,,,,,,,,,,,,,40.7859414,-111.9852764,,,https://www.openstreetmap.org/node/8999144571,"{""amenity"": ""restaurant"", ""cuisine"": ""burger"", ""level"": ""2"", ""name"": ""Roosters Brewing Co.""}",2026-08-10T08:57:15.983839+00:00
node,9080763994,Forty Three Bakery,,bakery,,,,733,West Genesee Avenue,,Salt Lake City,UT,84104,"733 West Genesee Avenue, Salt Lake City, UT 84104",,https://fortythreebakery.com/,,"Su-Mo 08:00-15:00; We-Sa 08:00-15:00, 17:00-21:00",,,,,40.7505859,-111.9123180,,,https://www.openstreetmap.org/node/9080763994,"{""addr:city"": ""Salt Lake City"", ""addr:housenumber"": ""733"", ""addr:postcode"": ""84104"", ""addr:state"": ""UT"", ""addr:street"": ""West Genesee Avenue"", ""check_date:opening_hours"": ""2023-10-01"", ""name"": ""Forty Three Bakery"", ""note"": ""I have written the name as the business writes it, with \""Forty Three\"" unhyphenated."", ""opening_hours"": ""Su-Mo 08:00-15:00; We-Sa 08:00-15:00, 17:00-21:00"", ""shop"": ""bakery"", ""website"": ""https://fortythreebakery.com/""}",2026-08-10T08:57:15.983839+00:00
node,9080763995,Crumbl Cookies,,pastry,,Crumbl Cookies,,675,East 2100 South,J,Salt Lake City,UT,84106,"675 East 2100 South, J, Salt Lake City, UT 84106",+1 385-501-1777,https://crumblcookies.com/saltlake,ut.saltlake@crumbl.com,Mo-Th 08:00-20:00; Fr-Sa 08:00-24:00,,,,,40.7259827,-111.8721870,,,https://www.openstreetmap.org/node/9080763995,"{""addr:city"": ""Salt Lake City"", ""addr:country"": ""US"", ""addr:housenumber"": ""675"", ""addr:postcode"": ""84106"", ""addr:state"": ""UT"", ""addr:street"": ""East 2100 South"", ""addr:unit"": ""J"", ""brand"": ""Crumbl Cookies"", ""brand:wikidata"": ""Q106924414"", ""email"": ""ut.saltlake@crumbl.com"", ""name"": ""Crumbl Cookies"", ""opening_hours"": ""Mo-Th 08:00-20:00; Fr-Sa 08:00-24:00"", ""opening_hours:url"": ""https://crumblcookies.com/saltlake"", ""phone"": ""+1 385-501-1777"", ""shop"": ""pastry"", ""short_name"": ""Crumbl"", ""website"": ""https://crumblcookies.com/saltlake""}",2026-08-10T08:57:15.983839+00:00
node,9080763997,Hanaya Poke,restaurant,,poke,,,675,East 2100 South,B,Salt Lake City,UT,84106,"675 East 2100 South, B, Salt Lake City, UT 84106",+1 -385-528-0592,https://www.hanayapokeslc.com/,,"Mo,We,Th 11:00-21:00; Tu 11:00-16:00; Fr,Sa 11:00-21:30; Su 11:30-21:00",,,,,40.7260184,-111.8715490,,,https://www.openstreetmap.org/node/9080763997,"{""addr:city"": ""Salt Lake City"", ""addr:country"": ""US"", ""addr:housenumber"": ""675"", ""addr:postcode"": ""84106"", ""addr:state"": ""UT"", ""addr:street"": ""East 2100 South"", ""addr:unit"": ""B"", ""amenity"": ""restaurant"", ""cuisine"": ""poke"", ""name"": ""Hanaya Poke"", ""opening_hours"": ""Mo,We,Th 11:00-21:00; Tu 11:00-16:00; Fr,Sa 11:00-21:30; Su 11:30-21:00"", ""opening_hours:url"": ""https://www.hanayapokeslc.com/"", ""phone"": ""+1 -385-528-0592"", ""website"": ""https://www.hanayapokeslc.com/"", ""website:menu"": ""https://www.hanayapokeslc.com/""}",2026-08-10T08:57:15.983839+00:00
node,9080763998,Pretty Bird,restaurant,,chicken,,,675,East 2100 South,,Salt Lake City,UT,84106,"675 East 2100 South, Salt Lake City, UT 84106",,https://www.prettybirdchicken.com,,Su-Th 11:00-21:00; Fr-Sa 11:00-22:00,,no,yes,yes,40.7259910,-111.8717300,,,https://www.openstreetmap.org/node/9080763998,"{""addr:city"": ""Salt Lake City"", ""addr:country"": ""US"", ""addr:door"": ""C"", ""addr:housenumber"": ""675"", ""addr:postcode"": ""84106"", ""addr:state"": ""UT"", ""addr:street"": ""East 2100 South"", ""amenity"": ""restaurant"", ""bar"": ""no"", ""brewery"": ""no"", ""check_date"": ""2022-10-05"", ""cuisine"": ""chicken"", ""delivery"": ""no"", ""diet:vegan"": ""no"", ""diet:vegetarian"": ""no"", ""internet_access"": ""no"", ""microbrewery"": ""no"", ""name"": ""Pretty Bird"", ""opening_hours"": ""Su-Th 11:00-21:00; Fr-Sa 11:00-22:00"", ""opening_hours:url"": ""https://www.prettybirdchicken.com/locations/"", ""outdoor_seating"": ""yes"", ""payment:mastercard"": ""yes"", ""payment:visa"": ""yes"", ""website"": ""https://www.prettybirdchicken.com"", ""website:menu"": ""https://www.prettybirdchicken.com/menu/"", ""website:orders"": ""https://prettybirdchicken.square.site/?location=11eb805e8977f5e996f10cc47a2b6418"", ""wheelchair"": ""yes""}",2026-08-10T08:57:15.983839+00:00
node,9081052601,Momo's Gourmet Cheesecake,,bakery,,,,29,East 400 South,,Salt Lake City,UT,84111,"29 East 400 South, Salt Lake City, UT 84111",+1 801-900-8283,https://momoscheesecakes.com/,,"Tu-Th 15:00-21:00; Fr-Sa 15:00-21:30; Su,Mo off",,,no,,40.7608874,-111.8899900,,,https://www.openstreetmap.org/node/9081052601,"{""addr:city"": ""Salt Lake City"", ""addr:housenumber"": ""29"", ""addr:postcode"": ""84111"", ""addr:state"": ""UT"", ""addr:street"": ""East 400 South"", ""check_date"": ""2025-06-02"", ""diet:vegetarian"": ""yes"", ""name"": ""Momo's Gourmet Cheesecake"", ""opening_hours"": ""Tu-Th 15:00-21:00; Fr-Sa 15:00-21:30; Su,Mo off"", ""outdoor_seating"": ""no"", ""phone"": ""+1 801-900-8283"", ""shop"": ""bakery"", ""short_name"": ""Momo's"", ""source"": ""website"", ""website"": ""https://momoscheesecakes.com/""}",2026-08-10T08:57:15.983839+00:00
node,9104076864,Starbucks,cafe,,coffee_shop,Starbucks,,2040,South 2300 East,,Salt Lake City,UT,84108,"2040 South 2300 East, Salt Lake City, UT 84108",+1 801-487-1784,https://www.starbucks.com/store-locator/store/16361/maceys-parleys-way-1066-2040-s-2300-e-salt-lake-city-ut-841083220-us,,Mo-Su 06:00-19:00,yes,,yes,,40.7258078,-111.8260099,,,https://www.openstreetmap.org/node/9104076864,"{""addr:city"": ""Salt Lake City"", ""addr:housenumber"": ""2040"", ""addr:postcode"": ""84108"", ""addr:state"": ""UT"", ""addr:street"": ""South 2300 East"", ""amenity"": ""cafe"", ""branch"": ""Maceys Parley's Way 1066"", ""brand"": ""Starbucks"", ""brand:wikidata"": ""Q37158"", ""cuisine"": ""coffee_shop"", ""name"": ""Starbucks"", ""official_name"": ""Starbucks Coffee"", ""opening_hours"": ""Mo-Su 06:00-19:00"", ""outdoor_seating"": ""yes"", ""phone"": ""+1 801-487-1784"", ""takeaway"": ""yes"", ""website"": ""https://www.starbucks.com/store-locator/store/16361/maceys-parleys-way-1066-2040-s-2300-e-salt-lake-city-ut-841083220-us""}",2026-08-10T08:57:15.983839+00:00
node,9109551908,Masa Sushi Ayce,restaurant,,sushi,,,618,East 400 South,,Salt Lake City,UT,84102,"618 East 400 South, Salt Lake City, UT 84102",+13473075122,,,,,,,,40.7598604,-111.8729070,,,https://www.openstreetmap.org/node/9109551908,"{""addr:city"": ""Salt Lake City"", ""addr:country"": ""US"", ""addr:housenumber"": ""618"", ""addr:postcode"": ""84102"", ""addr:state"": ""UT"", ""addr:street"": ""East 400 South"", ""amenity"": ""restaurant"", ""check_date"": ""2026-06-24"", ""contact:instagram"": ""instagram.com/masasushisaltlakecity"", ""cuisine"": ""sushi"", ""name"": ""Masa Sushi Ayce"", ""phone"": ""+13473075122"", ""start_date"": ""2026-04""}",2026-08-10T08:57:15.983839+00:00
node,9126582704,Jamba,fast_food,,juice,Jamba,,3292,South Richmond Street,,Salt Lake City,UT,84106,"3292 South Richmond Street, Salt Lake City, UT 84106",+1 801-463-9200,https://locations.jamba.com/ut/salt-lake-city/3294-s-1300-e,,Mo-Th 07:00-21:00; Fr-Sa 07:00-22:00; Su 09:00-20:00,yes,,,,40.7002507,-111.8546000,,,https://www.openstreetmap.org/node/9126582704,"{""addr:city"": ""Salt Lake City"", ""addr:country"": ""US"", ""addr:housenumber"": ""3292"", ""addr:postcode"": ""84106"", ""addr:state"": ""UT"", ""addr:street"": ""South Richmond Street"", ""alt_name"": ""Jamba Juice"", ""amenity"": ""fast_food"", ""branch"": ""Brickyard"", ""brand"": ""Jamba"", ""brand:wikidata"": ""Q3088784"", ""cuisine"": ""juice"", ""name"": ""Jamba"", ""opening_hours"": ""Mo-Th 07:00-21:00; Fr-Sa 07:00-22:00; Su 09:00-20:00"", ""phone"": ""+1 801-463-9200"", ""takeaway"": ""yes"", ""website"": ""https://locations.jamba.com/ut/salt-lake-city/3294-s-1300-e""}",2026-08-10T08:57:15.983839+00:00
node,9126582705,Wingstop,fast_food,,wings,Wingstop,,3292,South Richmond Street,,Salt Lake City,UT,84106,"3292 South Richmond Street, Salt Lake City, UT 84106",+1 385-412-9464,,,,yes,,,,40.7002527,-111.8544410,,,https://www.openstreetmap.org/node/9126582705,"{""addr:city"": ""Salt Lake City"", ""addr:country"": ""US"", ""addr:housenumber"": ""3292"", ""addr:postcode"": ""84106"", ""addr:state"": ""UT"", ""addr:street"": ""South Richmond Street"", ""amenity"": ""fast_food"", ""branch"": ""Salt Lake City South 1300 East"", ""brand"": ""Wingstop"", ""brand:wikidata"": ""Q8025339"", ""cuisine"": ""wings"", ""name"": ""Wingstop"", ""phone"": ""+1 385-412-9464"", ""takeaway"": ""yes""}",2026-08-10T08:57:15.983839+00:00
node,9126582706,Jimmy John's,fast_food,,sandwich,Jimmy John's,,3292,South Richmond Street,,Salt Lake City,UT,84106,"3292 South Richmond Street, Salt Lake City, UT 84106",+1 801-935-4774,https://locations.jimmyjohns.com/ut/saltlakecity/sandwiches-3984.html,,,yes,,,,40.7002522,-111.8543950,,,https://www.openstreetmap.org/node/9126582706,"{""addr:city"": ""Salt Lake City"", ""addr:country"": ""US"", ""addr:housenumber"": ""3292"", ""addr:postcode"": ""84106"", ""addr:state"": ""UT"", ""addr:street"": ""South Richmond Street"", ""amenity"": ""fast_food"", ""brand"": ""Jimmy John's"", ""brand:wikidata"": ""Q1689380"", ""cuisine"": ""sandwich"", ""name"": ""Jimmy John's"", ""official_name"": ""Jimmy John's Gourmet Sandwiches"", ""phone"": ""+1 801-935-4774"", ""takeaway"": ""yes"", ""website"": ""https://locations.jimmyjohns.com/ut/saltlakecity/sandwiches-3984.html""}",2026-08-10T08:57:15.983839+00:00
node,9130534029,Los Tapatios,restaurant,,mexican,,,120,North 900 West,,Salt Lake City,UT,84116,"120 North 900 West, Salt Lake City, UT 84116",+1 801-864-1794,https://www.lostapatiostacogrill.com/,,,,,,,40.7719877,-111.9156850,,,https://www.openstreetmap.org/node/9130534029,"{""addr:city"": ""Salt Lake City"", ""addr:housenumber"": ""120"", ""addr:postcode"": ""84116"", ""addr:state"": ""UT"", ""addr:street"": ""North 900 West"", ""amenity"": ""restaurant"", ""check_date"": ""2025-05-30"", ""contact:instagram"": ""https://www.instagram.com/lostapatios_slc"", ""cuisine"": ""mexican"", ""name"": ""Los Tapatios"", ""phone"": ""+1 801-864-1794"", ""website"": ""https://www.lostapatiostacogrill.com/""}",2026-08-10T08:57:15.983839+00:00
node,9165769669,Jammy,cafe,,brunch,,,317,East 900 South,,Salt Lake City,UT,84111,"317 East 900 South, Salt Lake City, UT 84111",,,,Mo-Su 07:00-15:00,,,,,40.7500771,-111.8817380,,,https://www.openstreetmap.org/node/9165769669,"{""addr:city"": ""Salt Lake City"", ""addr:housenumber"": ""317"", ""addr:postcode"": ""84111"", ""addr:state"": ""UT"", ""addr:street"": ""East 900 South"", ""amenity"": ""cafe"", ""cuisine"": ""brunch"", ""name"": ""Jammy"", ""opening_hours"": ""Mo-Su 07:00-15:00"", ""start_date"": ""2026-07""}",2026-08-10T08:57:15.983839+00:00
node,9217013134,Uinta Brewhouse Pub & Kitchen,pub,,american,,,1722,South Fremont Drive,,Salt Lake City,UT,84104,"1722 South Fremont Drive, Salt Lake City, UT 84104",+1-801-938-9629,https://uintabrewing.com/brewhouse-pub,,Mo-Th 11:00-20:00; Fr 11:00-22:00; Sa 11:00-20:00; Su off,,,yes,,40.7327692,-111.9541556,,,https://www.openstreetmap.org/node/9217013134,"{""addr:city"": ""Salt Lake City"", ""addr:housenumber"": ""1722"", ""addr:postcode"": ""84104"", ""addr:state"": ""UT"", ""addr:street"": ""South Fremont Drive"", ""amenity"": ""pub"", ""cuisine"": ""american"", ""microbrewery"": ""yes"", ""name"": ""Uinta Brewhouse Pub & Kitchen"", ""opening_hours"": ""Mo-Th 11:00-20:00; Fr 11:00-22:00; Sa 11:00-20:00; Su off"", ""outdoor_seating"": ""yes"", ""phone"": ""+1-801-938-9629"", ""website"": ""https://uintabrewing.com/brewhouse-pub""}",2026-08-10T08:57:15.983839+00:00
node,9219692889,Shades on State,pub,,,,,366,South State Street,,Salt Lake City,UT,84111,"366 South State Street, Salt Lake City, UT 84111",,https://www.shadesonstate.com/,,Th-Sa 18:00-02:00,,,,,40.7612079,-111.8885261,,,https://www.openstreetmap.org/node/9219692889,"{""addr:city"": ""Salt Lake City"", ""addr:housenumber"": ""366"", ""addr:postcode"": ""84111"", ""addr:state"": ""UT"", ""addr:street"": ""South State Street"", ""amenity"": ""pub"", ""check_date"": ""2025-06-02"", ""contact:facebook"": ""https://www.facebook.com/people/Shades-On-State/100078660802893/"", ""level"": ""1"", ""name"": ""Shades on State"", ""opening_hours"": ""Th-Sa 18:00-02:00"", ""website"": ""https://www.shadesonstate.com/""}",2026-08-10T08:57:15.983839+00:00
node,9219692890,Chakra Lounge,bar,,,,,364,South State Street,,Salt Lake City,UT,84111,"364 South State Street, Salt Lake City, UT 84111",+1 801-596-8727,https://chakralounge.net/,,17:00-26:00,,,,,40.7611414,-111.8885280,,,https://www.openstreetmap.org/node/9219692890,"{""addr:city"": ""Salt Lake City"", ""addr:housenumber"": ""364"", ""addr:postcode"": ""84111"", ""addr:state"": ""UT"", ""addr:street"": ""South State Street"", ""amenity"": ""bar"", ""check_date"": ""2025-06-02"", ""contact:facebook"": ""https://www.facebook.com/people/The-Chakra-Lounge/61564301581387/"", ""name"": ""Chakra Lounge"", ""opening_hours"": ""17:00-26:00"", ""phone"": ""+1 801-596-8727"", ""website"": ""https://chakralounge.net/""}",2026-08-10T08:57:15.983839+00:00
node,9219692891,Jackalope Lounge,bar,,,,,372,South State Street,,Salt Lake City,UT,84111,"372 South State Street, Salt Lake City, UT 84111",+1 801-359-8054,,,"Mo-We 17:00-02:00, Th-Su 13:00-02:00",,,,,40.7610321,-111.8885312,,,https://www.openstreetmap.org/node/9219692891,"{""addr:city"": ""Salt Lake City"", ""addr:housenumber"": ""372"", ""addr:postcode"": ""84111"", ""addr:state"": ""UT"", ""addr:street"": ""South State Street"", ""amenity"": ""bar"", ""check_date"": ""2026-06-03"", ""check_date:opening_hours"": ""2026-06-03"", ""contact:facebook"": ""https://www.facebook.com/The-Jackalope-Lounge-SLC-Utah-100072062981920/"", ""name"": ""Jackalope Lounge"", ""opening_hours"": ""Mo-We 17:00-02:00, Th-Su 13:00-02:00"", ""phone"": ""+1 801-359-8054""}",2026-08-10T08:57:15.983839+00:00
node,9254681268,Roots Coffee & Co.,cafe,,coffee_shop,,,774,South 300 West,,Salt Lake City,UT,84101,"774 South 300 West, Salt Lake City, UT 84101",+1-801-960-0618,https://rootscoffeeutah.com/,,Mo-Fr 06:30-18:00; Sa 07:00-17:00; Su 08:00-14:00,,,yes,no,40.7523073,-111.9000230,,,https://www.openstreetmap.org/node/9254681268,"{""addr:city"": ""Salt Lake City"", ""addr:housenumber"": ""774"", ""addr:postcode"": ""84101"", ""addr:state"": ""UT"", ""addr:street"": ""South 300 West"", ""amenity"": ""cafe"", ""check_date"": ""2026-02-07"", ""cuisine"": ""coffee_shop"", ""internet_access"": ""wlan"", ""internet_access:fee"": ""customers"", ""name"": ""Roots Coffee & Co."", ""opening_hours"": ""Mo-Fr 06:30-18:00; Sa 07:00-17:00; Su 08:00-14:00"", ""outdoor_seating"": ""yes"", ""payment:mastercard"": ""yes"", ""payment:visa"": ""yes"", ""phone"": ""+1-801-960-0618"", ""website"": ""https://rootscoffeeutah.com/"", ""wheelchair"": ""no""}",2026-08-10T08:57:15.983839+00:00
node,9265332454,Varley,bar,,,,,63,West 100 South,,Salt Lake City,UT,84101,"63 West 100 South, Salt Lake City, UT 84101",,https://varleyslc.com,,,,,,,40.7669265,-111.8931070,,,https://www.openstreetmap.org/node/9265332454,"{""addr:city"": ""Salt Lake City"", ""addr:housenumber"": ""63"", ""addr:postcode"": ""84101"", ""addr:state"": ""UT"", ""addr:street"": ""West 100 South"", ""amenity"": ""bar"", ""country"": ""US"", ""name"": ""Varley"", ""strapline"": ""A Cocktail Bar"", ""website"": ""https://varleyslc.com""}",2026-08-10T08:57:15.983839+00:00
node,9268067089,Cafe Rio,restaurant,,mexican,Cafe Rio,,51,South Main Street,,Salt Lake City,UT,84101,"51 South Main Street, Salt Lake City, UT 84101",+1-385-500-3922,https://www.caferio.com/locations/city-creek,,Mo-Th 10:30-21:00; Fr-Sa 10:30-22:00,,,,,40.7679039,-111.8897860,,,https://www.openstreetmap.org/node/9268067089,"{""addr:city"": ""Salt Lake City"", ""addr:housenumber"": ""51"", ""addr:postcode"": ""84101"", ""addr:state"": ""UT"", ""addr:street"": ""South Main Street"", ""amenity"": ""restaurant"", ""brand"": ""Cafe Rio"", ""brand:wikidata"": ""Q5017108"", ""check_date"": ""2024-06-17"", ""cuisine"": ""mexican"", ""level"": ""0"", ""name"": ""Cafe Rio"", ""opening_hours"": ""Mo-Th 10:30-21:00; Fr-Sa 10:30-22:00"", ""phone"": ""+1-385-500-3922"", ""website"": ""https://www.caferio.com/locations/city-creek""}",2026-08-10T08:57:15.983839+00:00
node,9278976630,Durango Bar,bar,,,,,923,South State Street,,Salt Lake City,UT,,"923 South State Street, Salt Lake City, UT",+1 801-865-9381,,,Mo-We off; Th-Su 21:00-02:00,,,,,40.7490079,-111.8878212,,,https://www.openstreetmap.org/node/9278976630,"{""addr:city"": ""Salt Lake City"", ""addr:housenumber"": ""923"", ""addr:state"": ""UT"", ""addr:street"": ""South State Street"", ""amenity"": ""bar"", ""check_date"": ""2025-06-02"", ""contact:facebook"": ""https://www.facebook.com/DurangoBarSLC/"", ""name"": ""Durango Bar"", ""opening_hours"": ""Mo-We off; Th-Su 21:00-02:00"", ""phone"": ""+1 801-865-9381""}",2026-08-10T08:57:15.983839+00:00
node,9294667081,Foodie & Sweetie DMarket,restaurant,,asian,,,,,,,,,,,,,"Mo, We-Su 11:00-21:00",,,,,40.7715587,-111.8792647,,,https://www.openstreetmap.org/node/9294667081,"{""amenity"": ""restaurant"", ""cuisine"": ""asian"", ""name"": ""Foodie & Sweetie DMarket"", ""opening_hours"": ""Mo, We-Su 11:00-21:00""}",2026-08-10T08:57:15.983839+00:00
node,9301209424,Oishi Ramen,restaurant,,ramen,,,2095,East 1300 South,,Salt Lake City,,,"2095 East 1300 South, Salt Lake City",,,,,,,,,40.7420412,-111.8310391,,,https://www.openstreetmap.org/node/9301209424,"{""addr:city"": ""Salt Lake City"", ""addr:housenumber"": ""2095"", ""addr:street"": ""East 1300 South"", ""amenity"": ""restaurant"", ""cuisine"": ""ramen"", ""name"": ""Oishi Ramen""}",2026-08-10T08:57:15.983839+00:00
node,9335676372,Les Banh Mi,restaurant,,vietnamese;sandwich;noodle,,,249,East 400 South,,Salt Lake City,UT,84111,"249 East 400 South, Salt Lake City, UT 84111",+1 385-227-8377,,,Mo-Sa 11:00-21:00; Su off,,,,,40.7608832,-111.8837131,,,https://www.openstreetmap.org/node/9335676372,"{""addr:city"": ""Salt Lake City"", ""addr:country"": ""US"", ""addr:housenumber"": ""249"", ""addr:postcode"": ""84111"", ""addr:state"": ""UT"", ""addr:street"": ""East 400 South"", ""amenity"": ""restaurant"", ""check_date:opening_hours"": ""2023-03-25"", ""cuisine"": ""vietnamese;sandwich;noodle"", ""diet:vegetarian"": ""limited"", ""internet_access"": ""yes"", ""internet_access:ssid"": ""VietopiaDeliGuest2.4G"", ""level"": ""0"", ""name"": ""Les Banh Mi"", ""official_name"": ""Vietopia Deli"", ""opening_hours"": ""Mo-Sa 11:00-21:00; Su off"", ""payment:cash"": ""yes"", ""payment:credit_cards"": ""yes"", ""phone"": ""+1 385-227-8377""}",2026-08-10T08:57:15.983839+00:00
node,9335676373,Sweet Rolled Tacos,ice_cream,,,,,157,South Rio Grande Street,,Salt Lake City,UT,84101,"157 South Rio Grande Street, Salt Lake City, UT 84101",+1 801-702-8610,https://www.sweetrolledtacos.com/sweet-rolled-tacos/,,Mo-Th 13:00-21:00; Fr 13:00-22:30; Sa 12:00-22:30; Su 12:00-18:00,,,,,40.7659212,-111.9032010,,,https://www.openstreetmap.org/node/9335676373,"{""addr:city"": ""Salt Lake City"", ""addr:housenumber"": ""157"", ""addr:postcode"": ""84101"", ""addr:state"": ""UT"", ""addr:street"": ""South Rio Grande Street"", ""amenity"": ""ice_cream"", ""check_date"": ""2025-06-02"", ""contact:facebook"": ""https://www.facebook.com/srtutah/"", ""name"": ""Sweet Rolled Tacos"", ""opening_hours"": ""Mo-Th 13:00-21:00; Fr 13:00-22:30; Sa 12:00-22:30; Su 12:00-18:00"", ""phone"": ""+1 801-702-8610"", ""website"": ""https://www.sweetrolledtacos.com/sweet-rolled-tacos/""}",2026-08-10T08:57:15.983839+00:00
node,9335676374,Mr. Shabu,restaurant,,japanese,,,159,South 400 West,,Salt Lake City,UT,84101,"159 South 400 West, Salt Lake City, UT 84101",,,,,,,,,40.7658582,-111.9030640,,,https://www.openstreetmap.org/node/9335676374,"{""addr:city"": ""Salt Lake City"", ""addr:country"": ""US"", ""addr:housenumber"": ""159"", ""addr:postcode"": ""84101"", ""addr:state"": ""UT"", ""addr:street"": ""South 400 West"", ""amenity"": ""restaurant"", ""cuisine"": ""japanese"", ""level"": ""0"", ""name"": ""Mr. Shabu""}",2026-08-10T08:57:15.983839+00:00
node,9347496198,Oquirrh,restaurant,,,,,,,,,,,,+1 801-359-0426,https://oquirrhslc.com,,"Mo-Fr 16:30-22:00; Sa-Su 10:00-14:00, 16:30-22:00",,,,,40.7669473,-111.8803358,,,https://www.openstreetmap.org/node/9347496198,"{""amenity"": ""restaurant"", ""name"": ""Oquirrh"", ""opening_hours"": ""Mo-Fr 16:30-22:00; Sa-Su 10:00-14:00, 16:30-22:00"", ""phone"": ""+1 801-359-0426"", ""website"": ""https://oquirrhslc.com""}",2026-08-10T08:57:15.983839+00:00
node,9429459885,Don Joaquin,restaurant,,mexican,,,,,,,,,,,,,,,,,,40.7625523,-111.9028010,,,https://www.openstreetmap.org/node/9429459885,"{""amenity"": ""restaurant"", ""cuisine"": ""mexican"", ""full_name"": ""Street Tacos Don Joaquin"", ""name"": ""Don Joaquin"", ""start_date"": ""2022-10""}",2026-08-10T08:57:15.983839+00:00
node,9556910474,Fed Up Kitchen,restaurant,,,,,2120,South 1300 East,300,Salt Lake City,UT,84106,"2120 South 1300 East, 300, Salt Lake City, UT 84106",+1-801-641-3746,https://slc.fedupkitchen.com/,slc@fedupkitchen.com,,only,,,,40.7246562,-111.8540812,,,https://www.openstreetmap.org/node/9556910474,"{""addr:city"": ""Salt Lake City"", ""addr:housenumber"": ""2120"", ""addr:postcode"": ""84106"", ""addr:state"": ""UT"", ""addr:street"": ""South 1300 East"", ""addr:unit"": ""300"", ""amenity"": ""restaurant"", ""description"": ""Meals prearranged as a subscription only. You can't just show up and get a meal."", ""email"": ""slc@fedupkitchen.com"", ""name"": ""Fed Up Kitchen"", ""phone"": ""+1-801-641-3746"", ""takeaway"": ""only"", ""website"": ""https://slc.fedupkitchen.com/""}",2026-08-10T08:57:15.983839+00:00
node,9586561692,Aranya Thai Kitchen,restaurant,,thai,,,810,South State Street,,Salt Lake City,UT,84111,"810 South State Street, Salt Lake City, UT 84111",+1 385 267 1127,,,Tu-Fr 11:00-21:30; Sa 12:00-21:30; Su 12:00-21:00; Mo off,yes,,,,40.7516371,-111.8891953,,,https://www.openstreetmap.org/node/9586561692,"{""addr:city"": ""Salt Lake City"", ""addr:housenumber"": ""810"", ""addr:postcode"": ""84111"", ""addr:state"": ""UT"", ""addr:street"": ""South State Street"", ""amenity"": ""restaurant"", ""check_date"": ""2025-06-02"", ""cuisine"": ""thai"", ""name"": ""Aranya Thai Kitchen"", ""note"": ""The business has changed names, even if right now (as of 7/2023) the old signage is still up outside. \""Aranya\"" is correct and current. \""Sara\"" is the old name."", ""opening_hours"": ""Tu-Fr 11:00-21:30; Sa 12:00-21:30; Su 12:00-21:00; Mo off"", ""phone"": ""+1 385 267 1127"", ""takeaway"": ""yes""}",2026-08-10T08:57:15.983839+00:00
node,9629520429,Pacific Seas Restaurant,restaurant,,,,,1151,South Redwood Road,107 A,Salt Lake City,UT,84104,"1151 South Redwood Road, 107 A, Salt Lake City, UT 84104",+1-801-975-6565,,,Mo-Th 11:30-19:00; Fr-Sa 11:00-19:00; Su off,,,,,40.7438137,-111.9385329,,,https://www.openstreetmap.org/node/9629520429,"{""addr:city"": ""Salt Lake City"", ""addr:housenumber"": ""1151"", ""addr:postcode"": ""84104"", ""addr:state"": ""UT"", ""addr:street"": ""South Redwood Road"", ""addr:unit"": ""107 A"", ""amenity"": ""restaurant"", ""name"": ""Pacific Seas Restaurant"", ""opening_hours"": ""Mo-Th 11:30-19:00; Fr-Sa 11:00-19:00; Su off"", ""phone"": ""+1-801-975-6565""}",2026-08-10T08:57:15.983839+00:00
node,9650287052,Kura Sushi,fast_food,,sushi,Kura Sushi,,675,East 2100 South,K,Salt Lake City,UT,84106,"675 East 2100 South, K, Salt Lake City, UT 84106",,,,,yes,,,,40.7259812,-111.8722630,,,https://www.openstreetmap.org/node/9650287052,"{""addr:city"": ""Salt Lake City"", ""addr:country"": ""US"", ""addr:housenumber"": ""675"", ""addr:postcode"": ""84106"", ""addr:state"": ""UT"", ""addr:street"": ""East 2100 South"", ""addr:unit"": ""K"", ""amenity"": ""fast_food"", ""brand"": ""Kura Sushi"", ""brand:wikidata"": ""Q6445491"", ""cuisine"": ""sushi"", ""name"": ""Kura Sushi"", ""official_name"": ""Kura Revolving Sushi Bar"", ""strapline"": ""Revolving Sushi Bar"", ""takeaway"": ""yes""}",2026-08-10T08:57:15.983839+00:00
node,9659494428,Crema,cafe,,coffee_shop,,,2112,East 1300 South,,Salt Lake City,UT,84108,"2112 East 1300 South, Salt Lake City, UT 84108",+1-801-981-9234,https://ordercrema.com,foothill@ordercrema.com,Mo-Sa 07:00-19:00; Su 07:00-17:00,yes,no,,yes,40.7414709,-111.8303451,,,https://www.openstreetmap.org/node/9659494428,"{""addr:city"": ""Salt Lake City"", ""addr:housenumber"": ""2112"", ""addr:postcode"": ""84108"", ""addr:state"": ""UT"", ""addr:street"": ""East 1300 South"", ""amenity"": ""cafe"", ""check_date:currency:XBT"": ""2026-05-08"", ""contact:email"": ""foothill@ordercrema.com"", ""contact:facebook"": ""https://www.facebook.com/cremafoothill"", ""contact:instagram"": ""https://www.instagram.com/cremafoothill"", ""cuisine"": ""coffee_shop"", ""currency:XBT"": ""yes"", ""delivery"": ""no"", ""description"": ""Coffee, soda, and pastries and other limited food options."", ""drive_through"": ""yes"", ""name"": ""Crema"", ""opening_hours"": ""Mo-Sa 07:00-19:00; Su 07:00-17:00"", ""payment:lightning"": ""yes"", ""payment:lightning:operator"": ""square"", ""payment:lightning_contactless"": ""no"", ""payment:onchain"": ""no"", ""phone"": ""+1-801-981-9234"", ""takeaway"": ""yes"", ""website"": ""https://ordercrema.com"", ""wheelchair"": ""yes""}",2026-08-10T08:57:15.983839+00:00
node,9681194318,Roctaco,fast_food,,mexican,,,248,South Edison Street,,Salt Lake City,UT,84111,"248 South Edison Street, Salt Lake City, UT 84111",+1-801-905-8016,https://www.roctaco.com/,,Mo-Th 11:00-21:00; Fr-Sa 11:00-22:00; Su off,yes,,,,40.7637492,-111.8866780,,,https://www.openstreetmap.org/node/9681194318,"{""addr:city"": ""Salt Lake City"", ""addr:housenumber"": ""248"", ""addr:postcode"": ""84111"", ""addr:state"": ""UT"", ""addr:street"": ""South Edison Street"", ""amenity"": ""fast_food"", ""cuisine"": ""mexican"", ""diet:vegan"": ""no"", ""diet:vegetarian"": ""yes"", ""drive_through"": ""no"", ""name"": ""Roctaco"", ""opening_hours"": ""Mo-Th 11:00-21:00; Fr-Sa 11:00-22:00; Su off"", ""phone"": ""+1-801-905-8016"", ""takeaway"": ""yes"", ""website"": ""https://www.roctaco.com/""}",2026-08-10T08:57:15.983839+00:00
node,9703785131,The Capital Grille,restaurant,,steak,,,40,East 100 South,100,Salt Lake City,UT,84111,"40 East 100 South, 100, Salt Lake City, UT 84111",+1-385-419-3888,https://www.thecapitalgrille.com/locations/ut/salt-lake-city/8069,,Mo-Th 11:30-21:00; Fr 11:30-22:00; Sa 17:00-22:00; Su 16:00-20:00,,,,,40.7669777,-111.8896300,,,https://www.openstreetmap.org/node/9703785131,"{""addr:city"": ""Salt Lake City"", ""addr:country"": ""US"", ""addr:housenumber"": ""40"", ""addr:postcode"": ""84111"", ""addr:state"": ""UT"", ""addr:street"": ""East 100 South"", ""addr:unit"": ""100"", ""amenity"": ""restaurant"", ""cuisine"": ""steak"", ""level"": ""0"", ""name"": ""The Capital Grille"", ""opening_hours"": ""Mo-Th 11:30-21:00; Fr 11:30-22:00; Sa 17:00-22:00; Su 16:00-20:00"", ""phone"": ""+1-385-419-3888"", ""website"": ""https://www.thecapitalgrille.com/locations/ut/salt-lake-city/8069""}",2026-08-10T08:57:15.983839+00:00
node,9703785132,Monarca,restaurant,,mexican,,,268,South State Street,,Salt Lake City,UT,84111,"268 South State Street, Salt Lake City, UT 84111",+1 801-214-0111,https://monarcaut.com/,,Tu-Th 11:00-21:00; Fr-Sa 11:00-22:00; Mo 17:00-21:00,,,,,40.7634444,-111.8885610,,,https://www.openstreetmap.org/node/9703785132,"{""addr:city"": ""Salt Lake City"", ""addr:housenumber"": ""268"", ""addr:postcode"": ""84111"", ""addr:state"": ""UT"", ""addr:street"": ""South State Street"", ""amenity"": ""restaurant"", ""check_date"": ""2025-06-02"", ""contact:facebook"": ""https://www.facebook.com/MonarcaDining/"", ""contact:instagram"": ""https://www.instagram.com/monarca_dining"", ""cuisine"": ""mexican"", ""name"": ""Monarca"", ""opening_hours"": ""Tu-Th 11:00-21:00; Fr-Sa 11:00-22:00; Mo 17:00-21:00"", ""phone"": ""+1 801-214-0111"", ""website"": ""https://monarcaut.com/""}",2026-08-10T08:57:15.983839+00:00
node,9709913431,June's Southern Table,restaurant,,southern,,,,,,,,,,,,,,only,,,,40.7332394,-111.8932930,,,https://www.openstreetmap.org/node/9709913431,"{""amenity"": ""restaurant"", ""cuisine"": ""southern"", ""name"": ""June's Southern Table"", ""takeaway"": ""only""}",2026-08-10T08:57:15.983839+00:00
node,9709913432,Magpie,restaurant,,,,,,,,,,,,,https://www.magpieeats.com/,,,only,,,,40.7331845,-111.8933037,,,https://www.openstreetmap.org/node/9709913432,"{""amenity"": ""restaurant"", ""full_name"": ""Magpie Sweets and Eats"", ""name"": ""Magpie"", ""strapline"": ""Oven Ready Meals, Desserts, and Cooking Classes"", ""takeaway"": ""only"", ""website"": ""https://www.magpieeats.com/""}",2026-08-10T08:57:15.983839+00:00
node,9715734087,GR Kitchen,restaurant,,greek,,,358,South 700 East,Suite F,Salt Lake City,UT,84102,"358 South 700 East, Suite F, Salt Lake City, UT 84102",+1-385-500-2879,https://www.eatgrkitchen.com,,Mo-Sa 11:00-21:00,,,,,40.7615642,-111.8719900,,,https://www.openstreetmap.org/node/9715734087,"{""addr:city"": ""Salt Lake City"", ""addr:country"": ""US"", ""addr:housenumber"": ""358"", ""addr:postcode"": ""84102"", ""addr:state"": ""UT"", ""addr:street"": ""South 700 East"", ""addr:unit"": ""Suite F"", ""amenity"": ""restaurant"", ""check_date"": ""2025-07-15"", ""cuisine"": ""greek"", ""diet:gluten_free"": ""yes"", ""diet:vegetarian"": ""yes"", ""drive_through"": ""no"", ""name"": ""GR Kitchen"", ""opening_hours"": ""Mo-Sa 11:00-21:00"", ""payment:cash"": ""no"", ""phone"": ""+1-385-500-2879"", ""website"": ""https://www.eatgrkitchen.com""}",2026-08-10T08:57:15.983839+00:00
node,9750128289,Bhansa Ghar,restaurant,,asian;nepal,,,250,West 2100 South,G,Salt Lake City,UT,84115,"250 West 2100 South, G, Salt Lake City, UT 84115",,,,Mo-Su 12:00-21:00; Tu off,yes,yes,,yes,40.7259770,-111.8979682,,,https://www.openstreetmap.org/node/9750128289,"{""addr:city"": ""Salt Lake City"", ""addr:country"": ""US"", ""addr:housenumber"": ""250"", ""addr:postcode"": ""84115"", ""addr:state"": ""UT"", ""addr:street"": ""West 2100 South"", ""addr:unit"": ""G"", ""amenity"": ""restaurant"", ""cuisine"": ""asian;nepal"", ""delivery"": ""yes"", ""name"": ""Bhansa Ghar"", ""opening_hours"": ""Mo-Su 12:00-21:00; Tu off"", ""payment:credit_cards"": ""yes"", ""takeaway"": ""yes"", ""wheelchair"": ""yes""}",2026-08-10T08:57:15.983839+00:00
node,9765476804,Tamarind,restaurant,,vietnamese,,,120,South Main Street,,Salt Lake City,UT,,"120 South Main Street, Salt Lake City, UT",+1 385-259-0277,https://www.tamarindslc.com/,,Mo-Th 10:00-20:00; Fr 10:00-21:00; Sa-Su 11:00-21:00,,,no,,40.7665529,-111.8913634,,,https://www.openstreetmap.org/node/9765476804,"{""addr:city"": ""Salt Lake City"", ""addr:housenumber"": ""120"", ""addr:state"": ""UT"", ""addr:street"": ""South Main Street"", ""addr:street:prefix"": ""South"", ""air_conditioning"": ""yes"", ""amenity"": ""restaurant"", ""check_date"": ""2025-06-23"", ""cuisine"": ""vietnamese"", ""diet:vegan"": ""yes"", ""name"": ""Tamarind"", ""opening_hours"": ""Mo-Th 10:00-20:00; Fr 10:00-21:00; Sa-Su 11:00-21:00"", ""opening_hours:covid19"": ""Mo-Tu off; We-Su 12:00-20:00"", ""outdoor_seating"": ""no"", ""payment:cash"": ""no"", ""payment:credit_cards"": ""yes"", ""phone"": ""+1 385-259-0277"", ""toilets"": ""yes"", ""website"": ""https://www.tamarindslc.com/""}",2026-08-10T08:57:15.983839+00:00
node,9765598817,Eggsburgh,restaurant,,american,,,,,,,,,,,https://eggsburgh.com/,,Mo-Su 07:00-14:00,,,,,40.7630405,-111.8947220,,,https://www.openstreetmap.org/node/9765598817,"{""amenity"": ""restaurant"", ""check_date:opening_hours"": ""2023-04-10"", ""cuisine"": ""american"", ""diet:vegan"": ""limited"", ""diet:vegetarian"": ""yes"", ""name"": ""Eggsburgh"", ""opening_hours"": ""Mo-Su 07:00-14:00"", ""website"": ""https://eggsburgh.com/""}",2026-08-10T08:57:15.983839+00:00
node,9765598819,Kahve Cafe,cafe,,turkish;tea;coffee;dessert,,,,,,,,,,+1 801-674-7047,https://www.kahvecafeslc.com,,Tu-Sa 10:00-17:00; Su 10:00-15:00,,,yes,,40.7678978,-111.8735620,,,https://www.openstreetmap.org/node/9765598819,"{""amenity"": ""cafe"", ""cuisine"": ""turkish;tea;coffee;dessert"", ""internet_access"": ""wlan"", ""internet_access:fee"": ""customers"", ""internet_access:ssid"": ""KahveCafeSLC"", ""level"": ""0"", ""name"": ""Kahve Cafe"", ""opening_hours"": ""Tu-Sa 10:00-17:00; Su 10:00-15:00"", ""outdoor_seating"": ""yes"", ""phone"": ""+1 801-674-7047"", ""website"": ""https://www.kahvecafeslc.com""}",2026-08-10T08:57:15.983839+00:00
node,9791175933,Old Cuss Cafe,cafe,,breakfast;brunch;pastry,,,325,West Pierpont Avenue,,,,,325 West Pierpont Avenue,,,,Tu-Su 08:00-15:00; Mo off,,,yes,,40.7636760,-111.9005558,,,https://www.openstreetmap.org/node/9791175933,"{""addr:housenumber"": ""325"", ""addr:street"": ""West Pierpont Avenue"", ""alt_name"": ""Old Cuss"", ""amenity"": ""cafe"", ""check_date"": ""2026-06-14"", ""cuisine"": ""breakfast;brunch;pastry"", ""diet:vegan"": ""yes"", ""diet:vegetarian"": ""yes"", ""internet_access"": ""no"", ""name"": ""Old Cuss Cafe"", ""opening_hours"": ""Tu-Su 08:00-15:00; Mo off"", ""outdoor_seating"": ""yes"", ""payment:cash"": ""yes"", ""payment:credit_cards"": ""yes"", ""payment:debit_cards"": ""yes""}",2026-08-10T08:57:15.983839+00:00
node,9815550001,Scion Cider,pub,,,,,916,South Jefferson Street,A,,,,"916 South Jefferson Street, A",,https://www.scionciderbar.com/,info@scionciderbar.com,Mo 16:00-22:00; We-Th 16:00-22:00; Fr 16:00-23:00; Sa 12:00-23:59; Su 12:00-21:00,,,,,40.7492862,-111.8956544,,,https://www.openstreetmap.org/node/9815550001,"{""access:dog"": ""patio"", ""addr:housenumber"": ""916"", ""addr:street"": ""South Jefferson Street"", ""addr:unit"": ""A"", ""amenity"": ""pub"", ""email"": ""info@scionciderbar.com"", ""lgbtq"": ""welcome"", ""microbrewery"": ""yes"", ""min_age"": ""21"", ""name"": ""Scion Cider"", ""opening_hours"": ""Mo 16:00-22:00; We-Th 16:00-22:00; Fr 16:00-23:00; Sa 12:00-23:59; Su 12:00-21:00"", ""product"": ""cider"", ""website"": ""https://www.scionciderbar.com/""}",2026-08-10T08:57:15.983839+00:00
node,9815650913,Muertos Cantina,restaurant,,mexican,,,1215,East Wilmington Avenue,110,Salt Lake City,UT,84106,"1215 East Wilmington Avenue, 110, Salt Lake City, UT 84106",+1 801 869 1006,https://muertoscantina.com/,,Mo-Th 11:00-21:00; Fr-Sa 11:00-22:00; Su 11:00-21:00,,,,,40.7235290,-111.8564660,,,https://www.openstreetmap.org/node/9815650913,"{""addr:city"": ""Salt Lake City"", ""addr:housenumber"": ""1215"", ""addr:postcode"": ""84106"", ""addr:state"": ""UT"", ""addr:street"": ""East Wilmington Avenue"", ""addr:unit"": ""110"", ""amenity"": ""restaurant"", ""cuisine"": ""mexican"", ""diet:gluten_free"": ""yes"", ""diet:vegan"": ""yes"", ""diet:vegetarian"": ""yes"", ""fixme"": ""The restaurant moved to another store front in the complex and the node needs to be moved. Their website says \"" just off Wilmington Ave and right around the corner\"", but Suite 110 isn't visible from street imagery"", ""name"": ""Muertos Cantina"", ""opening_hours"": ""Mo-Th 11:00-21:00; Fr-Sa 11:00-22:00; Su 11:00-21:00"", ""payment:cash"": ""no"", ""phone"": ""+1 801 869 1006"", ""website"": ""https://muertoscantina.com/""}",2026-08-10T08:57:15.983839+00:00
node,9846651936,Corner Brew Pub Food To Go,fast_food,,,,,,,,,,,,,,,,,,,,40.7887745,-111.9907908,,,https://www.openstreetmap.org/node/9846651936,"{""amenity"": ""fast_food"", ""name"": ""Corner Brew Pub Food To Go""}",2026-08-10T08:57:15.983839+00:00
node,9849042855,Blue Lemon,restaurant,,,,,,,,,,,,,,,,,,,,40.7845793,-111.9850839,,,https://www.openstreetmap.org/node/9849042855,"{""amenity"": ""restaurant"", ""name"": ""Blue Lemon""}",2026-08-10T08:57:15.983839+00:00
node,9883725246,Cafe Guanaco,restaurant,,salvadoran,,,,,,,,,,+1 801-484-6584,https://cafeguanacout.com/,,Mo-Sa 11:00-21:00; Su 11:00-16:00,,,,,40.7378499,-111.8887280,,,https://www.openstreetmap.org/node/9883725246,"{""amenity"": ""restaurant"", ""cuisine"": ""salvadoran"", ""full_name"": ""Cafe Guanaco la Oaxaquena"", ""name"": ""Cafe Guanaco"", ""opening_hours"": ""Mo-Sa 11:00-21:00; Su 11:00-16:00"", ""phone"": ""+1 801-484-6584"", ""website"": ""https://cafeguanacout.com/""}",2026-08-10T08:57:15.983839+00:00
node,9902710846,Good Food Gluten Free,,bakery,,,,423,West 800 South,Suite A113,Salt Lake City,UT,84101,"423 West 800 South, Suite A113, Salt Lake City, UT 84101",+1 801-413-4978,https://goodfoodglutenfree.com,goodfoodglutenfreebakery@gmail.com,Mo-Fr 09:00-17:30; Sa 09:00-14:00; Su off,,,,,40.7516802,-111.9037862,,,https://www.openstreetmap.org/node/9902710846,"{""addr:city"": ""Salt Lake City"", ""addr:housenumber"": ""423"", ""addr:postcode"": ""84101"", ""addr:state"": ""UT"", ""addr:street"": ""West 800 South"", ""addr:unit"": ""Suite A113"", ""diet:gluten_free"": ""only"", ""diet:vegan"": ""\""special orders only\"""", ""diet:vegetarian"": ""only"", ""email"": ""goodfoodglutenfreebakery@gmail.com"", ""name"": ""Good Food Gluten Free"", ""opening_hours"": ""Mo-Fr 09:00-17:30; Sa 09:00-14:00; Su off"", ""payment:cash"": ""yes"", ""payment:credit_cards"": ""yes"", ""phone"": ""+1 801-413-4978"", ""shop"": ""bakery"", ""website"": ""https://goodfoodglutenfree.com""}",2026-08-10T08:57:15.983839+00:00
node,9917679538,Maize,restaurant,,mexican,,,151,South Regent Street,,Salt Lake City,UT,84111,"151 South Regent Street, Salt Lake City, UT 84111",+1-801-363-0245,https://www.maizetacos.com,info@maizetacos.com,Mo 11:00-15:00; Tu-Sa 11:30-19:00,,,,,40.7659839,-111.8896604,,,https://www.openstreetmap.org/node/9917679538,"{""addr:city"": ""Salt Lake City"", ""addr:housenumber"": ""151"", ""addr:postcode"": ""84111"", ""addr:state"": ""UT"", ""addr:street"": ""South Regent Street"", ""amenity"": ""restaurant"", ""cuisine"": ""mexican"", ""diet:vegetarian"": ""no"", ""email"": ""info@maizetacos.com"", ""full_name"": ""Maize Tacos"", ""level"": ""0"", ""name"": ""Maize"", ""opening_hours"": ""Mo 11:00-15:00; Tu-Sa 11:30-19:00"", ""phone"": ""+1-801-363-0245"", ""website"": ""https://www.maizetacos.com""}",2026-08-10T08:57:15.983839+00:00
node,9917679550,La Cai Noodle House,restaurant,,asian,,,961,South State Street,,Salt Lake City,UT,84111,"961 South State Street, Salt Lake City, UT 84111",+1 801-322-3590,http://lacainoodlehouse.com,,"Mo,Su off; Tu-Fr 11:00-14:00,16:00-21:00; Sa 12:00-15:00,16:00-21:00",,,,,40.7481845,-111.8878540,,,https://www.openstreetmap.org/node/9917679550,"{""addr:city"": ""Salt Lake City"", ""addr:housenumber"": ""961"", ""addr:postcode"": ""84111"", ""addr:state"": ""UT"", ""addr:street"": ""South State Street"", ""amenity"": ""restaurant"", ""check_date"": ""2025-06-02"", ""cuisine"": ""asian"", ""diet:vegan"": ""yes"", ""diet:vegetarian"": ""yes"", ""full_name"": ""Mi La Cai Noodle House"", ""name"": ""La Cai Noodle House"", ""opening_hours"": ""Mo,Su off; Tu-Fr 11:00-14:00,16:00-21:00; Sa 12:00-15:00,16:00-21:00"", ""phone"": ""+1 801-322-3590"", ""short_name"": ""La Cai"", ""website"": ""http://lacainoodlehouse.com"", ""website:menu"": ""https://www.lacaislc.com/menu""}",2026-08-10T08:57:15.983839+00:00
node,9917679560,Cosmica,restaurant,,italian,,,945,South 300 West,Suite 102,Salt Lake City,UT,84101,"945 South 300 West, Suite 102, Salt Lake City, UT 84101",,,,We-Su; Mo-Tu off,,,,,40.7484912,-111.8994324,,,https://www.openstreetmap.org/node/9917679560,"{""addr:city"": ""Salt Lake City"", ""addr:housenumber"": ""945"", ""addr:postcode"": ""84101"", ""addr:state"": ""UT"", ""addr:street"": ""South 300 West"", ""addr:unit"": ""Suite 102"", ""amenity"": ""restaurant"", ""cuisine"": ""italian"", ""level"": ""0"", ""min_age"": ""21"", ""name"": ""Cosmica"", ""opening_hours"": ""We-Su; Mo-Tu off""}",2026-08-10T08:57:15.983839+00:00
node,9917679561,Dough Miner,cafe,,pasty;donut;bagel,,,945,South 300 West,Suite 101,Salt Lake City,UT,84101,"945 South 300 West, Suite 101, Salt Lake City, UT 84101",+1 385-334-3389,https://doughminer.com,,"Mo,We-Fr 07:30-13:30; Sa-Su 08:00-14:00; Tu off",,no,yes,,40.7483911,-111.8994310,,,https://www.openstreetmap.org/node/9917679561,"{""addr:city"": ""Salt Lake City"", ""addr:housenumber"": ""945"", ""addr:postcode"": ""84101"", ""addr:state"": ""UT"", ""addr:street"": ""South 300 West"", ""addr:unit"": ""Suite 101"", ""amenity"": ""cafe"", ""cuisine"": ""pasty;donut;bagel"", ""delivery"": ""no"", ""diet:vegan"": ""no"", ""diet:vegetarian"": ""yes"", ""indoor_seating"": ""yes"", ""internet_access"": ""yes"", ""internet_access:fee"": ""customers"", ""internet_access:ssid"": ""Doughminer-guest"", ""level"": ""0"", ""name"": ""Dough Miner"", ""opening_hours"": ""Mo,We-Fr 07:30-13:30; Sa-Su 08:00-14:00; Tu off"", ""outdoor_seating"": ""yes"", ""phone"": ""+1 385-334-3389"", ""start_date"": ""2022-07-27"", ""website"": ""https://doughminer.com""}",2026-08-10T08:57:15.983839+00:00
node,9934600757,Slackwater Pizzeria,restaurant,,pizza,,,684,South 500 West,,Salt Lake City,UT,84101,"684 South 500 West, Salt Lake City, UT 84101",+1 801-386- 9777,https://slackwaterpizzeria.com/,,Mo-Th 11:00-22:00; Fr-Sa 11:00-23:00; Su 10:00-21:00,,,,,40.7544968,-111.9057380,,,https://www.openstreetmap.org/node/9934600757,"{""addr:city"": ""Salt Lake City"", ""addr:housenumber"": ""684"", ""addr:postcode"": ""84101"", ""addr:state"": ""UT"", ""addr:street"": ""South 500 West"", ""amenity"": ""restaurant"", ""check_date"": ""2025-06-01"", ""contact:facebook"": ""people/Slackwater-SLC/100083143126970"", ""contact:instagram"": ""slackwaterslc"", ""cuisine"": ""pizza"", ""full_name"": ""Slackwater Pizzeria & Pub"", ""name"": ""Slackwater Pizzeria"", ""opening_hours"": ""Mo-Th 11:00-22:00; Fr-Sa 11:00-23:00; Su 10:00-21:00"", ""phone"": ""+1 801-386- 9777"", ""website"": ""https://slackwaterpizzeria.com/"", ""website:menu"": ""https://www.slackwaterpizzeria.com/menu""}",2026-08-10T08:57:15.983839+00:00
node,9939976879,Logos Coffee Bar,cafe,,coffee_shop,,,1709,East 1300 South,,Salt Lake City,UT,84108,"1709 East 1300 South, Salt Lake City, UT 84108",,https://logos.coffee/pages/logos-coffee-bar,,Mo-Fr 07:00-15:00; Sa-Su 08:00-15:00,,,yes,,40.7418177,-111.8418774,,,https://www.openstreetmap.org/node/9939976879,"{""addr:city"": ""Salt Lake City"", ""addr:housenumber"": ""1709"", ""addr:postcode"": ""84108"", ""addr:state"": ""UT"", ""addr:street"": ""East 1300 South"", ""amenity"": ""cafe"", ""cuisine"": ""coffee_shop"", ""internet_access"": ""yes"", ""internet_access:fee"": ""no"", ""name"": ""Logos Coffee Bar"", ""opening_hours"": ""Mo-Fr 07:00-15:00; Sa-Su 08:00-15:00"", ""outdoor_seating"": ""yes"", ""website"": ""https://logos.coffee/pages/logos-coffee-bar""}",2026-08-10T08:57:15.983839+00:00
node,9940955987,The Shack,ice_cream,,,,,1676,East 1300 South,,Salt Lake City,UT,84108,"1676 East 1300 South, Salt Lake City, UT 84108",,,,"""Seasonal""",,,yes,,40.7415167,-111.8427612,,,https://www.openstreetmap.org/node/9940955987,"{""addr:city"": ""Salt Lake City"", ""addr:housenumber"": ""1676"", ""addr:postcode"": ""84108"", ""addr:state"": ""UT"", ""addr:street"": ""East 1300 South"", ""amenity"": ""ice_cream"", ""amenity_1"": ""snow cones"", ""name"": ""The Shack"", ""opening_hours"": ""\""Seasonal\"""", ""outdoor_seating"": ""yes""}",2026-08-10T08:57:15.983839+00:00
node,9970049746,Quiznos,fast_food,,sandwich,Quiznos,,1775,South 4130 West,D,Salt Lake City,UT,84104,"1775 South 4130 West, D, Salt Lake City, UT 84104",+1-801-973-6300,https://www.quiznos.com/,,Mo-Fr 07:00-18:00,yes,,,,40.7316842,-111.9894620,,,https://www.openstreetmap.org/node/9970049746,"{""addr:city"": ""Salt Lake City"", ""addr:housenumber"": ""1775"", ""addr:postcode"": ""84104"", ""addr:state"": ""UT"", ""addr:street"": ""South 4130 West"", ""addr:unit"": ""D"", ""amenity"": ""fast_food"", ""brand"": ""Quiznos"", ""brand:wikidata"": ""Q1936229"", ""check_date:opening_hours"": ""2024-05-10"", ""cuisine"": ""sandwich"", ""drive_through"": ""no"", ""name"": ""Quiznos"", ""opening_hours"": ""Mo-Fr 07:00-18:00"", ""phone"": ""+1-801-973-6300"", ""takeaway"": ""yes"", ""website"": ""https://www.quiznos.com/""}",2026-08-10T08:57:15.983839+00:00
node,9975625642,Redmond Farm Kitchen,restaurant,,breakfast;lunch;brunch;burger;sandwich;farm-to-table;coffee_shop;tea;smoothie,Redmond Heritage Farms,"Redmond, Inc.",2209,South Highland Drive,,Salt Lake City,UT,84106,"2209 South Highland Drive, Salt Lake City, UT 84106",+1 385-351-2664,https://www.redmondfarms.com/,,Mo-Sa 10:00-20:00; Su off,,,,,40.7228360,-111.8582906,,,https://www.openstreetmap.org/node/9975625642,"{""addr:city"": ""Salt Lake City"", ""addr:housenumber"": ""2209"", ""addr:postcode"": ""84106"", ""addr:state"": ""UT"", ""addr:street"": ""South Highland Drive"", ""amenity"": ""restaurant"", ""branch"": ""Sugarhouse"", ""brand"": ""Redmond Heritage Farms"", ""cuisine"": ""breakfast;lunch;brunch;burger;sandwich;farm-to-table;coffee_shop;tea;smoothie"", ""name"": ""Redmond Farm Kitchen"", ""old_name"": ""Redmond Farm Cafe"", ""opening_hours"": ""Mo-Sa 10:00-20:00; Su off"", ""operator"": ""Redmond, Inc."", ""operator:website"": ""https://www.redmondinc.com/"", ""phone"": ""+1 385-351-2664"", ""website"": ""https://www.redmondfarms.com/"", ""website:menu"": ""https://www.redmondfarms.com/farm-kitchen-menu/""}",2026-08-10T08:57:15.983839+00:00
node,9983808822,Don Daniel's Mexican Grill & Cantina,restaurant,,mexican,,,1017,North 900 West,,Salt Lake City,UT,84116,"1017 North 900 West, Salt Lake City, UT 84116",+1-801-521-9404,,,Mo-Fr 10:00-21:00; Sa-Su 09:00-21:00,yes,yes,,yes,40.7915743,-111.9174570,,,https://www.openstreetmap.org/node/9983808822,"{""addr:city"": ""Salt Lake City"", ""addr:country"": ""US"", ""addr:housenumber"": ""1017"", ""addr:postcode"": ""84116"", ""addr:state"": ""UT"", ""addr:street"": ""North 900 West"", ""addr:street:prefix"": ""North"", ""amenity"": ""restaurant"", ""contact:phone"": ""+1-801-521-9404"", ""cuisine"": ""mexican"", ""delivery"": ""yes"", ""name"": ""Don Daniel's Mexican Grill & Cantina"", ""opening_hours"": ""Mo-Fr 10:00-21:00; Sa-Su 09:00-21:00"", ""payment:cash"": ""yes"", ""payment:credit_cards"": ""yes"", ""payment:girocard"": ""no"", ""short_name"": ""Don Daniel's"", ""start_date"": ""1995"", ""strapline"": ""The Original Hidden Gem"", ""takeaway"": ""yes"", ""wheelchair"": ""yes""}",2026-08-10T08:57:15.983839+00:00
node,9983808823,Panaderia Lizbeth,,bakery,,,,1013,North 900 West,,Salt Lake City,UT,84116,"1013 North 900 West, Salt Lake City, UT 84116",+1 435-729-9049,,,,,,,yes,40.7914731,-111.9174540,,,https://www.openstreetmap.org/node/9983808823,"{""addr:city"": ""Salt Lake City"", ""addr:country"": ""US"", ""addr:housenumber"": ""1013"", ""addr:postcode"": ""84116"", ""addr:state"": ""UT"", ""addr:street"": ""North 900 West"", ""addr:street:prefix"": ""North"", ""contact:phone"": ""+1 435-729-9049"", ""diet:vegetarian"": ""yes"", ""name"": ""Panaderia Lizbeth"", ""shop"": ""bakery"", ""test"": ""test"", ""wheelchair"": ""yes""}",2026-08-10T08:57:15.983839+00:00
node,10136165863,Chunga's,restaurant,,mexican,,,1895,South Redwood Road,,Salt Lake City,UT,,"1895 South Redwood Road, Salt Lake City, UT",,,,,,,,,40.7288950,-111.9386403,,,https://www.openstreetmap.org/node/10136165863,"{""addr:city"": ""Salt Lake City"", ""addr:housenumber"": ""1895"", ""addr:state"": ""UT"", ""addr:street"": ""South Redwood Road"", ""amenity"": ""restaurant"", ""cuisine"": ""mexican"", ""name"": ""Chunga's""}",2026-08-10T08:57:15.983839+00:00
node,10136279974,Mar Muntanya,restaurant,,spanish,,,170,South West Temple,,Salt Lake City,UT,84101,"170 South West Temple, Salt Lake City, UT 84101",+1 385-433-7600,https://www.mar-muntanya.com/,,Mo-Su 17:00-22:00,,,,,40.7655692,-111.8947352,,,https://www.openstreetmap.org/node/10136279974,"{""addr:city"": ""Salt Lake City"", ""addr:housenumber"": ""170"", ""addr:postcode"": ""84101"", ""addr:state"": ""UT"", ""addr:street"": ""South West Temple"", ""amenity"": ""restaurant"", ""check_date"": ""2025-06-02"", ""cuisine"": ""spanish"", ""level"": ""5"", ""name"": ""Mar Muntanya"", ""opening_hours"": ""Mo-Su 17:00-22:00"", ""phone"": ""+1 385-433-7600"", ""website"": ""https://www.mar-muntanya.com/""}",2026-08-10T08:57:15.983839+00:00
node,10136279975,The Salt Republic,restaurant,,,,,,,,,,,,,,,"Mo-Su 06:30-10:30, 11:00-14:00, 17:00-22:00",,,,,40.7655651,-111.8945635,,,https://www.openstreetmap.org/node/10136279975,"{""amenity"": ""restaurant"", ""level"": ""0"", ""name"": ""The Salt Republic"", ""opening_hours"": ""Mo-Su 06:30-10:30, 11:00-14:00, 17:00-22:00""}",2026-08-10T08:57:15.983839+00:00
node,10136279976,Contribution Cocktail Lounge,bar,,,,,,,,,,,,,,,"Mo-Su 14:00-24:00, 00:00-01:00",,,,,40.7652528,-111.8943387,,,https://www.openstreetmap.org/node/10136279976,"{""amenity"": ""bar"", ""level"": ""0"", ""min_age"": ""21"", ""name"": ""Contribution Cocktail Lounge"", ""opening_hours"": ""Mo-Su 14:00-24:00, 00:00-01:00"", ""short_name"": ""Contribution""}",2026-08-10T08:57:15.983839+00:00
node,10144370296,Gibson Lounge,bar,,,,,,,,,,,,+1 801-258-6000,,,Mo-Su 16:00-24:00,,,,,40.7578897,-111.8896915,,,https://www.openstreetmap.org/node/10144370296,"{""amenity"": ""bar"", ""min_age"": ""21"", ""name"": ""Gibson Lounge"", ""opening_hours"": ""Mo-Su 16:00-24:00"", ""phone"": ""+1 801-258-6000""}",2026-08-10T08:57:15.983839+00:00
node,10144370297,The Lobby Lounge,restaurant,,regional,,,,,,,,,,+1-801-258-6006,https://www.grandamerica.com/dining/lobby-lounge/,,,,,,,40.7570933,-111.8898310,,,https://www.openstreetmap.org/node/10144370297,"{""amenity"": ""restaurant"", ""cuisine"": ""regional"", ""diet:vegan"": ""yes"", ""name"": ""The Lobby Lounge"", ""phone"": ""+1-801-258-6006"", ""website"": ""https://www.grandamerica.com/dining/lobby-lounge/""}",2026-08-10T08:57:15.983839+00:00
node,10147739634,Costa Vida,restaurant,,mexican,,,60,East South Temple,,Salt Lake City,UT,84111,"60 East South Temple, Salt Lake City, UT 84111",+1-385-429-8991,https://www.costavida.com/locations/us/ut/salt-lake-city/60-east-south-temple/,,Mo-Sa 10:30-21:00,,,,,40.7689122,-111.8893040,,,https://www.openstreetmap.org/node/10147739634,"{""addr:city"": ""Salt Lake City"", ""addr:housenumber"": ""60"", ""addr:postcode"": ""84111"", ""addr:state"": ""UT"", ""addr:street"": ""East South Temple"", ""amenity"": ""restaurant"", ""cuisine"": ""mexican"", ""name"": ""Costa Vida"", ""not:brand:wikidata"": ""Q108403192"", ""opening_hours"": ""Mo-Sa 10:30-21:00"", ""phone"": ""+1-385-429-8991"", ""website"": ""https://www.costavida.com/locations/us/ut/salt-lake-city/60-east-south-temple/""}",2026-08-10T08:57:15.983839+00:00
node,10181801264,Sugar Space Cafe,cafe,,,,,132,South 800 West,,Salt Lake City,UT,84104,"132 South 800 West, Salt Lake City, UT 84104",,,,,,,,,40.7662634,-111.9143083,,,https://www.openstreetmap.org/node/10181801264,"{""addr:city"": ""Salt Lake City"", ""addr:housenumber"": ""132"", ""addr:postcode"": ""84104"", ""addr:state"": ""UT"", ""addr:street"": ""South 800 West"", ""amenity"": ""cafe"", ""name"": ""Sugar Space Cafe""}",2026-08-10T08:57:15.983839+00:00
node,10200614562,Eleven,bar,,,,,609,South State Street,,Salt Lake City,UT,,"609 South State Street, Salt Lake City, UT",,,,,,,roof,,40.7558844,-111.8878863,,,https://www.openstreetmap.org/node/10200614562,"{""addr:city"": ""Salt Lake City"", ""addr:housenumber"": ""609"", ""addr:state"": ""UT"", ""addr:street"": ""South State Street"", ""amenity"": ""bar"", ""name"": ""Eleven"", ""outdoor_seating"": ""roof""}",2026-08-10T08:57:15.983839+00:00
node,10200614564,Koi-D Bar,ice_cream,,,,,655,South State Street,,Salt Lake City,UT,,"655 South State Street, Salt Lake City, UT",+1 435-631-9515,https://www.koidbar.com/,,"Mo,We-Su 16:00-23:00; Tu off",,,,,40.7548299,-111.8879100,,,https://www.openstreetmap.org/node/10200614564,"{""addr:city"": ""Salt Lake City"", ""addr:housenumber"": ""655"", ""addr:state"": ""UT"", ""addr:street"": ""South State Street"", ""amenity"": ""ice_cream"", ""check_date"": ""2025-06-01"", ""contact:facebook"": ""https://www.facebook.com/KoiDBar/"", ""name"": ""Koi-D Bar"", ""opening_hours"": ""Mo,We-Su 16:00-23:00; Tu off"", ""phone"": ""+1 435-631-9515"", ""website"": ""https://www.koidbar.com/""}",2026-08-10T08:57:15.983839+00:00
node,10202891959,Xing Fu Tang,cafe,,bubble_tea,Xing Fu Tang,,932,East 900 South,,Salt Lake City,UT,84105,"932 East 900 South, Salt Lake City, UT 84105",,https://www.xingfutangut.com,info@xingfutangUT.com,,yes,,no,,40.7495907,-111.8642510,,,https://www.openstreetmap.org/node/10202891959,"{""addr:city"": ""Salt Lake City"", ""addr:housenumber"": ""932"", ""addr:postcode"": ""84105"", ""addr:state"": ""UT"", ""addr:street"": ""East 900 South"", ""amenity"": ""cafe"", ""brand"": ""Xing Fu Tang"", ""brand:en"": ""Xing Fu Tang"", ""brand:wikidata"": ""Q95720330"", ""brand:zh"": ""幸福堂"", ""cuisine"": ""bubble_tea"", ""email"": ""info@xingfutangUT.com"", ""name"": ""Xing Fu Tang"", ""name:en"": ""Xing Fu Tang"", ""name:zh"": ""幸福堂"", ""outdoor_seating"": ""no"", ""takeaway"": ""yes"", ""website"": ""https://www.xingfutangut.com""}",2026-08-10T08:57:15.983839+00:00
node,10231792722,Franklin Ave,bar,,,,,231,South Edison Street,,Salt Lake City,UT,84111,"231 South Edison Street, Salt Lake City, UT 84111",+1 385 831 7560,https://franklinaveslc.com,,Mo-Su 11:00-01:00,,,,,40.7640632,-111.8864232,,,https://www.openstreetmap.org/node/10231792722,"{""addr:city"": ""Salt Lake City"", ""addr:housenumber"": ""231"", ""addr:postcode"": ""84111"", ""addr:state"": ""UT"", ""addr:street"": ""South Edison Street"", ""amenity"": ""bar"", ""full_name"": ""Franklin Ave. Cocktails & Kitchen"", ""level"": ""0"", ""min_age"": ""21"", ""name"": ""Franklin Ave"", ""opening_hours"": ""Mo-Su 11:00-01:00"", ""phone"": ""+1 385 831 7560"", ""website"": ""https://franklinaveslc.com""}",2026-08-10T08:57:15.983839+00:00
node,10274643420,Valsof,,bakery,,,,905,East 2100 South,,Salt Lake City,UT,84106,"905 East 2100 South, Salt Lake City, UT 84106",+1-385-216-5359,https://valsofbakery.com,,Mo-Sa 08:00-20:00; Su 08:00-14:00,,,,,40.7255853,-111.8651086,,,https://www.openstreetmap.org/node/10274643420,"{""addr:city"": ""Salt Lake City"", ""addr:housenumber"": ""905"", ""addr:postcode"": ""84106"", ""addr:state"": ""UT"", ""addr:street"": ""East 2100 South"", ""description"": ""Colombian bakery with three locations in Salt Lake County."", ""name"": ""Valsof"", ""opening_hours"": ""Mo-Sa 08:00-20:00; Su 08:00-14:00"", ""phone"": ""+1-385-216-5359"", ""shop"": ""bakery"", ""start_date"": ""2026-07-14"", ""website"": ""https://valsofbakery.com""}",2026-08-10T08:57:15.983839+00:00
node,10290204099,Urban Hill,restaurant,,american,,,510,South 300 West,,Salt Lake City,UT,84101,"510 South 300 West, Salt Lake City, UT 84101",+1 385-295-4200,https://www.urban-hill.com/,,"Mo-Fr 17:00-21:30; Sa-Su 10:00-14:00,17:00-21:30",,,yes,,40.7581787,-111.9002904,,,https://www.openstreetmap.org/node/10290204099,"{""addr:city"": ""Salt Lake City"", ""addr:housenumber"": ""510"", ""addr:postcode"": ""84101"", ""addr:state"": ""UT"", ""addr:street"": ""South 300 West"", ""addr:street:prefix"": ""South"", ""amenity"": ""restaurant"", ""check_date"": ""2025-06-01"", ""cuisine"": ""american"", ""name"": ""Urban Hill"", ""opening_hours"": ""Mo-Fr 17:00-21:30; Sa-Su 10:00-14:00,17:00-21:30"", ""outdoor_seating"": ""yes"", ""phone"": ""+1 385-295-4200"", ""start_date"": ""2022-12-15"", ""website"": ""https://www.urban-hill.com/""}",2026-08-10T08:57:15.983839+00:00
node,10290220023,MOZZ Artisan Pizza,restaurant,,pizza,,,,,,,,,,,https://mozzartisanpizza.com,,,,,,,40.7534435,-111.9068678,,,https://www.openstreetmap.org/node/10290220023,"{""amenity"": ""restaurant"", ""cuisine"": ""pizza"", ""name"": ""MOZZ Artisan Pizza"", ""website"": ""https://mozzartisanpizza.com""}",2026-08-10T08:57:15.983839+00:00
node,10290220027,Yakuza Ramen,restaurant,,noodle,,,,,,,,,,,,,,,,,,40.7537532,-111.9069609,,,https://www.openstreetmap.org/node/10290220027,"{""amenity"": ""restaurant"", ""cuisine"": ""noodle"", ""name"": ""Yakuza Ramen""}",2026-08-10T08:57:15.983839+00:00
node,10593008041,Acme Bar Company,bar,,,,,,,,,,,,,https://www.acmebarcompany.com/,,"""We-Mo 17:00-close""",,,,,40.7256105,-111.8670370,,,https://www.openstreetmap.org/node/10593008041,"{""amenity"": ""bar"", ""name"": ""Acme Bar Company"", ""note"": ""supposed to close again spring 2023"", ""opening_hours"": ""\""We-Mo 17:00-close\"""", ""website"": ""https://www.acmebarcompany.com/""}",2026-08-10T08:57:15.983839+00:00
node,10604975138,Trolley Cottage Cafe,cafe,,french;american,,,703,600 South,,Salt Lake City,UT,84102,"703 600 South, Salt Lake City, UT 84102",+1 801-419-0579,https://www.trolleycottagecafe.com/,,Tu-Su 09:00-14:00,,,,,40.7565995,-111.8707124,,,https://www.openstreetmap.org/node/10604975138,"{""addr:city"": ""Salt Lake City"", ""addr:housenumber"": ""703"", ""addr:postcode"": ""84102"", ""addr:state"": ""UT"", ""addr:street"": ""600 South"", ""amenity"": ""cafe"", ""check_date:opening_hours"": ""2023-02-01"", ""cuisine"": ""french;american"", ""name"": ""Trolley Cottage Cafe"", ""opening_hours"": ""Tu-Su 09:00-14:00"", ""phone"": ""+1 801-419-0579"", ""website"": ""https://www.trolleycottagecafe.com/""}",2026-08-10T08:57:15.983839+00:00
node,10604975139,Emiliano's Taco Shop,restaurant,,mexican,,,2646,South 700 East,,Salt Lake City,UT,84106,"2646 South 700 East, Salt Lake City, UT 84106",+1 385-259-0764,,,Mo-Su 08:00-22:00,,,,,40.7133709,-111.8718047,,,https://www.openstreetmap.org/node/10604975139,"{""addr:city"": ""Salt Lake City"", ""addr:housenumber"": ""2646"", ""addr:postcode"": ""84106"", ""addr:state"": ""UT"", ""addr:street"": ""South 700 East"", ""amenity"": ""restaurant"", ""cuisine"": ""mexican"", ""name"": ""Emiliano's Taco Shop"", ""opening_hours"": ""Mo-Su 08:00-22:00"", ""phone"": ""+1 385-259-0764""}",2026-08-10T08:57:15.983839+00:00
node,10679482124,Matteo,restaurant,,italian,,,77,West 200 South,100,Salt Lake City,UT,84101,"77 West 200 South, 100, Salt Lake City, UT 84101",+1 385-549-1992,https://www.matteoslc.com/,delicious@matteoslc.com,Mo-Su 16:30-21:30,,,yes,,40.7646786,-111.8936234,,,https://www.openstreetmap.org/node/10679482124,"{""addr:city"": ""Salt Lake City"", ""addr:housenumber"": ""77"", ""addr:postcode"": ""84101"", ""addr:state"": ""UT"", ""addr:street"": ""West 200 South"", ""addr:street:prefix"": ""West"", ""addr:unit"": ""100"", ""alcohol"": ""yes"", ""amenity"": ""restaurant"", ""bar"": ""yes"", ""cuisine"": ""italian"", ""diet:gluten_free"": ""yes"", ""diet:vegetarian"": ""yes"", ""email"": ""delicious@matteoslc.com"", ""level"": ""0"", ""name"": ""Matteo"", ""opening_hours"": ""Mo-Su 16:30-21:30"", ""outdoor_seating"": ""yes"", ""payment:cash"": ""yes"", ""payment:credit_cards"": ""yes"", ""phone"": ""+1 385-549-1992"", ""start_date"": ""2024-11"", ""website"": ""https://www.matteoslc.com/""}",2026-08-10T08:57:15.983839+00:00
node,10684000696,Adelaide,restaurant,,french;cajun,,,,,,,,,,,https://www.adelaidesaltlake.com/,,,,,patio,,40.7663561,-111.8993669,,,https://www.openstreetmap.org/node/10684000696,"{""amenity"": ""restaurant"", ""cuisine"": ""french;cajun"", ""name"": ""Adelaide"", ""outdoor_seating"": ""patio"", ""website"": ""https://www.adelaidesaltlake.com/""}",2026-08-10T08:57:15.983839+00:00
node,10684000697,Jollofology,restaurant,,nigerian,,,67,West 1700 South,,Salt Lake City,UT,,"67 West 1700 South, Salt Lake City, UT",+1 877-556-5563,https://jollofology.com,,Su 12:00-20:00; Mo-Sa off,,,,,40.7332515,-111.8933680,,,https://www.openstreetmap.org/node/10684000697,"{""addr:city"": ""Salt Lake City"", ""addr:housenumber"": ""67"", ""addr:state"": ""UT"", ""addr:street"": ""West 1700 South"", ""addr:street:prefix"": ""West"", ""amenity"": ""restaurant"", ""cuisine"": ""nigerian"", ""diet:vegan"": ""only"", ""name"": ""Jollofology"", ""opening_hours"": ""Su 12:00-20:00; Mo-Sa off"", ""phone"": ""+1 877-556-5563"", ""start_date"": ""2023-02"", ""website"": ""https://jollofology.com""}",2026-08-10T08:57:15.983839+00:00
node,10688868274,Renourish Kombucha,restaurant,,,,,,,,,,,,,,,We-Sa 11:00-19:00; Su 12:00-17:00,,,,,40.7413004,-111.8770092,,,https://www.openstreetmap.org/node/10688868274,"{""amenity"": ""restaurant"", ""name"": ""Renourish Kombucha"", ""opening_hours"": ""We-Sa 11:00-19:00; Su 12:00-17:00""}",2026-08-10T08:57:15.983839+00:00
node,10691771923,Urban Sailor,cafe,,coffee_shop,,,1327,East 2100 South,102,Salt Lake City,UT,84105,"1327 East 2100 South, 102, Salt Lake City, UT 84105",,https://urbansailorcoffee.com/,,,,,,,40.7259846,-111.8527267,,,https://www.openstreetmap.org/node/10691771923,"{""addr:city"": ""Salt Lake City"", ""addr:housenumber"": ""1327"", ""addr:postcode"": ""84105"", ""addr:state"": ""UT"", ""addr:street"": ""East 2100 South"", ""addr:unit"": ""102"", ""amenity"": ""cafe"", ""cuisine"": ""coffee_shop"", ""name"": ""Urban Sailor"", ""website"": ""https://urbansailorcoffee.com/""}",2026-08-10T08:57:15.983839+00:00
node,10749321081,,pub,,,,,,,,,,,,,,,,,,,,40.7759458,-112.0276056,,,https://www.openstreetmap.org/node/10749321081,"{""amenity"": ""pub"", ""microbrewery"": ""yes""}",2026-08-10T08:57:15.983839+00:00
node,10771731485,Lamb & Feta,restaurant,,greek,,,153,South Rio Grande Street,,Salt Lake City,UT,,"153 South Rio Grande Street, Salt Lake City, UT",,,,Su-Th 11:00-21:00; Fr-Sa 11:00-23:00,,,,,40.7659353,-111.9037722,,,https://www.openstreetmap.org/node/10771731485,"{""addr:city"": ""Salt Lake City"", ""addr:country"": ""US"", ""addr:housenumber"": ""153"", ""addr:state"": ""UT"", ""addr:street"": ""South Rio Grande Street"", ""amenity"": ""restaurant"", ""cuisine"": ""greek"", ""diet:vegetarian"": ""yes"", ""level"": ""0"", ""name"": ""Lamb & Feta"", ""opening_hours"": ""Su-Th 11:00-21:00; Fr-Sa 11:00-23:00"", ""payment:cash"": ""no"", ""payment:credit_cards"": ""yes""}",2026-08-10T08:57:15.983839+00:00
node,10771731499,Mi Buena Vida,restaurant,,mexican,,,,,,,,84105,84105,,,,Tu-Sa 12:00-21:00; Su 12:00-20:00,,,,,40.7370483,-111.8481993,,,https://www.openstreetmap.org/node/10771731499,"{""addr:postcode"": ""84105"", ""amenity"": ""restaurant"", ""check_date:opening_hours"": ""2023-03-20"", ""cuisine"": ""mexican"", ""name"": ""Mi Buena Vida"", ""opening_hours"": ""Tu-Sa 12:00-21:00; Su 12:00-20:00""}",2026-08-10T08:57:15.983839+00:00
node,10800208329,Three Pines Coffee,cafe,,coffee_shop,,,165,South Main Street,,Salt Lake City,UT,,"165 South Main Street, Salt Lake City, UT",+1-805-395-8907,https://threepinescoffee.com,,"Mo-Fr 07:00-17:00; Sa,Su 08:00-17:00",,,,limited,40.7655643,-111.8908202,,,https://www.openstreetmap.org/node/10800208329,"{""addr:city"": ""Salt Lake City"", ""addr:housenumber"": ""165"", ""addr:state"": ""UT"", ""addr:street"": ""South Main Street"", ""amenity"": ""cafe"", ""check_date"": ""2026-02-22"", ""check_date:opening_hours"": ""2025-09-04"", ""cuisine"": ""coffee_shop"", ""name"": ""Three Pines Coffee"", ""note"": ""You might be tempted to think the area code is a typo and should be \""801\"" but no; \""805\"" is correct... or matches their own website anyway."", ""opening_hours"": ""Mo-Fr 07:00-17:00; Sa,Su 08:00-17:00"", ""phone"": ""+1-805-395-8907"", ""website"": ""https://threepinescoffee.com"", ""wheelchair"": ""limited""}",2026-08-10T08:57:15.983839+00:00
node,10860698418,Maxwell’s,bar,,,,,328,West 200 South,,Salt Lake City,UT,84101,"328 West 200 South, Salt Lake City, UT 84101",,https://maxwellsut.com/,,,,,,,40.7652117,-111.9009300,,,https://www.openstreetmap.org/node/10860698418,"{""addr:city"": ""Salt Lake City"", ""addr:housenumber"": ""328"", ""addr:postcode"": ""84101"", ""addr:state"": ""UT"", ""addr:street"": ""West 200 South"", ""amenity"": ""bar"", ""full_name"": ""Maxwell's Little Bar"", ""name"": ""Maxwell’s"", ""website"": ""https://maxwellsut.com/""}",2026-08-10T08:57:15.983839+00:00
node,10863997264,Burger King,fast_food,,burger,Burger King,,375,North Terminal Drive,,Salt Lake City,UT,84116,"375 North Terminal Drive, Salt Lake City, UT 84116",+1 801-322-6591,https://www.bk.com/store-locator/store/restaurant_75227,,Mo-Sa 06:00-23:00; Su 07:00-23:00,yes,yes,,,40.7770625,-111.9816300,,,https://www.openstreetmap.org/node/10863997264,"{""addr:city"": ""Salt Lake City"", ""addr:housenumber"": ""375"", ""addr:postcode"": ""84116"", ""addr:state"": ""UT"", ""addr:street"": ""North Terminal Drive"", ""amenity"": ""fast_food"", ""brand"": ""Burger King"", ""brand:wikidata"": ""Q177054"", ""cuisine"": ""burger"", ""delivery"": ""yes"", ""drive_through"": ""yes"", ""internet_access"": ""wlan"", ""name"": ""Burger King"", ""opening_hours"": ""Mo-Sa 06:00-23:00; Su 07:00-23:00"", ""phone"": ""+1 801-322-6591"", ""ref"": ""24058"", ""takeaway"": ""yes"", ""website"": ""https://www.bk.com/store-locator/store/restaurant_75227""}",2026-08-10T08:57:15.983839+00:00
node,10863997265,Costa Vida,fast_food,,mexican,Costa Vida,,,,,,,,,,,,,yes,,,,40.7770689,-111.9814960,,,https://www.openstreetmap.org/node/10863997265,"{""amenity"": ""fast_food"", ""brand"": ""Costa Vida"", ""brand:wikidata"": ""Q108403192"", ""cuisine"": ""mexican"", ""name"": ""Costa Vida"", ""official_name"": ""Costa Vida Fresh Mexican Grill"", ""takeaway"": ""yes""}",2026-08-10T08:57:15.983839+00:00
node,10895068583,Uncle Hot Pot,restaurant,,asian,,,569,North 300 West,Suite K103,Salt Lake City,UT,84103,"569 North 300 West, Suite K103, Salt Lake City, UT 84103",+1-385-420-4130,https://www.unclehotpot.com/,,,,,,,40.7819438,-111.9000050,,,https://www.openstreetmap.org/node/10895068583,"{""addr:city"": ""Salt Lake City"", ""addr:housenumber"": ""569"", ""addr:postcode"": ""84103"", ""addr:state"": ""UT"", ""addr:street"": ""North 300 West"", ""addr:unit"": ""Suite K103"", ""amenity"": ""restaurant"", ""cuisine"": ""asian"", ""name"": ""Uncle Hot Pot"", ""phone"": ""+1-385-420-4130"", ""website"": ""https://www.unclehotpot.com/""}",2026-08-10T08:57:15.983839+00:00
node,10895068585,Shinobi,restaurant,,sushi,,,555,North 300 West,,Salt Lake City,UT,84103,"555 North 300 West, Salt Lake City, UT 84103",,https://www.shinobislc.com/,shinobislc555@gmail.com,Su-Tu 15:30-21:00; We-Th 12:00-21:00; Fr-Sa 12:00-12:30,,,,,40.7814381,-111.9000160,,,https://www.openstreetmap.org/node/10895068585,"{""addr:city"": ""Salt Lake City"", ""addr:housenumber"": ""555"", ""addr:postcode"": ""84103"", ""addr:state"": ""UT"", ""addr:street"": ""North 300 West"", ""amenity"": ""restaurant"", ""cuisine"": ""sushi"", ""email"": ""shinobislc555@gmail.com"", ""name"": ""Shinobi"", ""opening_hours"": ""Su-Tu 15:30-21:00; We-Th 12:00-21:00; Fr-Sa 12:00-12:30"", ""website"": ""https://www.shinobislc.com/""}",2026-08-10T08:57:15.983839+00:00
node,10895068586,Marmalade Brunch House,restaurant,,brunch,,,535,North 300 West,H104,Salt Lake City,UT,84103,"535 North 300 West, H104, Salt Lake City, UT 84103",+18015135777,https://marmaladebrunchhouse.com/,,Mo-Su 07:00-15:00,yes,,yes,,40.7810604,-111.9000160,,,https://www.openstreetmap.org/node/10895068586,"{""addr:city"": ""Salt Lake City"", ""addr:housenumber"": ""535"", ""addr:postcode"": ""84103"", ""addr:state"": ""UT"", ""addr:street"": ""North 300 West"", ""addr:unit"": ""H104"", ""air_conditioning"": ""yes"", ""alcohol"": ""yes"", ""amenity"": ""restaurant"", ""bar"": ""yes"", ""cuisine"": ""brunch"", ""diet:vegetarian"": ""yes"", ""internet_access"": ""wlan"", ""microbrewery"": ""no"", ""name"": ""Marmalade Brunch House"", ""opening_hours"": ""Mo-Su 07:00-15:00"", ""outdoor_seating"": ""yes"", ""payment:cash"": ""yes"", ""phone"": ""+18015135777"", ""takeaway"": ""yes"", ""toilets"": ""yes"", ""website"": ""https://marmaladebrunchhouse.com/""}",2026-08-10T08:57:15.983839+00:00
node,10895068587,Sunny Honey,cafe,,bubble_tea,,,,,H101,,,,H101,,,,Mo-Su 11:00-21:00,,,no,,40.7808908,-111.9000114,,,https://www.openstreetmap.org/node/10895068587,"{""addr:unit"": ""H101"", ""amenity"": ""cafe"", ""cuisine"": ""bubble_tea"", ""name"": ""Sunny Honey"", ""opening_hours"": ""Mo-Su 11:00-21:00"", ""outdoor_seating"": ""no""}",2026-08-10T08:57:15.983839+00:00
node,10940423828,Snowmobar,bar,,,,,877,South 200 West,C-103,Salt Lake City,UT,84101,"877 South 200 West, C-103, Salt Lake City, UT 84101",+1 801-317-8877,https://snowmobar.com,,Mo-Su 17:00-01:00,,,,,40.7499830,-111.8964910,,,https://www.openstreetmap.org/node/10940423828,"{""addr:city"": ""Salt Lake City"", ""addr:housenumber"": ""877"", ""addr:postcode"": ""84101"", ""addr:state"": ""UT"", ""addr:street"": ""South 200 West"", ""addr:unit"": ""C-103"", ""amenity"": ""bar"", ""check_date"": ""2025-06-03"", ""check_date:opening_hours"": ""2023-06-10"", ""description"": ""Combination bar and pizza restaurant (previously Snowmobile Pizza)."", ""diet:vegan"": ""yes"", ""level"": ""0"", ""min_age"": ""21"", ""name"": ""Snowmobar"", ""opening_hours"": ""Mo-Su 17:00-01:00"", ""phone"": ""+1 801-317-8877"", ""website"": ""https://snowmobar.com""}",2026-08-10T08:57:15.983839+00:00
node,10940423843,Cupcakes by Kasthuri,,bakery,,,,824,South 400 West,B112,Salt Lake City,UT,84101,"824 South 400 West, B112, Salt Lake City, UT 84101",+1 801-635-7392,https://www.cupcakesbykasthuri.com,kas@cupcakesbykasthuri.com,"""by appointment only""",,,,,40.7512250,-111.9030048,,,https://www.openstreetmap.org/node/10940423843,"{""addr:city"": ""Salt Lake City"", ""addr:housenumber"": ""824"", ""addr:postcode"": ""84101"", ""addr:state"": ""UT"", ""addr:street"": ""South 400 West"", ""addr:street:prefix"": ""South"", ""addr:unit"": ""B112"", ""email"": ""kas@cupcakesbykasthuri.com"", ""name"": ""Cupcakes by Kasthuri"", ""opening_hours"": ""\""by appointment only\"""", ""phone"": ""+1 801-635-7392"", ""shop"": ""bakery"", ""website"": ""https://www.cupcakesbykasthuri.com""}",2026-08-10T08:57:15.983839+00:00
node,10968098223,Taco Bar,restaurant,,mexican,,,923,South State Street,,Salt Lake City,UT,,"923 South State Street, Salt Lake City, UT",,,,Mo-We 09:30-22:00; Th-Su 09:30-03:00,,,,,40.7490918,-111.8878303,,,https://www.openstreetmap.org/node/10968098223,"{""addr:city"": ""Salt Lake City"", ""addr:housenumber"": ""923"", ""addr:state"": ""UT"", ""addr:street"": ""South State Street"", ""amenity"": ""restaurant"", ""cuisine"": ""mexican"", ""name"": ""Taco Bar"", ""opening_hours"": ""Mo-We 09:30-22:00; Th-Su 09:30-03:00""}",2026-08-10T08:57:15.983839+00:00
node,11002112719,Midway Coffee,cafe,,,,,,,,,,,,,,,Tu-Su 07:00-15:00,,,,,40.7635042,-111.8828510,,,https://www.openstreetmap.org/node/11002112719,"{""amenity"": ""cafe"", ""level"": ""0"", ""name"": ""Midway Coffee"", ""note"": ""Midway Coffee and Salt & Olive share space within the same larger space, as two separate businesses."", ""opening_hours"": ""Tu-Su 07:00-15:00""}",2026-08-10T08:57:15.983839+00:00
node,11002112720,Salt & Olive,restaurant,,italian,,,270,South 300 East,,Salt Lake City,UT,84111,"270 South 300 East, Salt Lake City, UT 84111",,https://saltandoliveutah.com/,,Su-Th 11:00-22:00; Fr-Sa 11:00-23:30,,,,,40.7635293,-111.8829002,,,https://www.openstreetmap.org/node/11002112720,"{""addr:city"": ""Salt Lake City"", ""addr:housenumber"": ""270"", ""addr:postcode"": ""84111"", ""addr:state"": ""UT"", ""addr:street"": ""South 300 East"", ""amenity"": ""restaurant"", ""cuisine"": ""italian"", ""lgbtq"": ""welcome"", ""name"": ""Salt & Olive"", ""note"": ""Midway Coffee and Salt & Olive share space within the same larger space, as two separate businesses."", ""opening_hours"": ""Su-Th 11:00-22:00; Fr-Sa 11:00-23:30"", ""website"": ""https://saltandoliveutah.com/""}",2026-08-10T08:57:15.983839+00:00
node,11032961101,Van Ryder SLC,bar,,,,,,,,,,,,,https://vanrydersaltlake.com,,,,,,,40.7662657,-111.8994040,,,https://www.openstreetmap.org/node/11032961101,"{""amenity"": ""bar"", ""description"": ""Rooftop bar at Le Meridien."", ""min_age"": ""21"", ""name"": ""Van Ryder SLC"", ""website"": ""https://vanrydersaltlake.com""}",2026-08-10T08:57:15.983839+00:00
node,11034990135,Hot Buns,fast_food,,burger,,,290,South Edison Street,,Salt Lake City,UT,84111,"290 South Edison Street, Salt Lake City, UT 84111",,https://coppercommon.com/hot-buns,,Th-Sa 17:00-00:45; Dec-Feb off,only,,,,40.7631949,-111.8866900,,,https://www.openstreetmap.org/node/11034990135,"{""addr:city"": ""Salt Lake City"", ""addr:housenumber"": ""290"", ""addr:postcode"": ""84111"", ""addr:state"": ""UT"", ""addr:street"": ""South Edison Street"", ""amenity"": ""fast_food"", ""cuisine"": ""burger"", ""diet:vegan"": ""limited"", ""diet:vegetarian"": ""limited"", ""indoor_seating"": ""no"", ""name"": ""Hot Buns"", ""opening_hours"": ""Th-Sa 17:00-00:45; Dec-Feb off"", ""takeaway"": ""only"", ""website"": ""https://coppercommon.com/hot-buns""}",2026-08-10T08:57:15.983839+00:00
node,11040239394,Baby's Bagels,,bakery,,,,204,East 500 South,,Salt Lake City,UT,,"204 East 500 South, Salt Lake City, UT",,https://www.babysbagels.com/,,Mo-Su 07:30-14:00,,,,,40.7582678,-111.8850460,,,https://www.openstreetmap.org/node/11040239394,"{""addr:city"": ""Salt Lake City"", ""addr:housenumber"": ""204"", ""addr:state"": ""UT"", ""addr:street"": ""East 500 South"", ""addr:street:prefix"": ""East"", ""name"": ""Baby's Bagels"", ""opening_hours"": ""Mo-Su 07:30-14:00"", ""payment:cash"": ""no"", ""shop"": ""bakery"", ""website"": ""https://www.babysbagels.com/""}",2026-08-10T08:57:15.983839+00:00
node,11067845791,Holy Water,cafe,,coffee_shop,,,712,East 100 South,,Salt Lake City,UT,84102,"712 East 100 South, Salt Lake City, UT 84102",,,,,,,yes,yes,40.7669302,-111.8704461,,,https://www.openstreetmap.org/node/11067845791,"{""addr:city"": ""Salt Lake City"", ""addr:housenumber"": ""712"", ""addr:postcode"": ""84102"", ""addr:state"": ""UT"", ""addr:street"": ""East 100 South"", ""amenity"": ""cafe"", ""check_date"": ""2024-06-09"", ""cuisine"": ""coffee_shop"", ""description"": ""Coffee and pastries."", ""internet_access"": ""wlan"", ""internet_access:fee"": ""customers"", ""name"": ""Holy Water"", ""outdoor_seating"": ""yes"", ""payment:cash"": ""yes"", ""payment:credit_cards"": ""yes"", ""payment:debit_cards"": ""yes"", ""start_date"": ""2023"", ""wheelchair"": ""yes""}",2026-08-10T08:57:15.983839+00:00
node,11074325017,Destinations Lounge,bar,,,,Salt Lake Marriott Downtown at City Creek,,,,,,,,,,,15:00-24:00,,,,,40.7677697,-111.8928270,,,https://www.openstreetmap.org/node/11074325017,"{""amenity"": ""bar"", ""name"": ""Destinations Lounge"", ""opening_hours"": ""15:00-24:00"", ""operator"": ""Salt Lake Marriott Downtown at City Creek""}",2026-08-10T08:57:15.983839+00:00
node,11105809273,Pinoy Inasal,restaurant,,filipino,,,,,,,,,,,https://pinoyinasal.com/,,,,,,,40.7333247,-111.8934085,,,https://www.openstreetmap.org/node/11105809273,"{""amenity"": ""restaurant"", ""cuisine"": ""filipino"", ""name"": ""Pinoy Inasal"", ""website"": ""https://pinoyinasal.com/""}",2026-08-10T08:57:15.983839+00:00
node,11126154936,Vegan Daddy,restaurant,,,,,569,North 300 West,K102,Salt Lake City,UT,84103,"569 North 300 West, K102, Salt Lake City, UT 84103",+1 801-385-2177,https://vegandaddymeats.com,,We-Sa 12:00-20:30,yes,,no,,40.7818347,-111.9000180,,,https://www.openstreetmap.org/node/11126154936,"{""addr:city"": ""Salt Lake City"", ""addr:housenumber"": ""569"", ""addr:postcode"": ""84103"", ""addr:state"": ""UT"", ""addr:street"": ""North 300 West"", ""addr:street:prefix"": ""North"", ""addr:unit"": ""K102"", ""amenity"": ""restaurant"", ""check_date:opening_hours"": ""2023-12-01"", ""diet:vegan"": ""only"", ""internet_access"": ""wlan"", ""name"": ""Vegan Daddy"", ""opening_hours"": ""We-Sa 12:00-20:30"", ""outdoor_seating"": ""no"", ""phone"": ""+1 801-385-2177"", ""start_date"": ""2023-07"", ""takeaway"": ""yes"", ""website"": ""https://vegandaddymeats.com""}",2026-08-10T08:57:15.983839+00:00
node,11141711850,Pizzeria 24,fast_food,,pizza,,,840,West North Temple,,Salt Lake City,UT,84116,"840 West North Temple, Salt Lake City, UT 84116",+1 385-247-3983,https://www.pizzeria24online.com/,,"Mo-Th 11:00-03:00, Fr-Sa 11:00-04:00, Su 12:00-03:00",yes,,,,40.7719611,-111.9151502,,,https://www.openstreetmap.org/node/11141711850,"{""addr:city"": ""Salt Lake City"", ""addr:housenumber"": ""840"", ""addr:postcode"": ""84116"", ""addr:state"": ""UT"", ""addr:street"": ""West North Temple"", ""amenity"": ""fast_food"", ""check_date"": ""2025-05-30"", ""cuisine"": ""pizza"", ""drive_through"": ""no"", ""name"": ""Pizzeria 24"", ""opening_hours"": ""Mo-Th 11:00-03:00, Fr-Sa 11:00-04:00, Su 12:00-03:00"", ""phone"": ""+1 385-247-3983"", ""source"": ""website"", ""takeaway"": ""yes"", ""website"": ""https://www.pizzeria24online.com/""}",2026-08-10T08:57:15.983839+00:00
node,11154672682,Sayonara,bar,,,,,324,South State Street,150,Salt Lake City,UT,,"324 South State Street, 150, Salt Lake City, UT",+1 385-295-4224,https://sayonaraslc.com/,,Tu-Su 17:00-25:00,,,yes,,40.7625269,-111.8886080,,,https://www.openstreetmap.org/node/11154672682,"{""addr:city"": ""Salt Lake City"", ""addr:housenumber"": ""324"", ""addr:state"": ""UT"", ""addr:street"": ""South State Street"", ""addr:unit"": ""150"", ""air_conditioning"": ""yes"", ""amenity"": ""bar"", ""check_date"": ""2025-06-02"", ""contact:instagram"": ""https://www.instagram.com/sayonaraslc"", ""description"": ""Japanese-style bar."", ""food"": ""no"", ""indoor_seating"": ""yes"", ""level"": ""0"", ""name"": ""Sayonara"", ""opening_hours"": ""Tu-Su 17:00-25:00"", ""outdoor_seating"": ""yes"", ""phone"": ""+1 385-295-4224"", ""toilets"": ""yes"", ""toilets:access"": ""customers"", ""website"": ""https://sayonaraslc.com/""}",2026-08-10T08:57:15.983839+00:00
node,11172540201,Starley Commons,cafe,,sandwich;snack,,,,,,,,,,+1 801-587-7962,,,Mo-Fr 08:00-14:30,,,yes,,40.7679178,-111.8453210,,,https://www.openstreetmap.org/node/11172540201,"{""amenity"": ""cafe"", ""cuisine"": ""sandwich;snack"", ""name"": ""Starley Commons"", ""opening_hours"": ""Mo-Fr 08:00-14:30"", ""outdoor_seating"": ""yes"", ""phone"": ""+1 801-587-7962""}",2026-08-10T08:57:15.983839+00:00
node,11178124751,The Bean Yard Coffee House,cafe,,coffee_shop,,,,,,,,,,,https://www.thebeanyard.com/,,Mo-Fr 08:00-15:00,,,yes,,40.7644097,-111.8429506,,,https://www.openstreetmap.org/node/11178124751,"{""amenity"": ""cafe"", ""cuisine"": ""coffee_shop"", ""name"": ""The Bean Yard Coffee House"", ""opening_hours"": ""Mo-Fr 08:00-15:00"", ""outdoor_seating"": ""yes"", ""website"": ""https://www.thebeanyard.com/""}",2026-08-10T08:57:15.983839+00:00
node,11215894423,Kings Peak Coffee Roasters,cafe,,,,,412,South 700 West,140,Salt Lake City,UT,84104,"412 South 700 West, 140, Salt Lake City, UT 84104",+1 385-267-1890,https://kingspeakcoffee.com/,,Mo-Fr 07:00-14:00; Sa-Su 08:00-14:00,,,,,40.7601477,-111.9113814,,,https://www.openstreetmap.org/node/11215894423,"{""addr:city"": ""Salt Lake City"", ""addr:housenumber"": ""412"", ""addr:postcode"": ""84104"", ""addr:state"": ""UT"", ""addr:street"": ""South 700 West"", ""addr:unit"": ""140"", ""amenity"": ""cafe"", ""check_date"": ""2025-06-02"", ""name"": ""Kings Peak Coffee Roasters"", ""opening_hours"": ""Mo-Fr 07:00-14:00; Sa-Su 08:00-14:00"", ""phone"": ""+1 385-267-1890"", ""website"": ""https://kingspeakcoffee.com/""}",2026-08-10T08:57:15.983839+00:00
node,11228158171,Mint,restaurant,,sushi,,,2121,South McClelland Street,106,Salt Lake City,UT,84106,"2121 South McClelland Street, 106, Salt Lake City, UT 84106",+1-385-296-4502,https://mintsushiut.com,,"Fr-Sa 11:30-14:30,17:00-22:00, Mo-Th,Su 11:30-14:30,17:00-21:00",,,yes,,40.7251579,-111.8611000,,,https://www.openstreetmap.org/node/11228158171,"{""addr:city"": ""Salt Lake City"", ""addr:country"": ""US"", ""addr:housenumber"": ""2121"", ""addr:postcode"": ""84106"", ""addr:state"": ""UT"", ""addr:street"": ""South McClelland Street"", ""addr:unit"": ""106"", ""amenity"": ""restaurant"", ""cuisine"": ""sushi"", ""name"": ""Mint"", ""opening_hours"": ""Fr-Sa 11:30-14:30,17:00-22:00, Mo-Th,Su 11:30-14:30,17:00-21:00"", ""outdoor_seating"": ""yes"", ""phone"": ""+1-385-296-4502"", ""website"": ""https://mintsushiut.com""}",2026-08-10T08:57:15.983839+00:00
node,11228158172,Scovilles,restaurant,,,,,2121,South McClelland Street,101,Salt Lake City,UT,84106,"2121 South McClelland Street, 101, Salt Lake City, UT 84106",+1-256-801-2121,https://scovilles.us/,,,,,,,40.7245786,-111.8611270,,,https://www.openstreetmap.org/node/11228158172,"{""addr:city"": ""Salt Lake City"", ""addr:housenumber"": ""2121"", ""addr:postcode"": ""84106"", ""addr:state"": ""UT"", ""addr:street"": ""South McClelland Street"", ""addr:unit"": ""101"", ""amenity"": ""restaurant"", ""bar"": ""yes"", ""min_age"": ""21"", ""name"": ""Scovilles"", ""phone"": ""+1-256-801-2121"", ""website"": ""https://scovilles.us/""}",2026-08-10T08:57:15.983839+00:00
node,11228158177,Monsieur Crepes,restaurant,,crepe,,,1617,South 900 East,,Salt Lake City,UT,84105,"1617 South 900 East, Salt Lake City, UT 84105",,,,,,,yes,,40.7343573,-111.8651607,,,https://www.openstreetmap.org/node/11228158177,"{""addr:city"": ""Salt Lake City"", ""addr:housenumber"": ""1617"", ""addr:postcode"": ""84105"", ""addr:state"": ""UT"", ""addr:street"": ""South 900 East"", ""amenity"": ""restaurant"", ""cuisine"": ""crepe"", ""name"": ""Monsieur Crepes"", ""note"": ""Note to mappers: Even though \""A La Maisson\"" is written in giant letters on the front window, that is not part of the business name. It is just their slogan."", ""outdoor_seating"": ""yes""}",2026-08-10T08:57:15.983839+00:00
node,11256153543,Block Party 300,food_court,,,,,1391,South 300 West,,Salt Lake City,UT,,"1391 South 300 West, Salt Lake City, UT",,,,,,,,,40.7393924,-111.8991671,,,https://www.openstreetmap.org/node/11256153543,"{""addr:city"": ""Salt Lake City"", ""addr:housenumber"": ""1391"", ""addr:state"": ""UT"", ""addr:street"": ""South 300 West"", ""amenity"": ""food_court"", ""name"": ""Block Party 300""}",2026-08-10T08:57:15.983839+00:00
node,11332073755,Citizens,bar,,,,,33,South 300 East,,Salt Lake City,UT,,"33 South 300 East, Salt Lake City, UT",+1 385-832-6574,https://slcitizens.com,,We-Th 16:00-23:00; Fr-Sa 16:00-23:59,,,,,40.7685032,-111.8821880,,,https://www.openstreetmap.org/node/11332073755,"{""addr:city"": ""Salt Lake City"", ""addr:housenumber"": ""33"", ""addr:state"": ""UT"", ""addr:street"": ""South 300 East"", ""amenity"": ""bar"", ""check_date"": ""2025-06-02"", ""name"": ""Citizens"", ""opening_hours"": ""We-Th 16:00-23:00; Fr-Sa 16:00-23:59"", ""phone"": ""+1 385-832-6574"", ""start_date"": ""2023_10_27"", ""website"": ""https://slcitizens.com""}",2026-08-10T08:57:15.983839+00:00
node,11332073756,Mina Ristorante Siciliano,restaurant,,italian,,,439,East 900 South,,Salt Lake City,UT,84111,"439 East 900 South, Salt Lake City, UT 84111",,,,,,,,,40.7501451,-111.8781120,,,https://www.openstreetmap.org/node/11332073756,"{""addr:city"": ""Salt Lake City"", ""addr:housenumber"": ""439"", ""addr:postcode"": ""84111"", ""addr:state"": ""UT"", ""addr:street"": ""East 900 South"", ""alt_name"": ""'mina Ristorante Siciliano"", ""amenity"": ""restaurant"", ""cuisine"": ""italian"", ""name"": ""Mina Ristorante Siciliano"", ""short_name"": ""Mina""}",2026-08-10T08:57:15.983839+00:00
node,11341768194,LemonShark Poke,restaurant,,polish,,,6,East Broadway,,Salt Lake City,,84111,"6 East Broadway, Salt Lake City, 84111",,https://lemonsharkpoke.com/saltlakecity/,,Mo-Sa 11:00-21:00; Su 12:00-19:00,,,no,,40.7626361,-111.8906812,,,https://www.openstreetmap.org/node/11341768194,"{""addr:city"": ""Salt Lake City"", ""addr:country"": ""US"", ""addr:housenumber"": ""6"", ""addr:postcode"": ""84111"", ""addr:street"": ""East Broadway"", ""amenity"": ""restaurant"", ""cuisine"": ""polish"", ""name"": ""LemonShark Poke"", ""opening_hours"": ""Mo-Sa 11:00-21:00; Su 12:00-19:00"", ""outdoor_seating"": ""no"", ""website"": ""https://lemonsharkpoke.com/saltlakecity/""}",2026-08-10T08:57:15.983839+00:00
node,11346906672,El Cholo,restaurant,,mexican,,,2166,South 900 East,,Salt Lake City,UT,84106,"2166 South 900 East, Salt Lake City, UT 84106",+1-385-426-2166,https://www.elcholo.com,,,,,,,40.7238654,-111.8656364,,,https://www.openstreetmap.org/node/11346906672,"{""addr:city"": ""Salt Lake City"", ""addr:housenumber"": ""2166"", ""addr:postcode"": ""84106"", ""addr:state"": ""UT"", ""addr:street"": ""South 900 East"", ""amenity"": ""restaurant"", ""cuisine"": ""mexican"", ""name"": ""El Cholo"", ""phone"": ""+1-385-426-2166"", ""start_date"": ""2023-10"", ""website"": ""https://www.elcholo.com""}",2026-08-10T08:57:15.983839+00:00
node,11365272151,Pizza Twist,restaurant,,pizza,,,,,,,,,,+1 801-634-3334,https://saltlakecity.pizzatwist.com/menucat,,Mo 16:00-22:00; Tu-Su 11:00-22:00,,,,,40.7259984,-111.8719084,,,https://www.openstreetmap.org/node/11365272151,"{""amenity"": ""restaurant"", ""cuisine"": ""pizza"", ""name"": ""Pizza Twist"", ""opening_hours"": ""Mo 16:00-22:00; Tu-Su 11:00-22:00"", ""opening_hours:url"": ""https://saltlakecity.pizzatwist.com/menucat"", ""phone"": ""+1 801-634-3334"", ""website"": ""https://saltlakecity.pizzatwist.com/menucat""}",2026-08-10T08:57:15.983839+00:00
node,11365272154,Molly's Gemini Room,bar,,,,,412,West 600 North,,Salt Lake City,UT,,"412 West 600 North, Salt Lake City, UT",,,,"Mo-Su 00:01-01:00, 12:00-24:00",,,,,40.7828333,-111.9031999,,,https://www.openstreetmap.org/node/11365272154,"{""addr:city"": ""Salt Lake City"", ""addr:housenumber"": ""412"", ""addr:state"": ""UT"", ""addr:street"": ""West 600 North"", ""addr:street:prefix"": ""West"", ""amenity"": ""bar"", ""check_date"": ""2025-05-30"", ""contact:instagram"": ""@mollysgeminiroom"", ""description"": ""Some mix of bar, cabaret, gentlemen's club. Dancer owned and operated."", ""min_age"": ""21"", ""name"": ""Molly's Gemini Room"", ""opening_hours"": ""Mo-Su 00:01-01:00, 12:00-24:00"", ""strapline"": ""Modern Cabaret""}",2026-08-10T08:57:15.983839+00:00
node,11365272155,MILK+,bar,,,,,49,East 900 South,,Salt Lake City,UT,,"49 East 900 South, Salt Lake City, UT",+1 801-935-4424,https://milkslc.com/,,"We-Sa 17:00-02:00; Su 00:00-02:00, 15:00-24:00; Mo 00:00-02:00",,,,,40.7500310,-111.8894472,,,https://www.openstreetmap.org/node/11365272155,"{""addr:city"": ""Salt Lake City"", ""addr:housenumber"": ""49"", ""addr:state"": ""UT"", ""addr:street"": ""East 900 South"", ""addr:street:prefix"": ""East"", ""amenity"": ""bar"", ""check_date"": ""2025-06-02"", ""lgbtq"": ""primary"", ""min_age"": ""21"", ""name"": ""MILK+"", ""opening_hours"": ""We-Sa 17:00-02:00; Su 00:00-02:00, 15:00-24:00; Mo 00:00-02:00"", ""phone"": ""+1 801-935-4424"", ""website"": ""https://milkslc.com/""}",2026-08-10T08:57:15.983839+00:00
node,11384548042,A&W,fast_food,,burger,A&W,,,,,,,,,,https://awrestaurants.com/locations/utah/salt-lake-city/2045-s-1300-e/,,,yes,,,,40.7258572,-111.8534294,,,https://www.openstreetmap.org/node/11384548042,"{""amenity"": ""fast_food"", ""brand"": ""A&W"", ""brand:wikidata"": ""Q277641"", ""cuisine"": ""burger"", ""name"": ""A&W"", ""takeaway"": ""yes"", ""website"": ""https://awrestaurants.com/locations/utah/salt-lake-city/2045-s-1300-e/""}",2026-08-10T08:57:15.983839+00:00
node,11388299255,Coco Loco,restaurant,,,,,,,,,,,,,,,,,,,,40.7332040,-111.8933725,,,https://www.openstreetmap.org/node/11388299255,"{""amenity"": ""restaurant"", ""description"": ""Sausages."", ""name"": ""Coco Loco"", ""not:brand:wikidata"": ""Q65084369""}",2026-08-10T08:57:15.983839+00:00
node,11388299256,Hog & Tradition,restaurant,,barbecue,,,153,South Rio Grande Street,,Salt Lake City,UT,,"153 South Rio Grande Street, Salt Lake City, UT",,,,Su-Th 11:00-21:00; Fr-Sa 11:00-23:00,,,,,40.7659552,-111.9037942,,,https://www.openstreetmap.org/node/11388299256,"{""addr:city"": ""Salt Lake City"", ""addr:housenumber"": ""153"", ""addr:state"": ""UT"", ""addr:street"": ""South Rio Grande Street"", ""amenity"": ""restaurant"", ""cuisine"": ""barbecue"", ""level"": ""0"", ""name"": ""Hog & Tradition"", ""opening_hours"": ""Su-Th 11:00-21:00; Fr-Sa 11:00-23:00"", ""payment:cash"": ""no"", ""payment:credit_cards"": ""yes""}",2026-08-10T08:57:15.983839+00:00
node,11388299257,Loki Coffee,cafe,,coffee_shop,,,325,East 900 South,,Salt Lake City,UT,84111,"325 East 900 South, Salt Lake City, UT 84111",,https://www.lokicoffeeco.com/,hello@lokicoffeeco.com,Mo-Su 07:00-17:00,,,yes,,40.7500794,-111.8815510,,,https://www.openstreetmap.org/node/11388299257,"{""addr:city"": ""Salt Lake City"", ""addr:housenumber"": ""325"", ""addr:postcode"": ""84111"", ""addr:state"": ""UT"", ""addr:street"": ""East 900 South"", ""air_conditioning"": ""yes"", ""amenity"": ""cafe"", ""bar"": ""no"", ""check_date"": ""2026-05-22"", ""cuisine"": ""coffee_shop"", ""description"": ""Modern coffee house with breakfast and lunch food options and a large south-facing outdoor seating area"", ""email"": ""hello@lokicoffeeco.com"", ""food"": ""yes"", ""internet_access"": ""wlan"", ""internet_access:fee"": ""no"", ""name"": ""Loki Coffee"", ""opening_hours"": ""Mo-Su 07:00-17:00"", ""outdoor_seating"": ""yes"", ""toilets"": ""yes"", ""website"": ""https://www.lokicoffeeco.com/""}",2026-08-10T08:57:15.983839+00:00
node,11388299263,Umbrella Cafe,cafe,,coffee_shop,,,511,West 200 South,120,Salt Lake City,UT,84101,"511 West 200 South, 120, Salt Lake City, UT 84101",+1-801-922-0923,https://undertheumbrellabookstore.com/cafe,,Tu-Fr 10:00-14:00; Sa-Su 11:00-18:00,,,,,40.7646896,-111.9057941,,,https://www.openstreetmap.org/node/11388299263,"{""addr:city"": ""Salt Lake City"", ""addr:housenumber"": ""511"", ""addr:postcode"": ""84101"", ""addr:state"": ""UT"", ""addr:street"": ""West 200 South"", ""addr:unit"": ""120"", ""amenity"": ""cafe"", ""check_date"": ""2026-02-22"", ""cuisine"": ""coffee_shop"", ""lgbtq"": ""welcome"", ""lgbtq:signed"": ""yes"", ""name"": ""Umbrella Cafe"", ""opening_hours"": ""Tu-Fr 10:00-14:00; Sa-Su 11:00-18:00"", ""phone"": ""+1-801-922-0923"", ""website"": ""https://undertheumbrellabookstore.com/cafe""}",2026-08-10T08:57:15.983839+00:00
node,11410527977,The Soup Kitchen,restaurant,,soup,,,422,West 600 North,,Salt Lake City,UT,84103-1322,"422 West 600 North, Salt Lake City, UT 84103-1322",+1-801-531-0560,https://the-soup-kitchen-restaurants-catering.square.site,,Mo-Th 09:00-14:00,,,,,40.7828307,-111.9034208,,,https://www.openstreetmap.org/node/11410527977,"{""addr:city"": ""Salt Lake City"", ""addr:housenumber"": ""422"", ""addr:postcode"": ""84103-1322"", ""addr:state"": ""UT"", ""addr:street"": ""West 600 North"", ""amenity"": ""restaurant"", ""check_date:currency:XBT"": ""2026-01-19"", ""cuisine"": ""soup"", ""currency:XBT"": ""yes"", ""name"": ""The Soup Kitchen"", ""opening_hours"": ""Mo-Th 09:00-14:00"", ""payment:lightning"": ""yes"", ""payment:lightning:operator"": ""square"", ""payment:lightning_contactless"": ""no"", ""payment:onchain"": ""no"", ""phone"": ""+1-801-531-0560"", ""website"": ""https://the-soup-kitchen-restaurants-catering.square.site""}",2026-08-10T08:57:15.983839+00:00
node,11410529591,Tokyo Tower,restaurant,,japanese,,,1158,South State Street,101,Salt Lake City,UT,84111,"1158 South State Street, 101, Salt Lake City, UT 84111",+1 385-528-1158,https://www.tokyotowerslc.com,,Su-Th 11:00-22:00; Fr-Sa 11:00-22:30,,,,,40.7435171,-111.8886518,,,https://www.openstreetmap.org/node/11410529591,"{""addr:city"": ""Salt Lake City"", ""addr:housenumber"": ""1158"", ""addr:postcode"": ""84111"", ""addr:state"": ""UT"", ""addr:street"": ""South State Street"", ""addr:unit"": ""101"", ""amenity"": ""restaurant"", ""check_date"": ""2025-06-02"", ""cuisine"": ""japanese"", ""diet:vegetarian"": ""limited"", ""name"": ""Tokyo Tower"", ""opening_hours"": ""Su-Th 11:00-22:00; Fr-Sa 11:00-22:30"", ""phone"": ""+1 385-528-1158"", ""start_date"": ""2023_12"", ""website"": ""https://www.tokyotowerslc.com""}",2026-08-10T08:57:15.983839+00:00
node,11439701142,Bar Nohm,bar,,,,,165,West 900 South,,Salt Lake City,UT,84101,"165 West 900 South, Salt Lake City, UT 84101",+1 385-465-4488,https://www.barnohm.com,,"Tu-Th,Su 17:00-23:00;Fr-Sa 17:00-24:00",,,,,40.7495228,-111.8958910,,,https://www.openstreetmap.org/node/11439701142,"{""addr:city"": ""Salt Lake City"", ""addr:housenumber"": ""165"", ""addr:postcode"": ""84101"", ""addr:state"": ""UT"", ""addr:street"": ""West 900 South"", ""amenity"": ""bar"", ""check_date:opening_hours"": ""2026-04-16"", ""name"": ""Bar Nohm"", ""opening_hours"": ""Tu-Th,Su 17:00-23:00;Fr-Sa 17:00-24:00"", ""phone"": ""+1 385-465-4488"", ""source"": ""esri/USA_NAD_Addresses"", ""website"": ""https://www.barnohm.com""}",2026-08-10T08:57:15.983839+00:00
node,11447369545,Shawarma Shack,restaurant,,mediterranean,,,268,South Main Street,,Salt Lake City,UT,,"268 South Main Street, Salt Lake City, UT",+1 801-615-5003,https://shawarmashack.co,,Mo-Fr 11:00-20:00,,,,,40.7633937,-111.8916522,,,https://www.openstreetmap.org/node/11447369545,"{""addr:city"": ""Salt Lake City"", ""addr:housenumber"": ""268"", ""addr:state"": ""UT"", ""addr:street"": ""South Main Street"", ""amenity"": ""restaurant"", ""cuisine"": ""mediterranean"", ""diet:halal"": ""yes"", ""diet:vegetarian"": ""limited"", ""level"": ""0"", ""name"": ""Shawarma Shack"", ""opening_hours"": ""Mo-Fr 11:00-20:00"", ""phone"": ""+1 801-615-5003"", ""website"": ""https://shawarmashack.co""}",2026-08-10T08:57:15.983839+00:00
node,11460525193,Blatch's Backyard BBQ,restaurant,,barbecue,,,186,North I Street,,Salt Lake City,UT,84103,"186 North I Street, Salt Lake City, UT 84103",+1 385 210 5029,https://www.blatchsbbq.com,blatchsbbq@gmail.com,"off ""temporarily closed due to fire""",,,yes,,40.7737482,-111.8712731,,,https://www.openstreetmap.org/node/11460525193,"{""addr:city"": ""Salt Lake City"", ""addr:housenumber"": ""186"", ""addr:postcode"": ""84103"", ""addr:state"": ""UT"", ""addr:street"": ""North I Street"", ""amenity"": ""restaurant"", ""contact:facebook"": ""blatchsbackyard"", ""contact:instagram"": ""blatchsbbq"", ""cuisine"": ""barbecue"", ""description"": ""Vegan barbeque and sides"", ""diet:vegan"": ""only"", ""email"": ""blatchsbbq@gmail.com"", ""name"": ""Blatch's Backyard BBQ"", ""note"": ""This is the hours prior to the fire, just to preserve the syntax and make it easier to restore: We 04:00-20:00; Fr 14:00-20:00; Su[1] 09:00-14:00 \""crepe brunch\""; Tu[3] 12:00-20:00 \""taco tuesday\"""", ""opening_hours"": ""off \""temporarily closed due to fire\"""", ""outdoor_seating"": ""yes"", ""phone"": ""+1 385 210 5029"", ""website"": ""https://www.blatchsbbq.com"", ""website:menu"": ""https://www.blatchsbbq.com/menu-schedule""}",2026-08-10T08:57:15.983839+00:00
node,11490033583,STK Steakhouse,restaurant,,steak_house,,,111,South 300 West,Ste. 101,Salt Lake City,UT,,"111 South 300 West, Ste. 101, Salt Lake City, UT",,https://stksteakhouse.com,,,,,,,40.7668397,-111.8992450,,,https://www.openstreetmap.org/node/11490033583,"{""addr:city"": ""Salt Lake City"", ""addr:housenumber"": ""111"", ""addr:state"": ""UT"", ""addr:street"": ""South 300 West"", ""addr:unit"": ""Ste. 101"", ""amenity"": ""restaurant"", ""cuisine"": ""steak_house"", ""name"": ""STK Steakhouse"", ""website"": ""https://stksteakhouse.com""}",2026-08-10T08:57:15.983839+00:00
node,11512505760,Burger King,fast_food,,burger,Burger King,,3920,West Terminal Drive,,Salt Lake City,UT,84122,"3920 West Terminal Drive, Salt Lake City, UT 84122",+1 801-350-1274,https://www.bk.com/store-locator/store/restaurant_882473,,05:00-23:00,yes,,,,40.7856121,-111.9841988,,,https://www.openstreetmap.org/node/11512505760,"{""addr:city"": ""Salt Lake City"", ""addr:housenumber"": ""3920"", ""addr:postcode"": ""84122"", ""addr:state"": ""UT"", ""addr:street"": ""West Terminal Drive"", ""amenity"": ""fast_food"", ""brand"": ""Burger King"", ""brand:wikidata"": ""Q177054"", ""check_date"": ""2024-06-06"", ""cuisine"": ""burger"", ""internet_access"": ""wlan"", ""level"": ""2"", ""name"": ""Burger King"", ""opening_hours"": ""05:00-23:00"", ""payment:cash"": ""yes"", ""payment:credit_cards"": ""yes"", ""payment:debit_cards"": ""yes"", ""phone"": ""+1 801-350-1274"", ""ref"": ""31272"", ""takeaway"": ""yes"", ""website"": ""https://www.bk.com/store-locator/store/restaurant_882473""}",2026-08-10T08:57:15.983839+00:00
node,11512554409,Vessel Kitchen,restaurant,,,,,,,,,,,,,,,,,,,,40.7858760,-111.9836140,,,https://www.openstreetmap.org/node/11512554409,"{""amenity"": ""restaurant"", ""check_date"": ""2024-10-19"", ""check_date:opening_hours"": ""2024-10-19"", ""diet:gluten_free"": ""yes"", ""diet:vegan"": ""yes"", ""diet:vegetarian"": ""yes"", ""level"": ""2"", ""name"": ""Vessel Kitchen"", ""opening_hours:signed"": ""no"", ""payment:apple_pay"": ""yes"", ""payment:google_pay"": ""yes""}",2026-08-10T08:57:15.983839+00:00
node,11526412202,Starbucks,cafe,,coffee_shop,Starbucks,,1638,South 900 East,,Salt Lake City,UT,84105,"1638 South 900 East, Salt Lake City, UT 84105",+1 801-484-8741,https://www.starbucks.com/store-locator/store/1053963/maceys-sugar-house-11076-1638-south-900-east-salt-lake-city-ut-84105-us,,Mo-Sa 06:00-18:00; Su 07:00-18:00,yes,,,,40.7341154,-111.8666927,,,https://www.openstreetmap.org/node/11526412202,"{""addr:city"": ""Salt Lake City"", ""addr:housenumber"": ""1638"", ""addr:postcode"": ""84105"", ""addr:state"": ""UT"", ""addr:street"": ""South 900 East"", ""amenity"": ""cafe"", ""branch"": ""Macey's Sugar House 11076"", ""brand"": ""Starbucks"", ""brand:wikidata"": ""Q37158"", ""check_date"": ""2026-03-27"", ""contact:facebook"": ""starbucks"", ""contact:instagram"": ""starbucks"", ""contact:twitter"": ""starbucks"", ""cuisine"": ""coffee_shop"", ""drive_through"": ""no"", ""internet_access"": ""wlan"", ""name"": ""Starbucks"", ""official_name"": ""Starbucks Coffee"", ""opening_hours"": ""Mo-Sa 06:00-18:00; Su 07:00-18:00"", ""phone"": ""+1 801-484-8741"", ""ref"": ""1053963"", ""takeaway"": ""yes"", ""website"": ""https://www.starbucks.com/store-locator/store/1053963/maceys-sugar-house-11076-1638-south-900-east-salt-lake-city-ut-84105-us"", ""website:menu"": ""https://www.starbucks.com/menu""}",2026-08-10T08:57:15.983839+00:00
node,11565077157,Sol Agave,restaurant,,mexican,,,660,South Main Street,,Salt Lake City,UT,84101,"660 South Main Street, Salt Lake City, UT 84101",+1 385-229-4464,https://www.solagave.com/salt-lake-city,,Mo-Th 11:00-21:00; Fr 11:00-22:00; Sa 10:00-22:00; Su 10:00-20:00,,,,,40.7548916,-111.8915409,,,https://www.openstreetmap.org/node/11565077157,"{""addr:city"": ""Salt Lake City"", ""addr:housenumber"": ""660"", ""addr:postcode"": ""84101"", ""addr:state"": ""UT"", ""addr:street"": ""South Main Street"", ""amenity"": ""restaurant"", ""check_date"": ""2025-06-01"", ""cuisine"": ""mexican"", ""name"": ""Sol Agave"", ""opening_hours"": ""Mo-Th 11:00-21:00; Fr 11:00-22:00; Sa 10:00-22:00; Su 10:00-20:00"", ""phone"": ""+1 385-229-4464"", ""website"": ""https://www.solagave.com/salt-lake-city""}",2026-08-10T08:57:15.983839+00:00
node,11575586513,The Hive Pizzeria,restaurant,,pizza,,,,,,,,,,+1 801-281-7700,,,Mo-Su 19:00-26:30,,,,,40.7654133,-111.8290877,,,https://www.openstreetmap.org/node/11575586513,"{""amenity"": ""restaurant"", ""cuisine"": ""pizza"", ""name"": ""The Hive Pizzeria"", ""opening_hours"": ""Mo-Su 19:00-26:30"", ""phone"": ""+1 801-281-7700""}",2026-08-10T08:57:15.983839+00:00
node,11575586514,Urban Pioneer Cafe,cafe,,,,,,,,,,,,,,,Mo-Fr 08:00-15:30,,,yes,,40.7686873,-111.8425981,,,https://www.openstreetmap.org/node/11575586514,"{""amenity"": ""cafe"", ""name"": ""Urban Pioneer Cafe"", ""opening_hours"": ""Mo-Fr 08:00-15:30"", ""outdoor_seating"": ""yes""}",2026-08-10T08:57:15.983839+00:00
node,11575607884,Two Creek Coffee House,cafe,,coffee_shop,,,,,,,,,,+1 801-913-9324,,,Mo-Th 07:30-16:30; Fr 07:30-16:00,,,no,,40.7641919,-111.8513054,,,https://www.openstreetmap.org/node/11575607884,"{""amenity"": ""cafe"", ""cuisine"": ""coffee_shop"", ""level"": ""1"", ""name"": ""Two Creek Coffee House"", ""opening_hours"": ""Mo-Th 07:30-16:30; Fr 07:30-16:00"", ""outdoor_seating"": ""no"", ""phone"": ""+1 801-913-9324""}",2026-08-10T08:57:15.983839+00:00
node,11575607885,Brio Coffee,cafe,,coffee_shop,,,,,,,,,,+1 801-971-9053,,,Mo-Th 07:30-17:00; Fr 07:30-16:00,,,no,,40.7634627,-111.8486934,,,https://www.openstreetmap.org/node/11575607885,"{""amenity"": ""cafe"", ""cuisine"": ""coffee_shop"", ""name"": ""Brio Coffee"", ""not:brand:wikidata"": ""Q64055835"", ""opening_hours"": ""Mo-Th 07:30-17:00; Fr 07:30-16:00"", ""outdoor_seating"": ""no"", ""phone"": ""+1 801-971-9053""}",2026-08-10T08:57:15.983839+00:00
node,11575607886,Counsel Cafe,cafe,,coffee_shop;salad;sandwich,,,,,,,,,,+1 801-581-4946,,,Mo-Fr 08:00-14:00; Fr 08:00-15:00,,,,,40.7609864,-111.8513180,,,https://www.openstreetmap.org/node/11575607886,"{""amenity"": ""cafe"", ""cuisine"": ""coffee_shop;salad;sandwich"", ""name"": ""Counsel Cafe"", ""opening_hours"": ""Mo-Fr 08:00-14:00; Fr 08:00-15:00"", ""phone"": ""+1 801-581-4946""}",2026-08-10T08:57:15.983839+00:00
node,11575607887,The Museum Cafe,cafe,,sandwich;soup;salad;coffee_shop,,,,,,,,,,,https://umfa.utah.edu/visit/museum-cafe/,,Mo-Fr 08:30-16:00; Sa-Su 11:00-16:00,,,,,40.7602609,-111.8434518,,,https://www.openstreetmap.org/node/11575607887,"{""amenity"": ""cafe"", ""check_date"": ""2026-03-23"", ""check_date:opening_hours"": ""2026-03-23"", ""cuisine"": ""sandwich;soup;salad;coffee_shop"", ""internet_access"": ""wlan"", ""name"": ""The Museum Cafe"", ""opening_hours"": ""Mo-Fr 08:30-16:00; Sa-Su 11:00-16:00"", ""website"": ""https://umfa.utah.edu/visit/museum-cafe/""}",2026-08-10T08:57:15.983839+00:00
node,11575607888,U Hungry Cafe,cafe,,coffee_shop;breakfast,,,,,,,,,,+1 801-916-9233,,,Mo-Fr 07:00-16:00,,,no,,40.7612549,-111.8398812,,,https://www.openstreetmap.org/node/11575607888,"{""amenity"": ""cafe"", ""cuisine"": ""coffee_shop;breakfast"", ""level"": ""1"", ""name"": ""U Hungry Cafe"", ""opening_hours"": ""Mo-Fr 07:00-16:00"", ""outdoor_seating"": ""no"", ""phone"": ""+1 801-916-9233""}",2026-08-10T08:57:15.983839+00:00
node,11575607889,Jeeva's Greek Cafe,cafe,,,,,,,,,,,,+1 801-557-8433,,,Mo-Th 07:00-18:00; Fr 07:00-15:00,,,no,,40.7629969,-111.8419913,,,https://www.openstreetmap.org/node/11575607889,"{""amenity"": ""cafe"", ""name"": ""Jeeva's Greek Cafe"", ""opening_hours"": ""Mo-Th 07:00-18:00; Fr 07:00-15:00"", ""outdoor_seating"": ""no"", ""phone"": ""+1 801-557-8433""}",2026-08-10T08:57:15.983839+00:00
node,11575607890,Carolyn's Pantry,cafe,,,,,,,,,,,,+1 801-755-9815,,,Mo 07:00-24:00; Tu-Th 00:00-24:00; Fr 00:00-19:00,,,yes,,40.7635504,-111.8449277,,,https://www.openstreetmap.org/node/11575607890,"{""amenity"": ""cafe"", ""name"": ""Carolyn's Pantry"", ""opening_hours"": ""Mo 07:00-24:00; Tu-Th 00:00-24:00; Fr 00:00-19:00"", ""outdoor_seating"": ""yes"", ""phone"": ""+1 801-755-9815""}",2026-08-10T08:57:15.983839+00:00
node,11575607891,Lobby Espresso,cafe,,coffee_shop,,,,,,,,,,,,,Mo-Su 06:00-22:30,,,,,40.7714328,-111.8367607,,,https://www.openstreetmap.org/node/11575607891,"{""amenity"": ""cafe"", ""cuisine"": ""coffee_shop"", ""name"": ""Lobby Espresso"", ""opening_hours"": ""Mo-Su 06:00-22:30""}",2026-08-10T08:57:15.983839+00:00
node,11575607892,Starbucks,cafe,,coffee_shop,Starbucks,,2000,Circle Of Hope,,Salt Lake City,UT,84112,"2000 Circle Of Hope, Salt Lake City, UT 84112",+1 801-213-6177,https://www.starbucks.com/store-locator/store/1016210/huntsman-cancer-institute-2000-circle-of-hope-salt-lake-city-ut-841125550-us,,Mo-Fr 06:00-16:00,yes,,,,40.7722538,-111.8348741,,,https://www.openstreetmap.org/node/11575607892,"{""addr:city"": ""Salt Lake City"", ""addr:housenumber"": ""2000"", ""addr:postcode"": ""84112"", ""addr:state"": ""UT"", ""addr:street"": ""Circle Of Hope"", ""amenity"": ""cafe"", ""branch"": ""Huntsman Cancer Institute"", ""brand"": ""Starbucks"", ""brand:wikidata"": ""Q37158"", ""cuisine"": ""coffee_shop"", ""level"": ""5"", ""name"": ""Starbucks"", ""official_name"": ""Starbucks Coffee"", ""opening_hours"": ""Mo-Fr 06:00-16:00"", ""phone"": ""+1 801-213-6177"", ""ref"": ""1016210"", ""takeaway"": ""yes"", ""website"": ""https://www.starbucks.com/store-locator/store/1016210/huntsman-cancer-institute-2000-circle-of-hope-salt-lake-city-ut-841125550-us""}",2026-08-10T08:57:15.983839+00:00
node,11575607893,The England Hub,cafe,,salad;sandwich;pizza,,,,,,,,,,+1 801-585-1275,,,Mo-Fr 07:00-14:30,,,,,40.7689962,-111.8338373,,,https://www.openstreetmap.org/node/11575607893,"{""amenity"": ""cafe"", ""cuisine"": ""salad;sandwich;pizza"", ""name"": ""The England Hub"", ""opening_hours"": ""Mo-Fr 07:00-14:30"", ""phone"": ""+1 801-585-1275""}",2026-08-10T08:57:15.983839+00:00
node,11577870159,Space Tea,cafe,,bubble_tea,,,1085,South State Street,,Salt Lake City,UT,84111,"1085 South State Street, Salt Lake City, UT 84111",+1 385-528-0141,https://www.spaceteaslc.com/,,10:30-24:00,,,no,,40.7453090,-111.8879759,,,https://www.openstreetmap.org/node/11577870159,"{""addr:city"": ""Salt Lake City"", ""addr:housenumber"": ""1085"", ""addr:postcode"": ""84111"", ""addr:state"": ""UT"", ""addr:street"": ""South State Street"", ""amenity"": ""cafe"", ""check_date"": ""2025-06-02"", ""contact:facebook"": ""https://www.facebook.com/SpaceTeaSLC/"", ""cuisine"": ""bubble_tea"", ""name"": ""Space Tea"", ""opening_hours"": ""10:30-24:00"", ""outdoor_seating"": ""no"", ""phone"": ""+1 385-528-0141"", ""website"": ""https://www.spaceteaslc.com/""}",2026-08-10T08:57:15.983839+00:00
node,11585073444,Violet,restaurant,,,,,1588,East Stratford Avenue,,Salt Lake City,UT,84106,"1588 East Stratford Avenue, Salt Lake City, UT 84106",+1-385-229-4276,https://violet-slc.com/,,Tu-Fr 11:00-21:00; Sa 09:00-21:00; Su 09:00-15:00,,,,,40.7152342,-111.8451208,,,https://www.openstreetmap.org/node/11585073444,"{""addr:city"": ""Salt Lake City"", ""addr:country"": ""US"", ""addr:housenumber"": ""1588"", ""addr:postcode"": ""84106"", ""addr:state"": ""UT"", ""addr:street"": ""East Stratford Avenue"", ""amenity"": ""restaurant"", ""name"": ""Violet"", ""opening_hours"": ""Tu-Fr 11:00-21:00; Sa 09:00-21:00; Su 09:00-15:00"", ""phone"": ""+1-385-229-4276"", ""start_date"": ""2024-01"", ""website"": ""https://violet-slc.com/""}",2026-08-10T08:57:15.983839+00:00
node,11603190368,Koyote,restaurant,,japanese,,,551,West 400 North,,Salt Lake City,UT,84116,"551 West 400 North, Salt Lake City, UT 84116",+1 385-262-5559,https://koyoteslc.com,,"Mo-Fr 11:30-15:00, 17:00-21:00; Sa 17:00-21:00; Su off",,,yes,,40.7776976,-111.9070227,,,https://www.openstreetmap.org/node/11603190368,"{""addr:city"": ""Salt Lake City"", ""addr:housenumber"": ""551"", ""addr:postcode"": ""84116"", ""addr:state"": ""UT"", ""addr:street"": ""West 400 North"", ""addr:street:prefix"": ""West"", ""air_conditioning"": ""yes"", ""amenity"": ""restaurant"", ""check_date"": ""2025-05-30"", ""cuisine"": ""japanese"", ""diet:vegan"": ""yes"", ""internet_access"": ""wlan"", ""name"": ""Koyote"", ""opening_hours"": ""Mo-Fr 11:30-15:00, 17:00-21:00; Sa 17:00-21:00; Su off"", ""outdoor_seating"": ""yes"", ""payment:cash"": ""no"", ""phone"": ""+1 385-262-5559"", ""reservation"": ""no"", ""website"": ""https://koyoteslc.com"", ""website:menu"": ""https://order.toasttab.com/online/koyote-llc-551-w-400-n-ste-101""}",2026-08-10T08:57:15.983839+00:00
node,11649950963,Midway Coffee,cafe,,,,,,,,,,,,,,,,,,no,,40.7686064,-111.9042965,,,https://www.openstreetmap.org/node/11649950963,"{""amenity"": ""cafe"", ""level"": ""1"", ""name"": ""Midway Coffee"", ""outdoor_seating"": ""no""}",2026-08-10T08:57:15.983839+00:00
node,11682245945,Roux,restaurant,,,,,515,East 300 South,,Salt Lake City,UT,84102,"515 East 300 South, Salt Lake City, UT 84102",+1 385-256-1367,https://rouxslc.com,,"Tu-Fr 17:00-22:00; Sa 10:00-15:00, 17:00-22:00; Su 10:00-15:00",,,,,40.7631571,-111.8760532,,,https://www.openstreetmap.org/node/11682245945,"{""addr:city"": ""Salt Lake City"", ""addr:housenumber"": ""515"", ""addr:postcode"": ""84102"", ""addr:state"": ""UT"", ""addr:street"": ""East 300 South"", ""amenity"": ""restaurant"", ""name"": ""Roux"", ""opening_hours"": ""Tu-Fr 17:00-22:00; Sa 10:00-15:00, 17:00-22:00; Su 10:00-15:00"", ""phone"": ""+1 385-256-1367"", ""start_date"": ""2024-02-15"", ""website"": ""https://rouxslc.com""}",2026-08-10T08:57:15.983839+00:00
node,11698353974,Culture Coffee,cafe,,coffee_shop,,,285,North 900 West,Suite 2,Salt Lake City,UT,84116,"285 North 900 West, Suite 2, Salt Lake City, UT 84116",,https://culturecoffeeslc.com/,,Mo-We 07:00-16:00; Th-Fr 07:00-18:00; Sa 08:00-18:00; Su 08:00-16:00,,,yes,,40.7756426,-111.9174098,,,https://www.openstreetmap.org/node/11698353974,"{""addr:city"": ""Salt Lake City"", ""addr:housenumber"": ""285"", ""addr:postcode"": ""84116"", ""addr:state"": ""UT"", ""addr:street"": ""North 900 West"", ""addr:unit"": ""Suite 2"", ""amenity"": ""cafe"", ""building"": ""semidetached_house"", ""contact:instagram"": ""culturecoffeeslc"", ""cuisine"": ""coffee_shop"", ""diet:vegetarian"": ""yes"", ""internet_access"": ""wlan"", ""name"": ""Culture Coffee"", ""opening_hours"": ""Mo-We 07:00-16:00; Th-Fr 07:00-18:00; Sa 08:00-18:00; Su 08:00-16:00"", ""outdoor_seating"": ""yes"", ""website"": ""https://culturecoffeeslc.com/""}",2026-08-10T08:57:15.983839+00:00
node,11731626982,House Of Corn,restaurant,,mexican,,,414,East 200 South,,Salt Lake City,UT,,"414 East 200 South, Salt Lake City, UT",,,,,,,,,40.7645874,-111.8789070,,,https://www.openstreetmap.org/node/11731626982,"{""addr:city"": ""Salt Lake City"", ""addr:housenumber"": ""414"", ""addr:state"": ""UT"", ""addr:street"": ""East 200 South"", ""amenity"": ""restaurant"", ""cuisine"": ""mexican"", ""name"": ""House Of Corn"", ""start_date"": ""2024-03""}",2026-08-10T08:57:15.983839+00:00
node,11731626994,Level Crossing,pub,,,,,550,South 300 West,100,Salt Lake City,UT,84101,"550 South 300 West, 100, Salt Lake City, UT 84101",+1 385-295-4090,https://levelcrossingbrewing.com/lc-post-district/,,,,,,,40.7578853,-111.9008171,,,https://www.openstreetmap.org/node/11731626994,"{""addr:city"": ""Salt Lake City"", ""addr:housenumber"": ""550"", ""addr:postcode"": ""84101"", ""addr:state"": ""UT"", ""addr:street"": ""South 300 West"", ""addr:unit"": ""100"", ""amenity"": ""pub"", ""check_date"": ""2025-06-01"", ""full_name"": ""Level Crossing Downtown"", ""microbrewery"": ""yes"", ""name"": ""Level Crossing"", ""phone"": ""+1 385-295-4090"", ""website"": ""https://levelcrossingbrewing.com/lc-post-district/""}",2026-08-10T08:57:15.983839+00:00
node,11731626995,Melancholy,bar,,,,,556,South Gale Street,,Salt Lake City,UT,84101,"556 South Gale Street, Salt Lake City, UT 84101",,https://www.melancholyslc.com/,,"Mo-Tu 16:00-22:00; We-Th 16:00-24:00; Fr 16:00-01:00, Sa 12:00-01:00, Su 12:00-22:00",,,patio,,40.7569038,-111.9012299,,,https://www.openstreetmap.org/node/11731626995,"{""addr:city"": ""Salt Lake City"", ""addr:housenumber"": ""556"", ""addr:postcode"": ""84101"", ""addr:state"": ""UT"", ""addr:street"": ""South Gale Street"", ""amenity"": ""bar"", ""building:levels"": ""2"", ""check_date"": ""2025-06-01"", ""full_name"": ""Melancholy Wine & Cocktail Lounge"", ""name"": ""Melancholy"", ""opening_hours"": ""Mo-Tu 16:00-22:00; We-Th 16:00-24:00; Fr 16:00-01:00, Sa 12:00-01:00, Su 12:00-22:00"", ""outdoor_seating"": ""patio"", ""website"": ""https://www.melancholyslc.com/""}",2026-08-10T08:57:15.983839+00:00
node,11739451113,YAGÖÖT,fast_food,,smoothies,,,932,East 900 South,,,,,932 East 900 South,,,,,,,,,40.7495824,-111.8641094,,,https://www.openstreetmap.org/node/11739451113,"{""addr:housenumber"": ""932"", ""addr:street"": ""East 900 South"", ""amenity"": ""fast_food"", ""cuisine"": ""smoothies"", ""name"": ""YAGÖÖT""}",2026-08-10T08:57:15.983839+00:00
node,11756651568,Roots Coffee & Co.,cafe,,coffee_shop,,,1386,South 1100 East,,Salt Lake City,UT,,"1386 South 1100 East, Salt Lake City, UT",,,,Mo-Fr 06:30-18:00; Sa 07:00-17:00; Su 08:00-14:00,,,no,,40.7396522,-111.8598789,,,https://www.openstreetmap.org/node/11756651568,"{""addr:city"": ""Salt Lake City"", ""addr:housenumber"": ""1386"", ""addr:state"": ""UT"", ""addr:street"": ""South 1100 East"", ""amenity"": ""cafe"", ""check_date:opening_hours"": ""2024-04-05"", ""cuisine"": ""coffee_shop"", ""diet:vegetarian"": ""limited"", ""internet_access"": ""wlan"", ""internet_access:fee"": ""customers"", ""level"": ""0"", ""name"": ""Roots Coffee & Co."", ""opening_hours"": ""Mo-Fr 06:30-18:00; Sa 07:00-17:00; Su 08:00-14:00"", ""outdoor_seating"": ""no"", ""short_name"": ""Roots"", ""start_date"": ""2023-10""}",2026-08-10T08:57:15.983839+00:00
node,11756727769,Urban Gyro & Chicken,restaurant,,,,,153,South Regent Street,,Salt Lake City,UT,,"153 South Regent Street, Salt Lake City, UT",+1 801-548-1313,https://ugcplatters.com,,,,,,,40.7659298,-111.8896581,,,https://www.openstreetmap.org/node/11756727769,"{""addr:city"": ""Salt Lake City"", ""addr:housenumber"": ""153"", ""addr:state"": ""UT"", ""addr:street"": ""South Regent Street"", ""amenity"": ""restaurant"", ""name"": ""Urban Gyro & Chicken"", ""phone"": ""+1 801-548-1313"", ""website"": ""https://ugcplatters.com""}",2026-08-10T08:57:15.983839+00:00
node,11762348513,Bonnie & Clyde's,cafe,,sandwich,,,611,South Main Street,,Salt Lake City,UT,84111,"611 South Main Street, Salt Lake City, UT 84111",+1 385-295-8180,https://www.bonniexclydes.com,,Mo-Sa 08:00-20:00; Su 08:00-18:00,,,,,40.7560529,-111.8901234,,,https://www.openstreetmap.org/node/11762348513,"{""addr:city"": ""Salt Lake City"", ""addr:housenumber"": ""611"", ""addr:postcode"": ""84111"", ""addr:state"": ""UT"", ""addr:street"": ""South Main Street"", ""amenity"": ""cafe"", ""check_date"": ""2025-06-01"", ""cuisine"": ""sandwich"", ""food"": ""yes"", ""name"": ""Bonnie & Clyde's"", ""opening_hours"": ""Mo-Sa 08:00-20:00; Su 08:00-18:00"", ""phone"": ""+1 385-295-8180"", ""start_date"": ""2024"", ""website"": ""https://www.bonniexclydes.com""}",2026-08-10T08:57:15.983839+00:00
node,11769550394,Bar a Vin,bar,,,,,917,South State Street,,Salt Lake City,UT,84111,"917 South State Street, Salt Lake City, UT 84111",,https://baravinslc.com/,,"Mo-Tu off; We-Th,Su 17:00-22:00; Fr-Sa 17:00-23:00",,,,,40.7492100,-111.8878625,,,https://www.openstreetmap.org/node/11769550394,"{""addr:city"": ""Salt Lake City"", ""addr:housenumber"": ""917"", ""addr:postcode"": ""84111"", ""addr:state"": ""UT"", ""addr:street"": ""South State Street"", ""amenity"": ""bar"", ""check_date"": ""2025-06-02"", ""description"": ""Approximately 120 wines, plus pairings of charcuterie and pizza available."", ""name"": ""Bar a Vin"", ""opening_hours"": ""Mo-Tu off; We-Th,Su 17:00-22:00; Fr-Sa 17:00-23:00"", ""reservation"": ""recommended"", ""website"": ""https://baravinslc.com/""}",2026-08-10T08:57:15.983839+00:00
node,11769550395,Nica Joe Espresso Bar,cafe,,coffee_shop,,,,,,,,,,,,,"Th 08:00-12:00, 17:00-22:00; Fr-Sa 08:00-12:00",,,no,,40.7582048,-111.8850972,,,https://www.openstreetmap.org/node/11769550395,"{""amenity"": ""cafe"", ""cuisine"": ""coffee_shop"", ""name"": ""Nica Joe Espresso Bar"", ""opening_hours"": ""Th 08:00-12:00, 17:00-22:00; Fr-Sa 08:00-12:00"", ""outdoor_seating"": ""no"", ""short_name"": ""Nica Joe""}",2026-08-10T08:57:15.983839+00:00
node,11769913936,Cubby's,restaurant,,american,,,759,East 2100 South,A,Salt Lake City,UT,,"759 East 2100 South, A, Salt Lake City, UT",,,,,,,,,40.7256293,-111.8695390,,,https://www.openstreetmap.org/node/11769913936,"{""addr:city"": ""Salt Lake City"", ""addr:housenumber"": ""759"", ""addr:state"": ""UT"", ""addr:street"": ""East 2100 South"", ""addr:unit"": ""A"", ""amenity"": ""restaurant"", ""cuisine"": ""american"", ""name"": ""Cubby's"", ""note"": ""the building is new -- are these businesses still there?""}",2026-08-10T08:57:15.983839+00:00
node,11769913945,Shwe Letyar Sushi,restaurant,,sushi;burmese,,,,,,,,,,,,,,yes,,,,40.7535293,-111.9069750,,,https://www.openstreetmap.org/node/11769913945,"{""amenity"": ""restaurant"", ""cuisine"": ""sushi;burmese"", ""name"": ""Shwe Letyar Sushi"", ""takeaway"": ""yes""}",2026-08-10T08:57:15.983839+00:00
node,11778635462,Curry in a Hurry,fast_food,,curry;pakistani,,,2020,South State Street,,Salt Lake City,UT,84115,"2020 South State Street, Salt Lake City, UT 84115",+1-801-467-4137,https://www.ilovecurryinahurry.com/,,,,,,,40.7261733,-111.8885412,,,https://www.openstreetmap.org/node/11778635462,"{""addr:city"": ""Salt Lake City"", ""addr:country"": ""US"", ""addr:housenumber"": ""2020"", ""addr:postcode"": ""84115"", ""addr:state"": ""UT"", ""addr:street"": ""South State Street"", ""amenity"": ""fast_food"", ""cuisine"": ""curry;pakistani"", ""diet:halal"": ""only"", ""diet:vegan"": ""yes"", ""diet:vegetarian"": ""yes"", ""drive_through"": ""no"", ""name"": ""Curry in a Hurry"", ""phone"": ""+1-801-467-4137"", ""website"": ""https://www.ilovecurryinahurry.com/""}",2026-08-10T08:57:15.983839+00:00
node,11784379745,Vitality Bowls,restaurant,,,,,,,,,,,,,,,,,,,,40.7683560,-111.8898708,,,https://www.openstreetmap.org/node/11784379745,"{""amenity"": ""restaurant"", ""check_date:opening_hours"": ""2024-10-18"", ""name"": ""Vitality Bowls"", ""opening_hours:signed"": ""no""}",2026-08-10T08:57:15.983839+00:00
node,11808387706,Pago,restaurant,,,,,,,,,,,,,,,Mo-Su 17:00-21:00,,,yes,,40.7501992,-111.8656374,,,https://www.openstreetmap.org/node/11808387706,"{""amenity"": ""restaurant"", ""name"": ""Pago"", ""opening_hours"": ""Mo-Su 17:00-21:00"", ""outdoor_seating"": ""yes"", ""payment:credit_cards"": ""yes"", ""payment:debit_cards"": ""yes"", ""payment:mastercard"": ""yes"", ""payment:visa"": ""yes"", ""start_date"": ""2009"", ""strapline"": ""Artisan. Local. Farm Fresh.""}",2026-08-10T08:57:15.983839+00:00
node,11819887641,The 14 Peaks,restaurant,,indian,,,1446,South State Street,,Salt Lake City,UT,,"1446 South State Street, Salt Lake City, UT",,,,,,,,,40.7381617,-111.8886370,,,https://www.openstreetmap.org/node/11819887641,"{""addr:city"": ""Salt Lake City"", ""addr:housenumber"": ""1446"", ""addr:state"": ""UT"", ""addr:street"": ""South State Street"", ""amenity"": ""restaurant"", ""cuisine"": ""indian"", ""description"": ""Lunch service is off the menu, not a buffet."", ""lunch:buffet"": ""off"", ""name"": ""The 14 Peaks"", ""start_date"": ""2024-02-01"", ""strapline"": ""Indian. Nepali. Himalayan.""}",2026-08-10T08:57:15.983839+00:00
node,11841905469,Crave,,pastry,,,,20,East 600 South,102,Salt Lake City,UT,84111,"20 East 600 South, 102, Salt Lake City, UT 84111",,https://cravecookies.com,,,,,,,40.7560613,-111.8903434,,,https://www.openstreetmap.org/node/11841905469,"{""addr:city"": ""Salt Lake City"", ""addr:housenumber"": ""20"", ""addr:postcode"": ""84111"", ""addr:state"": ""UT"", ""addr:street"": ""East 600 South"", ""addr:unit"": ""102"", ""check_date"": ""2025-06-01"", ""name"": ""Crave"", ""shop"": ""pastry"", ""website"": ""https://cravecookies.com""}",2026-08-10T08:57:15.983839+00:00
node,11842281421,Protein Foundry,restaurant,,,,,951,East 900 South,101,Salt Lake City,UT,,"951 East 900 South, 101, Salt Lake City, UT",,,,Mo-Sa 08:00-18:00; Su 09:00-15:00,,,,,40.7500238,-111.8636913,,,https://www.openstreetmap.org/node/11842281421,"{""addr:city"": ""Salt Lake City"", ""addr:housenumber"": ""951"", ""addr:state"": ""UT"", ""addr:street"": ""East 900 South"", ""addr:unit"": ""101"", ""amenity"": ""restaurant"", ""name"": ""Protein Foundry"", ""opening_hours"": ""Mo-Sa 08:00-18:00; Su 09:00-15:00"", ""payment:cash"": ""no""}",2026-08-10T08:57:15.983839+00:00
node,11842281422,Krispy Kreme,fast_food,,donut,Krispy Kreme,,,,,,,,,,,,,yes,,,,40.7412528,-111.8262244,,,https://www.openstreetmap.org/node/11842281422,"{""amenity"": ""fast_food"", ""brand"": ""Krispy Kreme"", ""brand:wikidata"": ""Q1192805"", ""cuisine"": ""donut"", ""name"": ""Krispy Kreme"", ""takeaway"": ""yes""}",2026-08-10T08:57:15.983839+00:00
node,11842281430,Nothing Bundt Cakes,,pastry,,Nothing Bundt Cakes,,1354B,South Foothill Drive,,Salt Lake City,UT,84108,"1354B South Foothill Drive, Salt Lake City, UT 84108",,,,,,,,,40.7401734,-111.8270644,,,https://www.openstreetmap.org/node/11842281430,"{""addr:city"": ""Salt Lake City"", ""addr:housenumber"": ""1354B"", ""addr:postcode"": ""84108"", ""addr:state"": ""UT"", ""addr:street"": ""South Foothill Drive"", ""brand"": ""Nothing Bundt Cakes"", ""brand:wikidata"": ""Q62082526"", ""name"": ""Nothing Bundt Cakes"", ""shop"": ""pastry""}",2026-08-10T08:57:15.983839+00:00
node,11842281437,Honest Eatery,restaurant,,,,,1400,South Foothill Drive,100,Salt Lake City,UT,84108,"1400 South Foothill Drive, 100, Salt Lake City, UT 84108",,,,Mo-Fr 09:00-19:00; Sa 09:00-18:00,,,,,40.7394237,-111.8268946,,,https://www.openstreetmap.org/node/11842281437,"{""addr:city"": ""Salt Lake City"", ""addr:housenumber"": ""1400"", ""addr:postcode"": ""84108"", ""addr:state"": ""UT"", ""addr:street"": ""South Foothill Drive"", ""addr:unit"": ""100"", ""amenity"": ""restaurant"", ""level"": ""0"", ""name"": ""Honest Eatery"", ""opening_hours"": ""Mo-Fr 09:00-19:00; Sa 09:00-18:00""}",2026-08-10T08:57:15.983839+00:00
node,11842281449,Crave,,pastry,,,,1400,South Foothill Drive,160,Salt Lake City,UT,84108,"1400 South Foothill Drive, 160, Salt Lake City, UT 84108",,,,Mo-Th 10:30-22:00; Fr-Sa 10:30-23:00,,,,,40.7387244,-111.8263322,,,https://www.openstreetmap.org/node/11842281449,"{""addr:city"": ""Salt Lake City"", ""addr:housenumber"": ""1400"", ""addr:postcode"": ""84108"", ""addr:state"": ""UT"", ""addr:street"": ""South Foothill Drive"", ""addr:unit"": ""160"", ""description"": ""Cookies."", ""level"": ""0"", ""name"": ""Crave"", ""opening_hours"": ""Mo-Th 10:30-22:00; Fr-Sa 10:30-23:00"", ""shop"": ""pastry""}",2026-08-10T08:57:15.983839+00:00
node,11842281450,CupBop,restaurant,,asian,,,1400,South Foothill Drive,156,Salt Lake City,UT,84108,"1400 South Foothill Drive, 156, Salt Lake City, UT 84108",,,,Mo-Sa 10:30-21:00,,,,,40.7387255,-111.8263952,,,https://www.openstreetmap.org/node/11842281450,"{""addr:city"": ""Salt Lake City"", ""addr:housenumber"": ""1400"", ""addr:postcode"": ""84108"", ""addr:state"": ""UT"", ""addr:street"": ""South Foothill Drive"", ""addr:unit"": ""156"", ""amenity"": ""restaurant"", ""cuisine"": ""asian"", ""level"": ""0"", ""name"": ""CupBop"", ""opening_hours"": ""Mo-Sa 10:30-21:00""}",2026-08-10T08:57:15.983839+00:00
node,11842281451,Jersey Mike's Subs,fast_food,,sandwich,Jersey Mike's Subs,,1400,South Foothill Drive,154,Salt Lake City,UT,84108,"1400 South Foothill Drive, 154, Salt Lake City, UT 84108",,,,Mo-Su 10:00-21:00,yes,,,,40.7387263,-111.8264336,,,https://www.openstreetmap.org/node/11842281451,"{""addr:city"": ""Salt Lake City"", ""addr:housenumber"": ""1400"", ""addr:postcode"": ""84108"", ""addr:state"": ""UT"", ""addr:street"": ""South Foothill Drive"", ""addr:unit"": ""154"", ""amenity"": ""fast_food"", ""brand"": ""Jersey Mike's Subs"", ""brand:wikidata"": ""Q6184897"", ""cuisine"": ""sandwich"", ""drive_through"": ""no"", ""level"": ""0"", ""name"": ""Jersey Mike's Subs"", ""opening_hours"": ""Mo-Su 10:00-21:00"", ""short_name"": ""Jersey Mike's"", ""takeaway"": ""yes""}",2026-08-10T08:57:15.983839+00:00
node,11842281452,East-West Connection,restaurant,,vietnamese,,,1400,South Foothill Drive,270,Salt Lake City,UT,84108,"1400 South Foothill Drive, 270, Salt Lake City, UT 84108",+1-801-581-1128,https://www.eastwest-connection.com,,"Tu-Sa 11:30-14:00, 17:00-21:00",,,,,40.7385697,-111.8259540,,,https://www.openstreetmap.org/node/11842281452,"{""addr:city"": ""Salt Lake City"", ""addr:housenumber"": ""1400"", ""addr:postcode"": ""84108"", ""addr:state"": ""UT"", ""addr:street"": ""South Foothill Drive"", ""addr:unit"": ""270"", ""amenity"": ""restaurant"", ""cuisine"": ""vietnamese"", ""level"": ""1"", ""name"": ""East-West Connection"", ""opening_hours"": ""Tu-Sa 11:30-14:00, 17:00-21:00"", ""phone"": ""+1-801-581-1128"", ""website"": ""https://www.eastwest-connection.com""}",2026-08-10T08:57:15.983839+00:00
node,11850797941,caffe dbolla,cafe,,coffee_shop,,,299,South Main Street,130,Salt Lake City,UT,84111,"299 South Main Street, 130, Salt Lake City, UT 84111",,https://caffedbolla.com/,,"Mo-Sa 10:00-14:00,15:00-18:00",,,,,40.7632337,-111.8904685,,,https://www.openstreetmap.org/node/11850797941,"{""addr:city"": ""Salt Lake City"", ""addr:housenumber"": ""299"", ""addr:postcode"": ""84111"", ""addr:state"": ""UT"", ""addr:street"": ""South Main Street"", ""addr:unit"": ""130"", ""amenity"": ""cafe"", ""cuisine"": ""coffee_shop"", ""internet_access"": ""no"", ""name"": ""caffe dbolla"", ""opening_hours"": ""Mo-Sa 10:00-14:00,15:00-18:00"", ""website"": ""https://caffedbolla.com/""}",2026-08-10T08:57:15.983839+00:00
node,11877161277,Boba Guru,cafe,,bubble_tea,,,55,East 300 South,,Salt Lake City,UT,,"55 East 300 South, Salt Lake City, UT",,,,,,,,,40.7630711,-111.8893291,,,https://www.openstreetmap.org/node/11877161277,"{""addr:city"": ""Salt Lake City"", ""addr:housenumber"": ""55"", ""addr:state"": ""UT"", ""addr:street"": ""East 300 South"", ""amenity"": ""cafe"", ""cuisine"": ""bubble_tea"", ""name"": ""Boba Guru""}",2026-08-10T08:57:15.983839+00:00
node,11877161278,Blind Rabbit Kitchen,restaurant,,steak_house,,,,,,,,,,,,,,,,yes,,40.7250164,-111.8602218,,,https://www.openstreetmap.org/node/11877161278,"{""amenity"": ""restaurant"", ""cuisine"": ""steak_house"", ""name"": ""Blind Rabbit Kitchen"", ""outdoor_seating"": ""yes"", ""panoramax"": ""ba9ece55-55d8-4232-b14a-43cc7bd1f343"", ""start_date"": ""2024-04""}",2026-08-10T08:57:15.983839+00:00
node,11877161280,Ortega's Asada and Wings,fast_food,,chicken;mexican,,,1249,East 3300 South,,Millcreek,UT,84106,"1249 East 3300 South, Millcreek, UT 84106",,https://asadaandwings.com,,Mo-We off; Th-Sa 18:00-23:59; Su 18:00-23:00,,,,,40.7004955,-111.8554518,,,https://www.openstreetmap.org/node/11877161280,"{""addr:city"": ""Millcreek"", ""addr:housenumber"": ""1249"", ""addr:postcode"": ""84106"", ""addr:state"": ""UT"", ""addr:street"": ""East 3300 South"", ""amenity"": ""fast_food"", ""cuisine"": ""chicken;mexican"", ""description"": ""Food truck located behind Liquid Joe's as a long-term arrangement."", ""name"": ""Ortega's Asada and Wings"", ""opening_hours"": ""Mo-We off; Th-Sa 18:00-23:59; Su 18:00-23:00"", ""start_date"": ""2024-04"", ""website"": ""https://asadaandwings.com""}",2026-08-10T08:57:15.983839+00:00
node,11882564960,Millcreek Coffee Roasters,cafe,,coffee_shop,,,,,,,,,,,,,,,,,,40.7861931,-111.9793687,,,https://www.openstreetmap.org/node/11882564960,"{""amenity"": ""cafe"", ""cuisine"": ""coffee_shop"", ""name"": ""Millcreek Coffee Roasters""}",2026-08-10T08:57:15.983839+00:00
node,11882564961,Jimmy John's,fast_food,,sandwich,Jimmy John's,,3920,West Terminal Drive,CAE-2-046,Salt Lake City,UT,84122,"3920 West Terminal Drive, CAE-2-046, Salt Lake City, UT 84122",,https://locations.jimmyjohns.com/ut/saltlakecity/sandwiches-4524.html,,,yes,,,,40.7859419,-111.9793282,,,https://www.openstreetmap.org/node/11882564961,"{""addr:city"": ""Salt Lake City"", ""addr:housenumber"": ""3920"", ""addr:postcode"": ""84122"", ""addr:state"": ""UT"", ""addr:street"": ""West Terminal Drive"", ""addr:unit"": ""CAE-2-046"", ""amenity"": ""fast_food"", ""brand"": ""Jimmy John's"", ""brand:wikidata"": ""Q1689380"", ""cuisine"": ""sandwich"", ""name"": ""Jimmy John's"", ""official_name"": ""Jimmy John's Gourmet Sandwiches"", ""takeaway"": ""yes"", ""website"": ""https://locations.jimmyjohns.com/ut/saltlakecity/sandwiches-4524.html""}",2026-08-10T08:57:15.983839+00:00
node,11882564962,Red Rock Brewing,restaurant,,,,,,,,,,,,,,,,,,,,40.7861134,-111.9801926,,,https://www.openstreetmap.org/node/11882564962,"{""amenity"": ""restaurant"", ""name"": ""Red Rock Brewing""}",2026-08-10T08:57:15.983839+00:00
node,11882564966,Auntie Anne's,fast_food,,pretzel,Auntie Anne's,,,,,,,,,,,,,yes,,,,40.7858990,-111.9804934,,,https://www.openstreetmap.org/node/11882564966,"{""amenity"": ""fast_food"", ""brand"": ""Auntie Anne's"", ""brand:wikidata"": ""Q4822010"", ""cuisine"": ""pretzel"", ""name"": ""Auntie Anne's"", ""takeaway"": ""yes""}",2026-08-10T08:57:15.983839+00:00
node,11882686997,P.F. Chang's,restaurant,,asian,P.F. Chang's,,,,,,,,,,,,,,,,,40.7860098,-111.9815021,,,https://www.openstreetmap.org/node/11882686997,"{""amenity"": ""restaurant"", ""brand"": ""P.F. Chang's"", ""brand:wikidata"": ""Q5360181"", ""cuisine"": ""asian"", ""name"": ""P.F. Chang's"", ""official_name"": ""P.F. Chang's China Bistro""}",2026-08-10T08:57:15.983839+00:00
node,11882686998,Rockwell Ice Cream,ice_cream,,,,,,,,,,,,,,,,,,,,40.7860006,-111.9816342,,,https://www.openstreetmap.org/node/11882686998,"{""amenity"": ""ice_cream"", ""check_date"": ""2024-06-09"", ""name"": ""Rockwell Ice Cream"", ""payment:cash"": ""yes"", ""payment:credit_cards"": ""yes"", ""payment:debit_cards"": ""yes""}",2026-08-10T08:57:15.983839+00:00
node,11882687005,Wow Bao,restaurant,,asian,,,,,,,,,,,,,,,,,yes,40.7857055,-111.9829086,,,https://www.openstreetmap.org/node/11882687005,"{""amenity"": ""restaurant"", ""check_date"": ""2026-06-27"", ""cuisine"": ""asian"", ""internet_access"": ""no"", ""level"": ""2"", ""name"": ""Wow Bao"", ""payment:cash"": ""yes"", ""payment:credit_cards"": ""yes"", ""payment:debit_cards"": ""yes"", ""wheelchair"": ""yes""}",2026-08-10T08:57:15.983839+00:00
node,11883762565,The Blue Iguana,fast_food,,mexican,,,,,,,,,,,,,,,,,yes,40.7859679,-111.9825594,,,https://www.openstreetmap.org/node/11883762565,"{""amenity"": ""fast_food"", ""check_date"": ""2026-06-27"", ""check_date:opening_hours"": ""2024-10-19"", ""cuisine"": ""mexican"", ""description"": ""Mexican food"", ""drive_through"": ""no"", ""internet_access"": ""no"", ""level"": ""2"", ""name"": ""The Blue Iguana"", ""opening_hours:signed"": ""no"", ""payment:cash"": ""yes"", ""payment:credit_cards"": ""yes"", ""payment:debit_cards"": ""yes"", ""wheelchair"": ""yes""}",2026-08-10T08:57:15.983839+00:00
node,11883762566,Hugo Coffee,cafe,,coffee_shop,,,,,,,,,,,https://hugo.coffee/hugo-coffee-roasters-at-the-slc-airport/,,Mo-Su 05:00-23:00,,,no,,40.7859628,-111.9826200,,,https://www.openstreetmap.org/node/11883762566,"{""amenity"": ""cafe"", ""check_date"": ""2024-10-19"", ""check_date:opening_hours"": ""2024-10-19"", ""cuisine"": ""coffee_shop"", ""name"": ""Hugo Coffee"", ""opening_hours"": ""Mo-Su 05:00-23:00"", ""opening_hours:signed"": ""no"", ""outdoor_seating"": ""no"", ""website"": ""https://hugo.coffee/hugo-coffee-roasters-at-the-slc-airport/""}",2026-08-10T08:57:15.983839+00:00
node,11885576957,Protein Bar and Kitchen,restaurant,,,,,,,,,,,,,,,,,,,,40.7856368,-111.9840957,,,https://www.openstreetmap.org/node/11885576957,"{""amenity"": ""restaurant"", ""check_date"": ""2024-10-19"", ""check_date:opening_hours"": ""2024-10-19"", ""level"": ""2"", ""name"": ""Protein Bar and Kitchen"", ""opening_hours:signed"": ""no"", ""payment:cash"": ""yes"", ""payment:credit_cards"": ""yes"", ""payment:debit_cards"": ""yes""}",2026-08-10T08:57:15.983839+00:00
node,11889927273,Publik Kitchen,restaurant,,breakfast;brunch;lunch,,,931,East 900 South,,Salt Lake City,UT,84105,"931 East 900 South, Salt Lake City, UT 84105",+1 385-229-4205,https://publikcoffee.com/locations/publik-kitchen,,Mo-Fr 07:00-14:30; Sa-Su 08:00-14:30,,,,,40.7500925,-111.8642440,,,https://www.openstreetmap.org/node/11889927273,"{""addr:city"": ""Salt Lake City"", ""addr:housenumber"": ""931"", ""addr:postcode"": ""84105"", ""addr:state"": ""UT"", ""addr:street"": ""East 900 South"", ""amenity"": ""restaurant"", ""check_date"": ""2026-07-21"", ""cuisine"": ""breakfast;brunch;lunch"", ""diet:vegan"": ""yes"", ""diet:vegetarian"": ""yes"", ""name"": ""Publik Kitchen"", ""opening_hours"": ""Mo-Fr 07:00-14:30; Sa-Su 08:00-14:30"", ""phone"": ""+1 385-229-4205"", ""website"": ""https://publikcoffee.com/locations/publik-kitchen""}",2026-08-10T08:57:15.983839+00:00
node,11902343398,Cafe Rio,restaurant,,mexican,Cafe Rio,,,,,,,,,,,,,,,,,40.7328668,-111.9394531,,,https://www.openstreetmap.org/node/11902343398,"{""amenity"": ""restaurant"", ""brand"": ""Cafe Rio"", ""brand:wikidata"": ""Q5017108"", ""cuisine"": ""mexican"", ""drive_through"": ""yes"", ""name"": ""Cafe Rio""}",2026-08-10T08:57:15.983839+00:00
node,11902343400,HK Brewing Collective,bar,,kombucha,,,370,West Aspen Avenue,,Salt Lake City,UT,,"370 West Aspen Avenue, Salt Lake City, UT",+1-385-227-8240,https://hkbrewing.com,,"Tu-We 14:00-22:00; Th-Sa 14:00-23:00; Su, Mo off",,,,,40.7466278,-111.9017336,,,https://www.openstreetmap.org/node/11902343400,"{""addr:city"": ""Salt Lake City"", ""addr:housenumber"": ""370"", ""addr:state"": ""UT"", ""addr:street"": ""West Aspen Avenue"", ""amenity"": ""bar"", ""cuisine"": ""kombucha"", ""full_name"": ""HK Brewing Collective Taproom & Bar"", ""min_age"": ""21"", ""name"": ""HK Brewing Collective"", ""opening_hours"": ""Tu-We 14:00-22:00; Th-Sa 14:00-23:00; Su, Mo off"", ""phone"": ""+1-385-227-8240"", ""short_name"": ""HBC"", ""website"": ""https://hkbrewing.com""}",2026-08-10T08:57:15.983839+00:00
node,11916140472,Chuck-a-Rama,restaurant,,american,,,744,East 400 South,,Salt Lake City,UT,84102,"744 East 400 South, Salt Lake City, UT 84102",+1-801-531-1123,https://www.chuck-a-rama.com/salt-lake,,Mo-Sa 11:00-21:00; Su 12:00-20:00,,,,,40.7602922,-111.8694328,,,https://www.openstreetmap.org/node/11916140472,"{""addr:city"": ""Salt Lake City"", ""addr:country"": ""US"", ""addr:housenumber"": ""744"", ""addr:postcode"": ""84102"", ""addr:state"": ""UT"", ""addr:street"": ""East 400 South"", ""amenity"": ""restaurant"", ""cuisine"": ""american"", ""name"": ""Chuck-a-Rama"", ""opening_hours"": ""Mo-Sa 11:00-21:00; Su 12:00-20:00"", ""phone"": ""+1-801-531-1123"", ""website"": ""https://www.chuck-a-rama.com/salt-lake""}",2026-08-10T08:57:15.983839+00:00
node,11920510744,Radwija Pointe,restaurant,,indian,,,5575,West Amelia Earhart Drive,,Salt Lake City,UT,84116,"5575 West Amelia Earhart Drive, Salt Lake City, UT 84116",,,,,,,,,40.7757939,-112.0243122,,,https://www.openstreetmap.org/node/11920510744,"{""addr:city"": ""Salt Lake City"", ""addr:housenumber"": ""5575"", ""addr:postcode"": ""84116"", ""addr:state"": ""UT"", ""addr:street"": ""West Amelia Earhart Drive"", ""amenity"": ""restaurant"", ""check_date"": ""2024-05-15"", ""cuisine"": ""indian"", ""name"": ""Radwija Pointe""}",2026-08-10T08:57:15.983839+00:00
node,11933701568,KFC,fast_food,,chicken,KFC,,,,,,,,,,,,,yes,,,,40.7257372,-111.8534136,,,https://www.openstreetmap.org/node/11933701568,"{""alt_name"": ""Kentucky Fried Chicken"", ""amenity"": ""fast_food"", ""brand"": ""KFC"", ""brand:wikidata"": ""Q524757"", ""cuisine"": ""chicken"", ""drive_through"": ""yes"", ""name"": ""KFC"", ""takeaway"": ""yes""}",2026-08-10T08:57:15.983839+00:00
node,11964513415,Starbucks,cafe,,coffee_shop,Starbucks,,,,,,,,,,,,,yes,,,,40.7608959,-111.8788664,,,https://www.openstreetmap.org/node/11964513415,"{""amenity"": ""cafe"", ""brand"": ""Starbucks"", ""brand:wikidata"": ""Q37158"", ""check_date"": ""2024-06-09"", ""cuisine"": ""coffee_shop"", ""drive_through"": ""yes"", ""name"": ""Starbucks"", ""official_name"": ""Starbucks Coffee"", ""payment:cash"": ""yes"", ""payment:credit_cards"": ""yes"", ""payment:debit_cards"": ""yes"", ""takeaway"": ""yes""}",2026-08-10T08:57:15.983839+00:00
node,11968070910,Starbucks,cafe,,coffee_shop,Starbucks,,,,,,,,,,,,,yes,,,,40.7590830,-111.8305186,,,https://www.openstreetmap.org/node/11968070910,"{""amenity"": ""cafe"", ""brand"": ""Starbucks"", ""brand:wikidata"": ""Q37158"", ""cuisine"": ""coffee_shop"", ""name"": ""Starbucks"", ""official_name"": ""Starbucks Coffee"", ""takeaway"": ""yes""}",2026-08-10T08:57:15.983839+00:00
node,11968070912,Wakara Bar,bar,,,,,,,,,,,,,,,,,,,,40.7590105,-111.8308929,,,https://www.openstreetmap.org/node/11968070912,"{""amenity"": ""bar"", ""name"": ""Wakara Bar""}",2026-08-10T08:57:15.983839+00:00
node,11974193636,Burger King,fast_food,,burger,Burger King,,4025,West 1820 South,,Salt Lake City,UT,84104-4878,"4025 West 1820 South, Salt Lake City, UT 84104-4878",+1 801-886-9048,https://www.bk.com/store-locator/store/restaurant_10181,,Mo-Fr 05:00-22:00; Sa 06:00-20:00; Su 07:00-20:00,yes,yes,,,40.7302467,-111.9878783,,,https://www.openstreetmap.org/node/11974193636,"{""addr:city"": ""Salt Lake City"", ""addr:housenumber"": ""4025"", ""addr:postcode"": ""84104-4878"", ""addr:state"": ""UT"", ""addr:street"": ""West 1820 South"", ""amenity"": ""fast_food"", ""brand"": ""Burger King"", ""brand:wikidata"": ""Q177054"", ""cuisine"": ""burger"", ""delivery"": ""yes"", ""drive_through"": ""yes"", ""internet_access"": ""wlan"", ""name"": ""Burger King"", ""opening_hours"": ""Mo-Fr 05:00-22:00; Sa 06:00-20:00; Su 07:00-20:00"", ""phone"": ""+1 801-886-9048"", ""ref"": ""16379"", ""takeaway"": ""yes"", ""website"": ""https://www.bk.com/store-locator/store/restaurant_10181""}",2026-08-10T08:57:15.983839+00:00
node,11974193637,Domino's,fast_food,,pizza,Domino's,,1228,South Redwood Road,,Salt Lake City,UT,84104,"1228 South Redwood Road, Salt Lake City, UT 84104",+1 385-429-3494,https://pizza.dominos.com/utah/salt-lake-city/1228-south-redwood-road,,Mo-Th 10:00-24:00; Fr-Sa 10:00-01:00; Su 10:00-24:00,yes,,,,40.7428378,-111.9398641,,,https://www.openstreetmap.org/node/11974193637,"{""addr:city"": ""Salt Lake City"", ""addr:housenumber"": ""1228"", ""addr:postcode"": ""84104"", ""addr:state"": ""UT"", ""addr:street"": ""South Redwood Road"", ""amenity"": ""fast_food"", ""brand"": ""Domino's"", ""brand:wikidata"": ""Q839466"", ""cuisine"": ""pizza"", ""name"": ""Domino's"", ""opening_hours"": ""Mo-Th 10:00-24:00; Fr-Sa 10:00-01:00; Su 10:00-24:00"", ""phone"": ""+1 385-429-3494"", ""ref"": ""7591"", ""takeaway"": ""yes"", ""website"": ""https://pizza.dominos.com/utah/salt-lake-city/1228-south-redwood-road""}",2026-08-10T08:57:15.983839+00:00
node,12004792378,Cluck Truck,restaurant,,chicken,,,285,West 800 South,101,Salt Lake City,UT,,"285 West 800 South, 101, Salt Lake City, UT",,,,Mo-Sa 12:00-21:00,,,,,40.7517364,-111.8994028,,,https://www.openstreetmap.org/node/12004792378,"{""addr:city"": ""Salt Lake City"", ""addr:housenumber"": ""285"", ""addr:state"": ""UT"", ""addr:street"": ""West 800 South"", ""addr:unit"": ""101"", ""amenity"": ""restaurant"", ""cuisine"": ""chicken"", ""level"": ""0"", ""name"": ""Cluck Truck"", ""opening_hours"": ""Mo-Sa 12:00-21:00"", ""strapline"": ""Gourmet Fried Chicken""}",2026-08-10T08:57:15.983839+00:00
node,12046880405,Rusty Birds Cafe,restaurant,,chicken,,,,,,,,,,,https://www.rustybirdscafe.com/,,Mo-Su 11:00-21:00,,,,,40.7535986,-111.9069730,,,https://www.openstreetmap.org/node/12046880405,"{""amenity"": ""restaurant"", ""cuisine"": ""chicken"", ""diet:vegetarian"": ""yes"", ""name"": ""Rusty Birds Cafe"", ""opening_hours"": ""Mo-Su 11:00-21:00"", ""website"": ""https://www.rustybirdscafe.com/""}",2026-08-10T08:57:15.983839+00:00
node,12046914368,Santo Taco,restaurant,,mexican,,,380,South State Street,,Salt Lake City,UT,84111,"380 South State Street, Salt Lake City, UT 84111",,https://santotacos.com/,,Mo-Th 10:00-21:00; Fr-Sa 10:00-03:00; Su off,,,,,40.7608787,-111.8885287,,,https://www.openstreetmap.org/node/12046914368,"{""addr:city"": ""Salt Lake City"", ""addr:housenumber"": ""380"", ""addr:postcode"": ""84111"", ""addr:state"": ""UT"", ""addr:street"": ""South State Street"", ""amenity"": ""restaurant"", ""cuisine"": ""mexican"", ""name"": ""Santo Taco"", ""opening_hours"": ""Mo-Th 10:00-21:00; Fr-Sa 10:00-03:00; Su off"", ""website"": ""https://santotacos.com/""}",2026-08-10T08:57:15.983839+00:00
node,12047500671,Houston TX Hot Chicken,fast_food,,chicken,,,912,East 900 South,,Salt Lake City,UT,84105,"912 East 900 South, Salt Lake City, UT 84105",+1-385-284-7277,https://www.hhc.ooo/location/912-e-900-s-salt-lake-city-utah-84105,,Mo-Sa 10:30-22:00; Su 10:30-20:00,,,,,40.7495714,-111.8649413,,,https://www.openstreetmap.org/node/12047500671,"{""addr:city"": ""Salt Lake City"", ""addr:housenumber"": ""912"", ""addr:postcode"": ""84105"", ""addr:state"": ""UT"", ""addr:street"": ""East 900 South"", ""amenity"": ""fast_food"", ""cuisine"": ""chicken"", ""diet:chicken"": ""yes"", ""name"": ""Houston TX Hot Chicken"", ""opening_hours"": ""Mo-Sa 10:30-22:00; Su 10:30-20:00"", ""phone"": ""+1-385-284-7277"", ""website"": ""https://www.hhc.ooo/location/912-e-900-s-salt-lake-city-utah-84105""}",2026-08-10T08:57:15.983839+00:00
node,12094299344,Dave's Hot Chicken,fast_food,,chicken,Dave's Hot Chicken,,777,East 2100 South,,Salt Lake City,UT,,"777 East 2100 South, Salt Lake City, UT",,,,,yes,,,,40.7257206,-111.8690488,,,https://www.openstreetmap.org/node/12094299344,"{""addr:city"": ""Salt Lake City"", ""addr:housenumber"": ""777"", ""addr:state"": ""UT"", ""addr:street"": ""East 2100 South"", ""amenity"": ""fast_food"", ""brand"": ""Dave's Hot Chicken"", ""brand:wikidata"": ""Q108292298"", ""cuisine"": ""chicken"", ""name"": ""Dave's Hot Chicken"", ""takeaway"": ""yes""}",2026-08-10T08:57:15.983839+00:00
node,12094299350,Bix,cafe,,,,,26,South Rio Grande Street,2072,,,,"26 South Rio Grande Street, 2072",,https://www.bixbakeryandcafe.com,,Mo-Th 08:00-15:00,,,no,yes,40.7687835,-111.9044593,,,https://www.openstreetmap.org/node/12094299350,"{""addr:housenumber"": ""26"", ""addr:street"": ""South Rio Grande Street"", ""addr:unit"": ""2072"", ""amenity"": ""cafe"", ""branch"": ""Kiln Gateway"", ""check_date"": ""2026-07-13"", ""description"": ""Bix is located inside Kiln (the coworking space)."", ""level"": ""1"", ""name"": ""Bix"", ""opening_hours"": ""Mo-Th 08:00-15:00"", ""outdoor_seating"": ""no"", ""payment:cash"": ""yes"", ""payment:credit_cards"": ""yes"", ""payment:debit_cards"": ""yes"", ""website"": ""https://www.bixbakeryandcafe.com"", ""wheelchair"": ""yes""}",2026-08-10T08:57:15.983839+00:00
node,12094299351,Chinese Bistro,restaurant,,chinese,,,133,South Regent Street,,Salt Lake City,UT,,"133 South Regent Street, Salt Lake City, UT",,,,,,,,,40.7663884,-111.8896563,,,https://www.openstreetmap.org/node/12094299351,"{""addr:city"": ""Salt Lake City"", ""addr:housenumber"": ""133"", ""addr:state"": ""UT"", ""addr:street"": ""South Regent Street"", ""amenity"": ""restaurant"", ""cuisine"": ""chinese"", ""level"": ""0"", ""name"": ""Chinese Bistro""}",2026-08-10T08:57:15.983839+00:00
node,12094299352,Encanto,restaurant,,colombian,,,1500,South 1500 East,,Salt Lake City,UT,84105,"1500 South 1500 East, Salt Lake City, UT 84105",,,,,,,,,40.7370539,-111.8483449,,,https://www.openstreetmap.org/node/12094299352,"{""addr:city"": ""Salt Lake City"", ""addr:housenumber"": ""1500"", ""addr:postcode"": ""84105"", ""addr:state"": ""UT"", ""addr:street"": ""South 1500 East"", ""amenity"": ""restaurant"", ""cuisine"": ""colombian"", ""name"": ""Encanto"", ""note"": ""Encanto occupies a little bit of the space in the building dominated by Mi Buena Vida. They both exist and seem to use the same postal address (public-facing at least).""}",2026-08-10T08:57:15.983839+00:00
node,12094299353,The Other Side Donuts,fast_food,,donut,,,760,South Redwood Road,,Salt Lake City,UT,,"760 South Redwood Road, Salt Lake City, UT",,https://www.theothersidedonuts.com/,,Tu-Sa 07:00-15:00,,,patio,,40.7528667,-111.9394662,,,https://www.openstreetmap.org/node/12094299353,"{""addr:city"": ""Salt Lake City"", ""addr:housenumber"": ""760"", ""addr:state"": ""UT"", ""addr:street"": ""South Redwood Road"", ""amenity"": ""fast_food"", ""check_date"": ""2025-05-30"", ""cuisine"": ""donut"", ""description"": ""Proceeds benefit The Other Side Village, a project to transition people out of homelessness."", ""drive_through"": ""no"", ""name"": ""The Other Side Donuts"", ""opening_hours"": ""Tu-Sa 07:00-15:00"", ""outdoor_seating"": ""patio"", ""website"": ""https://www.theothersidedonuts.com/""}",2026-08-10T08:57:15.983839+00:00
node,12094299354,Millcrepes,restaurant,,crepe,,,330,East 400 South,103,Salt Lake City,UT,,"330 East 400 South, 103, Salt Lake City, UT",+1-385-313-8882,https://www.millcrepescafe.com,,Mo-Th 11:30-21:00; Fr 11:30-23:59; Sa 09:00-23:59; Su 09:00-22:00,,,,,40.7601760,-111.8821783,,,https://www.openstreetmap.org/node/12094299354,"{""addr:city"": ""Salt Lake City"", ""addr:housenumber"": ""330"", ""addr:state"": ""UT"", ""addr:street"": ""East 400 South"", ""addr:unit"": ""103"", ""amenity"": ""restaurant"", ""cuisine"": ""crepe"", ""diet:vegetarian"": ""yes"", ""full_name"": ""Millcrepes Cafe & Catering"", ""name"": ""Millcrepes"", ""opening_hours"": ""Mo-Th 11:30-21:00; Fr 11:30-23:59; Sa 09:00-23:59; Su 09:00-22:00"", ""phone"": ""+1-385-313-8882"", ""website"": ""https://www.millcrepescafe.com""}",2026-08-10T08:57:15.983839+00:00
node,12094299356,Ramen Ichizu,restaurant,,ramen,,,915,South Washington Street,,Salt Lake City,UT,,"915 South Washington Street, Salt Lake City, UT",,,,"Mo,We-Th 17:00-21:30; Fr-Sa 12:00-22:00; Su 12:00-21:00",,,,,40.7495300,-111.8980485,,,https://www.openstreetmap.org/node/12094299356,"{""addr:city"": ""Salt Lake City"", ""addr:housenumber"": ""915"", ""addr:state"": ""UT"", ""addr:street"": ""South Washington Street"", ""amenity"": ""restaurant"", ""check_date"": ""2026-02-07"", ""cuisine"": ""ramen"", ""description"": ""Chef and owner Mike Harrison also runs Hana Ramen in Park City"", ""name"": ""Ramen Ichizu"", ""opening_hours"": ""Mo,We-Th 17:00-21:30; Fr-Sa 12:00-22:00; Su 12:00-21:00"", ""payment:cash"": ""yes"", ""payment:credit_cards"": ""yes"", ""payment:debit_cards"": ""yes"", ""start_date"": ""2024-07""}",2026-08-10T08:57:15.983839+00:00
node,12106527220,Chunky,,pastry,,,,556,East 2100 South,,Salt Lake City,UT,84106,"556 East 2100 South, Salt Lake City, UT 84106",,,,,,,,,40.7252489,-111.8758587,,,https://www.openstreetmap.org/node/12106527220,"{""addr:city"": ""Salt Lake City"", ""addr:housenumber"": ""556"", ""addr:postcode"": ""84106"", ""addr:state"": ""UT"", ""addr:street"": ""East 2100 South"", ""description"": ""Cookies, ice cream sandwiches with the cookies...."", ""name"": ""Chunky"", ""shop"": ""pastry"", ""start_date"": ""2026-07-31""}",2026-08-10T08:57:15.983839+00:00
node,12190990757,Sidecar Doughnuts & Coffee,fast_food,,donut,,,701,East 2100 South,,Salt Lake City,UT,,"701 East 2100 South, Salt Lake City, UT",,,,Su-Th 06:30-16:00; Fr-Sa 06:30-18:00,,,,,40.7256696,-111.8707485,,,https://www.openstreetmap.org/node/12190990757,"{""addr:city"": ""Salt Lake City"", ""addr:housenumber"": ""701"", ""addr:state"": ""UT"", ""addr:street"": ""East 2100 South"", ""amenity"": ""fast_food"", ""cuisine"": ""donut"", ""drive_through"": ""no"", ""name"": ""Sidecar Doughnuts & Coffee"", ""opening_hours"": ""Su-Th 06:30-16:00; Fr-Sa 06:30-18:00"", ""payment:cash"": ""no"", ""short_name"": ""Sidecar"", ""start_date"": ""2026-01-23""}",2026-08-10T08:57:15.983839+00:00
node,12190990758,Early Owl,cafe,,,,,155,East 900 South,,Salt Lake City,UT,,"155 East 900 South, Salt Lake City, UT",,,,Mo-Su 08:00-15:00,,,,,40.7500028,-111.8865524,,,https://www.openstreetmap.org/node/12190990758,"{""addr:city"": ""Salt Lake City"", ""addr:housenumber"": ""155"", ""addr:state"": ""UT"", ""addr:street"": ""East 900 South"", ""amenity"": ""cafe"", ""name"": ""Early Owl"", ""opening_hours"": ""Mo-Su 08:00-15:00""}",2026-08-10T08:57:15.983839+00:00
node,12190990759,Earth & Stones,bar,,,,,63,East Exchange Place,,Salt Lake City,UT,84111,"63 East Exchange Place, Salt Lake City, UT 84111",+1 801-425-6223,https://www.earthandstonesutah.com/,,Tu-Sa 19:00-02:00,,,,,40.7615550,-111.8887558,,,https://www.openstreetmap.org/node/12190990759,"{""addr:city"": ""Salt Lake City"", ""addr:housenumber"": ""63"", ""addr:postcode"": ""84111"", ""addr:state"": ""UT"", ""addr:street"": ""East Exchange Place"", ""amenity"": ""bar"", ""check_date"": ""2025-06-02"", ""contact:facebook"": ""https://www.facebook.com/people/Earth-Stones/61566600422577/"", ""min_age"": ""21"", ""name"": ""Earth & Stones"", ""opening_hours"": ""Tu-Sa 19:00-02:00"", ""phone"": ""+1 801-425-6223"", ""start_date"": ""2024-09"", ""website"": ""https://www.earthandstonesutah.com/""}",2026-08-10T08:57:15.983839+00:00
node,12190990763,Hide & Seek,bar,,,,,611,South Main Street,,Salt Lake City,UT,84111,"611 South Main Street, Salt Lake City, UT 84111",+1 385-220-0620,https://www.speakeasyhs.com/,reservations@speakeasyhs.com,,,,,,40.7560131,-111.8901257,,,https://www.openstreetmap.org/node/12190990763,"{""addr:city"": ""Salt Lake City"", ""addr:housenumber"": ""611"", ""addr:postcode"": ""84111"", ""addr:state"": ""UT"", ""addr:street"": ""South Main Street"", ""amenity"": ""bar"", ""check_date"": ""2025-06-01"", ""email"": ""reservations@speakeasyhs.com"", ""name"": ""Hide & Seek"", ""phone"": ""+1 385-220-0620"", ""website"": ""https://www.speakeasyhs.com/""}",2026-08-10T08:57:15.983839+00:00
node,12190990764,Studio @ Soundwell,restaurant,,,,,,,,,,,,,https://studiosaltlake.com/,,"Su, Tu-Th 17:00-23:59; Fr-Sa 17:00-02:00; Mo off",,,,,40.7647691,-111.8955588,,,https://www.openstreetmap.org/node/12190990764,"{""amenity"": ""restaurant"", ""name"": ""Studio @ Soundwell"", ""opening_hours"": ""Su, Tu-Th 17:00-23:59; Fr-Sa 17:00-02:00; Mo off"", ""website"": ""https://studiosaltlake.com/""}",2026-08-10T08:57:15.983839+00:00
node,12212373642,Sunday's Best,restaurant,,,,,505,South Gale Street,,Salt Lake City,UT,84101,"505 South Gale Street, Salt Lake City, UT 84101",+1 385-388-8405,https://www.brunchmehard.com/location/sundays-best-downtown-salt-lake/,,,,,,,40.7581539,-111.9007916,,,https://www.openstreetmap.org/node/12212373642,"{""addr:city"": ""Salt Lake City"", ""addr:housenumber"": ""505"", ""addr:postcode"": ""84101"", ""addr:state"": ""UT"", ""addr:street"": ""South Gale Street"", ""amenity"": ""restaurant"", ""check_date"": ""2025-06-01"", ""level"": ""0"", ""name"": ""Sunday's Best"", ""phone"": ""+1 385-388-8405"", ""reservation"": ""yes"", ""website"": ""https://www.brunchmehard.com/location/sundays-best-downtown-salt-lake/""}",2026-08-10T08:57:15.983839+00:00
node,12222455305,Lupessa,restaurant,,italian,,,156,South 400 West,,Salt Lake City,UT,,"156 South 400 West, Salt Lake City, UT",,,,,,,,,40.7657743,-111.9029371,,,https://www.openstreetmap.org/node/12222455305,"{""addr:city"": ""Salt Lake City"", ""addr:housenumber"": ""156"", ""addr:state"": ""UT"", ""addr:street"": ""South 400 West"", ""amenity"": ""restaurant"", ""cuisine"": ""italian"", ""level"": ""0"", ""name"": ""Lupessa"", ""start_date"": ""2024""}",2026-08-10T08:57:15.983839+00:00
node,12264585597,Éclair,,pastry,,,,,,,,,,,,,,,,,,,40.7685252,-111.8898477,,,https://www.openstreetmap.org/node/12264585597,"{""check_date:opening_hours"": ""2024-10-18"", ""name"": ""Éclair"", ""opening_hours:signed"": ""no"", ""shop"": ""pastry""}",2026-08-10T08:57:15.983839+00:00
node,12264903087,City Edge Cafe,cafe,,,,,,,,,,,,,,,,,,,,40.7642588,-111.8388728,,,https://www.openstreetmap.org/node/12264903087,"{""amenity"": ""cafe"", ""name"": ""City Edge Cafe""}",2026-08-10T08:57:15.983839+00:00
node,12300056086,Manoli's,restaurant,,greek,,,402,East 900 South,,Salt Lake City,UT,84111,"402 East 900 South, Salt Lake City, UT 84111",+1 801-532-3760,https://www.manolison9th.com/,,"Tu-Fr 17:00-22:00; Sa,Su 10:00-14:30,17:00-22:00",,,,,40.7495396,-111.8794419,,,https://www.openstreetmap.org/node/12300056086,"{""addr:city"": ""Salt Lake City"", ""addr:housenumber"": ""402"", ""addr:postcode"": ""84111"", ""addr:state"": ""UT"", ""addr:street"": ""East 900 South"", ""amenity"": ""restaurant"", ""cuisine"": ""greek"", ""diet:vegetarian"": ""yes"", ""name"": ""Manoli's"", ""opening_hours"": ""Tu-Fr 17:00-22:00; Sa,Su 10:00-14:30,17:00-22:00"", ""phone"": ""+1 801-532-3760"", ""website"": ""https://www.manolison9th.com/""}",2026-08-10T08:57:15.983839+00:00
node,12331358201,Mi Buena Vida Express,restaurant,,mexican,,,170,South Main Street,Suite 140,Salt Lake City,UT,84101,"170 South Main Street, Suite 140, Salt Lake City, UT 84101",,https://mibuenavidaslc.com/,,Mo-Fr 08:30-21:00; Sa 12:00-19:00; Su off,,,,,40.7653588,-111.8915210,,,https://www.openstreetmap.org/node/12331358201,"{""addr:city"": ""Salt Lake City"", ""addr:housenumber"": ""170"", ""addr:postcode"": ""84101"", ""addr:state"": ""UT"", ""addr:street"": ""South Main Street"", ""addr:unit"": ""Suite 140"", ""amenity"": ""restaurant"", ""cuisine"": ""mexican"", ""diet:gluten_free"": ""limited"", ""diet:vegan"": ""limited"", ""diet:vegetarian"": ""yes"", ""level"": ""0"", ""name"": ""Mi Buena Vida Express"", ""opening_hours"": ""Mo-Fr 08:30-21:00; Sa 12:00-19:00; Su off"", ""website"": ""https://mibuenavidaslc.com/""}",2026-08-10T08:57:15.983839+00:00
node,12335599429,Flower Child,restaurant,,american,,,1414,South Foothill Drive,A-1,Salt Lake City,UT,84103,"1414 South Foothill Drive, A-1, Salt Lake City, UT 84103",+1 385-530-0224,https://www.iamaflowerchild.com/locations/flower-child-salt-lake-city/,,Mo-Su 11:00-21:00,,,yes,,40.7394552,-111.8261199,,,https://www.openstreetmap.org/node/12335599429,"{""addr:city"": ""Salt Lake City"", ""addr:housenumber"": ""1414"", ""addr:postcode"": ""84103"", ""addr:state"": ""UT"", ""addr:street"": ""South Foothill Drive"", ""addr:unit"": ""A-1"", ""amenity"": ""restaurant"", ""cuisine"": ""american"", ""description"": ""Offers salads and wraps and that kind of thing."", ""diet:gluten_free"": ""yes"", ""diet:vegan"": ""yes"", ""diet:vegetarian"": ""yes"", ""level"": ""1"", ""name"": ""Flower Child"", ""opening_hours"": ""Mo-Su 11:00-21:00"", ""outdoor_seating"": ""yes"", ""payment:cash"": ""yes"", ""payment:credit_cards"": ""yes"", ""phone"": ""+1 385-530-0224"", ""start_date"": ""2024_10_15"", ""website"": ""https://www.iamaflowerchild.com/locations/flower-child-salt-lake-city/""}",2026-08-10T08:57:15.983839+00:00
node,12345185234,Rouser,restaurant,,american,,,2,South 400 West,,Salt Lake City,UT,,"2 South 400 West, Salt Lake City, UT",+1 801-895-2858,https://rouserslc.com,,Mo-Su 07:00-11:00; 17:00-22:00,,,,,40.7691319,-111.9031014,,,https://www.openstreetmap.org/node/12345185234,"{""addr:city"": ""Salt Lake City"", ""addr:housenumber"": ""2"", ""addr:state"": ""UT"", ""addr:street"": ""South 400 West"", ""amenity"": ""restaurant"", ""cuisine"": ""american"", ""level"": ""0"", ""name"": ""Rouser"", ""opening_hours"": ""Mo-Su 07:00-11:00; 17:00-22:00"", ""phone"": ""+1 801-895-2858"", ""website"": ""https://rouserslc.com""}",2026-08-10T08:57:15.983839+00:00
node,12345185235,The Bar,bar,,,,,,,,,,,,,,,,,,,,40.7690903,-111.9030800,,,https://www.openstreetmap.org/node/12345185235,"{""amenity"": ""bar"", ""level"": ""0"", ""name"": ""The Bar"", ""note"": ""The name really is \""The Bar.\""""}",2026-08-10T08:57:15.983839+00:00
node,12345185236,No. 119,bar,,,,,,,,,,,,,,,,,,,,40.7692931,-111.9029622,,,https://www.openstreetmap.org/node/12345185236,"{""amenity"": ""bar"", ""level"": ""1"", ""min_age"": ""21"", ""name"": ""No. 119""}",2026-08-10T08:57:15.983839+00:00
node,12345185237,Red Fuego,restaurant,,peruvian,,,759,East 2100 South,B,Salt Lake City,UT,,"759 East 2100 South, B, Salt Lake City, UT",,,,,,,,,40.7257522,-111.8695161,,,https://www.openstreetmap.org/node/12345185237,"{""addr:city"": ""Salt Lake City"", ""addr:housenumber"": ""759"", ""addr:state"": ""UT"", ""addr:street"": ""East 2100 South"", ""addr:unit"": ""B"", ""amenity"": ""restaurant"", ""cuisine"": ""peruvian"", ""name"": ""Red Fuego"", ""note"": ""the building is new -- are these businesses still there?""}",2026-08-10T08:57:15.983839+00:00
node,12345185238,Beijing Chinese Restaurant,restaurant,,chinese,,,,,,,,,,,,,,,,,,40.7258275,-111.8690535,,,https://www.openstreetmap.org/node/12345185238,"{""amenity"": ""restaurant"", ""cuisine"": ""chinese"", ""name"": ""Beijing Chinese Restaurant""}",2026-08-10T08:57:15.983839+00:00
node,12345185240,Leavity Bread & Coffee,,bakery,,,,1000,South Main Street,,Salt Lake City,UT,,"1000 South Main Street, Salt Lake City, UT",,,,Tu-Su 07:30-15:00,,,,yes,40.7473857,-111.8916172,,,https://www.openstreetmap.org/node/12345185240,"{""addr:city"": ""Salt Lake City"", ""addr:housenumber"": ""1000"", ""addr:state"": ""UT"", ""addr:street"": ""South Main Street"", ""check_date"": ""2025-09-27"", ""check_date:opening_hours"": ""2025-06-01"", ""level"": ""0"", ""name"": ""Leavity Bread & Coffee"", ""opening_hours"": ""Tu-Su 07:30-15:00"", ""payment:cash"": ""yes"", ""payment:credit_cards"": ""yes"", ""payment:debit_cards"": ""yes"", ""shop"": ""bakery"", ""wheelchair"": ""yes""}",2026-08-10T08:57:15.983839+00:00
node,12345185241,Star of India,restaurant,,indian,,,1000,South Main Street,,Salt Lake City,UT,,"1000 South Main Street, Salt Lake City, UT",,,,off,,,,,40.7473913,-111.8917982,,,https://www.openstreetmap.org/node/12345185241,"{""addr:city"": ""Salt Lake City"", ""addr:housenumber"": ""1000"", ""addr:state"": ""UT"", ""addr:street"": ""South Main Street"", ""amenity"": ""restaurant"", ""cuisine"": ""indian"", ""name"": ""Star of India"", ""opening_hours"": ""off""}",2026-08-10T08:57:15.983839+00:00
node,12345185244,Red Beryl Kitchen & Bar,restaurant,,,,,,,,,,,,,,,,,,,,40.7567697,-111.8948357,,,https://www.openstreetmap.org/node/12345185244,"{""amenity"": ""restaurant"", ""name"": ""Red Beryl Kitchen & Bar"", ""short_name"": ""Red Beryl""}",2026-08-10T08:57:15.983839+00:00
node,12405788188,Dangerous Pretzel,restaurant,,pretzel,,,352,West 600 South,,Salt Lake City,UT,84101,"352 West 600 South, Salt Lake City, UT 84101",,https://www.dangerouspretzel.com/,info@dangerouspretzel.com,Su-Th 11:00-20:00; Fr-Sa 11:00-22:00,,,,,40.7567118,-111.9014936,,,https://www.openstreetmap.org/node/12405788188,"{""addr:city"": ""Salt Lake City"", ""addr:housenumber"": ""352"", ""addr:postcode"": ""84101"", ""addr:state"": ""UT"", ""addr:street"": ""West 600 South"", ""amenity"": ""restaurant"", ""check_date"": ""2025-07-27"", ""contact:instagram"": ""@dangerous.pretzel"", ""cuisine"": ""pretzel"", ""diet:vegan"": ""limited"", ""diet:vegetarian"": ""yes"", ""email"": ""info@dangerouspretzel.com"", ""name"": ""Dangerous Pretzel"", ""opening_hours"": ""Su-Th 11:00-20:00; Fr-Sa 11:00-22:00"", ""start_date"": ""2024-11"", ""website"": ""https://www.dangerouspretzel.com/""}",2026-08-10T08:57:15.983839+00:00
node,12405788191,Piko Mexican Grill,restaurant,,mexican,,,511,South 500 East,,Salt Lake City,UT,,"511 South 500 East, Salt Lake City, UT",+1-801-720-7222,https://pikomexicangrill.com,,Mo off; Tu-Th 11:00-21:00; Fr-Sa 09:00-20:00; Su 09:00-16:00,,,yes,,40.7581360,-111.8764862,,,https://www.openstreetmap.org/node/12405788191,"{""addr:city"": ""Salt Lake City"", ""addr:housenumber"": ""511"", ""addr:state"": ""UT"", ""addr:street"": ""South 500 East"", ""addr:street:prefix"": ""South"", ""amenity"": ""restaurant"", ""cuisine"": ""mexican"", ""description"": ""The people behind the tamales at Victor's Tires expand into a full-service restaurant. Brunch menu available Friday-Sunday."", ""diet:vegetarian"": ""yes"", ""name"": ""Piko Mexican Grill"", ""opening_hours"": ""Mo off; Tu-Th 11:00-21:00; Fr-Sa 09:00-20:00; Su 09:00-16:00"", ""outdoor_seating"": ""yes"", ""phone"": ""+1-801-720-7222"", ""website"": ""https://pikomexicangrill.com""}",2026-08-10T08:57:15.983839+00:00
node,12405788193,Best Ever Burgers,restaurant,,,,,,,,,,,,,,,,,,,,40.7333081,-111.8919322,,,https://www.openstreetmap.org/node/12405788193,"{""amenity"": ""restaurant"", ""description"": ""Food truck."", ""name"": ""Best Ever Burgers""}",2026-08-10T08:57:15.983839+00:00
node,12441964172,The Green Room,bar,,,,,17,East 400 South,,Salt Lake City,UT,,"17 East 400 South, Salt Lake City, UT",,,,,,,,,40.7608631,-111.8903907,,,https://www.openstreetmap.org/node/12441964172,"{""addr:city"": ""Salt Lake City"", ""addr:housenumber"": ""17"", ""addr:state"": ""UT"", ""addr:street"": ""East 400 South"", ""amenity"": ""bar"", ""check_date"": ""2025-12-16"", ""description"": ""Hi-fi listening bar."", ""min_age"": ""21"", ""name"": ""The Green Room""}",2026-08-10T08:57:15.983839+00:00
node,12478870354,Publik Coffee,cafe,,coffee_shop,,,502,East 3rd Avenue,,Salt Lake City,UT,84103,"502 East 3rd Avenue, Salt Lake City, UT 84103",+1 385 229 4836,https://publikcoffee.com/,,Mo-Fr 07:00-18:00; Sa-Su 08:00-18:00,,,yes,,40.7726691,-111.8740493,,,https://www.openstreetmap.org/node/12478870354,"{""addr:city"": ""Salt Lake City"", ""addr:housenumber"": ""502"", ""addr:postcode"": ""84103"", ""addr:state"": ""UT"", ""addr:street"": ""East 3rd Avenue"", ""amenity"": ""cafe"", ""cuisine"": ""coffee_shop"", ""internet_access"": ""wlan"", ""internet_access:fee"": ""no"", ""name"": ""Publik Coffee"", ""opening_hours"": ""Mo-Fr 07:00-18:00; Sa-Su 08:00-18:00"", ""outdoor_seating"": ""yes"", ""phone"": ""+1 385 229 4836"", ""website"": ""https://publikcoffee.com/""}",2026-08-10T08:57:15.983839+00:00
node,12485190615,Great Harvest Bakery & Cafe,,bakery,,,,2145,East 2100 South,1113,Salt Lake City,UT,84109,"2145 East 2100 South, 1113, Salt Lake City, UT 84109",+1 801 456 2121,https://greatharvestslc.com/,,Mo-Fr 06:00-18:30; Sa 06:00-18:00; Su off,,,,,40.7256861,-111.8290852,,,https://www.openstreetmap.org/node/12485190615,"{""addr:city"": ""Salt Lake City"", ""addr:housenumber"": ""2145"", ""addr:postcode"": ""84109"", ""addr:state"": ""UT"", ""addr:street"": ""East 2100 South"", ""addr:unit"": ""1113"", ""name"": ""Great Harvest Bakery & Cafe"", ""opening_hours"": ""Mo-Fr 06:00-18:30; Sa 06:00-18:00; Su off"", ""phone"": ""+1 801 456 2121"", ""shop"": ""bakery"", ""website"": ""https://greatharvestslc.com/""}",2026-08-10T08:57:15.983839+00:00
node,12485461724,Doms Burger,restaurant,,burger,,,,,,,,,,,,,,,,,,40.7537210,-111.9069652,,,https://www.openstreetmap.org/node/12485461724,"{""amenity"": ""restaurant"", ""cuisine"": ""burger"", ""name"": ""Doms Burger""}",2026-08-10T08:57:15.983839+00:00
node,12489374246,Un Cafecito Coffee House,cafe,,coffee_shop,,,838,West North Temple,A,Salt Lake City,UT,84116,"838 West North Temple, A, Salt Lake City, UT 84116",,https://un-cafecito-slc-online-order.square.site/,,Mo-Fr 06:00-18:00; Sa-Su 08:00-14:00,,,no,,40.7719604,-111.9149952,,,https://www.openstreetmap.org/node/12489374246,"{""addr:city"": ""Salt Lake City"", ""addr:housenumber"": ""838"", ""addr:postcode"": ""84116"", ""addr:state"": ""UT"", ""addr:street"": ""West North Temple"", ""addr:unit"": ""A"", ""amenity"": ""cafe"", ""cuisine"": ""coffee_shop"", ""name"": ""Un Cafecito Coffee House"", ""opening_hours"": ""Mo-Fr 06:00-18:00; Sa-Su 08:00-14:00"", ""outdoor_seating"": ""no"", ""website"": ""https://un-cafecito-slc-online-order.square.site/""}",2026-08-10T08:57:15.983839+00:00
node,12536973129,Mother,bar,,,,,369,South Main Street,,Salt Lake City,UT,84111,"369 South Main Street, Salt Lake City, UT 84111",,https://houseofmother.co/,,,,,,,40.7610258,-111.8908399,,,https://www.openstreetmap.org/node/12536973129,"{""addr:city"": ""Salt Lake City"", ""addr:housenumber"": ""369"", ""addr:postcode"": ""84111"", ""addr:state"": ""UT"", ""addr:street"": ""South Main Street"", ""amenity"": ""bar"", ""contact:instagram"": ""instagram.com/houseof.mother"", ""description"": ""Cafe and coffee by day; bar by night."", ""full_name"": ""Mother Cafe+Bar"", ""min_age"": ""21"", ""name"": ""Mother"", ""website"": ""https://houseofmother.co/""}",2026-08-10T08:57:15.983839+00:00
node,12563395901,Avenue Bakery on Fourth,,bakery,,,,376,East 4th Avenue,,Salt Lake City,UT,84103,"376 East 4th Avenue, Salt Lake City, UT 84103",+1 385-602-2111,https://www.avenuesonfourth.com/,,Mo-Sa 10:00-19:00; Su 10:00-17:00,,,,,40.7738519,-111.8780196,,,https://www.openstreetmap.org/node/12563395901,"{""addr:city"": ""Salt Lake City"", ""addr:housenumber"": ""376"", ""addr:postcode"": ""84103"", ""addr:state"": ""UT"", ""addr:street"": ""East 4th Avenue"", ""diet:gluten_free"": ""only"", ""name"": ""Avenue Bakery on Fourth"", ""opening_hours"": ""Mo-Sa 10:00-19:00; Su 10:00-17:00"", ""phone"": ""+1 385-602-2111"", ""shop"": ""bakery"", ""website"": ""https://www.avenuesonfourth.com/""}",2026-08-10T08:57:15.983839+00:00
node,12594071527,Paréa,restaurant,,greek,,,320,East 900 South,,Salt Lake City,,,"320 East 900 South, Salt Lake City",+1 801-910-5328,https://www.pareaon9th.com/,,Tu-Sa 11:00-20:00,yes,,yes,yes,40.7494711,-111.8818329,,,https://www.openstreetmap.org/node/12594071527,"{""addr:city"": ""Salt Lake City"", ""addr:housenumber"": ""320"", ""addr:street"": ""East 900 South"", ""addr:street:prefix"": ""East"", ""air_conditioning"": ""yes"", ""amenity"": ""restaurant"", ""bar"": ""no"", ""cuisine"": ""greek"", ""diet:vegan"": ""limited"", ""diet:vegetarian"": ""yes"", ""name"": ""Paréa"", ""not:name"": ""Parea"", ""opening_hours"": ""Tu-Sa 11:00-20:00"", ""outdoor_seating"": ""yes"", ""payment:cards"": ""yes"", ""payment:contactless"": ""yes"", ""payment:credit_cards"": ""yes"", ""phone"": ""+1 801-910-5328"", ""strapline"": ""Kalos Orisate!"", ""takeaway"": ""yes"", ""website"": ""https://www.pareaon9th.com/"", ""wheelchair"": ""yes""}",2026-08-10T08:57:15.983839+00:00
node,12616327257,MiaoMiao Cafe,cafe,,,,,810,South 200 East,,Salt Lake City,UT,,"810 South 200 East, Salt Lake City, UT",,,,,,,yes,,40.7515199,-111.8856904,,,https://www.openstreetmap.org/node/12616327257,"{""addr:city"": ""Salt Lake City"", ""addr:housenumber"": ""810"", ""addr:state"": ""UT"", ""addr:street"": ""South 200 East"", ""amenity"": ""cafe"", ""check_date"": ""2026-03-27"", ""description"": ""Cat cafe."", ""drive_through"": ""no"", ""name"": ""MiaoMiao Cafe"", ""outdoor_seating"": ""yes"", ""start_date"": ""2025-03""}",2026-08-10T08:57:15.983839+00:00
node,12696421397,Thirst,fast_food,,juice,,,,,,,,,,+1 801-882-5366,https://slcairport.com/dining-and-shopping/dining/Thirst,,10:00-18:00,,,,,40.7892005,-111.9851072,,,https://www.openstreetmap.org/node/12696421397,"{""amenity"": ""fast_food"", ""cuisine"": ""juice"", ""drive_through"": ""no"", ""name"": ""Thirst"", ""opening_hours"": ""10:00-18:00"", ""phone"": ""+1 801-882-5366"", ""website"": ""https://slcairport.com/dining-and-shopping/dining/Thirst""}",2026-08-10T08:57:15.983839+00:00
node,12696432525,Freddy's,fast_food,,ice_cream;burger,Freddy's,,,,,,,,,,,,,yes,,,,40.7889537,-111.9849697,,,https://www.openstreetmap.org/node/12696432525,"{""amenity"": ""fast_food"", ""brand"": ""Freddy's"", ""brand:wikidata"": ""Q5496837"", ""cuisine"": ""ice_cream;burger"", ""name"": ""Freddy's"", ""official_name"": ""Freddy's Frozen Custard & Steakburgers"", ""takeaway"": ""yes""}",2026-08-10T08:57:15.983839+00:00
node,12696432526,The Coffee Bean & Tea Leaf,cafe,,coffee_shop,The Coffee Bean & Tea Leaf,,,,,,,,,,,,,yes,,,,40.7889036,-111.9851649,,,https://www.openstreetmap.org/node/12696432526,"{""amenity"": ""cafe"", ""brand"": ""The Coffee Bean & Tea Leaf"", ""brand:wikidata"": ""Q1141384"", ""cuisine"": ""coffee_shop"", ""name"": ""The Coffee Bean & Tea Leaf"", ""takeaway"": ""yes""}",2026-08-10T08:57:15.983839+00:00
node,12696448606,Sunday’s Best,restaurant,,,,,,,,,,,,+1 801-882-5366,https://slcairport.com/dining-and-shopping/dining/SundaysBest,,07:00-19:00,,,,,40.7892036,-111.9850201,,,https://www.openstreetmap.org/node/12696448606,"{""amenity"": ""restaurant"", ""name"": ""Sunday’s Best"", ""opening_hours"": ""07:00-19:00"", ""phone"": ""+1 801-882-5366"", ""website"": ""https://slcairport.com/dining-and-shopping/dining/SundaysBest""}",2026-08-10T08:57:15.983839+00:00
node,12696448608,Bambuza,restaurant,,vietnamese,,,,,,,,,,,https://slcairport.com/dining-and-shopping/dining/bambuza,,11:00-19:00,,,,,40.7892806,-111.9840541,,,https://www.openstreetmap.org/node/12696448608,"{""amenity"": ""restaurant"", ""bar"": ""yes"", ""cuisine"": ""vietnamese"", ""name"": ""Bambuza"", ""opening_hours"": ""11:00-19:00"", ""website"": ""https://slcairport.com/dining-and-shopping/dining/bambuza""}",2026-08-10T08:57:15.983839+00:00
node,12696486411,Maggiano’s,restaurant,,,,,,,,,,,,+1 801-209-1827,https://slcairport.com/dining-and-shopping/dining/maggianos,,06:00-23:00,,,,,40.7891296,-111.9862658,,,https://www.openstreetmap.org/node/12696486411,"{""amenity"": ""restaurant"", ""bar"": ""yes"", ""name"": ""Maggiano’s"", ""opening_hours"": ""06:00-23:00"", ""phone"": ""+1 801-209-1827"", ""website"": ""https://slcairport.com/dining-and-shopping/dining/maggianos""}",2026-08-10T08:57:15.983839+00:00
node,12706067297,Junah,restaurant,,italian,,,916,South Jefferson Street,B,Salt Lake City,UT,84101,"916 South Jefferson Street, B, Salt Lake City, UT 84101",+1 801-382-9182,https://junahslc.com/,,Mo-Th 17:00-21:00; Fr-Sa 17:00-22:00; Su off,,,,,40.7492005,-111.8956552,,,https://www.openstreetmap.org/node/12706067297,"{""addr:city"": ""Salt Lake City"", ""addr:housenumber"": ""916"", ""addr:postcode"": ""84101"", ""addr:state"": ""UT"", ""addr:street"": ""South Jefferson Street"", ""addr:unit"": ""B"", ""amenity"": ""restaurant"", ""check_date:opening_hours"": ""2026-04-17"", ""cuisine"": ""italian"", ""description"": ""\""Junah blends the elegance of Italian cuisine with the precision of Japanese flavors, creating a bold and unique fusion dining experience.\"" [source: Junah promotional material]"", ""diet:gluten_free"": ""yes"", ""diet:vegetarian"": ""limited"", ""name"": ""Junah"", ""opening_hours"": ""Mo-Th 17:00-21:00; Fr-Sa 17:00-22:00; Su off"", ""phone"": ""+1 801-382-9182"", ""website"": ""https://junahslc.com/""}",2026-08-10T08:57:15.983839+00:00
node,12706067298,Hearth and Hill,restaurant,,american,,,,,,,,,,+1 385-563-3777,https://hearth-hill.com/sugar-house/,,Mo-Fr 11:00-21:00; Sa-Su 10:00-21:00,,,yes,,40.7238758,-111.8596748,,,https://www.openstreetmap.org/node/12706067298,"{""amenity"": ""restaurant"", ""cuisine"": ""american"", ""name"": ""Hearth and Hill"", ""opening_hours"": ""Mo-Fr 11:00-21:00; Sa-Su 10:00-21:00"", ""outdoor_seating"": ""yes"", ""phone"": ""+1 385-563-3777"", ""website"": ""https://hearth-hill.com/sugar-house/""}",2026-08-10T08:57:15.983839+00:00
node,12716687557,Mo' Bettahs,restaurant,,hawaiian,,,335,West 1830 South,F,Salt Lake City,UT,84115,"335 West 1830 South, F, Salt Lake City, UT 84115",,,,,,,,,40.7301092,-111.9010478,,,https://www.openstreetmap.org/node/12716687557,"{""addr:city"": ""Salt Lake City"", ""addr:housenumber"": ""335"", ""addr:postcode"": ""84115"", ""addr:state"": ""UT"", ""addr:street"": ""West 1830 South"", ""addr:unit"": ""F"", ""amenity"": ""restaurant"", ""cuisine"": ""hawaiian"", ""name"": ""Mo' Bettahs""}",2026-08-10T08:57:15.983839+00:00
node,12716687558,Jimmy John's,fast_food,,sandwich,Jimmy John's,,1842,South 300 West,A,Salt Lake City,UT,84115,"1842 South 300 West, A, Salt Lake City, UT 84115",+1 801-953-0055,https://locations.jimmyjohns.com/ut/saltlakecity/sandwiches-2008.html,,,yes,,,,40.7301194,-111.9000822,,,https://www.openstreetmap.org/node/12716687558,"{""addr:city"": ""Salt Lake City"", ""addr:housenumber"": ""1842"", ""addr:postcode"": ""84115"", ""addr:state"": ""UT"", ""addr:street"": ""South 300 West"", ""addr:unit"": ""A"", ""amenity"": ""fast_food"", ""brand"": ""Jimmy John's"", ""brand:wikidata"": ""Q1689380"", ""cuisine"": ""sandwich"", ""drive_through"": ""yes"", ""name"": ""Jimmy John's"", ""official_name"": ""Jimmy John's Gourmet Sandwiches"", ""phone"": ""+1 801-953-0055"", ""takeaway"": ""yes"", ""utahagrc:parcelid"": ""15133260580000"", ""website"": ""https://locations.jimmyjohns.com/ut/saltlakecity/sandwiches-2008.html""}",2026-08-10T08:57:15.983839+00:00
node,12729592931,Santo Taco,restaurant,,mexican,,,,,,,,,,,https://santotacos.com/,,,,,,,40.7241961,-111.8591814,,,https://www.openstreetmap.org/node/12729592931,"{""amenity"": ""restaurant"", ""cuisine"": ""mexican"", ""diet:vegetarian"": ""yes"", ""name"": ""Santo Taco"", ""payment:cash"": ""yes"", ""website"": ""https://santotacos.com/""}",2026-08-10T08:57:15.983839+00:00
node,12729592932,Pizza Bar,restaurant,,pizza,,,,,,,,,,,,,,,,,,40.7242036,-111.8590284,,,https://www.openstreetmap.org/node/12729592932,"{""amenity"": ""restaurant"", ""cuisine"": ""pizza"", ""name"": ""Pizza Bar""}",2026-08-10T08:57:15.983839+00:00
node,12729592933,Casot Wine Bar,bar,,,,,,,,,,,,,,,,,,,,40.7243262,-111.8591923,,,https://www.openstreetmap.org/node/12729592933,"{""amenity"": ""bar"", ""name"": ""Casot Wine Bar""}",2026-08-10T08:57:15.983839+00:00
node,12729592934,Sugar House Distillery,bar,,,,,,,,,,,,,,,,,,,,40.7243319,-111.8590926,,,https://www.openstreetmap.org/node/12729592934,"{""amenity"": ""bar"", ""name"": ""Sugar House Distillery""}",2026-08-10T08:57:15.983839+00:00
node,12729592935,Birdhouse,restaurant,,fried_chicken,,,,,,,,,,,,,,,,,,40.7243050,-111.8589960,,,https://www.openstreetmap.org/node/12729592935,"{""amenity"": ""restaurant"", ""cuisine"": ""fried_chicken"", ""name"": ""Birdhouse""}",2026-08-10T08:57:15.983839+00:00
node,12729592936,Canella's,restaurant,,italian,,,,,,,,,,,,,,,,,,40.7242742,-111.8589916,,,https://www.openstreetmap.org/node/12729592936,"{""amenity"": ""restaurant"", ""cuisine"": ""italian"", ""name"": ""Canella's""}",2026-08-10T08:57:15.983839+00:00
node,12729592937,Proper,restaurant,,,,,,,,,,,,,,,,,,,,40.7242424,-111.8589854,,,https://www.openstreetmap.org/node/12729592937,"{""amenity"": ""restaurant"", ""name"": ""Proper""}",2026-08-10T08:57:15.983839+00:00
node,12729592939,Laziz Kitchen,restaurant,,mediterranean,,,,,,,,,,,,,,,,,,40.7242050,-111.8590896,,,https://www.openstreetmap.org/node/12729592939,"{""amenity"": ""restaurant"", ""cuisine"": ""mediterranean"", ""name"": ""Laziz Kitchen""}",2026-08-10T08:57:15.983839+00:00
node,12770983208,Cloud Ninth,ice_cream,,,,,,,,,,,,,,,,,,,,40.7495863,-111.8644379,,,https://www.openstreetmap.org/node/12770983208,"{""amenity"": ""ice_cream"", ""name"": ""Cloud Ninth""}",2026-08-10T08:57:15.983839+00:00
node,12770983210,Lola,restaurant,,,,,,,,,,,,,,,,,,,,40.7495550,-111.8664498,,,https://www.openstreetmap.org/node/12770983210,"{""amenity"": ""restaurant"", ""name"": ""Lola""}",2026-08-10T08:57:15.983839+00:00
node,12770988262,Freshie's,restaurant,,seafood,,,356,East 900 South,,,,,356 East 900 South,,https://freshieslobsterco.com,,Mo-Su 11:00-20:00,,,yes,,40.7495215,-111.8807303,,,https://www.openstreetmap.org/node/12770988262,"{""addr:housenumber"": ""356"", ""addr:street"": ""East 900 South"", ""amenity"": ""restaurant"", ""check_date:opening_hours"": ""2026-07-17"", ""cuisine"": ""seafood"", ""name"": ""Freshie's"", ""opening_hours"": ""Mo-Su 11:00-20:00"", ""outdoor_seating"": ""yes"", ""website"": ""https://freshieslobsterco.com""}",2026-08-10T08:57:15.983839+00:00
node,12770988273,Tandoori Taqueria,restaurant,,indian,,,156,East 900 South,100,Salt Lake City,UT,84111,"156 East 900 South, 100, Salt Lake City, UT 84111",,https://thetandooritaqueria.com,,"Mo-Sa 11:00-14:00, 17:00-20:00; Su 11:00-14:00",,,,,40.7495678,-111.8865197,,,https://www.openstreetmap.org/node/12770988273,"{""addr:city"": ""Salt Lake City"", ""addr:housenumber"": ""156"", ""addr:postcode"": ""84111"", ""addr:state"": ""UT"", ""addr:street"": ""East 900 South"", ""addr:unit"": ""100"", ""amenity"": ""restaurant"", ""cuisine"": ""indian"", ""diet:vegetarian"": ""yes"", ""name"": ""Tandoori Taqueria"", ""opening_hours"": ""Mo-Sa 11:00-14:00, 17:00-20:00; Su 11:00-14:00"", ""website"": ""https://thetandooritaqueria.com""}",2026-08-10T08:57:15.983839+00:00
node,12772955957,Sazon Chapin,restaurant,,mexican,,,,,,,,,,,,,,,,,,40.7538326,-111.9165103,,,https://www.openstreetmap.org/node/12772955957,"{""amenity"": ""restaurant"", ""cuisine"": ""mexican"", ""name"": ""Sazon Chapin""}",2026-08-10T08:57:15.983839+00:00
node,12773128870,Salt City Barbecue,restaurant,,barbecue,,,,,,,,,,+1-801-899-5541,https://saltcitybbq.co,,Mo-Su 11:00-21:00,,,,,40.7536863,-111.9068439,,,https://www.openstreetmap.org/node/12773128870,"{""amenity"": ""restaurant"", ""cuisine"": ""barbecue"", ""name"": ""Salt City Barbecue"", ""opening_hours"": ""Mo-Su 11:00-21:00"", ""phone"": ""+1-801-899-5541"", ""website"": ""https://saltcitybbq.co""}",2026-08-10T08:57:15.983839+00:00
node,12778989537,Coffee Corner,cafe,,coffee_shop;sandwich,,,,,,,,,,,,,Mo-Su 07:00-23:00,,,yes,,40.7349388,-111.8592981,,,https://www.openstreetmap.org/node/12778989537,"{""amenity"": ""cafe"", ""cuisine"": ""coffee_shop;sandwich"", ""description"": ""Coffee, breakfast, lunch, matcha, pastries"", ""name"": ""Coffee Corner"", ""opening_hours"": ""Mo-Su 07:00-23:00"", ""outdoor_seating"": ""yes""}",2026-08-10T08:57:15.983839+00:00
node,12783823245,The Tasting Room,bar,,,,,357,West 200 South,,Salt Lake City,UT,84101,"357 West 200 South, Salt Lake City, UT 84101",,,,,,,,,40.7647495,-111.9014448,,,https://www.openstreetmap.org/node/12783823245,"{""addr:city"": ""Salt Lake City"", ""addr:housenumber"": ""357"", ""addr:postcode"": ""84101"", ""addr:state"": ""UT"", ""addr:street"": ""West 200 South"", ""amenity"": ""bar"", ""description"": ""300+ wines available by glass, flight, or bottle. Custom cocktails and full bar. Small plates, appetizers, and desserts. Private events and group reservations available."", ""min_age"": ""21"", ""name"": ""The Tasting Room""}",2026-08-10T08:57:15.983839+00:00
node,12783823246,Post Office Place,bar,,,,,16,West Market Street,,Salt Lake City,UT,84101,"16 West Market Street, Salt Lake City, UT 84101",,https://popslc.com,,Mo-Th 17:00-23:00; Fr-Sa 17:00-23:59,,,,,40.7618724,-111.8915924,,,https://www.openstreetmap.org/node/12783823246,"{""addr:city"": ""Salt Lake City"", ""addr:housenumber"": ""16"", ""addr:postcode"": ""84101"", ""addr:state"": ""UT"", ""addr:street"": ""West Market Street"", ""amenity"": ""bar"", ""description"": ""\""Sister bar\"" to Takashi."", ""diet:gluten_free"": ""yes"", ""name"": ""Post Office Place"", ""opening_hours"": ""Mo-Th 17:00-23:00; Fr-Sa 17:00-23:59"", ""website"": ""https://popslc.com""}",2026-08-10T08:57:15.983839+00:00
node,12783823247,Tacos Don Rafa,fast_food,,mexican,,,798,South State Street,,Salt Lake City,UT,84115,"798 South State Street, Salt Lake City, UT 84115",+1-801-809-5197,https://tacosdonrafa.com,,,,,,,40.7521215,-111.8885999,,,https://www.openstreetmap.org/node/12783823247,"{""addr:city"": ""Salt Lake City"", ""addr:housenumber"": ""798"", ""addr:postcode"": ""84115"", ""addr:state"": ""UT"", ""addr:street"": ""South State Street"", ""amenity"": ""fast_food"", ""check_date"": ""2025-06-02"", ""cuisine"": ""mexican"", ""description"": ""Taco cart that is always stationed here."", ""name"": ""Tacos Don Rafa"", ""phone"": ""+1-801-809-5197"", ""website"": ""https://tacosdonrafa.com""}",2026-08-10T08:57:15.983839+00:00
node,12790130927,Skillets,restaurant,,venezuelan,,,,,,,,,,,,,,,,,,40.7333566,-111.8927495,,,https://www.openstreetmap.org/node/12790130927,"{""amenity"": ""restaurant"", ""cuisine"": ""venezuelan"", ""description"": ""Food truck permanently located here."", ""name"": ""Skillets""}",2026-08-10T08:57:15.983839+00:00
node,12804357192,Galeano's,restaurant,,italian,,,170,South Main Street,,Salt Lake City,UT,84101,"170 South Main Street, Salt Lake City, UT 84101",,,,Mo-Th 11:00-21:00; Fr 11:00-22:00; Sa 16:00-22:00; Su off,,,,,40.7652770,-111.8916477,,,https://www.openstreetmap.org/node/12804357192,"{""addr:city"": ""Salt Lake City"", ""addr:housenumber"": ""170"", ""addr:postcode"": ""84101"", ""addr:state"": ""UT"", ""addr:street"": ""South Main Street"", ""amenity"": ""restaurant"", ""cuisine"": ""italian"", ""full_name"": ""Galeano's Ristorante Italiano"", ""level"": ""0"", ""name"": ""Galeano's"", ""opening_hours"": ""Mo-Th 11:00-21:00; Fr 11:00-22:00; Sa 16:00-22:00; Su off""}",2026-08-10T08:57:15.983839+00:00
node,12804357200,Engine Room Pub and Bistro,restaurant,,,,,1388,South 300 West,400,Salt Lake City,UT,,"1388 South 300 West, 400, Salt Lake City, UT",+1-385-261-2979,https://engineroompub.com,,,,,,,40.7392696,-111.9000574,,,https://www.openstreetmap.org/node/12804357200,"{""addr:city"": ""Salt Lake City"", ""addr:housenumber"": ""1388"", ""addr:state"": ""UT"", ""addr:street"": ""South 300 West"", ""addr:unit"": ""400"", ""amenity"": ""restaurant"", ""description"": ""Includes a restaurant section and a bar section (21+)"", ""diet:vegan"": ""limited"", ""diet:vegetarian"": ""yes"", ""name"": ""Engine Room Pub and Bistro"", ""phone"": ""+1-385-261-2979"", ""website"": ""https://engineroompub.com""}",2026-08-10T08:57:15.983839+00:00
node,12844882442,Neptune's Palace,bar,,,,,,,,,,,,,,,,,,,,40.7658681,-111.9028554,,,https://www.openstreetmap.org/node/12844882442,"{""amenity"": ""bar"", ""level"": ""0"", ""name"": ""Neptune's Palace""}",2026-08-10T08:57:15.983839+00:00
node,12844882451,Flanker,bar,,,,,6,North Rio Grande,,Salt Lake City,UT,,"6 North Rio Grande, Salt Lake City, UT",,https://flankerslc.com,,"Mo-Th 11:00-14:00, 17:00-23:00; Fr 11:00-14:00, 17:00-01:00, Sa 12:00-01:00, Su 10:30-18:00",,,,,40.7698102,-111.9036691,,,https://www.openstreetmap.org/node/12844882451,"{""addr:city"": ""Salt Lake City"", ""addr:housenumber"": ""6"", ""addr:state"": ""UT"", ""addr:street"": ""North Rio Grande"", ""amenity"": ""bar"", ""description"": ""\""Complex features a restaurant, three bars, 400-square-feet of LED screens, private karaoke and golf simulator rooms, a central sporting club/nightclub and a cocktail lounge.\"""", ""full_name"": ""Flanker Kitchen & Sporting Club"", ""level"": ""1"", ""min_age"": ""21"", ""name"": ""Flanker"", ""opening_hours"": ""Mo-Th 11:00-14:00, 17:00-23:00; Fr 11:00-14:00, 17:00-01:00, Sa 12:00-01:00, Su 10:30-18:00"", ""website"": ""https://flankerslc.com""}",2026-08-10T08:57:15.983839+00:00
node,12844895226,HIll's Kitchen,restaurant,,,,,,,,,,,,,https://hills-kitchen.com/sugar-house/,,Mo-Su 07:00-21:00,,,,,40.7238159,-111.8596278,,,https://www.openstreetmap.org/node/12844895226,"{""amenity"": ""restaurant"", ""name"": ""HIll's Kitchen"", ""opening_hours"": ""Mo-Su 07:00-21:00"", ""website"": ""https://hills-kitchen.com/sugar-house/""}",2026-08-10T08:57:15.983839+00:00
node,12847570776,Hash Kitchen,restaurant,,,,,1313,South Foothill Drive,,Salt Lake City,UT,84108,"1313 South Foothill Drive, Salt Lake City, UT 84108",+1 801-436-6623,https://hashkitchen.com,,Mo-Fr 07:00-14:00; Sa-Su 07:00-15:00,,,,,40.7410460,-111.8261189,,,https://www.openstreetmap.org/node/12847570776,"{""addr:city"": ""Salt Lake City"", ""addr:housenumber"": ""1313"", ""addr:postcode"": ""84108"", ""addr:state"": ""UT"", ""addr:street"": ""South Foothill Drive"", ""amenity"": ""restaurant"", ""name"": ""Hash Kitchen"", ""opening_hours"": ""Mo-Fr 07:00-14:00; Sa-Su 07:00-15:00"", ""phone"": ""+1 801-436-6623"", ""website"": ""https://hashkitchen.com""}",2026-08-10T08:57:15.983839+00:00
node,12849755867,Rockwell Ice Cream,ice_cream,,,,,115,South Regent Street,115 A,Salt Lake City,UT,,"115 South Regent Street, 115 A, Salt Lake City, UT",,,,,,,,,40.7666894,-111.8896384,,,https://www.openstreetmap.org/node/12849755867,"{""addr:city"": ""Salt Lake City"", ""addr:housenumber"": ""115"", ""addr:state"": ""UT"", ""addr:street"": ""South Regent Street"", ""addr:unit"": ""115 A"", ""amenity"": ""ice_cream"", ""level"": ""0"", ""name"": ""Rockwell Ice Cream""}",2026-08-10T08:57:15.983839+00:00
node,12849755875,Duffy's Tavern,bar,,,,,932,South Main Street,,Salt Lake City,UT,,"932 South Main Street, Salt Lake City, UT",,,,,,,,,40.7488631,-111.8914265,,,https://www.openstreetmap.org/node/12849755875,"{""addr:city"": ""Salt Lake City"", ""addr:housenumber"": ""932"", ""addr:state"": ""UT"", ""addr:street"": ""South Main Street"", ""amenity"": ""bar"", ""contact:facebook"": ""www.facebook.com/DuffysTavernSLC/"", ""name"": ""Duffy's Tavern""}",2026-08-10T08:57:15.983839+00:00
node,12849755878,Pho Tay Ho,restaurant,,vietnamese,,,1766,South Main Street,,Salt Lake City,UT,84115,"1766 South Main Street, Salt Lake City, UT 84115",+1 385-240-0309,https://photayho.com/,,"Tu-Su 11:00-15:00, 17:00-19:00; PH off",,no,,,40.7319548,-111.8915324,,,https://www.openstreetmap.org/node/12849755878,"{""addr:city"": ""Salt Lake City"", ""addr:housenumber"": ""1766"", ""addr:postcode"": ""84115"", ""addr:state"": ""UT"", ""addr:street"": ""South Main Street"", ""amenity"": ""restaurant"", ""cuisine"": ""vietnamese"", ""delivery"": ""no"", ""diet:gluten_free"": ""yes"", ""diet:vegan"": ""limited"", ""diet:vegetarian"": ""limited"", ""name"": ""Pho Tay Ho"", ""opening_hours"": ""Tu-Su 11:00-15:00, 17:00-19:00; PH off"", ""payment:cash"": ""yes"", ""payment:credit_cards"": ""yes"", ""phone"": ""+1 385-240-0309"", ""website"": ""https://photayho.com/""}",2026-08-10T08:57:15.983839+00:00
node,12863135884,Fiddler's,bar,,,,,1061,East 2100 South,,Salt Lake City,UT,84106,"1061 East 2100 South, Salt Lake City, UT 84106",,,,"Mo, Tu, We 11:00-23:59; Th, Fr, Sa 11:00-01:00; Su 00:00-01:00, 11:00-23:59",,,,,40.7259191,-111.8605507,,,https://www.openstreetmap.org/node/12863135884,"{""addr:city"": ""Salt Lake City"", ""addr:housenumber"": ""1061"", ""addr:postcode"": ""84106"", ""addr:state"": ""UT"", ""addr:street"": ""East 2100 South"", ""amenity"": ""bar"", ""min_age"": ""21"", ""name"": ""Fiddler's"", ""opening_hours"": ""Mo, Tu, We 11:00-23:59; Th, Fr, Sa 11:00-01:00; Su 00:00-01:00, 11:00-23:59""}",2026-08-10T08:57:15.983839+00:00
node,12878124544,Smothered Burrito,restaurant,,mexican,,,250,West 500 South,,Salt Lake City,UT,,"250 West 500 South, Salt Lake City, UT",+1 385-500-2930,https://smothered-burrito.com/,,Mo-Sa 11:00-21:00; Su 11:00-19:00,,,,,40.7587830,-111.8984644,,,https://www.openstreetmap.org/node/12878124544,"{""addr:city"": ""Salt Lake City"", ""addr:housenumber"": ""250"", ""addr:state"": ""UT"", ""addr:street"": ""West 500 South"", ""amenity"": ""restaurant"", ""cuisine"": ""mexican"", ""name"": ""Smothered Burrito"", ""opening_hours"": ""Mo-Sa 11:00-21:00; Su 11:00-19:00"", ""phone"": ""+1 385-500-2930"", ""website"": ""https://smothered-burrito.com/"", ""website:menu"": ""https://smothered-burrito.com/menu-salt-lake-city/""}",2026-08-10T08:57:15.983839+00:00
node,12881557406,Happy Taps,bar,,,,,153,South Rio Grande Street,,Salt Lake City,UT,,"153 South Rio Grande Street, Salt Lake City, UT",,,,Su-Th 11:00-21:00; Fr-Sa 11:00-23:00,,,,,40.7659142,-111.9037808,,,https://www.openstreetmap.org/node/12881557406,"{""addr:city"": ""Salt Lake City"", ""addr:housenumber"": ""153"", ""addr:state"": ""UT"", ""addr:street"": ""South Rio Grande Street"", ""amenity"": ""bar"", ""level"": ""0"", ""min_age"": ""21"", ""name"": ""Happy Taps"", ""opening_hours"": ""Su-Th 11:00-21:00; Fr-Sa 11:00-23:00"", ""payment:cash"": ""no"", ""payment:credit_cards"": ""yes"", ""start_date"": ""2025-05-25""}",2026-08-10T08:57:15.983839+00:00
node,12881557407,Colossal Lobster,restaurant,,seafood,,,153,South Rio Grande Street,,Salt Lake City,UT,,"153 South Rio Grande Street, Salt Lake City, UT",,,,Su-Th 11:00-21:00; Fr-Sa 11:00-23:00,,,,,40.7659685,-111.9038378,,,https://www.openstreetmap.org/node/12881557407,"{""addr:city"": ""Salt Lake City"", ""addr:housenumber"": ""153"", ""addr:state"": ""UT"", ""addr:street"": ""South Rio Grande Street"", ""amenity"": ""restaurant"", ""cuisine"": ""seafood"", ""level"": ""0"", ""name"": ""Colossal Lobster"", ""opening_hours"": ""Su-Th 11:00-21:00; Fr-Sa 11:00-23:00"", ""payment:cash"": ""no"", ""payment:credit_cards"": ""yes""}",2026-08-10T08:57:15.983839+00:00
node,12881557408,Blaze Of Thunder,fast_food,,chicken,,,153,South Rio Grande Street,,Salt Lake City,UT,,"153 South Rio Grande Street, Salt Lake City, UT",,,,Su-Th 11:00-21:00; Fr-Sa 11:00-23:00,,,,,40.7659761,-111.9037701,,,https://www.openstreetmap.org/node/12881557408,"{""addr:city"": ""Salt Lake City"", ""addr:housenumber"": ""153"", ""addr:state"": ""UT"", ""addr:street"": ""South Rio Grande Street"", ""amenity"": ""fast_food"", ""cuisine"": ""chicken"", ""level"": ""0"", ""name"": ""Blaze Of Thunder"", ""opening_hours"": ""Su-Th 11:00-21:00; Fr-Sa 11:00-23:00"", ""payment:cash"": ""no"", ""payment:credit_cards"": ""yes""}",2026-08-10T08:57:15.983839+00:00
node,12881557409,Skinny Fats,fast_food,,sandwich;salad;bowl,,,153,South Rio Grande Street,,Salt Lake City,UT,,"153 South Rio Grande Street, Salt Lake City, UT",,,,Su-Th 11:00-21:00; Fr-Sa 11:00-23:00,,,,,40.7659624,-111.9036870,,,https://www.openstreetmap.org/node/12881557409,"{""addr:city"": ""Salt Lake City"", ""addr:housenumber"": ""153"", ""addr:state"": ""UT"", ""addr:street"": ""South Rio Grande Street"", ""amenity"": ""fast_food"", ""cuisine"": ""sandwich;salad;bowl"", ""diet:vegetarian"": ""yes"", ""drive_through"": ""no"", ""level"": ""0"", ""name"": ""Skinny Fats"", ""opening_hours"": ""Su-Th 11:00-21:00; Fr-Sa 11:00-23:00"", ""payment:cash"": ""yes"", ""payment:credit_cards"": ""yes""}",2026-08-10T08:57:15.983839+00:00
node,12881557410,Hall Patisserie,,pastry,,,,153,South Rio Grande Street,,Salt Lake City,UT,,"153 South Rio Grande Street, Salt Lake City, UT",,,,Su-Th 11:00-21:00; Fr-Sa 11:00-23:00,,,,,40.7659497,-111.9036876,,,https://www.openstreetmap.org/node/12881557410,"{""addr:city"": ""Salt Lake City"", ""addr:housenumber"": ""153"", ""addr:state"": ""UT"", ""addr:street"": ""South Rio Grande Street"", ""level"": ""0"", ""name"": ""Hall Patisserie"", ""opening_hours"": ""Su-Th 11:00-21:00; Fr-Sa 11:00-23:00"", ""payment:cash"": ""no"", ""payment:credit_cards"": ""yes"", ""shop"": ""pastry""}",2026-08-10T08:57:15.983839+00:00
node,12881557433,Counterpart,cafe,,coffee_shop,,,4,South 400 West,,Salt Lake City,UT,84101,"4 South 400 West, Salt Lake City, UT 84101",,https://www.asheradamshotel.com/dine/counterpart/,,Mo-Su 06:00-20:00,,,no,,40.7691961,-111.9028626,,,https://www.openstreetmap.org/node/12881557433,"{""addr:city"": ""Salt Lake City"", ""addr:housenumber"": ""4"", ""addr:postcode"": ""84101"", ""addr:state"": ""UT"", ""addr:street"": ""South 400 West"", ""amenity"": ""cafe"", ""cuisine"": ""coffee_shop"", ""food"": ""yes"", ""internet_access"": ""wlan"", ""internet_access:fee"": ""no"", ""name"": ""Counterpart"", ""opening_hours"": ""Mo-Su 06:00-20:00"", ""outdoor_seating"": ""no"", ""website"": ""https://www.asheradamshotel.com/dine/counterpart/""}",2026-08-10T08:57:15.983839+00:00
node,12921945106,Fresh Fin,restaurant,,seafood,,,157,South Regent Street,,Salt Lake City,UT,,"157 South Regent Street, Salt Lake City, UT",,,,,,,,,40.7657928,-111.8896774,,,https://www.openstreetmap.org/node/12921945106,"{""addr:city"": ""Salt Lake City"", ""addr:housenumber"": ""157"", ""addr:state"": ""UT"", ""addr:street"": ""South Regent Street"", ""amenity"": ""restaurant"", ""cuisine"": ""seafood"", ""name"": ""Fresh Fin""}",2026-08-10T08:57:15.983839+00:00
node,12923497217,Beans and Brews,cafe,,,,,,,,,,,,,,,,,,,,40.7855166,-111.9885974,,,https://www.openstreetmap.org/node/12923497217,"{""amenity"": ""cafe"", ""name"": ""Beans and Brews""}",2026-08-10T08:57:15.983839+00:00
node,12924911471,Tuk Tuk's,restaurant,,thai,,,535,North 300 West,H102,Salt Lake City,UT,84103,"535 North 300 West, H102, Salt Lake City, UT 84103",,,,,,,,,40.7809491,-111.9000140,,,https://www.openstreetmap.org/node/12924911471,"{""addr:city"": ""Salt Lake City"", ""addr:housenumber"": ""535"", ""addr:postcode"": ""84103"", ""addr:state"": ""UT"", ""addr:street"": ""North 300 West"", ""addr:unit"": ""H102"", ""amenity"": ""restaurant"", ""cuisine"": ""thai"", ""diet:vegetarian"": ""limited"", ""name"": ""Tuk Tuk's""}",2026-08-10T08:57:15.983839+00:00
node,12925816885,Black Rifle Coffee Company,cafe,,coffee_shop,,,1144,South 500 West,,Salt Lake City,Utah,84101,"1144 South 500 West, Salt Lake City, Utah 84101",,https://www.blackriflecoffee.com/,,Mo-Fr 08:00-17:00; Sa 08:00-13:00,,,no,,40.7441225,-111.9057888,,,https://www.openstreetmap.org/node/12925816885,"{""addr:city"": ""Salt Lake City"", ""addr:housenumber"": ""1144"", ""addr:postcode"": ""84101"", ""addr:state"": ""Utah"", ""addr:street"": ""South 500 West"", ""amenity"": ""cafe"", ""cuisine"": ""coffee_shop"", ""name"": ""Black Rifle Coffee Company"", ""opening_hours"": ""Mo-Fr 08:00-17:00; Sa 08:00-13:00"", ""outdoor_seating"": ""no"", ""website"": ""https://www.blackriflecoffee.com/""}",2026-08-10T08:57:15.983839+00:00
node,12943651570,Just Burgers,fast_food,,burger,,,,,,,,,,,,,,,,,,40.7679121,-111.8874606,,,https://www.openstreetmap.org/node/12943651570,"{""amenity"": ""fast_food"", ""cuisine"": ""burger"", ""level"": ""1"", ""name"": ""Just Burgers""}",2026-08-10T08:57:15.983839+00:00
node,12943651571,,cafe,,coffee_shop,,,,,,,,,,,,,,,,,,40.7679227,-111.8872767,,,https://www.openstreetmap.org/node/12943651571,"{""amenity"": ""cafe"", ""cuisine"": ""coffee_shop"", ""level"": ""1""}",2026-08-10T08:57:15.983839+00:00
node,12952553186,eats,,pastry,pastry;coffee,,,248,East 100 South,,Salt Lake City,UT,84111,"248 East 100 South, Salt Lake City, UT 84111",,,,We-Su 08:00-15:00,,,yes,,40.7668999,-111.8837292,,,https://www.openstreetmap.org/node/12952553186,"{""addr:city"": ""Salt Lake City"", ""addr:housenumber"": ""248"", ""addr:postcode"": ""84111"", ""addr:state"": ""UT"", ""addr:street"": ""East 100 South"", ""contact:instagram"": ""@eats_bakery"", ""cuisine"": ""pastry;coffee"", ""description"": ""This is the outfit that operated a cinnamon roll / sweet roll booth at farmers markets along the Wasatch Front 2022-24, now (2025) expanding to a brick and mortar. All vegan, with sweet rolls, other pastries, and coffee."", ""diet:gluten_free"": ""yes"", ""diet:vegan"": ""only"", ""full_name"": ""eats bakery"", ""internet_access"": ""wlan"", ""internet_access:fee"": ""customers"", ""name"": ""eats"", ""note"": ""The business name really is just \""eats\"" and really they use the insouciant lowercase 'e'."", ""opening_hours"": ""We-Su 08:00-15:00"", ""outdoor_seating"": ""yes"", ""payment:cash"": ""no"", ""payment:credit_cards"": ""yes"", ""payment:debit_cards"": ""yes"", ""shop"": ""pastry"", ""start_date"": ""2025_05""}",2026-08-10T08:57:15.983839+00:00
node,13002359667,Tenet Downtown,cafe,,,,,250,East 300 South,,Salt Lake City,UT,,"250 East 300 South, Salt Lake City, UT",,https://www.tenetcafe.com/,,"Mo, We, Fr 06:30-13:00; Tu, Th 07:00-13:00; Sa 08:00-13:00; Su 09:00-14:00",,,yes,,40.7625721,-111.8839891,,,https://www.openstreetmap.org/node/13002359667,"{""addr:city"": ""Salt Lake City"", ""addr:housenumber"": ""250"", ""addr:state"": ""UT"", ""addr:street"": ""East 300 South"", ""amenity"": ""cafe"", ""name"": ""Tenet Downtown"", ""opening_hours"": ""Mo, We, Fr 06:30-13:00; Tu, Th 07:00-13:00; Sa 08:00-13:00; Su 09:00-14:00"", ""outdoor_seating"": ""yes"", ""website"": ""https://www.tenetcafe.com/""}",2026-08-10T08:57:15.983839+00:00
node,13002359668,Tenet Sugar House,cafe,,smoothie;coffee,,,1074,East 2100 South,,Salt Lake City,UT,84106,"1074 East 2100 South, Salt Lake City, UT 84106",+1 801-876-5425,https://www.tenetcafe.com/,,Mo-Fr 06:30-14:00; Sa 07:30-14:00; Su 08:30-14:00,,,,,40.7246759,-111.8604012,,,https://www.openstreetmap.org/node/13002359668,"{""addr:city"": ""Salt Lake City"", ""addr:housenumber"": ""1074"", ""addr:postcode"": ""84106"", ""addr:state"": ""UT"", ""addr:street"": ""East 2100 South"", ""amenity"": ""cafe"", ""cuisine"": ""smoothie;coffee"", ""name"": ""Tenet Sugar House"", ""opening_hours"": ""Mo-Fr 06:30-14:00; Sa 07:30-14:00; Su 08:30-14:00"", ""phone"": ""+1 801-876-5425"", ""website"": ""https://www.tenetcafe.com/""}",2026-08-10T08:57:15.983839+00:00
node,13002359669,Strada,restaurant,,italian,,,30,East 300 South,,Salt Lake City,UT,84111,"30 East 300 South, Salt Lake City, UT 84111",+1 385-549-1992,https://stradaslc.com,,"Mo-Sa 10:30-15:00,16:00-21:00",,,,,40.7626074,-111.8901841,,,https://www.openstreetmap.org/node/13002359669,"{""addr:city"": ""Salt Lake City"", ""addr:housenumber"": ""30"", ""addr:postcode"": ""84111"", ""addr:state"": ""UT"", ""addr:street"": ""East 300 South"", ""amenity"": ""restaurant"", ""check_date"": ""2026-07-20"", ""cuisine"": ""italian"", ""diet:vegetarian"": ""yes"", ""name"": ""Strada"", ""opening_hours"": ""Mo-Sa 10:30-15:00,16:00-21:00"", ""phone"": ""+1 385-549-1992"", ""website"": ""https://stradaslc.com""}",2026-08-10T08:57:15.983839+00:00
node,13002359683,Paxton Pub,pub,,,,,365,West Paxton Avenue,C,Salt Lake City,UT,,"365 West Paxton Avenue, C, Salt Lake City, UT",+1 801-441-2208,https://www.paxtonpub.com/,,"Mo-Th 11:00-24:00; Fr 11:00-01:00; Sa 00:01-01:00, 10:30-01:00; Su 00:01-01:00, 10:30-24:00",,,yes,,40.7432222,-111.9017436,,,https://www.openstreetmap.org/node/13002359683,"{""addr:city"": ""Salt Lake City"", ""addr:housenumber"": ""365"", ""addr:state"": ""UT"", ""addr:street"": ""West Paxton Avenue"", ""addr:unit"": ""C"", ""amenity"": ""pub"", ""check_date"": ""2025-07-01"", ""level"": ""0"", ""name"": ""Paxton Pub"", ""opening_hours"": ""Mo-Th 11:00-24:00; Fr 11:00-01:00; Sa 00:01-01:00, 10:30-01:00; Su 00:01-01:00, 10:30-24:00"", ""outdoor_seating"": ""yes"", ""phone"": ""+1 801-441-2208"", ""smoking"": ""no"", ""start_date"": ""2022"", ""website"": ""https://www.paxtonpub.com/""}",2026-08-10T08:57:15.983839+00:00
node,13025919972,Mozz Sourdough Pizza,restaurant,,pizza,,,416,East 900 South,,Salt Lake City,UT,84111,"416 East 900 South, Salt Lake City, UT 84111",+1 385-420-4791,https://www.mozzartisanpizza.com/milk-block,mozz.milkblock@gmail.com,Tu-Sa 11:30-21:00; Su-Mo 11:30-20:00,,,,,40.7495622,-111.8792558,,,https://www.openstreetmap.org/node/13025919972,"{""addr:city"": ""Salt Lake City"", ""addr:housenumber"": ""416"", ""addr:postcode"": ""84111"", ""addr:state"": ""UT"", ""addr:street"": ""East 900 South"", ""addr:street:prefix"": ""East"", ""amenity"": ""restaurant"", ""check_date"": ""2026-03-08"", ""contact:facebook"": ""MOZZ-568664280254907"", ""contact:instagram"": ""mozz.pizza"", ""cuisine"": ""pizza"", ""email"": ""mozz.milkblock@gmail.com"", ""name"": ""Mozz Sourdough Pizza"", ""opening_date"": ""2025-07-29"", ""opening_hours"": ""Tu-Sa 11:30-21:00; Su-Mo 11:30-20:00"", ""phone"": ""+1 385-420-4791"", ""website"": ""https://www.mozzartisanpizza.com/milk-block"", ""website:menu"": ""https://order.toasttab.com/online/mozz-milk-block-416-e-900-s-suite-101""}",2026-08-10T08:57:15.983839+00:00
node,13050954525,801 Coffee Roasters,cafe,,coffee_shop,,,550,North 300 West,,Salt Lake City,UT,,"550 North 300 West, Salt Lake City, UT",,,,,,,,,40.7808315,-111.8993623,,,https://www.openstreetmap.org/node/13050954525,"{""addr:city"": ""Salt Lake City"", ""addr:housenumber"": ""550"", ""addr:state"": ""UT"", ""addr:street"": ""North 300 West"", ""amenity"": ""cafe"", ""cuisine"": ""coffee_shop"", ""level"": ""0"", ""name"": ""801 Coffee Roasters""}",2026-08-10T08:57:15.983839+00:00
node,13051329499,Canela Bakery,,pastry,,,,25,East Kensington Avenue,B,Salt Lake City,UT,,"25 East Kensington Avenue, B, Salt Lake City, UT",+1 385-371-5342,,,Mo-Fr 08:00-20:00; Sa 08:00-18:00,,,,,40.7369091,-111.8901051,,,https://www.openstreetmap.org/node/13051329499,"{""addr:city"": ""Salt Lake City"", ""addr:housenumber"": ""25"", ""addr:state"": ""UT"", ""addr:street"": ""East Kensington Avenue"", ""addr:unit"": ""B"", ""name"": ""Canela Bakery"", ""opening_hours"": ""Mo-Fr 08:00-20:00; Sa 08:00-18:00"", ""phone"": ""+1 385-371-5342"", ""shop"": ""pastry""}",2026-08-10T08:57:15.983839+00:00
node,13051329500,Luna Coffee and Crystals,cafe,,coffee_shop,,,25,East Kensington Avenue,A,Salt Lake City,UT,84115-1677,"25 East Kensington Avenue, A, Salt Lake City, UT 84115-1677",+1-385-436-4063,https://www.lunacoffeeandcrystalsslc.com/,lunacoffeencrystals@gmail.com,Mo-Sa 08:00-17:00,,,,,40.7369096,-111.8901943,,,https://www.openstreetmap.org/node/13051329500,"{""addr:city"": ""Salt Lake City"", ""addr:housenumber"": ""25"", ""addr:postcode"": ""84115-1677"", ""addr:state"": ""UT"", ""addr:street"": ""East Kensington Avenue"", ""addr:unit"": ""A"", ""amenity"": ""cafe"", ""check_date:currency:XBT"": ""2026-06-10"", ""contact:email"": ""lunacoffeencrystals@gmail.com"", ""contact:facebook"": ""https://www.facebook.com/people/Luna-Coffee-Crystals/100092377583851/"", ""contact:instagram"": ""https://www.instagram.com/lunacoffeeandcrystals/"", ""cuisine"": ""coffee_shop"", ""currency:XBT"": ""yes"", ""name"": ""Luna Coffee and Crystals"", ""opening_hours"": ""Mo-Sa 08:00-17:00"", ""payment:lightning"": ""yes"", ""payment:lightning:operator"": ""square"", ""payment:lightning_contactless"": ""no"", ""payment:onchain"": ""no"", ""phone"": ""+1-385-436-4063"", ""website"": ""https://www.lunacoffeeandcrystalsslc.com/""}",2026-08-10T08:57:15.983839+00:00
node,13082327897,Happy Camper Deli & Bakery,restaurant,,sandwich;pizza;breakfast;salad,,,602,East 600 South,D125,Salt Lake City,UT,84105,"602 East 600 South, D125, Salt Lake City, UT 84105",+1 385-589-7006,https://www.happycamperdeli.com/,,Mo-Sa 10:00-20:00; Su 12:00-17:00,,,,,40.7566747,-111.8723753,,,https://www.openstreetmap.org/node/13082327897,"{""addr:city"": ""Salt Lake City"", ""addr:housenumber"": ""602"", ""addr:postcode"": ""84105"", ""addr:state"": ""UT"", ""addr:street"": ""East 600 South"", ""addr:unit"": ""D125"", ""amenity"": ""restaurant"", ""branch"": ""Trolley Square"", ""cuisine"": ""sandwich;pizza;breakfast;salad"", ""diet:vegetarian"": ""limited"", ""level"": ""0"", ""name"": ""Happy Camper Deli & Bakery"", ""opening_hours"": ""Mo-Sa 10:00-20:00; Su 12:00-17:00"", ""phone"": ""+1 385-589-7006"", ""website"": ""https://www.happycamperdeli.com/""}",2026-08-10T08:57:15.983839+00:00
node,13083744461,Ding Tea,cafe,,bubble_tea,Ding Tea,,2121,South McClelland Street,Suite 107,Salt Lake City,UT,84106,"2121 South McClelland Street, Suite 107, Salt Lake City, UT 84106",+1 385-364-2000,https://www.instagram.com/dingteasugarhouse/,,Mo-Fr 12:00-21:00; Sa-Su 11:00-21:00,yes,,no,,40.7249403,-111.8611879,,,https://www.openstreetmap.org/node/13083744461,"{""addr:city"": ""Salt Lake City"", ""addr:housenumber"": ""2121"", ""addr:postcode"": ""84106"", ""addr:state"": ""UT"", ""addr:street"": ""South McClelland Street"", ""addr:unit"": ""Suite 107"", ""amenity"": ""cafe"", ""branch"": ""Sugarhouse"", ""brand"": ""Ding Tea"", ""brand:wikidata"": ""Q112123475"", ""cuisine"": ""bubble_tea"", ""name"": ""Ding Tea"", ""name:en"": ""Ding Tea"", ""name:zh"": ""薡茶"", ""opening_hours"": ""Mo-Fr 12:00-21:00; Sa-Su 11:00-21:00"", ""outdoor_seating"": ""no"", ""phone"": ""+1 385-364-2000"", ""takeaway"": ""yes"", ""website"": ""https://www.instagram.com/dingteasugarhouse/""}",2026-08-10T08:57:15.983839+00:00
node,13083744462,Kuchu Shabu,restaurant,,japanese;hot_pot;ramen,,,2121,South McClelland Street,106,Salt Lake City,UT,84106,"2121 South McClelland Street, 106, Salt Lake City, UT 84106",+1 435-800-9590,https://www.kuchushabu.com/,austin@kuchushabu.com,Tu-Fr 16:00-21:00; Sa 12:00-21:00,,,,,40.7248697,-111.8612000,,,https://www.openstreetmap.org/node/13083744462,"{""addr:city"": ""Salt Lake City"", ""addr:housenumber"": ""2121"", ""addr:postcode"": ""84106"", ""addr:state"": ""UT"", ""addr:street"": ""South McClelland Street"", ""addr:unit"": ""106"", ""amenity"": ""restaurant"", ""cuisine"": ""japanese;hot_pot;ramen"", ""email"": ""austin@kuchushabu.com"", ""name"": ""Kuchu Shabu"", ""opening_hours"": ""Tu-Fr 16:00-21:00; Sa 12:00-21:00"", ""phone"": ""+1 435-800-9590"", ""website"": ""https://www.kuchushabu.com/"", ""website:menu"": ""https://www.kuchushabu.com/sugarhouse-menu""}",2026-08-10T08:57:15.983839+00:00
node,13107116208,Neighbors Bar,bar,,,,,430,East 900 South,,Salt Lake City,UT,84111,"430 East 900 South, Salt Lake City, UT 84111",,,,"Mo 17:00-23:00; Tu,Th,Su 11:00-23:00; Fr,Sa 11:00-00:00",,,yes,yes,40.7495560,-111.8785632,,,https://www.openstreetmap.org/node/13107116208,"{""addr:city"": ""Salt Lake City"", ""addr:housenumber"": ""430"", ""addr:postcode"": ""84111"", ""addr:state"": ""UT"", ""addr:street"": ""East 900 South"", ""amenity"": ""bar"", ""check_date"": ""2026-02-07"", ""indoor_seating"": ""yes"", ""internet_access"": ""wlan"", ""internet_access:fee"": ""no"", ""name"": ""Neighbors Bar"", ""opening_hours"": ""Mo 17:00-23:00; Tu,Th,Su 11:00-23:00; Fr,Sa 11:00-00:00"", ""outdoor_seating"": ""yes"", ""payment:cash"": ""yes"", ""payment:credit_cards"": ""yes"", ""payment:debit_cards"": ""yes"", ""toilets"": ""yes"", ""wheelchair"": ""yes""}",2026-08-10T08:57:15.983839+00:00
node,13110834574,Boiler Room,bar,,,,,16,East Exchange Place,,Salt Lake City,UT,84111,"16 East Exchange Place, Salt Lake City, UT 84111",,,,,,,,,40.7610794,-111.8901696,,,https://www.openstreetmap.org/node/13110834574,"{""addr:city"": ""Salt Lake City"", ""addr:housenumber"": ""16"", ""addr:postcode"": ""84111"", ""addr:state"": ""UT"", ""addr:street"": ""East Exchange Place"", ""amenity"": ""bar"", ""name"": ""Boiler Room"", ""source"": ""esri/USA_NAD_Addresses""}",2026-08-10T08:57:15.983839+00:00
node,13125536302,Marcato Kitchen,restaurant,,italian,,,,,,,,,,,,,,,,,,40.7534825,-111.9069700,,,https://www.openstreetmap.org/node/13125536302,"{""amenity"": ""restaurant"", ""check_date"": ""2026-06-09"", ""cuisine"": ""italian"", ""diet:vegan"": ""yes"", ""diet:vegetarian"": ""yes"", ""name"": ""Marcato Kitchen""}",2026-08-10T08:57:15.983839+00:00
node,13125536308,Saltify Grill,restaurant,,mediterranean,,,209,South 1300 East,,Salt Lake City,,84102,"209 South 1300 East, Salt Lake City, 84102",+1 213-461-7860,https://saltifygrill.com/,,Tu-Fr 10:30-21:00; Sa 10:00-21:00; Mo 11:45-21:00,,,,,40.7646076,-111.8532148,,,https://www.openstreetmap.org/node/13125536308,"{""addr:city"": ""Salt Lake City"", ""addr:housenumber"": ""209"", ""addr:postcode"": ""84102"", ""addr:street"": ""South 1300 East"", ""amenity"": ""restaurant"", ""contact:facebook"": ""658101224063356"", ""contact:instagram"": ""saltifygrill"", ""cuisine"": ""mediterranean"", ""name"": ""Saltify Grill"", ""opening_hours"": ""Tu-Fr 10:30-21:00; Sa 10:00-21:00; Mo 11:45-21:00"", ""phone"": ""+1 213-461-7860"", ""website"": ""https://saltifygrill.com/"", ""website:menu"": ""https://saltifygrill.com/food-menu""}",2026-08-10T08:57:15.983839+00:00
node,13125536309,Sunday School,bar,,,,,505,South Gale Street,,Salt Lake City,UT,84101,"505 South Gale Street, Salt Lake City, UT 84101",,,,,,,,,40.7581237,-111.9008932,,,https://www.openstreetmap.org/node/13125536309,"{""addr:city"": ""Salt Lake City"", ""addr:housenumber"": ""505"", ""addr:postcode"": ""84101"", ""addr:state"": ""UT"", ""addr:street"": ""South Gale Street"", ""amenity"": ""bar"", ""level"": ""1"", ""name"": ""Sunday School""}",2026-08-10T08:57:15.983839+00:00
node,13125536310,Top Taco,restaurant,,mexican,,,1427,South 300 West,Suite A,Salt Lake City,UT,84115,"1427 South 300 West, Suite A, Salt Lake City, UT 84115",+1 385-526-4040,https://toptacorestaurant.com/,,Mo-Th 11:00-21:00; Fr-Sa 11:00-23:59,,,,,40.7384824,-111.8993685,,,https://www.openstreetmap.org/node/13125536310,"{""addr:city"": ""Salt Lake City"", ""addr:housenumber"": ""1427"", ""addr:postcode"": ""84115"", ""addr:state"": ""UT"", ""addr:street"": ""South 300 West"", ""addr:unit"": ""Suite A"", ""amenity"": ""restaurant"", ""cuisine"": ""mexican"", ""name"": ""Top Taco"", ""opening_hours"": ""Mo-Th 11:00-21:00; Fr-Sa 11:00-23:59"", ""phone"": ""+1 385-526-4040"", ""website"": ""https://toptacorestaurant.com/""}",2026-08-10T08:57:15.983839+00:00
node,13125536311,Thai Lake City,restaurant,,thai,,,1425,South 300 West,,Salt Lake City,UT,84115,"1425 South 300 West, Salt Lake City, UT 84115",+1 385-420-4954,https://thailakecity.com,,Mo-Th 11:00-22:00; Fr-Sa 10:00-23:00,,,,,40.7386236,-111.8993833,,,https://www.openstreetmap.org/node/13125536311,"{""addr:city"": ""Salt Lake City"", ""addr:housenumber"": ""1425"", ""addr:postcode"": ""84115"", ""addr:state"": ""UT"", ""addr:street"": ""South 300 West"", ""amenity"": ""restaurant"", ""cuisine"": ""thai"", ""name"": ""Thai Lake City"", ""opening_hours"": ""Mo-Th 11:00-22:00; Fr-Sa 10:00-23:00"", ""phone"": ""+1 385-420-4954"", ""website"": ""https://thailakecity.com""}",2026-08-10T08:57:15.983839+00:00
node,13132023840,Caracas Dog,restaurant,,venezuelan;hot_dog,,,,,,,,,,,,,,,,,,40.7536450,-111.9068414,,,https://www.openstreetmap.org/node/13132023840,"{""amenity"": ""restaurant"", ""cuisine"": ""venezuelan;hot_dog"", ""name"": ""Caracas Dog""}",2026-08-10T08:57:15.983839+00:00
node,13141689688,Zimbu,fast_food,,himalayan,,,,,,,,,,,,,,,,,,40.7685013,-111.8887886,,,https://www.openstreetmap.org/node/13141689688,"{""amenity"": ""fast_food"", ""cuisine"": ""himalayan"", ""name"": ""Zimbu""}",2026-08-10T08:57:15.983839+00:00
node,13171643384,Mank'a,restaurant,,mexican,,,204,South Willey Way,103,Salt Lake City,UT,84104,"204 South Willey Way, 103, Salt Lake City, UT 84104",+1 801-455-1395,https://mankaresto.com/,,Mo-Fr 05:00-19:00; Sa-Su 06:00-14:00,,,,,40.7644948,-112.0244592,,,https://www.openstreetmap.org/node/13171643384,"{""addr:city"": ""Salt Lake City"", ""addr:housenumber"": ""204"", ""addr:postcode"": ""84104"", ""addr:state"": ""UT"", ""addr:street"": ""South Willey Way"", ""addr:unit"": ""103"", ""amenity"": ""restaurant"", ""cuisine"": ""mexican"", ""name"": ""Mank'a"", ""opening_hours"": ""Mo-Fr 05:00-19:00; Sa-Su 06:00-14:00"", ""phone"": ""+1 801-455-1395"", ""website"": ""https://mankaresto.com/""}",2026-08-10T08:57:15.983839+00:00
node,13171643385,Plov & Borsch,restaurant,,,,,55,North Redwood Road,F,Salt Lake City,UT,84116,"55 North Redwood Road, F, Salt Lake City, UT 84116",+1 385-400-4300,https://toasttab.com/local/order/cafe-plov-borsch,,,,,,,40.7707149,-111.9406589,,,https://www.openstreetmap.org/node/13171643385,"{""addr:city"": ""Salt Lake City"", ""addr:housenumber"": ""55"", ""addr:postcode"": ""84116"", ""addr:state"": ""UT"", ""addr:street"": ""North Redwood Road"", ""addr:unit"": ""F"", ""amenity"": ""restaurant"", ""name"": ""Plov & Borsch"", ""phone"": ""+1 385-400-4300"", ""website"": ""https://toasttab.com/local/order/cafe-plov-borsch""}",2026-08-10T08:57:15.983839+00:00
node,13171643386,Taste of Philly,fast_food,,sandwich,,,423,West 300 South,,Salt Lake City,UT,84101,"423 West 300 South, Salt Lake City, UT 84101",+1 385-420-4164,https://www.tasteofphilly.biz/locations/salt-lake-city/,,Mo-Su 10:30-21:00,,,,,40.7625752,-111.9031376,,,https://www.openstreetmap.org/node/13171643386,"{""addr:city"": ""Salt Lake City"", ""addr:housenumber"": ""423"", ""addr:postcode"": ""84101"", ""addr:state"": ""UT"", ""addr:street"": ""West 300 South"", ""amenity"": ""fast_food"", ""cuisine"": ""sandwich"", ""name"": ""Taste of Philly"", ""opening_hours"": ""Mo-Su 10:30-21:00"", ""phone"": ""+1 385-420-4164"", ""website"": ""https://www.tasteofphilly.biz/locations/salt-lake-city/""}",2026-08-10T08:57:15.983839+00:00
node,13171643387,Wanyen Cafe,restaurant,,,,,378,West 300 South,,Salt Lake City,,,"378 West 300 South, Salt Lake City",,,,,,,,,40.7630699,-111.9018609,,,https://www.openstreetmap.org/node/13171643387,"{""addr:city"": ""Salt Lake City"", ""addr:housenumber"": ""378"", ""addr:street"": ""West 300 South"", ""amenity"": ""restaurant"", ""level"": ""0"", ""name"": ""Wanyen Cafe""}",2026-08-10T08:57:15.983839+00:00
node,13175459736,Seabird,bar,,,,,7,South Rio Grande Street,,Salt Lake City,UT,84101,"7 South Rio Grande Street, Salt Lake City, UT 84101",+1-801-456-1223,https://www.seabirdutah.com/,,Tu-Sa 05:00-25:00,,,,,40.7690682,-111.9038207,,,https://www.openstreetmap.org/node/13175459736,"{""addr:city"": ""Salt Lake City"", ""addr:housenumber"": ""7"", ""addr:postcode"": ""84101"", ""addr:state"": ""UT"", ""addr:street"": ""South Rio Grande Street"", ""amenity"": ""bar"", ""min_age"": ""21"", ""name"": ""Seabird"", ""opening_hours"": ""Tu-Sa 05:00-25:00"", ""phone"": ""+1-801-456-1223"", ""website"": ""https://www.seabirdutah.com/""}",2026-08-10T08:57:15.983839+00:00
node,13175525649,Kava Bar,fast_food,,juice,,,1465,South State Street,12,Salt Lake City,UT,84115,"1465 South State Street, 12, Salt Lake City, UT 84115",,,,,,,,,40.7375889,-111.8876758,,,https://www.openstreetmap.org/node/13175525649,"{""addr:city"": ""Salt Lake City"", ""addr:housenumber"": ""1465"", ""addr:postcode"": ""84115"", ""addr:state"": ""UT"", ""addr:street"": ""South State Street"", ""addr:unit"": ""12"", ""amenity"": ""fast_food"", ""cuisine"": ""juice"", ""name"": ""Kava Bar""}",2026-08-10T08:57:15.983839+00:00
node,13206248359,Parfé Diem,cafe,,dessert;pudding,,,2040,South 1000 East,,Salt Lake City,UT,84105,"2040 South 1000 East, Salt Lake City, UT 84105",,https://parfediem.com/,,Mo-Su 11:00-23:00,,,yes,,40.7259883,-111.8627900,,,https://www.openstreetmap.org/node/13206248359,"{""addr:city"": ""Salt Lake City"", ""addr:housenumber"": ""2040"", ""addr:postcode"": ""84105"", ""addr:state"": ""UT"", ""addr:street"": ""South 1000 East"", ""amenity"": ""cafe"", ""check_date"": ""2026-03-09"", ""contact:facebook"": ""https://www.facebook.com/profile.php?id=100089037544765"", ""contact:instagram"": ""https://www.instagram.com/parfediem/"", ""cuisine"": ""dessert;pudding"", ""fixme"": ""Unsure of exact style of food service offered, so may need to correct amenity:cafe tag to amenity:fast_food or other primary tag if more suitable"", ""name"": ""Parfé Diem"", ""opening_hours"": ""Mo-Su 11:00-23:00"", ""outdoor_seating"": ""yes"", ""website"": ""https://parfediem.com/""}",2026-08-10T08:57:15.983839+00:00
node,13233720621,Kiitos,bar,,,,,1533,South 1100 East,,Salt Lake City,UT,84105,"1533 South 1100 East, Salt Lake City, UT 84105",,,,Mo-Su 11:00-01:00,,,,,40.7362613,-111.8593580,,,https://www.openstreetmap.org/node/13233720621,"{""addr:city"": ""Salt Lake City"", ""addr:housenumber"": ""1533"", ""addr:postcode"": ""84105"", ""addr:state"": ""UT"", ""addr:street"": ""South 1100 East"", ""amenity"": ""bar"", ""brewery"": ""kiitos"", ""internet_access"": ""wlan"", ""internet_access:fee"": ""no"", ""min_age"": ""21"", ""name"": ""Kiitos"", ""opening_hours"": ""Mo-Su 11:00-01:00"", ""start_date"": ""2025-10""}",2026-08-10T08:57:15.983839+00:00
node,13233945256,Barnes & Noble Café,cafe,,coffee_shop,Barnes & Noble,,1104,East 2100 South,,Salt Lake City,UT,84106,"1104 East 2100 South, Salt Lake City, UT 84106",,https://stores.barnesandnoble.com/store/2941,,,,,no,,40.7251931,-111.8594131,,,https://www.openstreetmap.org/node/13233945256,"{""addr:city"": ""Salt Lake City"", ""addr:housenumber"": ""1104"", ""addr:postcode"": ""84106"", ""addr:state"": ""UT"", ""addr:street"": ""East 2100 South"", ""amenity"": ""cafe"", ""branch"": ""Sugarhouse"", ""brand"": ""Barnes & Noble"", ""cuisine"": ""coffee_shop"", ""internet_access"": ""wlan"", ""internet_access:fee"": ""no"", ""name"": ""Barnes & Noble Café"", ""outdoor_seating"": ""no"", ""website"": ""https://stores.barnesandnoble.com/store/2941""}",2026-08-10T08:57:15.983839+00:00
node,13235703099,BonFire Grill,fast_food,,pizza;breakfast,Maverik,Maverik,185,South State Street,,Salt Lake City,UT,84111,"185 South State Street, Salt Lake City, UT 84111",,https://locations.maverik.com/ut/salt-lake-city/185-south-state-street,,Mo-Sa 05:00-18:00; Su off,,,,,40.7654023,-111.8879039,,,https://www.openstreetmap.org/node/13235703099,"{""addr:city"": ""Salt Lake City"", ""addr:housenumber"": ""185"", ""addr:postcode"": ""84111"", ""addr:state"": ""UT"", ""addr:street"": ""South State Street"", ""amenity"": ""fast_food"", ""branch"": ""HQ"", ""brand"": ""Maverik"", ""brand:wikidata"": ""Q64149010"", ""cuisine"": ""pizza;breakfast"", ""drive_through"": ""no"", ""level"": ""0"", ""name"": ""BonFire Grill"", ""opening_hours"": ""Mo-Sa 05:00-18:00; Su off"", ""operator"": ""Maverik"", ""ref"": ""539"", ""website"": ""https://locations.maverik.com/ut/salt-lake-city/185-south-state-street""}",2026-08-10T08:57:15.983839+00:00
node,13235722542,Jersey Mike's Subs,fast_food,,sandwich,Jersey Mike's Subs,,510,East 400 South,,Salt Lake City,UT,84102,"510 East 400 South, Salt Lake City, UT 84102",+1 385-430-0555,https://www.jerseymikes.com/42027,,Mo-Su 10:00-21:00,yes,,,,40.7601889,-111.8761392,,,https://www.openstreetmap.org/node/13235722542,"{""addr:city"": ""Salt Lake City"", ""addr:housenumber"": ""510"", ""addr:postcode"": ""84102"", ""addr:state"": ""UT"", ""addr:street"": ""East 400 South"", ""amenity"": ""fast_food"", ""branch"": ""Salt Lake City"", ""brand"": ""Jersey Mike's Subs"", ""brand:wikidata"": ""Q6184897"", ""cuisine"": ""sandwich"", ""drive_through"": ""no"", ""name"": ""Jersey Mike's Subs"", ""opening_hours"": ""Mo-Su 10:00-21:00"", ""phone"": ""+1 385-430-0555"", ""short_name"": ""Jersey Mike's"", ""takeaway"": ""yes"", ""website"": ""https://www.jerseymikes.com/42027""}",2026-08-10T08:57:15.983839+00:00
node,13235737030,The Urban Lounge,bar,,,,,241,South 500 East,,Salt Lake City,UT,84102,"241 South 500 East, Salt Lake City, UT 84102",,https://www.theurbanloungeslc.com,,"19:00-25:00 unknown ""open during scheduled events only""",,,,,40.7637530,-111.8763112,,,https://www.openstreetmap.org/node/13235737030,"{""addr:city"": ""Salt Lake City"", ""addr:housenumber"": ""241"", ""addr:postcode"": ""84102"", ""addr:state"": ""UT"", ""addr:street"": ""South 500 East"", ""amenity"": ""bar"", ""check_date"": ""2025-10-15"", ""min_age"": ""21"", ""name"": ""The Urban Lounge"", ""opening_hours"": ""19:00-25:00 unknown \""open during scheduled events only\"""", ""payment:cash"": ""yes"", ""payment:credit_cards"": ""yes"", ""payment:debit_cards"": ""yes"", ""website"": ""https://www.theurbanloungeslc.com"", ""website:menu"": ""https://www.theurbanloungeslc.com/menu""}",2026-08-10T08:57:15.983839+00:00
node,13237898079,Deadmoon Coffee,cafe,,,,,2224,South 600 East,,Salt Lake City,UT,84106,"2224 South 600 East, Salt Lake City, UT 84106",,,,Mo-Sa 08:00-14:00,,,,,40.7224556,-111.8745258,,,https://www.openstreetmap.org/node/13237898079,"{""addr:city"": ""Salt Lake City"", ""addr:housenumber"": ""2224"", ""addr:postcode"": ""84106"", ""addr:state"": ""UT"", ""addr:street"": ""South 600 East"", ""amenity"": ""cafe"", ""name"": ""Deadmoon Coffee"", ""opening_hours"": ""Mo-Sa 08:00-14:00""}",2026-08-10T08:57:15.983839+00:00
node,13269491575,Aubergine Kitchen,restaurant,,,,,,,,,,,,,https://slcairport.com/dining-and-shopping/dining/aubergine-kitchen,,06:00-22:00,,,,,40.7893237,-111.9828628,,,https://www.openstreetmap.org/node/13269491575,"{""amenity"": ""restaurant"", ""name"": ""Aubergine Kitchen"", ""opening_hours"": ""06:00-22:00"", ""start_date"": ""2025-10-28"", ""website"": ""https://slcairport.com/dining-and-shopping/dining/aubergine-kitchen""}",2026-08-10T08:57:15.983839+00:00
node,13269491576,Moab Brewery,pub,,,,,,,,,,,,,,,06:30-22:30,,,,,40.7893338,-111.9827157,,,https://www.openstreetmap.org/node/13269491576,"{""amenity"": ""pub"", ""microbrewery"": ""yes"", ""name"": ""Moab Brewery"", ""opening_hours"": ""06:30-22:30"", ""start_date"": ""2025-10-28""}",2026-08-10T08:57:15.983839+00:00
node,13329160095,Manny's,bar,,,,,1704,South Main Street,,Salt Lake City,UT,84115,"1704 South Main Street, Salt Lake City, UT 84115",,,,,,,,,40.7332929,-111.8914555,,,https://www.openstreetmap.org/node/13329160095,"{""addr:city"": ""Salt Lake City"", ""addr:housenumber"": ""1704"", ""addr:postcode"": ""84115"", ""addr:state"": ""UT"", ""addr:street"": ""South Main Street"", ""amenity"": ""bar"", ""min_age"": ""21"", ""name"": ""Manny's""}",2026-08-10T08:57:15.983839+00:00
node,13331225512,JJ Coffee Co,cafe,,coffee_shop,,,330,East 400 South,102,Salt Lake City,UT,84111,"330 East 400 South, 102, Salt Lake City, UT 84111",,https://jjcoffee.co/,,Mo-Fr 07:00-17:00; Sa-Su 08:00-17:00,,,no,,40.7604460,-111.8813858,,,https://www.openstreetmap.org/node/13331225512,"{""addr:city"": ""Salt Lake City"", ""addr:housenumber"": ""330"", ""addr:postcode"": ""84111"", ""addr:state"": ""UT"", ""addr:street"": ""East 400 South"", ""addr:unit"": ""102"", ""amenity"": ""cafe"", ""cuisine"": ""coffee_shop"", ""name"": ""JJ Coffee Co"", ""opening_hours"": ""Mo-Fr 07:00-17:00; Sa-Su 08:00-17:00"", ""outdoor_seating"": ""no"", ""website"": ""https://jjcoffee.co/""}",2026-08-10T08:57:15.983839+00:00
node,13339349605,Willie's,bar,,,,,1716,South Main Street,,Salt Lake City,UT,84115,"1716 South Main Street, Salt Lake City, UT 84115",,,,,,,,,40.7332035,-111.8913902,,,https://www.openstreetmap.org/node/13339349605,"{""addr:city"": ""Salt Lake City"", ""addr:housenumber"": ""1716"", ""addr:postcode"": ""84115"", ""addr:state"": ""UT"", ""addr:street"": ""South Main Street"", ""amenity"": ""bar"", ""name"": ""Willie's""}",2026-08-10T08:57:15.983839+00:00
node,13342889748,Prime Corn,restaurant,,mexican;indegenous,,,,,,,,,,,https://www.primecornfood.com,,"""by appointment""",,,,,40.7516377,-111.9127998,,,https://www.openstreetmap.org/node/13342889748,"{""amenity"": ""restaurant"", ""cuisine"": ""mexican;indegenous"", ""diet:vegan"": ""yes"", ""diet:vegetarian"": ""yes"", ""name"": ""Prime Corn"", ""opening_hours"": ""\""by appointment\"""", ""website"": ""https://www.primecornfood.com""}",2026-08-10T08:57:15.983839+00:00
node,13382339134,FONSI,restaurant,,sandwich;italian,,,320,West 200 South,,Salt Lake City,UT,84101,"320 West 200 South, Salt Lake City, UT 84101",+1-385-222-8327,https://pixa.one,,,,,,,40.7652214,-111.9004514,,,https://www.openstreetmap.org/node/13382339134,"{""addr:city"": ""Salt Lake City"", ""addr:housenumber"": ""320"", ""addr:postcode"": ""84101"", ""addr:state"": ""UT"", ""addr:street"": ""West 200 South"", ""amenity"": ""restaurant"", ""cuisine"": ""sandwich;italian"", ""diet:vegetarian"": ""limited"", ""name"": ""FONSI"", ""phone"": ""+1-385-222-8327"", ""website"": ""https://pixa.one""}",2026-08-10T08:57:15.983839+00:00
node,13382339135,La Casa del Tamal,restaurant,,mexican,,,,,,,,,,,,,Mo-Fr 10:00-21:00; Sa 10:00-22:00; Su off,,,,,40.7570353,-111.9013909,,,https://www.openstreetmap.org/node/13382339135,"{""amenity"": ""restaurant"", ""cuisine"": ""mexican"", ""name"": ""La Casa del Tamal"", ""opening_hours"": ""Mo-Fr 10:00-21:00; Sa 10:00-22:00; Su off""}",2026-08-10T08:57:15.983839+00:00
node,13382339136,Nutritious Bowl,restaurant,,indian,,,530,West 200 South,100,Salt Lake City,UT,,"530 West 200 South, 100, Salt Lake City, UT",+1-385-295-4530,https://nutritiousbowls.com,,"Mo-Th,Su 11:00-21:00; Fr-Sa 11:00-23:00",yes,,,yes,40.7652555,-111.9058932,,,https://www.openstreetmap.org/node/13382339136,"{""addr:city"": ""Salt Lake City"", ""addr:housenumber"": ""530"", ""addr:state"": ""UT"", ""addr:street"": ""West 200 South"", ""addr:unit"": ""100"", ""air_conditioning"": ""yes"", ""amenity"": ""restaurant"", ""bar"": ""yes"", ""check_date"": ""2026-07-14"", ""cuisine"": ""indian"", ""diet:vegan"": ""yes"", ""diet:vegetarian"": ""yes"", ""level"": ""0"", ""name"": ""Nutritious Bowl"", ""opening_hours"": ""Mo-Th,Su 11:00-21:00; Fr-Sa 11:00-23:00"", ""payment:cash"": ""yes"", ""payment:credit_cards"": ""yes"", ""payment:debit_cards"": ""yes"", ""phone"": ""+1-385-295-4530"", ""takeaway"": ""yes"", ""website"": ""https://nutritiousbowls.com"", ""wheelchair"": ""yes""}",2026-08-10T08:57:15.983839+00:00
node,13447180957,All Purpose Bakehouse,cafe,,coffee_shop;bakery;pastry;breakfast,,,779,South 200 East,,Salt Lake City,UT,84111,"779 South 200 East, Salt Lake City, UT 84111",,https://www.apbakehouse.com/,elifuhrman@apbakehouse.com,We-Su 08:00-14:00,,,yes,limited,40.7521805,-111.8850827,,,https://www.openstreetmap.org/node/13447180957,"{""addr:city"": ""Salt Lake City"", ""addr:housenumber"": ""779"", ""addr:postcode"": ""84111"", ""addr:state"": ""UT"", ""addr:street"": ""South 200 East"", ""amenity"": ""cafe"", ""check_date"": ""2026-07-18"", ""contact:instagram"": ""@allpurposebakehouse"", ""cuisine"": ""coffee_shop;bakery;pastry;breakfast"", ""email"": ""elifuhrman@apbakehouse.com"", ""internet_access"": ""wlan"", ""level"": ""0"", ""name"": ""All Purpose Bakehouse"", ""opening_hours"": ""We-Su 08:00-14:00"", ""outdoor_seating"": ""yes"", ""payment:app"": ""yes"", ""payment:cash"": ""yes"", ""payment:credit_cards"": ""yes"", ""payment:debit_cards"": ""yes"", ""short_name"": ""AP Bakehouse"", ""start_date"": ""2026-01-10"", ""website"": ""https://www.apbakehouse.com/"", ""wheelchair"": ""limited""}",2026-08-10T08:57:15.983839+00:00
node,13468464262,Soup Kitchen,restaurant,,soup,,,1411,South Redwood Road,,Salt Lake City,UT,84104-5104,"1411 South Redwood Road, Salt Lake City, UT 84104-5104",+1-801-974-7910,https://the-soup-kitchen-restaurants-catering.square.site,comments@slcsoup.com,Mo-Fr 09:00-15:00,,,,,40.7386123,-111.9384957,,,https://www.openstreetmap.org/node/13468464262,"{""addr:city"": ""Salt Lake City"", ""addr:housenumber"": ""1411"", ""addr:postcode"": ""84104-5104"", ""addr:state"": ""UT"", ""addr:street"": ""South Redwood Road"", ""amenity"": ""restaurant"", ""check_date"": ""2026-01-19"", ""contact:email"": ""comments@slcsoup.com"", ""cuisine"": ""soup"", ""currency:XBT"": ""yes"", ""name"": ""Soup Kitchen"", ""opening_hours"": ""Mo-Fr 09:00-15:00"", ""payment:lightning"": ""yes"", ""payment:lightning:operator"": ""square"", ""payment:lightning_contactless"": ""no"", ""payment:onchain"": ""no"", ""phone"": ""+1-801-974-7910"", ""website"": ""https://the-soup-kitchen-restaurants-catering.square.site""}",2026-08-10T08:57:15.983839+00:00
node,13477375096,Sunroom Coffee,cafe,,coffee_shop,,,470,West 200 North,100,Salt Lake City,UT,84103,"470 West 200 North, 100, Salt Lake City, UT 84103",+1-833-250-9926,https://www.sunroomcoffeeco.com,,Sa-Th 07:00-22:00; Fr-Sa 07:00-00:00,,,,,40.7738970,-111.9047182,,,https://www.openstreetmap.org/node/13477375096,"{""addr:city"": ""Salt Lake City"", ""addr:housenumber"": ""470"", ""addr:postcode"": ""84103"", ""addr:state"": ""UT"", ""addr:street"": ""West 200 North"", ""addr:unit"": ""100"", ""amenity"": ""cafe"", ""cuisine"": ""coffee_shop"", ""name"": ""Sunroom Coffee"", ""opening_hours"": ""Sa-Th 07:00-22:00; Fr-Sa 07:00-00:00"", ""phone"": ""+1-833-250-9926"", ""website"": ""https://www.sunroomcoffeeco.com""}",2026-08-10T08:57:15.983839+00:00
node,13480347126,The Brick,cafe,,,,,779,East 300 South,,Salt Lake City,UT,84102,"779 East 300 South, Salt Lake City, UT 84102",+1 801-433-3380,,,Tu-Fr 09:00-15:00; Sa-Su 08:00-15:00,,,yes,,40.7631395,-111.8685451,,,https://www.openstreetmap.org/node/13480347126,"{""addr:city"": ""Salt Lake City"", ""addr:housenumber"": ""779"", ""addr:postcode"": ""84102"", ""addr:state"": ""UT"", ""addr:street"": ""East 300 South"", ""amenity"": ""cafe"", ""name"": ""The Brick"", ""opening_hours"": ""Tu-Fr 09:00-15:00; Sa-Su 08:00-15:00"", ""outdoor_seating"": ""yes"", ""phone"": ""+1 801-433-3380""}",2026-08-10T08:57:15.983839+00:00
node,13510842779,Azúcar Cafécito Bar,cafe,,coffee_shop,,,,,,,,,,,https://www.azucarcafeutah.com/,,Mo-Fr 10:00-21:00; Sa 10:00-22:00; Su off,,,,,40.7569704,-111.9013832,,,https://www.openstreetmap.org/node/13510842779,"{""amenity"": ""cafe"", ""cuisine"": ""coffee_shop"", ""name"": ""Azúcar Cafécito Bar"", ""opening_hours"": ""Mo-Fr 10:00-21:00; Sa 10:00-22:00; Su off"", ""website"": ""https://www.azucarcafeutah.com/""}",2026-08-10T08:57:15.983839+00:00
node,13522070160,Killa,restaurant,,japanese;peruvian,,,279,East 300 South,,Salt Lake City,UT,84111,"279 East 300 South, Salt Lake City, UT 84111",,https://www.killanikkei.com,,Mo 17:00-22:00; We-Th 17:00-22:00; Fr-Sa 17:00-22:30; Su 17:00-21:00,,,,,40.7630516,-111.8828844,,,https://www.openstreetmap.org/node/13522070160,"{""addr:city"": ""Salt Lake City"", ""addr:housenumber"": ""279"", ""addr:postcode"": ""84111"", ""addr:state"": ""UT"", ""addr:street"": ""East 300 South"", ""amenity"": ""restaurant"", ""cuisine"": ""japanese;peruvian"", ""name"": ""Killa"", ""opening_hours"": ""Mo 17:00-22:00; We-Th 17:00-22:00; Fr-Sa 17:00-22:30; Su 17:00-21:00"", ""reservation"": ""required"", ""website"": ""https://www.killanikkei.com""}",2026-08-10T08:57:15.983839+00:00
node,13523237342,The Kolache Place,,bakery,,,,1751,South 1100 East,,Salt Lake City,UT,84105,"1751 South 1100 East, Salt Lake City, UT 84105",+1-385-309-4379,https://www.thekolacheplace.com/,,"Mo-Sa 06:30-13:00 ""or sell out""",,,,,40.7323721,-111.8592868,,,https://www.openstreetmap.org/node/13523237342,"{""addr:city"": ""Salt Lake City"", ""addr:housenumber"": ""1751"", ""addr:postcode"": ""84105"", ""addr:state"": ""UT"", ""addr:street"": ""South 1100 East"", ""diet:vegan"": ""no"", ""diet:vegetarian"": ""yes"", ""name"": ""The Kolache Place"", ""old_name"": ""Hruska's"", ""opening_hours"": ""Mo-Sa 06:30-13:00 \""or sell out\"""", ""phone"": ""+1-385-309-4379"", ""shop"": ""bakery"", ""start_date"": ""2026-02-03"", ""website"": ""https://www.thekolacheplace.com/""}",2026-08-10T08:57:15.983839+00:00
node,13539304166,Aubergine Kitchen,restaurant,,mediterranean,,,1010,East 2100 South,100,Salt Lake City,UT,84106,"1010 East 2100 South, 100, Salt Lake City, UT 84106",+1 801-382-8303,https://aubergineandcompany.com/,,Mo-Sa 07:30-21:00,,,yes,yes,40.7252163,-111.8624374,,,https://www.openstreetmap.org/node/13539304166,"{""addr:city"": ""Salt Lake City"", ""addr:country"": ""US"", ""addr:housenumber"": ""1010"", ""addr:postcode"": ""84106"", ""addr:state"": ""UT"", ""addr:street"": ""East 2100 South"", ""addr:unit"": ""100"", ""amenity"": ""restaurant"", ""check_date:opening_hours"": ""2025-08-10"", ""cuisine"": ""mediterranean"", ""name"": ""Aubergine Kitchen"", ""opening_hours"": ""Mo-Sa 07:30-21:00"", ""outdoor_seating"": ""yes"", ""phone"": ""+1 801-382-8303"", ""start_date"": ""2026-01-15"", ""website"": ""https://aubergineandcompany.com/"", ""website:menu"": ""https://auberginekitchen.com/menu/"", ""wheelchair"": ""yes""}",2026-08-10T08:57:15.983839+00:00
node,13544760201,Killa Nikkei,restaurant,,,,,279,East 300 South,,Salt Lake City,UT,84111,"279 East 300 South, Salt Lake City, UT 84111",+1 801-366-6070,https://www.killanikkei.com/,contact@killanikkei.com,"Mo, We-Th 17:00-22:00; Fr-Sa 17:00-22:30; Su 17:00-21:00",,,,,40.7630488,-111.8828826,,,https://www.openstreetmap.org/node/13544760201,"{""addr:city"": ""Salt Lake City"", ""addr:housenumber"": ""279"", ""addr:postcode"": ""84111"", ""addr:state"": ""UT"", ""addr:street"": ""East 300 South"", ""amenity"": ""restaurant"", ""contact:instagram"": ""killanikkei"", ""email"": ""contact@killanikkei.com"", ""level"": ""0"", ""name"": ""Killa Nikkei"", ""opening_hours"": ""Mo, We-Th 17:00-22:00; Fr-Sa 17:00-22:30; Su 17:00-21:00"", ""phone"": ""+1 801-366-6070"", ""website"": ""https://www.killanikkei.com/"", ""website:menu"": ""https://www.killanikkei.com/menu/""}",2026-08-10T08:57:15.983839+00:00
node,13556457414,Taverna Pizza,restaurant,,pizza,,,427,North 300 West,,Salt Lake City,UT,84103,"427 North 300 West, Salt Lake City, UT 84103",+1-801-893-1625,https://taverna.pizza/,,,,,,,40.7788699,-111.9001853,,,https://www.openstreetmap.org/node/13556457414,"{""addr:city"": ""Salt Lake City"", ""addr:housenumber"": ""427"", ""addr:postcode"": ""84103"", ""addr:state"": ""UT"", ""addr:street"": ""North 300 West"", ""amenity"": ""restaurant"", ""cuisine"": ""pizza"", ""name"": ""Taverna Pizza"", ""phone"": ""+1-801-893-1625"", ""website"": ""https://taverna.pizza/""}",2026-08-10T08:57:15.983839+00:00
node,13568770623,Buzzed Coffeehouse,cafe,,coffee_shop;ice_cream;pastry,,,265,South State Street,113,Salt Lake City,UT,84111,"265 South State Street, 113, Salt Lake City, UT 84111",,https://buzzedcoffeecompany.com/,,,,,no,,40.7636987,-111.8875539,,,https://www.openstreetmap.org/node/13568770623,"{""addr:city"": ""Salt Lake City"", ""addr:housenumber"": ""265"", ""addr:postcode"": ""84111"", ""addr:state"": ""UT"", ""addr:street"": ""South State Street"", ""addr:unit"": ""113"", ""amenity"": ""cafe"", ""cuisine"": ""coffee_shop;ice_cream;pastry"", ""name"": ""Buzzed Coffeehouse"", ""outdoor_seating"": ""no"", ""website"": ""https://buzzedcoffeecompany.com/""}",2026-08-10T08:57:15.983839+00:00
node,13591158203,Eight Settlers Lounge,bar,,,,,44,East Exchange Place,,Salt Lake City,UT,,"44 East Exchange Place, Salt Lake City, UT",,,,"Su-Th 15:00-22:00, Fr,Sa 15:00-24:00",,,,,40.7612847,-111.8894223,,,https://www.openstreetmap.org/node/13591158203,"{""addr:city"": ""Salt Lake City"", ""addr:housenumber"": ""44"", ""addr:state"": ""UT"", ""addr:street"": ""East Exchange Place"", ""amenity"": ""bar"", ""level"": ""-1;0;1"", ""name"": ""Eight Settlers Lounge"", ""opening_hours"": ""Su-Th 15:00-22:00, Fr,Sa 15:00-24:00"", ""start_date"": ""2026-01""}",2026-08-10T08:57:15.983839+00:00
node,13591158204,Devil's Gate Lounge,bar,,,,,,,,,,,,,,,,,,,,40.7612257,-111.8894232,,,https://www.openstreetmap.org/node/13591158204,"{""amenity"": ""bar"", ""description"": ""Separately named lounge area within Eight Settlers Lounge."", ""level"": ""-1"", ""name"": ""Devil's Gate Lounge""}",2026-08-10T08:57:15.983839+00:00
node,13591645940,Häagen-Dazs,ice_cream,,,Häagen-Dazs,,,,,,,,,,,,Mo-Th 11:30-20:30; Fr-Sa 11:30-21:30,,,,,40.7684600,-111.8907916,,,https://www.openstreetmap.org/node/13591645940,"{""amenity"": ""ice_cream"", ""brand"": ""Häagen-Dazs"", ""brand:wikidata"": ""Q1143333"", ""check_date"": ""2026-02-22"", ""name"": ""Häagen-Dazs"", ""opening_hours"": ""Mo-Th 11:30-20:30; Fr-Sa 11:30-21:30""}",2026-08-10T08:57:15.983839+00:00
node,13591678742,J.Dawgs,fast_food,,,,,,,,,,,,,,,Mo-Sa 11:00-21:00,,,,,40.7691038,-111.8904350,,,https://www.openstreetmap.org/node/13591678742,"{""amenity"": ""fast_food"", ""check_date"": ""2026-02-22"", ""name"": ""J.Dawgs"", ""opening_hours"": ""Mo-Sa 11:00-21:00""}",2026-08-10T08:57:15.983839+00:00
node,13635244644,Argentina's Cafe,cafe,,,,,655,East 400 South,Suite A,Salt Lake City,,,"655 East 400 South, Suite A, Salt Lake City",+1-435-901-1597,https://argentinascafe.com/,valentina@argentinascafe.com,Mo-Su 09:00-17:00,,,,,40.7609251,-111.8720706,,,https://www.openstreetmap.org/node/13635244644,"{""addr:city"": ""Salt Lake City"", ""addr:housenumber"": ""655"", ""addr:street"": ""East 400 South"", ""addr:unit"": ""Suite A"", ""amenity"": ""cafe"", ""description"": ""Empanadas, pastries, coffee."", ""email"": ""valentina@argentinascafe.com"", ""name"": ""Argentina's Cafe"", ""opening_hours"": ""Mo-Su 09:00-17:00"", ""phone"": ""+1-435-901-1597"", ""website"": ""https://argentinascafe.com/""}",2026-08-10T08:57:15.983839+00:00
node,13672108436,Brownstone 22,restaurant,,seafood;steak,,,22,East 100 South,,Salt Lake City,UT,84111,"22 East 100 South, Salt Lake City, UT 84111",,https://www.brownstone22.com/,,Su-Th 16:00-23:00; Fr-Sa 16:00-24:00,,,,,40.7669366,-111.8902124,,,https://www.openstreetmap.org/node/13672108436,"{""addr:city"": ""Salt Lake City"", ""addr:housenumber"": ""22"", ""addr:postcode"": ""84111"", ""addr:state"": ""UT"", ""addr:street"": ""East 100 South"", ""amenity"": ""restaurant"", ""cuisine"": ""seafood;steak"", ""diet:vegetarian"": ""limited"", ""level"": ""0"", ""name"": ""Brownstone 22"", ""opening_hours"": ""Su-Th 16:00-23:00; Fr-Sa 16:00-24:00"", ""start_date"": ""2026-03"", ""website"": ""https://www.brownstone22.com/""}",2026-08-10T08:57:15.983839+00:00
node,13682063948,Momomaru,restaurant,,sushi,,,636,South 200 West,,Salt Lake City,,,"636 South 200 West, Salt Lake City",+1-801-410-8025,https://www.rollwithmomomaru.com/,,Mo-Su 11:30-22:00,,,,,40.7553150,-111.8972032,,,https://www.openstreetmap.org/node/13682063948,"{""addr:city"": ""Salt Lake City"", ""addr:housenumber"": ""636"", ""addr:street"": ""South 200 West"", ""amenity"": ""restaurant"", ""cuisine"": ""sushi"", ""diet:vegetarian"": ""limited"", ""name"": ""Momomaru"", ""opening_hours"": ""Mo-Su 11:30-22:00"", ""phone"": ""+1-801-410-8025"", ""website"": ""https://www.rollwithmomomaru.com/""}",2026-08-10T08:57:15.983839+00:00
node,13682063949,Ten Coffee,cafe,,coffee_shop,,,636,South 200 West,,Salt Lake City,UT,,"636 South 200 West, Salt Lake City, UT",,,,,,,,,40.7553211,-111.8973078,,,https://www.openstreetmap.org/node/13682063949,"{""addr:city"": ""Salt Lake City"", ""addr:housenumber"": ""636"", ""addr:state"": ""UT"", ""addr:street"": ""South 200 West"", ""amenity"": ""cafe"", ""cuisine"": ""coffee_shop"", ""description"": ""Coffee and tea, with a Japanese focus."", ""name"": ""Ten Coffee""}",2026-08-10T08:57:15.983839+00:00
node,13682125610,Burger Fusion,restaurant,,burger,,,,,C103B,,,,C103B,+1-510-426-8440,https://burgerfusion.com/,,Mo-Th 11:00-21:00; Fr-Sa 11:00-21:30; Su 12:00-18:00,,,,,40.7574694,-111.8719592,,,https://www.openstreetmap.org/node/13682125610,"{""addr:unit"": ""C103B"", ""amenity"": ""restaurant"", ""cuisine"": ""burger"", ""name"": ""Burger Fusion"", ""opening_hours"": ""Mo-Th 11:00-21:00; Fr-Sa 11:00-21:30; Su 12:00-18:00"", ""phone"": ""+1-510-426-8440"", ""website"": ""https://burgerfusion.com/""}",2026-08-10T08:57:15.983839+00:00
node,13683321723,Jay Jay Restaurant,restaurant,,,,,55,North Redwood Road,,Salt Lake City,UT,,"55 North Redwood Road, Salt Lake City, UT",+1-385-214-2940,,,,,,,,40.7707103,-111.9401097,,,https://www.openstreetmap.org/node/13683321723,"{""addr:city"": ""Salt Lake City"", ""addr:housenumber"": ""55"", ""addr:state"": ""UT"", ""addr:street"": ""North Redwood Road"", ""amenity"": ""restaurant"", ""diet:halal"": ""yes"", ""fixme"": ""March 2026:  Jay Jay announced opening here so I added the POI. I don't know if one of the other two restaurants (That Sandwich, Plav 'n Borsch) closed to make room for them. Needs surveying."", ""full_name"": ""Jay Jay Restaurant Halal"", ""name"": ""Jay Jay Restaurant"", ""phone"": ""+1-385-214-2940""}",2026-08-10T08:57:15.983839+00:00
node,13683321731,Sip N Dip,restaurant,,,,,1749,South State Street,,Salt Lake City,,,"1749 South State Street, Salt Lake City",+1-385-202-8033,https://www.clover.com/online-ordering/sip-n-dip-slc,,Mo-Fr 12:00-21:00; Sa-Su 12:00-21:30,,,,,40.7324358,-111.8878951,,,https://www.openstreetmap.org/node/13683321731,"{""addr:city"": ""Salt Lake City"", ""addr:housenumber"": ""1749"", ""addr:street"": ""South State Street"", ""amenity"": ""restaurant"", ""description"": ""Drinks (boba, etc.) and sweets."", ""name"": ""Sip N Dip"", ""opening_hours"": ""Mo-Fr 12:00-21:00; Sa-Su 12:00-21:30"", ""phone"": ""+1-385-202-8033"", ""website"": ""https://www.clover.com/online-ordering/sip-n-dip-slc""}",2026-08-10T08:57:15.983839+00:00
node,13683321732,Sushi By Bou,restaurant,,sushi,,,110,W 300 South,,Salt Lake City,UT,,"110 W 300 South, Salt Lake City, UT",+1-888-670-5996,https://www.sushibybou.com/location/salt-lake-city-ut-the-peery/,,Tu-Th 18:00-21:00; Fr-Sa 17:00-21:00,,,,,40.7631941,-111.8944751,,,https://www.openstreetmap.org/node/13683321732,"{""addr:city"": ""Salt Lake City"", ""addr:housenumber"": ""110"", ""addr:state"": ""UT"", ""addr:street"": ""W 300 South"", ""amenity"": ""restaurant"", ""cuisine"": ""sushi"", ""fixme"": ""Sushi By Bou opened somewhere in the Peery but I don't know who closed to make the space."", ""name"": ""Sushi By Bou"", ""opening_hours"": ""Tu-Th 18:00-21:00; Fr-Sa 17:00-21:00"", ""phone"": ""+1-888-670-5996"", ""website"": ""https://www.sushibybou.com/location/salt-lake-city-ut-the-peery/""}",2026-08-10T08:57:15.983839+00:00
node,13683321734,Via Veneto Pizzarium,restaurant,,pizza,,,511,East 900 South,,,,,511 East 900 South,+1-385-477-0711,,,,,,,,40.7500870,-111.8762181,,,https://www.openstreetmap.org/node/13683321734,"{""addr:housenumber"": ""511"", ""addr:street"": ""East 900 South"", ""amenity"": ""restaurant"", ""contact:instagram"": ""instagram.com/viavenetopizzarium"", ""cuisine"": ""pizza"", ""name"": ""Via Veneto Pizzarium"", ""phone"": ""+1-385-477-0711""}",2026-08-10T08:57:15.983839+00:00
node,13683321739,Burger Lab Bar,bar,,,,,,,,,,,,,,,,,,,,40.7631654,-111.8828445,,,https://www.openstreetmap.org/node/13683321739,"{""amenity"": ""bar"", ""level"": ""-1"", ""name"": ""Burger Lab Bar""}",2026-08-10T08:57:15.983839+00:00
node,13685224863,Big Daddy's Pizza,fast_food,,pizza,,,,,,,,,,,,,,,,,,40.7517114,-111.8859795,,,https://www.openstreetmap.org/node/13685224863,"{""amenity"": ""fast_food"", ""cuisine"": ""pizza"", ""name"": ""Big Daddy's Pizza""}",2026-08-10T08:57:15.983839+00:00
node,13704028658,SLC Eatery,restaurant,,,,,1017,S Main Street,,Salt Lake City,,,"1017 S Main Street, Salt Lake City",+1-801-355-7952,https://slceatery.com,,,,,,,40.7468918,-111.8907232,,,https://www.openstreetmap.org/node/13704028658,"{""addr:city"": ""Salt Lake City"", ""addr:housenumber"": ""1017"", ""addr:street"": ""S Main Street"", ""amenity"": ""restaurant"", ""name"": ""SLC Eatery"", ""phone"": ""+1-801-355-7952"", ""website"": ""https://slceatery.com""}",2026-08-10T08:57:15.983839+00:00
node,13704028674,Noemi's Express,restaurant,,argentinian;chilean,,,2110,West North Temple,,Salt Lake City,UT,84116,"2110 West North Temple, Salt Lake City, UT 84116",,,,,,,,,40.7719896,-111.9519499,,,https://www.openstreetmap.org/node/13704028674,"{""addr:city"": ""Salt Lake City"", ""addr:housenumber"": ""2110"", ""addr:postcode"": ""84116"", ""addr:state"": ""UT"", ""addr:street"": ""West North Temple"", ""amenity"": ""restaurant"", ""cuisine"": ""argentinian;chilean"", ""name"": ""Noemi's Express""}",2026-08-10T08:57:15.983839+00:00
node,13711568642,Switchpoint Coffee,cafe,,coffee_shop,,,,,,,,,,,,,,,,,,40.7718108,-111.9502383,,,https://www.openstreetmap.org/node/13711568642,"{""amenity"": ""cafe"", ""cuisine"": ""coffee_shop"", ""name"": ""Switchpoint Coffee""}",2026-08-10T08:57:15.983839+00:00
node,13714019291,Spritz!,bar,,,,,110,West Broadway,,Salt Lake City,UT,,"110 West Broadway, Salt Lake City, UT",,,,,,,,,40.7631944,-111.8942692,,,https://www.openstreetmap.org/node/13714019291,"{""addr:city"": ""Salt Lake City"", ""addr:housenumber"": ""110"", ""addr:state"": ""UT"", ""addr:street"": ""West Broadway"", ""amenity"": ""bar"", ""description"": ""Inside the Peery Hotel. European-styled cocktail bar with a conversational ambiance---avoiding a high-energy nightclub environment---and focus on spritz cocktails."", ""lgbtq"": ""welcome"", ""min_age"": ""21"", ""name"": ""Spritz!"", ""start_date"": ""2024-05""}",2026-08-10T08:57:15.983839+00:00
node,13731323703,Mono Tape Club,bar,,,,,521,500 North,,,,84116,"521 500 North, 84116",,https://www.monotapeclub.com/,,"Su-Th 08:00-14:00, 17:00-23:00; Fr-Sa 08:00-14:00, 17:00-00:00",,,,,40.7799740,-111.9061785,,,https://www.openstreetmap.org/node/13731323703,"{""addr:housenumber"": ""521"", ""addr:postcode"": ""84116"", ""addr:street"": ""500 North"", ""amenity"": ""bar"", ""contact:instagram"": ""monotapeclub"", ""name"": ""Mono Tape Club"", ""opening_hours"": ""Su-Th 08:00-14:00, 17:00-23:00; Fr-Sa 08:00-14:00, 17:00-00:00"", ""website"": ""https://www.monotapeclub.com/""}",2026-08-10T08:57:15.983839+00:00
node,13764453595,Hidden Oak Gourmet Creamery,ice_cream,,,,,370,South 300 East,,Salt Lake City,UT,,"370 South 300 East, Salt Lake City, UT",,,,Tu-Th 11:00-21:00; Fr-Su 11:00-23:00; Mo off,,,,,40.7609658,-111.8829790,,,https://www.openstreetmap.org/node/13764453595,"{""addr:city"": ""Salt Lake City"", ""addr:housenumber"": ""370"", ""addr:state"": ""UT"", ""addr:street"": ""South 300 East"", ""amenity"": ""ice_cream"", ""contact:instagram"": ""@gourmetcreamery"", ""description"": ""Located inside Church & State"", ""level"": ""0"", ""name"": ""Hidden Oak Gourmet Creamery"", ""opening_hours"": ""Tu-Th 11:00-21:00; Fr-Su 11:00-23:00; Mo off"", ""short_name"": ""Hidden Oak""}",2026-08-10T08:57:15.983839+00:00
node,13764453596,Monkeywrench,ice_cream,,,,,1845,South 700 East,,Salt Lake City,UT,,"1845 South 700 East, Salt Lake City, UT",,,,Mo-Th 12:00-22:00; Fr-Sa 12:00-23:00; Su 12:00-20:00,,,yes,yes,40.7299613,-111.8706476,,,https://www.openstreetmap.org/node/13764453596,"{""addr:city"": ""Salt Lake City"", ""addr:housenumber"": ""1845"", ""addr:state"": ""UT"", ""addr:street"": ""South 700 East"", ""amenity"": ""ice_cream"", ""check_date"": ""2026-07-11"", ""description"": ""All-vegan ice cream shop and coffee bar with house-made nut milks. (Source: UARC directory)"", ""diet:vegan"": ""only"", ""name"": ""Monkeywrench"", ""opening_hours"": ""Mo-Th 12:00-22:00; Fr-Sa 12:00-23:00; Su 12:00-20:00"", ""outdoor_seating"": ""yes"", ""payment:cash"": ""yes"", ""payment:credit_cards"": ""yes"", ""payment:debit_cards"": ""yes"", ""wheelchair"": ""yes""}",2026-08-10T08:57:15.983839+00:00
node,13770636396,Swig,fast_food,,soda,,,1855,South 700 East,,Salt Lake City,UT,84105,"1855 South 700 East, Salt Lake City, UT 84105",,,,,no,,no,,40.7297896,-111.8707348,,,https://www.openstreetmap.org/node/13770636396,"{""addr:city"": ""Salt Lake City"", ""addr:housenumber"": ""1855"", ""addr:postcode"": ""84105"", ""addr:state"": ""UT"", ""addr:street"": ""South 700 East"", ""amenity"": ""fast_food"", ""cuisine"": ""soda"", ""drive_through"": ""only"", ""indoor_seating"": ""no"", ""name"": ""Swig"", ""outdoor_seating"": ""no"", ""takeaway"": ""no""}",2026-08-10T08:57:15.983839+00:00
node,13776749561,Hallowed Grounds,cafe,,coffee_shop,,,,,,,,,,,,,"Mo-Su 08:00-20:00, Su 08:00-17:00, Sa 08:00-17:00",,,no,,40.7609148,-111.8829890,,,https://www.openstreetmap.org/node/13776749561,"{""amenity"": ""cafe"", ""contact:instagram"": ""https://www.instagram.com/hallowedgrounds801/?igsh=MWwzemVtdTlpc3p6Zw%3D%3D#"", ""cuisine"": ""coffee_shop"", ""level"": ""0"", ""name"": ""Hallowed Grounds"", ""opening_hours"": ""Mo-Su 08:00-20:00, Su 08:00-17:00, Sa 08:00-17:00"", ""outdoor_seating"": ""no""}",2026-08-10T08:57:15.983839+00:00
node,13910383258,Dear Coco,cafe,gift,chocolate,,,,,,,,,,,,,Mo 09:00-19:00; Tu-Sa 08:00-19:00; Su 09:00-17:00,yes,no,yes,yes,40.7495276,-111.8789246,,,https://www.openstreetmap.org/node/13910383258,"{""amenity"": ""cafe"", ""check_date"": ""2026-02-07"", ""cuisine"": ""chocolate"", ""delivery"": ""no"", ""internet_access"": ""wlan"", ""internet_access:fee"": ""no"", ""name"": ""Dear Coco"", ""opening_hours"": ""Mo 09:00-19:00; Tu-Sa 08:00-19:00; Su 09:00-17:00"", ""outdoor_seating"": ""yes"", ""shop"": ""gift"", ""smoking"": ""no"", ""takeaway"": ""yes"", ""toilets"": ""no"", ""wheelchair"": ""yes""}",2026-08-10T08:57:15.983839+00:00
node,13952762332,Land of a Thousand Hills Coffee and Social,cafe,,coffee_shop,,,348,East South Temple,,Salt Lake City,UT,84111,"348 East South Temple, Salt Lake City, UT 84111",,https://landofathousandhills.com/pages/location-south-temple,,Mo-Su 07:00-17:00,,,no,,40.7690859,-111.8807245,,,https://www.openstreetmap.org/node/13952762332,"{""addr:city"": ""Salt Lake City"", ""addr:housenumber"": ""348"", ""addr:postcode"": ""84111"", ""addr:state"": ""UT"", ""addr:street"": ""East South Temple"", ""amenity"": ""cafe"", ""cuisine"": ""coffee_shop"", ""date_from"": ""2026"", ""internet_access"": ""wlan"", ""name"": ""Land of a Thousand Hills Coffee and Social"", ""opening_hours"": ""Mo-Su 07:00-17:00"", ""outdoor_seating"": ""no"", ""website"": ""https://landofathousandhills.com/pages/location-south-temple""}",2026-08-10T08:57:15.983839+00:00
node,13956033035,Doner and Company,restaurant,,german,,,915,South Washington Street,,Salt Lake City,UT,,"915 South Washington Street, Salt Lake City, UT",+1-801-997-0203,https://donerandcompany.com,,,,,,,40.7494707,-111.8980803,,,https://www.openstreetmap.org/node/13956033035,"{""addr:city"": ""Salt Lake City"", ""addr:housenumber"": ""915"", ""addr:state"": ""UT"", ""addr:street"": ""South Washington Street"", ""amenity"": ""restaurant"", ""cuisine"": ""german"", ""name"": ""Doner and Company"", ""phone"": ""+1-801-997-0203"", ""website"": ""https://donerandcompany.com""}",2026-08-10T08:57:15.983839+00:00
node,13956033036,Boriken Sol,restaurant,,puerto_rican,,,,,,,,,,+1-801-414-6509,,,,,,,,40.7516581,-111.9127090,,,https://www.openstreetmap.org/node/13956033036,"{""amenity"": ""restaurant"", ""contact:instagram"": ""instagram.com/borikensolslc"", ""cuisine"": ""puerto_rican"", ""name"": ""Boriken Sol"", ""phone"": ""+1-801-414-6509""}",2026-08-10T08:57:15.983839+00:00
node,14014965202,Fiddler's,bar,,,,,,,,,,,,,,,,,,,,40.7256611,-111.8605350,,,https://www.openstreetmap.org/node/14014965202,"{""amenity"": ""bar"", ""name"": ""Fiddler's""}",2026-08-10T08:57:15.983839+00:00
node,14016377860,Beecher's Handmade Cheese,restaurant,,cheese,,,,,,,,,,,https://beechershandmadecheese.com/cafes/#all-cafes,,,,,,,40.7851471,-111.9916443,,,https://www.openstreetmap.org/node/14016377860,"{""amenity"": ""restaurant"", ""cuisine"": ""cheese"", ""indoor_seating"": ""no"", ""name"": ""Beecher's Handmade Cheese"", ""website"": ""https://beechershandmadecheese.com/cafes/#all-cafes""}",2026-08-10T08:57:15.983839+00:00
node,14017655675,Tacos Hidalgo,fast_food,,mexican,,,,,,,,,,,,,,,,,,40.7698745,-111.9027014,,,https://www.openstreetmap.org/node/14017655675,"{""amenity"": ""fast_food"", ""check_date"": ""2026-07-13"", ""cuisine"": ""mexican"", ""diet:vegetarian"": ""yes"", ""drive_through"": ""no"", ""name"": ""Tacos Hidalgo"", ""payment:cash"": ""yes"", ""payment:credit_cards"": ""yes"", ""payment:debit_cards"": ""yes"", ""street_vendor"": ""yes""}",2026-08-10T08:57:15.983839+00:00
node,14047613310,Trolley Coffee Company,cafe,,coffee_shop,,,602,East 500 South,P103B,Salt Lake City,UT,84102,"602 East 500 South, P103B, Salt Lake City, UT 84102",,,,,,,no,,40.7576882,-111.8734257,,,https://www.openstreetmap.org/node/14047613310,"{""addr:city"": ""Salt Lake City"", ""addr:housenumber"": ""602"", ""addr:postcode"": ""84102"", ""addr:state"": ""UT"", ""addr:street"": ""East 500 South"", ""addr:unit"": ""P103B"", ""amenity"": ""cafe"", ""cuisine"": ""coffee_shop"", ""name"": ""Trolley Coffee Company"", ""outdoor_seating"": ""no""}",2026-08-10T08:57:15.983839+00:00
way,33194866,Hires Big H,fast_food,,burger,Hires Big H,,425,South 700 East,,Salt Lake City,UT,84102,"425 South 700 East, Salt Lake City, UT 84102",+1-801-364-4582,https://hiresbigh.com/,,Mo-Th 10:30-20:00; Fr-Sa 10:30-22:00,,,,,40.7600871,-111.8707252,,,https://www.openstreetmap.org/way/33194866,"{""addr:city"": ""Salt Lake City"", ""addr:housenumber"": ""425"", ""addr:postcode"": ""84102"", ""addr:state"": ""UT"", ""addr:street"": ""South 700 East"", ""amenity"": ""fast_food"", ""brand"": ""Hires Big H"", ""brand:wikidata"": ""Q5769784"", ""building"": ""retail"", ""check_date"": ""2026-02-05"", ""cuisine"": ""burger"", ""name"": ""Hires Big H"", ""opening_hours"": ""Mo-Th 10:30-20:00; Fr-Sa 10:30-22:00"", ""phone"": ""+1-801-364-4582"", ""website"": ""https://hiresbigh.com/""}",2026-08-10T08:57:15.983839+00:00
way,41889650,KFC,fast_food,,chicken,KFC,Yum! Brands,132,North Redwood Road,,Salt Lake City,UT,84116,"132 North Redwood Road, Salt Lake City, UT 84116",+1 801-364-8650,https://locations.kfc.com/ut/salt-lake-city/132-north-redwood-road/,,"""temporarily closed""",yes,no,no,yes,40.7722870,-111.9388809,,,https://www.openstreetmap.org/way/41889650,"{""addr:city"": ""Salt Lake City"", ""addr:housenumber"": ""132"", ""addr:postcode"": ""84116"", ""addr:state"": ""UT"", ""addr:street"": ""North Redwood Road"", ""alt_name"": ""Kentucky Fried Chicken"", ""amenity"": ""fast_food"", ""brand"": ""KFC"", ""brand:wikidata"": ""Q524757"", ""building"": ""retail"", ""building:levels"": ""1"", ""check_date"": ""2025-05-30"", ""cuisine"": ""chicken"", ""delivery"": ""no"", ""drive_through"": ""yes"", ""name"": ""KFC"", ""opening_hours"": ""\""temporarily closed\"""", ""operator"": ""Yum! Brands"", ""outdoor_seating"": ""no"", ""payment:american_express"": ""yes"", ""payment:coins"": ""yes"", ""payment:discover_card"": ""yes"", ""payment:mastercard"": ""yes"", ""payment:notes"": ""yes"", ""payment:visa"": ""yes"", ""payment:visa_debit"": ""yes"", ""phone"": ""+1 801-364-8650"", ""roof:shape"": ""flat"", ""smoking"": ""outside"", ""takeaway"": ""yes"", ""website"": ""https://locations.kfc.com/ut/salt-lake-city/132-north-redwood-road/"", ""wheelchair"": ""yes""}",2026-08-10T08:57:15.983839+00:00
way,41889902,Denny's,restaurant,,american,Denny's,,1701,West North Temple,,Salt Lake City,UT,84116,"1701 West North Temple, Salt Lake City, UT 84116",+1-801-531-6901,https://locations.dennys.com/UT/SALT-LAKE-CITY/247480,,24/7,yes,no,no,yes,40.7711978,-111.9397000,,,https://www.openstreetmap.org/way/41889902,"{""addr:city"": ""Salt Lake City"", ""addr:housenumber"": ""1701"", ""addr:postcode"": ""84116"", ""addr:state"": ""UT"", ""addr:street"": ""West North Temple"", ""amenity"": ""restaurant"", ""brand"": ""Denny's"", ""brand:wikidata"": ""Q1189695"", ""building"": ""retail"", ""building:levels"": ""1"", ""check_date"": ""2025-05-30"", ""cuisine"": ""american"", ""delivery"": ""no"", ""name"": ""Denny's"", ""opening_hours"": ""24/7"", ""outdoor_seating"": ""no"", ""payment:cash"": ""yes"", ""payment:credit_cards"": ""yes"", ""payment:debit_cards"": ""yes"", ""phone"": ""+1-801-531-6901"", ""smoking"": ""outside"", ""takeaway"": ""yes"", ""website"": ""https://locations.dennys.com/UT/SALT-LAKE-CITY/247480"", ""wheelchair"": ""yes""}",2026-08-10T08:57:15.983839+00:00
way,61111510,McDonald's,fast_food,,burger,McDonald's,,1665,West 700 North,,Salt Lake City,UT,84116,"1665 West 700 North, Salt Lake City, UT 84116",+1 801-532-6876,https://www.mcdonalds.com/us/en-us/location/17961.html,,Mo-Su 06:00-23:00,yes,yes,no,yes,40.7842893,-111.9384166,,,https://www.openstreetmap.org/way/61111510,"{""addr:city"": ""Salt Lake City"", ""addr:country"": ""US"", ""addr:housenumber"": ""1665"", ""addr:postcode"": ""84116"", ""addr:state"": ""UT"", ""addr:street"": ""West 700 North"", ""air_conditioning"": ""yes"", ""amenity"": ""fast_food"", ""brand"": ""McDonald's"", ""brand:wikidata"": ""Q38076"", ""building"": ""retail"", ""building:levels"": ""2"", ""cuisine"": ""burger"", ""delivery"": ""yes"", ""description"": ""Delivery provided through Uber Eats."", ""drive_through"": ""yes"", ""internet_access"": ""wlan"", ""name"": ""McDonald's"", ""opening_hours"": ""Mo-Su 06:00-23:00"", ""outdoor_seating"": ""no"", ""payment:cash"": ""yes"", ""payment:cheque"": ""yes"", ""payment:credit_cards"": ""yes"", ""payment:debit_cards"": ""yes"", ""phone"": ""+1 801-532-6876"", ""roof:shape"": ""flat"", ""smoking"": ""separated"", ""takeaway"": ""yes"", ""website"": ""https://www.mcdonalds.com/us/en-us/location/17961.html"", ""wheelchair"": ""yes""}",2026-08-10T08:57:15.983839+00:00
way,119392369,Del Taco,fast_food,,mexican,Del Taco,,2000,South 3230 West,,Salt Lake City,UT,84104,"2000 South 3230 West, Salt Lake City, UT 84104",,https://locations.deltaco.com/us/ut/salt-lake-city/2000-s-3230-west,,,yes,,,yes,40.7283339,-111.9685266,,,https://www.openstreetmap.org/way/119392369,"{""addr:city"": ""Salt Lake City"", ""addr:country"": ""US"", ""addr:housenumber"": ""2000"", ""addr:postcode"": ""84104"", ""addr:state"": ""UT"", ""addr:street"": ""South 3230 West"", ""amenity"": ""fast_food"", ""brand"": ""Del Taco"", ""brand:wikidata"": ""Q1183818"", ""building"": ""yes"", ""cuisine"": ""mexican"", ""name"": ""Del Taco"", ""takeaway"": ""yes"", ""website"": ""https://locations.deltaco.com/us/ut/salt-lake-city/2000-s-3230-west"", ""wheelchair"": ""yes""}",2026-08-10T08:57:15.983839+00:00
way,133337042,Osteria Amore,restaurant,,italian,,,224,South 1300 East,,Salt Lake City,,84102,"224 South 1300 East, Salt Lake City, 84102",+1 385-270-5606,https://www.osteriaamore.com,,"Mo-Th 11:00-14:00, 16:30-21:30; Fr-Sa 11:00-14:00, 16:30-20:00",,,yes,,40.7641789,-111.8543571,,,https://www.openstreetmap.org/way/133337042,"{""addr:city"": ""Salt Lake City"", ""addr:housenumber"": ""224"", ""addr:postcode"": ""84102"", ""addr:street"": ""South 1300 East"", ""amenity"": ""restaurant"", ""building"": ""yes"", ""contact:facebook"": ""osteriaamoreslc"", ""contact:instagram"": ""osteria_amore"", ""cuisine"": ""italian"", ""name"": ""Osteria Amore"", ""opening_hours"": ""Mo-Th 11:00-14:00, 16:30-21:30; Fr-Sa 11:00-14:00, 16:30-20:00"", ""outdoor_seating"": ""yes"", ""phone"": ""+1 385-270-5606"", ""start_date"": ""2019"", ""strapline"": ""Modern Italian"", ""website"": ""https://www.osteriaamore.com"", ""website:menu"": ""https://www.osteriaamore.com/menu""}",2026-08-10T08:57:15.983839+00:00
way,139054388,Sugar House Station,food_court,,,,,2155,South Highland Drive,,Salt Lake City,UT,84106,"2155 South Highland Drive, Salt Lake City, UT 84106",,https://sugarhousestation.com,,Mo-Th 11:00-23:00; Fr-Sa 11:00-24:00; Su 11:00-15:00,,,yes,,40.7242665,-111.8590950,,,https://www.openstreetmap.org/way/139054388,"{""addr:city"": ""Salt Lake City"", ""addr:country"": ""US"", ""addr:housenumber"": ""2155"", ""addr:postcode"": ""84106"", ""addr:state"": ""UT"", ""addr:street"": ""South Highland Drive"", ""amenity"": ""food_court"", ""building"": ""commercial"", ""check_date"": ""2025-09-01"", ""contact:instagram"": ""sugarhousestation.slc"", ""internet_access"": ""wlan"", ""min_age"": ""21"", ""name"": ""Sugar House Station"", ""opening_hours"": ""Mo-Th 11:00-23:00; Fr-Sa 11:00-24:00; Su 11:00-15:00"", ""outdoor_seating"": ""yes"", ""website"": ""https://sugarhousestation.com""}",2026-08-10T08:57:15.983839+00:00
way,152963645,Gourmandise,,bakery,,,,250,South 300 East,,Salt Lake City,UT,84111,"250 South 300 East, Salt Lake City, UT 84111",+1-801-328-3330,https://www.gourmandise.com/locations#downtown-slc,info@gourmandisethebakery.com,Mo-Th 08:00-22:00; Fr-Sa 08:00-23:00; Su 09:00-14:00,,,,,40.7638534,-111.8831655,,,https://www.openstreetmap.org/way/152963645,"{""addr:city"": ""Salt Lake City"", ""addr:housenumber"": ""250"", ""addr:postcode"": ""84111"", ""addr:state"": ""UT"", ""addr:street"": ""South 300 East"", ""building"": ""commercial"", ""building:levels"": ""1"", ""email"": ""info@gourmandisethebakery.com"", ""name"": ""Gourmandise"", ""opening_hours"": ""Mo-Th 08:00-22:00; Fr-Sa 08:00-23:00; Su 09:00-14:00"", ""payment:cash"": ""yes"", ""payment:credit_cards"": ""yes"", ""phone"": ""+1-801-328-3330"", ""shop"": ""bakery"", ""utahagrc:parcelid"": ""16061790110000"", ""website"": ""https://www.gourmandise.com/locations#downtown-slc""}",2026-08-10T08:57:15.983839+00:00
way,155922988,Rancherito's,restaurant,,mexican,,,775,West North Temple,,Salt Lake City,UT,84116,"775 West North Temple, Salt Lake City, UT 84116",+1 801-328-2609,https://rancheritosmexicanfood.com/locations/salt-lake-city-775-w/,,24/7,,,,yes,40.7710986,-111.9135258,,,https://www.openstreetmap.org/way/155922988,"{""addr:city"": ""Salt Lake City"", ""addr:housenumber"": ""775"", ""addr:postcode"": ""84116"", ""addr:state"": ""UT"", ""addr:street"": ""West North Temple"", ""amenity"": ""restaurant"", ""building"": ""yes"", ""building:levels"": ""1"", ""check_date"": ""2025-05-30"", ""cuisine"": ""mexican"", ""name"": ""Rancherito's"", ""opening_hours"": ""24/7"", ""phone"": ""+1 801-328-2609"", ""roof:shape"": ""flat"", ""website"": ""https://rancheritosmexicanfood.com/locations/salt-lake-city-775-w/"", ""wheelchair"": ""yes""}",2026-08-10T08:57:15.983839+00:00
way,155922990,Pizza Hut,restaurant,,pizza,Pizza Hut,Yum! Brands,804,West North Temple,,Salt Lake City,UT,84116,"804 West North Temple, Salt Lake City, UT 84116",+1 801-363-6300,https://locations.pizzahut.com/ut/salt-lake-city/804-w-north-temple,,09:30-24:00,yes,yes,,,40.7719517,-111.9143385,,,https://www.openstreetmap.org/way/155922990,"{""addr:city"": ""Salt Lake City"", ""addr:housenumber"": ""804"", ""addr:postcode"": ""84116"", ""addr:state"": ""UT"", ""addr:street"": ""West North Temple"", ""amenity"": ""restaurant"", ""brand"": ""Pizza Hut"", ""brand:wikidata"": ""Q191615"", ""building"": ""yes"", ""building:levels"": ""1"", ""check_date"": ""2025-05-30"", ""cuisine"": ""pizza"", ""delivery"": ""yes"", ""drive_through"": ""no"", ""name"": ""Pizza Hut"", ""opening_hours"": ""09:30-24:00"", ""operator"": ""Yum! Brands"", ""phone"": ""+1 801-363-6300"", ""smoking"": ""outside"", ""takeaway"": ""yes"", ""website"": ""https://locations.pizzahut.com/ut/salt-lake-city/804-w-north-temple""}",2026-08-10T08:57:15.983839+00:00
way,155923330,Red Iguana,restaurant,,mexican,Red Iguana,Red Iguana,736,West North Temple,,Salt Lake City,UT,84116,"736 West North Temple, Salt Lake City, UT 84116",+1 801-322-1489,https://www.rediguana.com/,,"Mo-Th,Su 11:00-21:00; Fr-Sa 11:00-22:00",yes,no,no,yes,40.7718524,-111.9124871,,,https://www.openstreetmap.org/way/155923330,"{""addr:city"": ""Salt Lake City"", ""addr:housenumber"": ""736"", ""addr:postcode"": ""84116"", ""addr:state"": ""UT"", ""addr:street"": ""West North Temple"", ""air_conditioning"": ""yes"", ""amenity"": ""restaurant"", ""bar"": ""yes"", ""brand"": ""Red Iguana"", ""brewery"": ""yes;various"", ""building"": ""retail"", ""building:levels"": ""2"", ""check_date"": ""2026-05-20"", ""cuisine"": ""mexican"", ""delivery"": ""no"", ""diet:pescetarian"": ""yes"", ""diet:vegetarian"": ""yes"", ""name"": ""Red Iguana"", ""opening_hours"": ""Mo-Th,Su 11:00-21:00; Fr-Sa 11:00-22:00"", ""operator"": ""Red Iguana"", ""outdoor_seating"": ""no"", ""phone"": ""+1 801-322-1489"", ""smoking"": ""no"", ""takeaway"": ""yes"", ""toilets"": ""yes"", ""website"": ""https://www.rediguana.com/"", ""wheelchair"": ""yes""}",2026-08-10T08:57:15.983839+00:00
way,155925678,McDonald's,fast_food,,burger,McDonald's,,950,West North Temple,,Salt Lake City,UT,84116,"950 West North Temple, Salt Lake City, UT 84116",+1 801-521-4211,https://www.mcdonalds.com/us/en-us/location/6396.html,,07:00-19:00,yes,no,no,yes,40.7718986,-111.9185459,,,https://www.openstreetmap.org/way/155925678,"{""addr:city"": ""Salt Lake City"", ""addr:housenumber"": ""950"", ""addr:postcode"": ""84116"", ""addr:state"": ""UT"", ""addr:street"": ""West North Temple"", ""amenity"": ""fast_food"", ""brand"": ""McDonald's"", ""brand:wikidata"": ""Q38076"", ""building"": ""retail"", ""building:levels"": ""1"", ""check_date"": ""2025-05-30"", ""cuisine"": ""burger"", ""delivery"": ""no"", ""drive_through"": ""yes"", ""internet_access"": ""wlan"", ""name"": ""McDonald's"", ""opening_hours"": ""07:00-19:00"", ""opening_hours:drive_through"": ""06:00-23:00"", ""outdoor_seating"": ""no"", ""phone"": ""+1 801-521-4211"", ""roof:shape"": ""flat"", ""smoking"": ""no"", ""takeaway"": ""yes"", ""website"": ""https://www.mcdonalds.com/us/en-us/location/6396.html"", ""wheelchair"": ""yes""}",2026-08-10T08:57:15.983839+00:00
way,155926987,Burger King,fast_food,,burger,Burger King,Burger King,1660,West North Temple,,Salt Lake City,UT,84116,"1660 West North Temple, Salt Lake City, UT 84116",+1 385-509-3015,https://www.bk.com/store-locator/store/restaurant_883401,,Mo-Sa 06:00-21:00; Su 07:00-21:00,yes,no,no,yes,40.7719198,-111.9381968,,,https://www.openstreetmap.org/way/155926987,"{""addr:city"": ""Salt Lake City"", ""addr:housename"": ""Burger King"", ""addr:housenumber"": ""1660"", ""addr:postcode"": ""84116"", ""addr:state"": ""UT"", ""addr:street"": ""West North Temple"", ""amenity"": ""fast_food"", ""brand"": ""Burger King"", ""brand:wikidata"": ""Q177054"", ""building"": ""retail"", ""building:levels"": ""1"", ""check_date"": ""2025-05-30"", ""contact:phone"": ""+1 801-355-8539"", ""contact:website"": ""https://locations.bk.com/ut/salt-lake-city/1660-west-north-temple.html"", ""cuisine"": ""burger"", ""delivery"": ""no"", ""drive_through"": ""yes"", ""name"": ""Burger King"", ""opening_hours"": ""Mo-Sa 06:00-21:00; Su 07:00-21:00"", ""opening_hours:drive_through"": ""Mo-Sa 06:00-24:00; Su 07:00-23:00"", ""operator"": ""Burger King"", ""outdoor_seating"": ""no"", ""phone"": ""+1 385-509-3015"", ""ref"": ""31574"", ""roof:shape"": ""flat"", ""smoking"": ""outside"", ""takeaway"": ""yes"", ""website"": ""https://www.bk.com/store-locator/store/restaurant_883401"", ""wheelchair"": ""yes""}",2026-08-10T08:57:15.983839+00:00
way,155927687,Papa John's,fast_food,,pizza,Papa John's,Papa John's Pizza,1230,West 600 North,,Salt Lake City,UT,84116,"1230 West 600 North, Salt Lake City, UT 84116",+1 801-961-7272,https://locations.papajohns.com/united-states/ut/84116/salt-lake-city/1230-w-600-n,,"Mo-Th,Su 10:00-23:00; Fr-Sa 10:00-24:00",yes,yes,no,yes,40.7827056,-111.9266214,,,https://www.openstreetmap.org/way/155927687,"{""addr:city"": ""Salt Lake City"", ""addr:floor"": ""1"", ""addr:housenumber"": ""1230"", ""addr:postcode"": ""84116"", ""addr:state"": ""UT"", ""addr:street"": ""West 600 North"", ""air_conditioning"": ""yes"", ""amenity"": ""fast_food"", ""brand"": ""Papa John's"", ""brand:wikidata"": ""Q2759586"", ""building"": ""retail"", ""building:levels"": ""1"", ""check_date"": ""2022-10-24"", ""contact:website"": ""https://locations.papajohns.com/united-states/ut/84116-2680/salt-lake-city/1230-w-600-n"", ""cuisine"": ""pizza"", ""delivery"": ""yes"", ""drive_through"": ""no"", ""internet_access"": ""no"", ""level"": ""0"", ""name"": ""Papa John's"", ""opening_hours"": ""Mo-Th,Su 10:00-23:00; Fr-Sa 10:00-24:00"", ""operator"": ""Papa John's Pizza"", ""outdoor_seating"": ""no"", ""payment:cash"": ""yes"", ""payment:credit_cards"": ""yes"", ""payment:debit_cards"": ""yes"", ""phone"": ""+1 801-961-7272"", ""smoking"": ""outside"", ""takeaway"": ""yes"", ""website"": ""https://locations.papajohns.com/united-states/ut/84116/salt-lake-city/1230-w-600-n"", ""wheelchair"": ""yes""}",2026-08-10T08:57:15.983839+00:00
way,157336331,City Creek Pizza,fast_food,,pizza,,,1306,West North Temple,,Salt Lake City,UT,84116,"1306 West North Temple, Salt Lake City, UT 84116",+1-801-433-2825,https://citycreekpizza.com/,,"Jan 1-May 26, Aug 19-Dec 31 Mo-Fr 11:00-14:00; Sa-Su off",,,,,40.7718366,-111.9288135,,,https://www.openstreetmap.org/way/157336331,"{""addr:city"": ""Salt Lake City"", ""addr:housenumber"": ""1306"", ""addr:postcode"": ""84116"", ""addr:state"": ""UT"", ""addr:street"": ""West North Temple"", ""amenity"": ""fast_food"", ""building"": ""yes"", ""building:levels"": ""1"", ""check_date"": ""2025-05-30"", ""cuisine"": ""pizza"", ""name"": ""City Creek Pizza"", ""opening_hours"": ""Jan 1-May 26, Aug 19-Dec 31 Mo-Fr 11:00-14:00; Sa-Su off"", ""phone"": ""+1-801-433-2825"", ""website"": ""https://citycreekpizza.com/""}",2026-08-10T08:57:15.983839+00:00
way,157338783,Taco Bell,fast_food,,tex-mex,Taco Bell,Taco Bell,1758,West North Temple,,Salt Lake City,UT,84116,"1758 West North Temple, Salt Lake City, UT 84116",+1 801-532-6880,https://locations.tacobell.com/ut/salt-lake-city/1758-west-north-temple.html,,07:00-22:00,yes,no,no,yes,40.7720065,-111.9410139,,,https://www.openstreetmap.org/way/157338783,"{""addr:city"": ""Salt Lake City"", ""addr:housenumber"": ""1758"", ""addr:postcode"": ""84116"", ""addr:state"": ""UT"", ""addr:street"": ""West North Temple"", ""amenity"": ""fast_food"", ""brand"": ""Taco Bell"", ""brand:wikidata"": ""Q752941"", ""building"": ""retail"", ""building:levels"": ""1"", ""check_date"": ""2025-05-30"", ""cuisine"": ""tex-mex"", ""delivery"": ""no"", ""drive_through"": ""yes"", ""name"": ""Taco Bell"", ""opening_hours"": ""07:00-22:00"", ""opening_hours:drive_through"": ""Mo-Th,Su 07:00-02:00, Fr-Sa 07:00-03:00"", ""operator"": ""Taco Bell"", ""outdoor_seating"": ""no"", ""phone"": ""+1 801-532-6880"", ""roof:shape"": ""saltbox"", ""smoking"": ""outside"", ""takeaway"": ""yes"", ""website"": ""https://locations.tacobell.com/ut/salt-lake-city/1758-west-north-temple.html"", ""wheelchair"": ""yes""}",2026-08-10T08:57:15.983839+00:00
way,157338784,Carl's Jr.,fast_food,,burger,Carl's Jr.,Carl's Jr.,1726,West North Temple,,Salt Lake City,UT,84116,"1726 West North Temple, Salt Lake City, UT 84116",+1 801-333-3175,https://locations.carlsjr.com/ut/salt-lake-city/1726-w-north-temple,,06:00-23:00,yes,no,yes,yes,40.7720712,-111.9405442,,,https://www.openstreetmap.org/way/157338784,"{""addr:city"": ""Salt Lake City"", ""addr:housenumber"": ""1726"", ""addr:postcode"": ""84116"", ""addr:state"": ""UT"", ""addr:street"": ""West North Temple"", ""amenity"": ""fast_food"", ""brand"": ""Carl's Jr."", ""brand:wikidata"": ""Q1043486"", ""building"": ""retail"", ""building:levels"": ""1"", ""check_date"": ""2025-05-30"", ""cuisine"": ""burger"", ""delivery"": ""no"", ""drive_through"": ""yes"", ""internet_access"": ""no"", ""name"": ""Carl's Jr."", ""opening_hours"": ""06:00-23:00"", ""operator"": ""Carl's Jr."", ""outdoor_seating"": ""yes"", ""phone"": ""+1 801-333-3175"", ""ref"": ""1100021"", ""roof:shape"": ""flat"", ""smoking"": ""outside"", ""takeaway"": ""yes"", ""website"": ""https://locations.carlsjr.com/ut/salt-lake-city/1726-w-north-temple"", ""wheelchair"": ""yes""}",2026-08-10T08:57:15.983839+00:00
way,213277645,Sugar House Coffee,cafe,,coffee_shop,,,2011,South 1100 East,,Salt Lake City,UT,84105,"2011 South 1100 East, Salt Lake City, UT 84105",+1-801-893-0458,https://www.sugarhousecoffee.com/,info@sugarhousecoffee.com,Mo-Fr 07:00-21:00; Sa 07:00-20:00; Su 08:00-20:00,yes,,yes,yes,40.7264535,-111.8590531,,,https://www.openstreetmap.org/way/213277645,"{""addr:city"": ""Salt Lake City"", ""addr:housenumber"": ""2011"", ""addr:postcode"": ""84105"", ""addr:state"": ""UT"", ""addr:street"": ""South 1100 East"", ""amenity"": ""cafe"", ""building"": ""yes"", ""check_date"": ""2023-08-04"", ""contact:facebook"": ""sugarhousecoffee"", ""contact:instagram"": ""sugarhousecoffee"", ""cuisine"": ""coffee_shop"", ""email"": ""info@sugarhousecoffee.com"", ""internet_access"": ""wlan"", ""internet_access:fee"": ""no"", ""name"": ""Sugar House Coffee"", ""opening_hours"": ""Mo-Fr 07:00-21:00; Sa 07:00-20:00; Su 08:00-20:00"", ""outdoor_seating"": ""yes"", ""phone"": ""+1-801-893-0458"", ""smoking"": ""no"", ""takeaway"": ""yes"", ""website"": ""https://www.sugarhousecoffee.com/"", ""website:menu"": ""https://www.sugarhousecoffee.com/?location=G57KWQDBCEA0R#most-popular"", ""wheelchair"": ""yes""}",2026-08-10T08:57:15.983839+00:00
way,230134077,Ruby River,restaurant,,steak_house,Ruby River,,435,South 700 East,,Salt Lake City,UT,84102,"435 South 700 East, Salt Lake City, UT 84102",+1-801-359-3355,https://www.rubyriver.com/,,Mo-Th 11:00-21:00; Fr 11:00-21:30; Sa 15:00-21:30; Su 15:00-19:00,,,,,40.7596449,-111.8706533,,,https://www.openstreetmap.org/way/230134077,"{""addr:city"": ""Salt Lake City"", ""addr:housenumber"": ""435"", ""addr:postcode"": ""84102"", ""addr:state"": ""UT"", ""addr:street"": ""South 700 East"", ""amenity"": ""restaurant"", ""brand"": ""Ruby River"", ""building"": ""retail"", ""contact:website"": ""https://www.rubyriver.com/"", ""cuisine"": ""steak_house"", ""name"": ""Ruby River"", ""opening_hours"": ""Mo-Th 11:00-21:00; Fr 11:00-21:30; Sa 15:00-21:30; Su 15:00-19:00"", ""phone"": ""+1-801-359-3355""}",2026-08-10T08:57:15.983839+00:00
way,230611930,Apollo Burger,restaurant,,burger,,,143,North Redwood Road,,Salt Lake City,UT,84116,"143 North Redwood Road, Salt Lake City, UT 84116",+1-801-595-1277,https://apolloburgers.com/,,Su-Th 07:00-23:00; Fr-Sa 07:00-24:00,yes,no,yes,yes,40.7727184,-111.9397441,,,https://www.openstreetmap.org/way/230611930,"{""addr:city"": ""Salt Lake City"", ""addr:housenumber"": ""143"", ""addr:postcode"": ""84116"", ""addr:state"": ""UT"", ""addr:street"": ""North Redwood Road"", ""air_conditioning"": ""yes"", ""amenity"": ""restaurant"", ""building"": ""yes"", ""building:levels"": ""1"", ""cuisine"": ""burger"", ""delivery"": ""no"", ""drive_through"": ""yes"", ""internet_access"": ""no"", ""name"": ""Apollo Burger"", ""opening_hours"": ""Su-Th 07:00-23:00; Fr-Sa 07:00-24:00"", ""outdoor_seating"": ""yes"", ""phone"": ""+1-801-595-1277"", ""roof:shape"": ""flat"", ""smoking"": ""outside"", ""takeaway"": ""yes"", ""website"": ""https://apolloburgers.com/"", ""wheelchair"": ""yes""}",2026-08-10T08:57:15.983839+00:00
way,238247847,Bewilder Brewing,pub,,,,,445,South 400 West,,Salt Lake City,UT,84101,"445 South 400 West, Salt Lake City, UT 84101",+1 385-528-3840,https://bewilderbrewing.com,,Mo-Th 11:00-22:00; Fr-Sa 11:00-23:00; Su 11:00-21:00,,,,,40.7594343,-111.9015556,,,https://www.openstreetmap.org/way/238247847,"{""addr:city"": ""Salt Lake City"", ""addr:housenumber"": ""445"", ""addr:postcode"": ""84101"", ""addr:state"": ""UT"", ""addr:street"": ""South 400 West"", ""amenity"": ""pub"", ""building"": ""yes"", ""check_date"": ""2025-06-01"", ""microbrewery"": ""yes"", ""min_age"": ""21"", ""name"": ""Bewilder Brewing"", ""opening_hours"": ""Mo-Th 11:00-22:00; Fr-Sa 11:00-23:00; Su 11:00-21:00"", ""phone"": ""+1 385-528-3840"", ""start_date"": ""2019-12"", ""website"": ""https://bewilderbrewing.com""}",2026-08-10T08:57:15.983839+00:00
way,238364808,Trio,restaurant,,,,,680,South 900 East,,Salt Lake City,UT,84102,"680 South 900 East, Salt Lake City, UT 84102",+1 801 533 8746,https://triodiningslc.com/,,Mo-Th 11:00-21:00; Sa 10:00-21:30; Su 10:00-21:00,,,yes,,40.7544749,-111.8657099,,,https://www.openstreetmap.org/way/238364808,"{""addr:city"": ""Salt Lake City"", ""addr:housenumber"": ""680"", ""addr:postcode"": ""84102"", ""addr:state"": ""UT"", ""addr:street"": ""South 900 East"", ""amenity"": ""restaurant"", ""building"": ""commercial"", ""lunch"": ""yes"", ""name"": ""Trio"", ""opening_hours"": ""Mo-Th 11:00-21:00; Sa 10:00-21:30; Su 10:00-21:00"", ""outdoor_seating"": ""yes"", ""phone"": ""+1 801 533 8746"", ""website"": ""https://triodiningslc.com/""}",2026-08-10T08:57:15.983839+00:00
way,259806005,Baskin-Robbins,ice_cream,,ice_cream,Baskin-Robbins,,1465,East 2100 South,,Salt Lake City,UT,84105,"1465 East 2100 South, Salt Lake City, UT 84105",+1 801-484-1351,https://locations.baskinrobbins.com/ut/salt-lake-city/1465-e-2100-s-361101-br,,Mo-Th 11:00-22:00; Fr-Sa 11:00-23:00; Su 11:00-22:00,yes,no,yes,,40.7261553,-111.8489005,,,https://www.openstreetmap.org/way/259806005,"{""addr:city"": ""Salt Lake City"", ""addr:housenumber"": ""1465"", ""addr:postcode"": ""84105"", ""addr:state"": ""UT"", ""addr:street"": ""East 2100 South"", ""amenity"": ""ice_cream"", ""brand"": ""Baskin-Robbins"", ""brand:wikidata"": ""Q584601"", ""building"": ""yes"", ""cuisine"": ""ice_cream"", ""delivery"": ""no"", ""name"": ""Baskin-Robbins"", ""opening_hours"": ""Mo-Th 11:00-22:00; Fr-Sa 11:00-23:00; Su 11:00-22:00"", ""outdoor_seating"": ""yes"", ""phone"": ""+1 801-484-1351"", ""takeaway"": ""yes"", ""website"": ""https://locations.baskinrobbins.com/ut/salt-lake-city/1465-e-2100-s-361101-br""}",2026-08-10T08:57:15.983839+00:00
way,283851036,Publik Coffee,cafe,,,,,975,South West Temple,,Salt Lake City,UT,84101,"975 South West Temple, Salt Lake City, UT 84101",+1 801-355-3161,https://publikcoffee.com/,,Mo-Fr 07:00-18:00; Sa-Su 08:00-18:00,,no,no,yes,40.7478485,-111.8933752,,,https://www.openstreetmap.org/way/283851036,"{""addr:city"": ""Salt Lake City"", ""addr:housenumber"": ""975"", ""addr:postcode"": ""84101"", ""addr:state"": ""UT"", ""addr:street"": ""South West Temple"", ""air_conditioning"": ""yes"", ""amenity"": ""cafe"", ""bar"": ""yes"", ""building"": ""yes"", ""check_date"": ""2026-08-06"", ""check_date:opening_hours"": ""2026-04-22"", ""delivery"": ""no"", ""drive_through"": ""no"", ""indoor_seating"": ""yes"", ""internet_access"": ""wlan"", ""internet_access:fee"": ""customers"", ""name"": ""Publik Coffee"", ""opening_hours"": ""Mo-Fr 07:00-18:00; Sa-Su 08:00-18:00"", ""outdoor_seating"": ""no"", ""payment:american_express"": ""yes"", ""payment:app"": ""no"", ""payment:cards"": ""yes"", ""payment:cash"": ""yes"", ""payment:cheque"": ""no"", ""payment:contactless"": ""yes"", ""payment:credit_cards"": ""yes"", ""payment:cryptocurrencies"": ""no"", ""payment:debit_cards"": ""yes"", ""payment:diners_club"": ""no"", ""payment:discover_card"": ""no"", ""payment:electronic_purses"": ""no"", ""payment:ep_easycard"": ""no"", ""payment:ep_ipass"": ""no"", ""payment:girocard"": ""no"", ""payment:jcb"": ""no"", ""payment:mastercard"": ""yes"", ""payment:telephone_cards"": ""no"", ""payment:unionpay"": ""no"", ""payment:visa"": ""yes"", ""payment:visa_debit"": ""no"", ""payment:visa_electron"": ""no"", ""phone"": ""+1 801-355-3161"", ""toilets"": ""yes"", ""website"": ""https://publikcoffee.com/"", ""wheelchair"": ""yes""}",2026-08-10T08:57:15.983839+00:00
way,291855245,Banbury Cross,restaurant,,donut,,,678,700 South,,Salt Lake City,UT,,"678 700 South, Salt Lake City, UT",,,,,,,,,40.7538510,-111.8707318,,,https://www.openstreetmap.org/way/291855245,"{""addr:city"": ""Salt Lake City"", ""addr:housenumber"": ""678"", ""addr:state"": ""UT"", ""addr:street"": ""700 South"", ""amenity"": ""restaurant"", ""building"": ""retail"", ""contact:facebook"": ""https://www.facebook.com/BanburyCrossDonuts/"", ""cuisine"": ""donut"", ""name"": ""Banbury Cross""}",2026-08-10T08:57:15.983839+00:00
way,291856512,Litzas Pizza,restaurant,,pizza,Litzas Pizza,,716,East 400 South,,Salt Lake City,UT,84102,"716 East 400 South, Salt Lake City, UT 84102",+1-801-359-5352,https://www.litzaspizza.com/,,We-Sa 11:00-20:00,,,,,40.7603611,-111.8702690,,,https://www.openstreetmap.org/way/291856512,"{""addr:city"": ""Salt Lake City"", ""addr:country"": ""US"", ""addr:housenumber"": ""716"", ""addr:postcode"": ""84102"", ""addr:state"": ""UT"", ""addr:street"": ""East 400 South"", ""amenity"": ""restaurant"", ""brand"": ""Litzas Pizza"", ""building"": ""retail"", ""check_date"": ""2026-02-05"", ""contact:website"": ""https://www.litzaspizza.com/"", ""cuisine"": ""pizza"", ""name"": ""Litzas Pizza"", ""opening_hours"": ""We-Sa 11:00-20:00"", ""phone"": ""+1-801-359-5352""}",2026-08-10T08:57:15.983839+00:00
way,292007606,Salt Lake Roasting Company,cafe,,coffee_shop,,,820,East 400 South,,Salt Lake City,UT,84102,"820 East 400 South, Salt Lake City, UT 84102",+1 801 363 7572,https://www.roasting.com/,,Mo-Sa 06:30-19:00,,,,limited,40.7603542,-111.8673078,,,https://www.openstreetmap.org/way/292007606,"{""addr:city"": ""Salt Lake City"", ""addr:country"": ""US"", ""addr:housenumber"": ""820"", ""addr:postcode"": ""84102"", ""addr:state"": ""UT"", ""addr:street"": ""East 400 South"", ""amenity"": ""cafe"", ""building"": ""retail"", ""cuisine"": ""coffee_shop"", ""food"": ""yes"", ""internet_access"": ""wlan"", ""lunch"": ""yes"", ""name"": ""Salt Lake Roasting Company"", ""opening_hours"": ""Mo-Sa 06:30-19:00"", ""phone"": ""+1 801 363 7572"", ""short_name"": ""Salt Lake Roasting Co."", ""website"": ""https://www.roasting.com/"", ""wheelchair"": ""limited""}",2026-08-10T08:57:15.983839+00:00
way,292009563,Tulie Bakery,,bakery,,,,,,,,,,,+1 801 883 9741,https://tuliebakery.com/,info@tuliebakery.com,Mo-Su 08:00-17:00,,,,,40.7543981,-111.8660638,,,https://www.openstreetmap.org/way/292009563,"{""building"": ""commercial"", ""email"": ""info@tuliebakery.com"", ""name"": ""Tulie Bakery"", ""opening_hours"": ""Mo-Su 08:00-17:00"", ""payment:apple_pay"": ""yes"", ""payment:cash"": ""yes"", ""payment:credit_cards"": ""yes"", ""phone"": ""+1 801 883 9741"", ""shop"": ""bakery"", ""website"": ""https://tuliebakery.com/""}",2026-08-10T08:57:15.983839+00:00
way,292146719,Del Taco,fast_food,,mexican,Del Taco,,809,East 400 South,,Salt Lake City,UT,84102,"809 East 400 South, Salt Lake City, UT 84102",+1-801-596-1107,https://locations.deltaco.com/us/ut/salt-lake-city/809-e-400-south,,24/7,yes,,,,40.7609987,-111.8678180,,,https://www.openstreetmap.org/way/292146719,"{""addr:city"": ""Salt Lake City"", ""addr:country"": ""US"", ""addr:housenumber"": ""809"", ""addr:postcode"": ""84102"", ""addr:state"": ""UT"", ""addr:street"": ""East 400 South"", ""amenity"": ""fast_food"", ""brand"": ""Del Taco"", ""brand:wikidata"": ""Q1183818"", ""building"": ""retail"", ""cuisine"": ""mexican"", ""drive_through"": ""yes"", ""name"": ""Del Taco"", ""opening_hours"": ""24/7"", ""phone"": ""+1-801-596-1107"", ""takeaway"": ""yes"", ""website"": ""https://locations.deltaco.com/us/ut/salt-lake-city/809-e-400-south""}",2026-08-10T08:57:15.983839+00:00
way,307082732,Valter's Osteria,restaurant,,italian,,,173,West 300 South,,Salt Lake City,UT,,"173 West 300 South, Salt Lake City, UT",+1 801-521-4563,https://valtersosteria.com/,,Tu-Sa 17:30-22:00,,,,yes,40.7625240,-111.8962188,,,https://www.openstreetmap.org/way/307082732,"{""addr:city"": ""Salt Lake City"", ""addr:housenumber"": ""173"", ""addr:state"": ""UT"", ""addr:street"": ""West 300 South"", ""addr:street:prefix"": ""West"", ""amenity"": ""restaurant"", ""building"": ""yes"", ""cuisine"": ""italian"", ""name"": ""Valter's Osteria"", ""opening_hours"": ""Tu-Sa 17:30-22:00"", ""phone"": ""+1 801-521-4563"", ""website"": ""https://valtersosteria.com/"", ""wheelchair"": ""yes""}",2026-08-10T08:57:15.983839+00:00
way,309677678,McDonald's,fast_food,,burger,McDonald's,,1655,South Redwood Road,,Salt Lake City,UT,84104,"1655 South Redwood Road, Salt Lake City, UT 84104",+1 801-973-0707,https://www.mcdonalds.com/us/en-us/location/6805.html,,24/7,yes,yes,,,40.7339182,-111.9382734,,,https://www.openstreetmap.org/way/309677678,"{""addr:city"": ""Salt Lake City"", ""addr:housenumber"": ""1655"", ""addr:postcode"": ""84104"", ""addr:state"": ""UT"", ""addr:street"": ""South Redwood Road"", ""amenity"": ""fast_food"", ""brand"": ""McDonald's"", ""brand:wikidata"": ""Q38076"", ""building"": ""retail"", ""cuisine"": ""burger"", ""delivery"": ""yes"", ""drive_through"": ""yes"", ""internet_access"": ""wlan"", ""name"": ""McDonald's"", ""opening_hours"": ""24/7"", ""phone"": ""+1 801-973-0707"", ""takeaway"": ""yes"", ""website"": ""https://www.mcdonalds.com/us/en-us/location/6805.html""}",2026-08-10T08:57:15.983839+00:00
way,309677679,Arby's,fast_food,,sandwich,Arby's,,1685,South Redwood Road,,Salt Lake City,UT,84104,"1685 South Redwood Road, Salt Lake City, UT 84104",+1 801-972-5052,https://www.arbys.com/locations/us/ut/salt-lake-city/1685-s-redwood-rd/store-1208/,,Mo-Su 11:00-19:00,yes,,yes,,40.7335964,-111.9383323,,,https://www.openstreetmap.org/way/309677679,"{""addr:city"": ""Salt Lake City"", ""addr:housenumber"": ""1685"", ""addr:postcode"": ""84104"", ""addr:state"": ""UT"", ""addr:street"": ""South Redwood Road"", ""amenity"": ""fast_food"", ""brand"": ""Arby's"", ""brand:wikidata"": ""Q630866"", ""building"": ""retail"", ""check_date"": ""2024-06-21"", ""cuisine"": ""sandwich"", ""drive_through"": ""yes"", ""indoor_seating"": ""yes"", ""name"": ""Arby's"", ""opening_hours"": ""Mo-Su 11:00-19:00"", ""outdoor_seating"": ""yes"", ""phone"": ""+1 801-972-5052"", ""takeaway"": ""yes"", ""website"": ""https://www.arbys.com/locations/us/ut/salt-lake-city/1685-s-redwood-rd/store-1208/""}",2026-08-10T08:57:15.983839+00:00
way,321407914,Per Noi Trattoria,restaurant,,italian,,,3005,South Highland Drive,,Salt Lake City,UT,84106,"3005 South Highland Drive, Salt Lake City, UT 84106",+1-801-486-3333,https://pernoitrattoria.com/,,Mo-Th 11:00-21:00; Fr-Sa 11:00-22:00,yes,,yes,,40.7058928,-111.8525722,,,https://www.openstreetmap.org/way/321407914,"{""addr:city"": ""Salt Lake City"", ""addr:housenumber"": ""3005"", ""addr:postcode"": ""84106"", ""addr:state"": ""UT"", ""addr:street"": ""South Highland Drive"", ""amenity"": ""restaurant"", ""building"": ""commercial"", ""check_date:opening_hours"": ""2023-08-15"", ""cuisine"": ""italian"", ""name"": ""Per Noi Trattoria"", ""opening_hours"": ""Mo-Th 11:00-21:00; Fr-Sa 11:00-22:00"", ""outdoor_seating"": ""yes"", ""phone"": ""+1-801-486-3333"", ""smoking"": ""no"", ""takeaway"": ""yes"", ""website"": ""https://pernoitrattoria.com/""}",2026-08-10T08:57:15.983839+00:00
way,377643147,Bruges Waffles & Frites,cafe,confectionery,international,,,2314,South Highland Drive,,Salt Lake City,UT,84106,"2314 South Highland Drive, Salt Lake City, UT 84106",+1-801-486-9999,https://brugeswaffles.com/,,Mo-Th 10:00-20:00; Fr-Sa 09:00-21:00; Su 09:00-14:00,,,,,40.7207429,-111.8581545,,,https://www.openstreetmap.org/way/377643147,"{""addr:city"": ""Salt Lake City"", ""addr:housenumber"": ""2314"", ""addr:postcode"": ""84106"", ""addr:state"": ""UT"", ""addr:street"": ""South Highland Drive"", ""amenity"": ""cafe"", ""building"": ""yes"", ""cuisine"": ""international"", ""name"": ""Bruges Waffles & Frites"", ""opening_hours"": ""Mo-Th 10:00-20:00; Fr-Sa 09:00-21:00; Su 09:00-14:00"", ""phone"": ""+1-801-486-9999"", ""shop"": ""confectionery"", ""smoking"": ""outside"", ""website"": ""https://brugeswaffles.com/""}",2026-08-10T08:57:15.983839+00:00
way,378964092,Julia's Mexican,restaurant,,mexican,,,51,South 1000 West,,Salt Lake City,UT,84104,"51 South 1000 West, Salt Lake City, UT 84104",,,,Th-Tu 09:00-18:00; We off,yes,no,,,40.7678449,-111.9194181,,,https://www.openstreetmap.org/way/378964092,"{""addr:city"": ""Salt Lake City"", ""addr:housenumber"": ""51"", ""addr:postcode"": ""84104"", ""addr:state"": ""UT"", ""addr:street"": ""South 1000 West"", ""amenity"": ""restaurant"", ""building"": ""yes"", ""cuisine"": ""mexican"", ""delivery"": ""no"", ""name"": ""Julia's Mexican"", ""opening_hours"": ""Th-Tu 09:00-18:00; We off"", ""takeaway"": ""yes""}",2026-08-10T08:57:15.983839+00:00
way,388557205,Wendy's,fast_food,,burger,Wendy's,The Wendy's Company,1783,West North Temple,,Salt Lake City,UT,84116,"1783 West North Temple, Salt Lake City, UT 84116",+1 801-363-3995,https://locations.wendys.com/united-states/ut/salt-lake-city/1783-w-n-temple,,06:00-01:00,yes,no,no,yes,40.7710278,-111.9417570,,,https://www.openstreetmap.org/way/388557205,"{""addr:city"": ""Salt Lake City"", ""addr:housenumber"": ""1783"", ""addr:postcode"": ""84116"", ""addr:state"": ""UT"", ""addr:street"": ""West North Temple"", ""amenity"": ""fast_food"", ""brand"": ""Wendy's"", ""brand:wikidata"": ""Q550258"", ""building"": ""retail"", ""building:levels"": ""1"", ""check_date"": ""2025-05-30"", ""cuisine"": ""burger"", ""delivery"": ""no"", ""drive_through"": ""yes"", ""internet_access"": ""wlan"", ""name"": ""Wendy's"", ""opening_hours"": ""06:00-01:00"", ""opening_hours:drive_through"": ""06:00-01:00"", ""operator"": ""The Wendy's Company"", ""outdoor_seating"": ""no"", ""phone"": ""+1 801-363-3995"", ""roof:shape"": ""flat"", ""smoking"": ""outside"", ""takeaway"": ""yes"", ""website"": ""https://locations.wendys.com/united-states/ut/salt-lake-city/1783-w-n-temple"", ""wheelchair"": ""yes""}",2026-08-10T08:57:15.983839+00:00
way,389132971,Crown Burgers,fast_food,,burger,Crown Burgers,,118,North 300 West,,Salt Lake City,UT,84103,"118 North 300 West, Salt Lake City, UT 84103",+1 801-532-5300,www.crown-burgers.com,,Mo-Sa 10:00-22:30,yes,no,,,40.7721065,-111.8992419,,,https://www.openstreetmap.org/way/389132971,"{""addr:city"": ""Salt Lake City"", ""addr:country"": ""US"", ""addr:housenumber"": ""118"", ""addr:postcode"": ""84103"", ""addr:state"": ""UT"", ""addr:street"": ""North 300 West"", ""amenity"": ""fast_food"", ""brand"": ""Crown Burgers"", ""brand:wikidata"": ""Q5189316"", ""building"": ""retail"", ""building:levels"": ""1"", ""cuisine"": ""burger"", ""delivery"": ""no"", ""drive_through"": ""yes"", ""name"": ""Crown Burgers"", ""opening_hours"": ""Mo-Sa 10:00-22:30"", ""phone"": ""+1 801-532-5300"", ""roof:levels"": ""1"", ""smoking"": ""outside"", ""takeaway"": ""yes"", ""website"": ""www.crown-burgers.com""}",2026-08-10T08:57:15.983839+00:00
way,390437130,Nico's,restaurant,,mexican,,,1458,West North Temple,,Salt Lake City,UT,84116,"1458 West North Temple, Salt Lake City, UT 84116",+1-801-364-0363,https://nicos-restaurant.square.site,,Mo-Sa 10:00-20:00; Su off,,,,,40.7717998,-111.9328938,,,https://www.openstreetmap.org/way/390437130,"{""addr:city"": ""Salt Lake City"", ""addr:housenumber"": ""1458"", ""addr:postcode"": ""84116"", ""addr:state"": ""UT"", ""addr:street"": ""West North Temple"", ""amenity"": ""restaurant"", ""building"": ""yes"", ""building:levels"": ""1"", ""check_date"": ""2025-05-30"", ""contact:facebook"": ""https://www.facebook.com/people/Nicos-Restaurant/100054903904076/"", ""cuisine"": ""mexican"", ""name"": ""Nico's"", ""opening_hours"": ""Mo-Sa 10:00-20:00; Su off"", ""phone"": ""+1-801-364-0363"", ""website"": ""https://nicos-restaurant.square.site""}",2026-08-10T08:57:15.983839+00:00
way,391715139,Subway,fast_food,,sandwich,Subway,,5480,West Amelia Earhart Drive,,Salt Lake City,UT,84116,"5480 West Amelia Earhart Drive, Salt Lake City, UT 84116",+1-801-519-2200,https://restaurants.subway.com/united-states/ut/salt-lake-city/5480-w-amelia-earhart-dr,,Mo-Fr 07:30-21:30; Sa 09:00-15:00; Su 10:00-16:00,yes,no,,yes,40.7767784,-112.0225452,,,https://www.openstreetmap.org/way/391715139,"{""addr:city"": ""Salt Lake City"", ""addr:housenumber"": ""5480"", ""addr:postcode"": ""84116"", ""addr:state"": ""UT"", ""addr:street"": ""West Amelia Earhart Drive"", ""air_conditioning"": ""yes"", ""amenity"": ""fast_food"", ""brand"": ""Subway"", ""brand:wikidata"": ""Q244457"", ""building"": ""yes"", ""building:levels"": ""1"", ""cuisine"": ""sandwich"", ""currency:USD"": ""yes"", ""delivery"": ""no"", ""name"": ""Subway"", ""opening_hours"": ""Mo-Fr 07:30-21:30; Sa 09:00-15:00; Su 10:00-16:00"", ""payment:cash"": ""yes"", ""payment:cheque"": ""yes"", ""payment:credit_cards"": ""yes"", ""payment:debit_cards"": ""yes"", ""phone"": ""+1-801-519-2200"", ""smoking"": ""outside"", ""source"": ""website"", ""takeaway"": ""yes"", ""website"": ""https://restaurants.subway.com/united-states/ut/salt-lake-city/5480-w-amelia-earhart-dr"", ""wheelchair"": ""yes""}",2026-08-10T08:57:15.983839+00:00
way,396997391,Poplar Street Pub,pub,,,,,242,South 200 West,,Salt Lake City,UT,84101,"242 South 200 West, Salt Lake City, UT 84101",+1 801-532-2715,https://poplarstreetpub.com/,,Mo-Su 11:00-25:00,,,,yes,40.7638311,-111.8975253,,,https://www.openstreetmap.org/way/396997391,"{""addr:city"": ""Salt Lake City"", ""addr:housenumber"": ""242"", ""addr:postcode"": ""84101"", ""addr:state"": ""UT"", ""addr:street"": ""South 200 West"", ""amenity"": ""pub"", ""building"": ""yes"", ""name"": ""Poplar Street Pub"", ""opening_hours"": ""Mo-Su 11:00-25:00"", ""phone"": ""+1 801-532-2715"", ""source"": ""esri/USA_NAD_Addresses"", ""website"": ""https://poplarstreetpub.com/"", ""wheelchair"": ""yes""}",2026-08-10T08:57:15.983839+00:00
way,415599618,California Burgers & Deli,fast_food,,burger,,,306,North 300 West,,Salt Lake City,UT,84103,"306 North 300 West, Salt Lake City, UT 84103",+1 801-924-0372,,,"Mo-Fr 08:00-15:00, 17:00-21:00; Sa 08:00-20:00",,,,,40.7761033,-111.8993130,,,https://www.openstreetmap.org/way/415599618,"{""addr:city"": ""Salt Lake City"", ""addr:housenumber"": ""306"", ""addr:postcode"": ""84103"", ""addr:state"": ""UT"", ""addr:street"": ""North 300 West"", ""amenity"": ""fast_food"", ""building"": ""yes"", ""cuisine"": ""burger"", ""name"": ""California Burgers & Deli"", ""opening_hours"": ""Mo-Fr 08:00-15:00, 17:00-21:00; Sa 08:00-20:00"", ""phone"": ""+1 801-924-0372""}",2026-08-10T08:57:15.983839+00:00
way,419522093,Karamba,bar,,,,,1051,East 2100 South,,Salt Lake City,UT,84106,"1051 East 2100 South, Salt Lake City, UT 84106",,https://famouskaramba.com/,info@famouskaramba.com,Fr-Su 19:00-25:00,,,,yes,40.7256963,-111.8608726,,,https://www.openstreetmap.org/way/419522093,"{""addr:city"": ""Salt Lake City"", ""addr:housenumber"": ""1051"", ""addr:postcode"": ""84106"", ""addr:state"": ""UT"", ""addr:street"": ""East 2100 South"", ""amenity"": ""bar"", ""building"": ""yes"", ""email"": ""info@famouskaramba.com"", ""name"": ""Karamba"", ""opening_hours"": ""Fr-Su 19:00-25:00"", ""website"": ""https://famouskaramba.com/"", ""wheelchair"": ""yes""}",2026-08-10T08:57:15.983839+00:00
way,419522096,Chipotle,fast_food,,mexican,Chipotle,,1011,East 2100 South,,Salt Lake City,UT,84106,"1011 East 2100 South, Salt Lake City, UT 84106",+1 801-467-1311,https://locations.chipotle.com/ut/salt-lake-city/1011-e-2100-s,,Mo-Sa 10:45-23:00,yes,,yes,yes,40.7256790,-111.8620294,,,https://www.openstreetmap.org/way/419522096,"{""addr:city"": ""Salt Lake City"", ""addr:country"": ""US"", ""addr:housenumber"": ""1011"", ""addr:postcode"": ""84106"", ""addr:state"": ""UT"", ""addr:street"": ""East 2100 South"", ""amenity"": ""fast_food"", ""brand"": ""Chipotle"", ""brand:wikidata"": ""Q465751"", ""building"": ""commercial"", ""cuisine"": ""mexican"", ""diet:vegan"": ""yes"", ""diet:vegetarian"": ""yes"", ""name"": ""Chipotle"", ""official_name"": ""Chipotle Mexican Grill"", ""opening_hours"": ""Mo-Sa 10:45-23:00"", ""outdoor_seating"": ""yes"", ""phone"": ""+1 801-467-1311"", ""takeaway"": ""yes"", ""website"": ""https://locations.chipotle.com/ut/salt-lake-city/1011-e-2100-s"", ""wheelchair"": ""yes""}",2026-08-10T08:57:15.983839+00:00
way,419522098,Millie's Burgers,fast_food,,burger,,,2092,South 1000 East,,Salt Lake City,UT,84106,"2092 South 1000 East, Salt Lake City, UT 84106",+1-801-466-6043,,,Mo-Sa 11:00-21:00,yes,,yes,yes,40.7255912,-111.8627551,,,https://www.openstreetmap.org/way/419522098,"{""addr:city"": ""Salt Lake City"", ""addr:housenumber"": ""2092"", ""addr:postcode"": ""84106"", ""addr:state"": ""UT"", ""addr:street"": ""South 1000 East"", ""amenity"": ""fast_food"", ""building"": ""commercial"", ""check_date"": ""2026-03-09"", ""cuisine"": ""burger"", ""drive_through"": ""no"", ""name"": ""Millie's Burgers"", ""opening_hours"": ""Mo-Sa 11:00-21:00"", ""outdoor_seating"": ""yes"", ""payment:apple_pay"": ""yes"", ""payment:cards"": ""yes"", ""payment:cash"": ""yes"", ""payment:coins"": ""yes"", ""payment:contactless"": ""yes"", ""payment:credit_cards"": ""yes"", ""payment:google_pay"": ""yes"", ""payment:mastercard"": ""yes"", ""payment:visa"": ""yes"", ""phone"": ""+1-801-466-6043"", ""smoking"": ""no"", ""takeaway"": ""yes"", ""wheelchair"": ""yes""}",2026-08-10T08:57:15.983839+00:00
way,419522104,McDonald's,fast_food,,burger,McDonald's,,945,East 2100 South,,Salt Lake City,UT,84105,"945 East 2100 South, Salt Lake City, UT 84105",+1 801-484-3382,https://www.mcdonalds.com/us/en-us/location/6408.html,,07:00-23:00,yes,,,,40.7257561,-111.8641254,,,https://www.openstreetmap.org/way/419522104,"{""addr:city"": ""Salt Lake City"", ""addr:housenumber"": ""945"", ""addr:postcode"": ""84105"", ""addr:state"": ""UT"", ""addr:street"": ""East 2100 South"", ""amenity"": ""fast_food"", ""brand"": ""McDonald's"", ""brand:wikidata"": ""Q38076"", ""building"": ""yes"", ""cuisine"": ""burger"", ""drive_through"": ""yes"", ""internet_access"": ""wlan"", ""name"": ""McDonald's"", ""opening_hours"": ""07:00-23:00"", ""phone"": ""+1 801-484-3382"", ""source"": ""Bing"", ""takeaway"": ""yes"", ""website"": ""https://www.mcdonalds.com/us/en-us/location/6408.html""}",2026-08-10T08:57:15.983839+00:00
way,422029992,,restaurant,,mexican,,,,,,,,,,,,,,,,,,40.7419108,-111.9385888,,,https://www.openstreetmap.org/way/422029992,"{""amenity"": ""restaurant"", ""building"": ""yes"", ""cuisine"": ""mexican""}",2026-08-10T08:57:15.983839+00:00
way,422037385,Dee's,restaurant,,american,,,,,,,,,,,,,,,,,,40.7262893,-111.9385092,,,https://www.openstreetmap.org/way/422037385,"{""amenity"": ""restaurant"", ""building"": ""yes"", ""cuisine"": ""american"", ""name"": ""Dee's""}",2026-08-10T08:57:15.983839+00:00
way,425404398,McDonald's,fast_food,,burger,McDonald's,,210,West 500 South,,Salt Lake City,UT,84101,"210 West 500 South, Salt Lake City, UT 84101",+1 801-906-0936,https://www.mcdonalds.com/us/en-us/location/10781.html,,Mo-Su 06:00-23:00,yes,,no,yes,40.7590702,-111.8973637,,,https://www.openstreetmap.org/way/425404398,"{""addr:city"": ""Salt Lake City"", ""addr:housenumber"": ""210"", ""addr:postcode"": ""84101"", ""addr:state"": ""UT"", ""addr:street"": ""West 500 South"", ""air_conditioning"": ""yes"", ""amenity"": ""fast_food"", ""brand"": ""McDonald's"", ""brand:wikidata"": ""Q38076"", ""building"": ""yes"", ""cuisine"": ""burger"", ""drive_through"": ""yes"", ""internet_access"": ""wlan"", ""name"": ""McDonald's"", ""opening_hours"": ""Mo-Su 06:00-23:00"", ""outdoor_seating"": ""no"", ""payment:cash"": ""yes"", ""payment:cheque"": ""yes"", ""payment:credit_cards"": ""yes"", ""payment:debit_cards"": ""yes"", ""phone"": ""+1 801-906-0936"", ""smoking"": ""outside"", ""takeaway"": ""yes"", ""website"": ""https://www.mcdonalds.com/us/en-us/location/10781.html"", ""wheelchair"": ""yes""}",2026-08-10T08:57:15.983839+00:00
way,439745494,Corner Bakery,cafe,,coffee_shop,Corner Bakery,Corner Bakery,610,South Foothill Drive,,Salt Lake City,UT,84113,"610 South Foothill Drive, Salt Lake City, UT 84113",+1 801-503-2000,https://www.cornerbakerycafe.com/,,Mo-Fr 06:30-21:00; Sa 07:00-21:00; Su 07:00-20:00,yes,yes,yes,,40.7547677,-111.8339117,,,https://www.openstreetmap.org/way/439745494,"{""addr:city"": ""Salt Lake City"", ""addr:country"": ""US"", ""addr:housenumber"": ""610"", ""addr:postcode"": ""84113"", ""addr:state"": ""UT"", ""addr:street"": ""South Foothill Drive"", ""amenity"": ""cafe"", ""brand"": ""Corner Bakery"", ""brand:wikidata"": ""Q5171598"", ""building"": ""yes"", ""cuisine"": ""coffee_shop"", ""delivery"": ""yes"", ""internet_access"": ""yes"", ""name"": ""Corner Bakery"", ""opening_hours"": ""Mo-Fr 06:30-21:00; Sa 07:00-21:00; Su 07:00-20:00"", ""operator"": ""Corner Bakery"", ""outdoor_seating"": ""yes"", ""phone"": ""+1 801-503-2000"", ""takeaway"": ""yes"", ""website"": ""https://www.cornerbakerycafe.com/""}",2026-08-10T08:57:15.983839+00:00
way,439787930,Mira Mira,cafe,,coffee_shop,,,179,West 900 South,,,UT,,"179 West 900 South, UT",,,,Mo-Fr 07:00-16:00; Sa-Su 08:00-17:00,,,yes,limited,40.7494878,-111.8963371,,,https://www.openstreetmap.org/way/439787930,"{""addr:housenumber"": ""179"", ""addr:state"": ""UT"", ""addr:street"": ""West 900 South"", ""amenity"": ""cafe"", ""building"": ""commercial"", ""check_date"": ""2026-07-27"", ""check_date:opening_hours"": ""2026-07-06"", ""cuisine"": ""coffee_shop"", ""description"": ""Blue Copper Coffee and some Puerto Rican food."", ""internet_access"": ""yes"", ""name"": ""Mira Mira"", ""opening_hours"": ""Mo-Fr 07:00-16:00; Sa-Su 08:00-17:00"", ""outdoor_seating"": ""yes"", ""payment:cash"": ""yes"", ""payment:credit_cards"": ""yes"", ""payment:debit_cards"": ""yes"", ""wheelchair"": ""limited""}",2026-08-10T08:57:15.983839+00:00
way,453285490,Arlo,restaurant,,,,,271,West Center Street,,Salt Lake City,UT,,"271 West Center Street, Salt Lake City, UT",+1-385-266-8845,https://www.arlorestaurant.com,,"Mo-Tu off; We-Sa 17:30-21:30; Su 10:00-14:00,17:30-21:00",,,yes,,40.7753905,-111.8924033,,,https://www.openstreetmap.org/way/453285490,"{""addr:city"": ""Salt Lake City"", ""addr:country"": ""US"", ""addr:housenumber"": ""271"", ""addr:state"": ""UT"", ""addr:street"": ""West Center Street"", ""amenity"": ""restaurant"", ""building"": ""yes"", ""check_date"": ""2025-06-02"", ""contact:facebook"": ""https://www.facebook.com/arlorestaurant/"", ""diet:vegetarian"": ""yes"", ""internet_access"": ""wlan"", ""internet_access:fee"": ""no"", ""name"": ""Arlo"", ""opening_hours"": ""Mo-Tu off; We-Sa 17:30-21:30; Su 10:00-14:00,17:30-21:00"", ""opening_hours:covid19"": ""We-Su 17:30-21:30"", ""outdoor_seating"": ""yes"", ""phone"": ""+1-385-266-8845"", ""smoking"": ""no"", ""website"": ""https://www.arlorestaurant.com""}",2026-08-10T08:57:15.983839+00:00
way,460938320,HandleBar,bar,,,,,751,North 300 West,,Salt Lake City,UT,,"751 North 300 West, Salt Lake City, UT",+1-801-953-0588,https://www.handlebarslc.com/,,Mo-Fr 11:00-02:00; Sa-Su 10:00-02:00,,,yes,,40.7858890,-111.9001637,,,https://www.openstreetmap.org/way/460938320,"{""addr:city"": ""Salt Lake City"", ""addr:housenumber"": ""751"", ""addr:state"": ""UT"", ""addr:street"": ""North 300 West"", ""amenity"": ""bar"", ""building"": ""commercial"", ""min_age"": ""21"", ""name"": ""HandleBar"", ""opening_hours"": ""Mo-Fr 11:00-02:00; Sa-Su 10:00-02:00"", ""outdoor_seating"": ""yes"", ""phone"": ""+1-801-953-0588"", ""website"": ""https://www.handlebarslc.com/""}",2026-08-10T08:57:15.983839+00:00
way,462965667,Avenues Proper,restaurant,,american,,,376,East 8th Avenue,B,Salt Lake City,UT,84103,"376 East 8th Avenue, B, Salt Lake City, UT 84103",+1 385-227-8628,https://avenuesproper.com,,Mo off; Tu-We 11:00-21:00; Th-Fr 11:00-22:00; Sa 09:00-22:00; Su 09:00-21:00,,,yes,yes,40.7782904,-111.8780430,,,https://www.openstreetmap.org/way/462965667,"{""addr:city"": ""Salt Lake City"", ""addr:housenumber"": ""376"", ""addr:postcode"": ""84103"", ""addr:state"": ""UT"", ""addr:street"": ""East 8th Avenue"", ""addr:unit"": ""B"", ""air_conditioning"": ""yes"", ""amenity"": ""restaurant"", ""bar"": ""yes"", ""brewery"": ""yes"", ""building"": ""commercial"", ""check_date"": ""2022-10-22"", ""cuisine"": ""american"", ""diet:vegetarian"": ""limited"", ""microbrewery"": ""yes"", ""name"": ""Avenues Proper"", ""opening_hours"": ""Mo off; Tu-We 11:00-21:00; Th-Fr 11:00-22:00; Sa 09:00-22:00; Su 09:00-21:00"", ""outdoor_seating"": ""yes"", ""payment:mastercard"": ""yes"", ""payment:visa"": ""yes"", ""phone"": ""+1 385-227-8628"", ""reservation"": ""yes"", ""website"": ""https://avenuesproper.com"", ""website:menu"": ""https://properbrewingco.com/locations/avenues-proper/menus/lunch/"", ""wheelchair"": ""yes""}",2026-08-10T08:57:15.983839+00:00
way,473864175,Stone Ground Bakery,,bakery,,,,1025,South 700 West,,Salt Lake City,UT,,"1025 South 700 West, Salt Lake City, UT",,,,Mo off; Tu-Sa 08:00-12:00; Su off,,,,,40.7469425,-111.9102407,,,https://www.openstreetmap.org/way/473864175,"{""addr:city"": ""Salt Lake City"", ""addr:housenumber"": ""1025"", ""addr:state"": ""UT"", ""addr:street"": ""South 700 West"", ""building"": ""yes"", ""name"": ""Stone Ground Bakery"", ""opening_hours"": ""Mo off; Tu-Sa 08:00-12:00; Su off"", ""shop"": ""bakery""}",2026-08-10T08:57:15.983839+00:00
way,474426777,Proper Burger,restaurant,,burger,,,865,South Main Street,,Salt Lake City,UT,84111,"865 South Main Street, Salt Lake City, UT 84111",+1-801-953-1707,https://properbrewingco.com/locations/proper-burger-downtown/,,Su-Th 11:00-22:00; Fr-Sa 11:00-23:00,,,,,40.7503888,-111.8905735,,,https://www.openstreetmap.org/way/474426777,"{""addr:city"": ""Salt Lake City"", ""addr:housenumber"": ""865"", ""addr:postcode"": ""84111"", ""addr:state"": ""UT"", ""addr:street"": ""South Main Street"", ""amenity"": ""restaurant"", ""building"": ""yes"", ""cuisine"": ""burger"", ""diet:vegan"": ""yes"", ""name"": ""Proper Burger"", ""opening_hours"": ""Su-Th 11:00-22:00; Fr-Sa 11:00-23:00"", ""phone"": ""+1-801-953-1707"", ""website"": ""https://properbrewingco.com/locations/proper-burger-downtown/"", ""website:menu"": ""https://properbrewingco.com/locations/proper-burger-downtown/menu/""}",2026-08-10T08:57:15.983839+00:00
way,486161051,Cilantree,restaurant,,indian,,Saffron Valley,26,North E Street,,Salt Lake City,UT,84103,"26 North E Street, Salt Lake City, UT 84103",+1 801-203-3325,https://cilantree.com,,"Mo off; Tu-Fr 11:00-14:30,17:00-22:00; Sa 11:00-15:30,17:00-22:00; Su 11:00-15:30,17:00-21:00",,,,limited,40.7701619,-111.8771811,,,https://www.openstreetmap.org/way/486161051,"{""addr:city"": ""Salt Lake City"", ""addr:housenumber"": ""26"", ""addr:postcode"": ""84103"", ""addr:state"": ""UT"", ""addr:street"": ""North E Street"", ""amenity"": ""restaurant"", ""building"": ""yes"", ""check_date"": ""2026-02-10"", ""cuisine"": ""indian"", ""diet:vegetarian"": ""yes"", ""name"": ""Cilantree"", ""opening_hours"": ""Mo off; Tu-Fr 11:00-14:30,17:00-22:00; Sa 11:00-15:30,17:00-22:00; Su 11:00-15:30,17:00-21:00"", ""operator"": ""Saffron Valley"", ""phone"": ""+1 801-203-3325"", ""strapline"": ""Elevate Indian Dining"", ""website"": ""https://cilantree.com"", ""wheelchair"": ""limited""}",2026-08-10T08:57:15.983839+00:00
way,504093477,Little Caesars,fast_food,,pizza,Little Caesars,,1095,East 500 South,,Salt Lake City,UT,84102,"1095 East 500 South, Salt Lake City, UT 84102",+1 435-352-1710,https://littlecaesars.com/en-us/store/7551/,,Su 11:00-23:00; Mo-Sa 10:00-24:00,only,yes,no,,40.7581155,-111.8600663,,,https://www.openstreetmap.org/way/504093477,"{""addr:city"": ""Salt Lake City"", ""addr:housenumber"": ""1095"", ""addr:postcode"": ""84102"", ""addr:state"": ""UT"", ""addr:street"": ""East 500 South"", ""amenity"": ""fast_food"", ""brand"": ""Little Caesars"", ""brand:wikidata"": ""Q1393809"", ""building"": ""retail"", ""check_date"": ""2026-02-15"", ""cuisine"": ""pizza"", ""delivery"": ""yes"", ""drive_through"": ""no"", ""name"": ""Little Caesars"", ""opening_hours"": ""Su 11:00-23:00; Mo-Sa 10:00-24:00"", ""outdoor_seating"": ""no"", ""phone"": ""+1 435-352-1710"", ""takeaway"": ""only"", ""website"": ""https://littlecaesars.com/en-us/store/7551/""}",2026-08-10T08:57:15.983839+00:00
way,507682622,Subway,fast_food,,sandwich,Subway,,221,South 1300 East,,Salt Lake City,UT,84102,"221 South 1300 East, Salt Lake City, UT 84102",+1 801-582-5001,https://restaurants.subway.com/united-states/ut/salt-lake-city/221-south-1300-east,,Mo-Sa 09:00-21:00; Su 11:00-14:00,yes,,,,40.7643305,-111.8534879,,,https://www.openstreetmap.org/way/507682622,"{""addr:city"": ""Salt Lake City"", ""addr:housenumber"": ""221"", ""addr:postcode"": ""84102"", ""addr:state"": ""UT"", ""addr:street"": ""South 1300 East"", ""amenity"": ""fast_food"", ""brand"": ""Subway"", ""brand:wikidata"": ""Q244457"", ""building"": ""retail"", ""cuisine"": ""sandwich"", ""name"": ""Subway"", ""opening_hours"": ""Mo-Sa 09:00-21:00; Su 11:00-14:00"", ""phone"": ""+1 801-582-5001"", ""takeaway"": ""yes"", ""website"": ""https://restaurants.subway.com/united-states/ut/salt-lake-city/221-south-1300-east""}",2026-08-10T08:57:15.983839+00:00
way,514896583,,restaurant,,,,,,,,,,,,,,,,,,,,40.7407061,-111.8915875,,,https://www.openstreetmap.org/way/514896583,"{""amenity"": ""restaurant"", ""building"": ""yes""}",2026-08-10T08:57:15.983839+00:00
way,515086745,The Soup Kitchen,restaurant,,soup,,,2012,South 1100 East,,Salt Lake City,UT,84106-2319,"2012 South 1100 East, Salt Lake City, UT 84106-2319",+1-801-467-0908,https://the-soup-kitchen-restaurants-catering.square.site,comments@slcsoup.com,Mo-Fr 09:30-19:50; Sa 09:00-17:00,yes,,yes,yes,40.7263849,-111.8598731,,,https://www.openstreetmap.org/way/515086745,"{""addr:city"": ""Salt Lake City"", ""addr:housenumber"": ""2012"", ""addr:postcode"": ""84106-2319"", ""addr:state"": ""UT"", ""addr:street"": ""South 1100 East"", ""amenity"": ""restaurant"", ""building"": ""commercial"", ""check_date"": ""2023-08-04"", ""check_date:currency:XBT"": ""2026-01-19"", ""contact:email"": ""comments@slcsoup.com"", ""cuisine"": ""soup"", ""currency:XBT"": ""yes"", ""name"": ""The Soup Kitchen"", ""opening_hours"": ""Mo-Fr 09:30-19:50; Sa 09:00-17:00"", ""outdoor_seating"": ""yes"", ""payment:cash"": ""yes"", ""payment:lightning"": ""yes"", ""payment:lightning:operator"": ""square"", ""payment:lightning_contactless"": ""no"", ""payment:onchain"": ""no"", ""phone"": ""+1-801-467-0908"", ""smoking"": ""no"", ""takeaway"": ""yes"", ""website"": ""https://the-soup-kitchen-restaurants-catering.square.site"", ""wheelchair"": ""yes""}",2026-08-10T08:57:15.983839+00:00
way,515086747,Sugar House Pub,pub,,american,,,1994,South 1100 East,,Salt Lake City,UT,84105,"1994 South 1100 East, Salt Lake City, UT 84105",,,,,,,no,yes,40.7267968,-111.8600383,,,https://www.openstreetmap.org/way/515086747,"{""addr:city"": ""Salt Lake City"", ""addr:housenumber"": ""1994"", ""addr:postcode"": ""84105"", ""addr:state"": ""UT"", ""addr:street"": ""South 1100 East"", ""amenity"": ""pub"", ""building"": ""commercial"", ""check_date"": ""2023-08-04"", ""cuisine"": ""american"", ""food"": ""yes"", ""name"": ""Sugar House Pub"", ""outdoor_seating"": ""no"", ""smoking"": ""outside"", ""wheelchair"": ""yes""}",2026-08-10T08:57:15.983839+00:00
way,522750602,Red Lobster,restaurant,,seafood,Red Lobster,,2294,South 1300 East,,Salt Lake City,UT,84106,"2294 South 1300 East, Salt Lake City, UT 84106",+1-801-483-1343,https://www.redlobster.com/seafood-restaurants/locations/ut/salt-lake-city/2294-s-1300-e/,,Su-Th 11:00-21:00; Fr-Sa 11:00-22:00,,,,,40.7205344,-111.8540704,,,https://www.openstreetmap.org/way/522750602,"{""addr:city"": ""Salt Lake City"", ""addr:housenumber"": ""2294"", ""addr:postcode"": ""84106"", ""addr:state"": ""UT"", ""addr:street"": ""South 1300 East"", ""amenity"": ""restaurant"", ""brand"": ""Red Lobster"", ""brand:wikidata"": ""Q846301"", ""building"": ""commercial"", ""cuisine"": ""seafood"", ""name"": ""Red Lobster"", ""opening_hours"": ""Su-Th 11:00-21:00; Fr-Sa 11:00-22:00"", ""phone"": ""+1-801-483-1343"", ""website"": ""https://www.redlobster.com/seafood-restaurants/locations/ut/salt-lake-city/2294-s-1300-e/""}",2026-08-10T08:57:15.983839+00:00
way,522750603,Olive Garden,restaurant,,italian,Olive Garden,,2272,South 1300 East,,Salt Lake City,UT,84106,"2272 South 1300 East, Salt Lake City, UT 84106",+1-801-486-1773,https://www.olivegarden.com/locations/ut/salt-lake-city/salt-lake-city-sugarhouse/1306,,Mo-Fr 11:00-22:00; Sa-Su 11:00-23:00,,,,,40.7215287,-111.8543297,,,https://www.openstreetmap.org/way/522750603,"{""addr:city"": ""Salt Lake City"", ""addr:housenumber"": ""2272"", ""addr:postcode"": ""84106"", ""addr:state"": ""UT"", ""addr:street"": ""South 1300 East"", ""amenity"": ""restaurant"", ""brand"": ""Olive Garden"", ""brand:wikidata"": ""Q3045312"", ""building"": ""commercial"", ""cuisine"": ""italian"", ""name"": ""Olive Garden"", ""opening_hours"": ""Mo-Fr 11:00-22:00; Sa-Su 11:00-23:00"", ""phone"": ""+1-801-486-1773"", ""website"": ""https://www.olivegarden.com/locations/ut/salt-lake-city/salt-lake-city-sugarhouse/1306""}",2026-08-10T08:57:15.983839+00:00
way,522750607,Wendy's,fast_food,,burger,Wendy's,,2240,South 1300 East,,Salt Lake City,UT,84106,"2240 South 1300 East, Salt Lake City, UT 84106",+1 801-484-1921,https://locations.wendys.com/united-states/ut/salt-lake-city/2240-s-1300-east,,Tu-Su 06:00-10:30,yes,,,,40.7223298,-111.8542291,,,https://www.openstreetmap.org/way/522750607,"{""addr:city"": ""Salt Lake City"", ""addr:housenumber"": ""2240"", ""addr:postcode"": ""84106"", ""addr:state"": ""UT"", ""addr:street"": ""South 1300 East"", ""amenity"": ""fast_food"", ""brand"": ""Wendy's"", ""brand:wikidata"": ""Q550258"", ""building"": ""commercial"", ""cuisine"": ""burger"", ""drive_through"": ""yes"", ""name"": ""Wendy's"", ""opening_hours"": ""Tu-Su 06:00-10:30"", ""phone"": ""+1 801-484-1921"", ""source"": ""Bing"", ""takeaway"": ""yes"", ""website"": ""https://locations.wendys.com/united-states/ut/salt-lake-city/2240-s-1300-east""}",2026-08-10T08:57:15.983839+00:00
way,522750608,Taco Bell,fast_food,,tex-mex,Taco Bell,,2212,South 1300 East,,Salt Lake City,UT,84106,"2212 South 1300 East, Salt Lake City, UT 84106",+1 801-467-9727,https://locations.tacobell.com/ut/salt-lake-city/2212-s-1300-e.html,,07:00-22:00,yes,,,,40.7227017,-111.8541892,,,https://www.openstreetmap.org/way/522750608,"{""addr:city"": ""Salt Lake City"", ""addr:housenumber"": ""2212"", ""addr:postcode"": ""84106"", ""addr:state"": ""UT"", ""addr:street"": ""South 1300 East"", ""amenity"": ""fast_food"", ""brand"": ""Taco Bell"", ""brand:wikidata"": ""Q752941"", ""building"": ""commercial"", ""cuisine"": ""tex-mex"", ""drive_through"": ""yes"", ""name"": ""Taco Bell"", ""opening_hours"": ""07:00-22:00"", ""opening_hours:drive_through"": ""Su-We 07:00-27:00; Th-Sa 07:00-28:00"", ""phone"": ""+1 801-467-9727"", ""takeaway"": ""yes"", ""website"": ""https://locations.tacobell.com/ut/salt-lake-city/2212-s-1300-e.html""}",2026-08-10T08:57:15.983839+00:00
way,523118125,Liquid Joe's,bar,,,,,1249,East 3300 South,,Salt Lake City,UT,84106,"1249 East 3300 South, Salt Lake City, UT 84106",,,,,,,no,,40.7003622,-111.8552154,,,https://www.openstreetmap.org/way/523118125,"{""addr:city"": ""Salt Lake City"", ""addr:country"": ""US"", ""addr:housenumber"": ""1249"", ""addr:postcode"": ""84106"", ""addr:state"": ""UT"", ""addr:street"": ""East 3300 South"", ""amenity"": ""bar"", ""building"": ""yes"", ""name"": ""Liquid Joe's"", ""outdoor_seating"": ""no""}",2026-08-10T08:57:15.983839+00:00
way,523183145,The Dodo,restaurant,,international,,,1355,East 2100 South,,Salt Lake City,UT,84105,"1355 East 2100 South, Salt Lake City, UT 84105",,,,,,,yes,,40.7261556,-111.8520860,,,https://www.openstreetmap.org/way/523183145,"{""addr:city"": ""Salt Lake City"", ""addr:housenumber"": ""1355"", ""addr:postcode"": ""84105"", ""addr:state"": ""UT"", ""addr:street"": ""East 2100 South"", ""amenity"": ""restaurant"", ""building"": ""commercial"", ""cuisine"": ""international"", ""name"": ""The Dodo"", ""outdoor_seating"": ""yes""}",2026-08-10T08:57:15.983839+00:00
way,523183279,KFC,fast_food,,chicken,KFC,,2045,South 1300 East,,Salt Lake City,UT,84105,"2045 South 1300 East, Salt Lake City, UT 84105",,https://locations.kfc.com/ut/salt-lake-city/2045-south-1300-east/,,,yes,,,,40.7257939,-111.8534234,,,https://www.openstreetmap.org/way/523183279,"{""addr:city"": ""Salt Lake City"", ""addr:housenumber"": ""2045"", ""addr:postcode"": ""84105"", ""addr:state"": ""UT"", ""addr:street"": ""South 1300 East"", ""alt_name"": ""Kentucky Fried Chicken"", ""amenity"": ""fast_food"", ""brand"": ""KFC"", ""brand:wikidata"": ""Q524757"", ""building"": ""commercial"", ""check_date"": ""2023-08-04"", ""cuisine"": ""chicken"", ""drive_through"": ""yes"", ""name"": ""KFC"", ""takeaway"": ""yes"", ""website"": ""https://locations.kfc.com/ut/salt-lake-city/2045-south-1300-east/""}",2026-08-10T08:57:15.983839+00:00
way,525246293,Sushi Groove,fast_food,,sushi,,,2910,South Highland Drive,,Salt Lake City,UT,84106,"2910 South Highland Drive, Salt Lake City, UT 84106",,,,,,,,,40.7077018,-111.8538185,,,https://www.openstreetmap.org/way/525246293,"{""addr:city"": ""Salt Lake City"", ""addr:housenumber"": ""2910"", ""addr:postcode"": ""84106"", ""addr:state"": ""UT"", ""addr:street"": ""South Highland Drive"", ""amenity"": ""fast_food"", ""building"": ""yes"", ""cuisine"": ""sushi"", ""name"": ""Sushi Groove""}",2026-08-10T08:57:15.983839+00:00
way,525246298,Yanni's Greek Express,restaurant,,greek,,,2761,South Highland Drive,,Salt Lake City,UT,84106,"2761 South Highland Drive, Salt Lake City, UT 84106",,,,Mo-Sa 11:00-21:30,yes,,,,40.7113075,-111.8545503,,,https://www.openstreetmap.org/way/525246298,"{""addr:city"": ""Salt Lake City"", ""addr:housenumber"": ""2761"", ""addr:postcode"": ""84106"", ""addr:state"": ""UT"", ""addr:street"": ""South Highland Drive"", ""amenity"": ""restaurant"", ""building"": ""commercial"", ""cuisine"": ""greek"", ""name"": ""Yanni's Greek Express"", ""opening_hours"": ""Mo-Sa 11:00-21:30"", ""smoking"": ""no"", ""takeaway"": ""yes""}",2026-08-10T08:57:15.983839+00:00
way,525246440,Subway,fast_food,,sandwich,Subway,,2885,South Highland Drive,,Salt Lake City,UT,84106,"2885 South Highland Drive, Salt Lake City, UT 84106",+1 801-485-8656,https://restaurants.subway.com/united-states/ut/salt-lake-city/2885-s-highland-drive,,Mo-Sa 08:00-22:00; Su 10:00-21:00,yes,,,,40.7084071,-111.8533857,,,https://www.openstreetmap.org/way/525246440,"{""addr:city"": ""Salt Lake City"", ""addr:housenumber"": ""2885"", ""addr:postcode"": ""84106"", ""addr:state"": ""UT"", ""addr:street"": ""South Highland Drive"", ""amenity"": ""fast_food"", ""brand"": ""Subway"", ""brand:wikidata"": ""Q244457"", ""building"": ""commercial"", ""cuisine"": ""sandwich"", ""name"": ""Subway"", ""opening_hours"": ""Mo-Sa 08:00-22:00; Su 10:00-21:00"", ""phone"": ""+1 801-485-8656"", ""takeaway"": ""yes"", ""website"": ""https://restaurants.subway.com/united-states/ut/salt-lake-city/2885-s-highland-drive""}",2026-08-10T08:57:15.983839+00:00
way,525246815,Beans & Brews Coffee House,cafe,,coffee_shop,,,2707,South Highland Drive,,Salt Lake City,UT,84106,"2707 South Highland Drive, Salt Lake City, UT 84106",+1 801-474-2608,https://beansandbrews.com/location.php?sugarhouse,,,,,,,40.7125030,-111.8550266,,,https://www.openstreetmap.org/way/525246815,"{""addr:city"": ""Salt Lake City"", ""addr:housenumber"": ""2707"", ""addr:postcode"": ""84106"", ""addr:state"": ""UT"", ""addr:street"": ""South Highland Drive"", ""amenity"": ""cafe"", ""building"": ""commercial"", ""cuisine"": ""coffee_shop"", ""internet_access"": ""wlan"", ""internet_access:wlan:key"": ""321mocha"", ""name"": ""Beans & Brews Coffee House"", ""phone"": ""+1 801-474-2608"", ""short_name"": ""Beans & Brews"", ""smoking"": ""outside"", ""website"": ""https://beansandbrews.com/location.php?sugarhouse""}",2026-08-10T08:57:15.983839+00:00
way,525500618,Vongole Pasta,restaurant,,italian,,,1405,East 2100 South,,Salt Lake City,UT,84105,"1405 East 2100 South, Salt Lake City, UT 84105",+1-801-410-8935,https://vongole-pasta-italian-restaurant-wine.square.site,,"Mo-Sa 11:00-15:00,17:00-22:00; Su 12:00-21:00",yes,yes,yes,,40.7261481,-111.8506395,,,https://www.openstreetmap.org/way/525500618,"{""addr:city"": ""Salt Lake City"", ""addr:housenumber"": ""1405"", ""addr:postcode"": ""84105"", ""addr:state"": ""UT"", ""addr:street"": ""East 2100 South"", ""amenity"": ""restaurant"", ""building"": ""commercial"", ""cuisine"": ""italian"", ""delivery"": ""yes"", ""full_name"": ""Vongole Pasta Italian Restaurant & Wine"", ""name"": ""Vongole Pasta"", ""opening_hours"": ""Mo-Sa 11:00-15:00,17:00-22:00; Su 12:00-21:00"", ""outdoor_seating"": ""yes"", ""phone"": ""+1-801-410-8935"", ""smoking"": ""no"", ""start_date"": ""2025-12-01"", ""takeaway"": ""yes"", ""website"": ""https://vongole-pasta-italian-restaurant-wine.square.site""}",2026-08-10T08:57:15.983839+00:00
way,526378328,Tulie's Cafe,cafe,,,,,1510,South 1500 East,,Salt Lake City,UT,84105,"1510 South 1500 East, Salt Lake City, UT 84105",,,,,,,,,40.7368460,-111.8482948,,,https://www.openstreetmap.org/way/526378328,"{""addr:city"": ""Salt Lake City"", ""addr:housenumber"": ""1510"", ""addr:postcode"": ""84105"", ""addr:state"": ""UT"", ""addr:street"": ""South 1500 East"", ""amenity"": ""cafe"", ""building"": ""commercial"", ""name"": ""Tulie's Cafe""}",2026-08-10T08:57:15.983839+00:00
way,526378330,Sweetaly Gelato & Custom Cakes,ice_cream,,,,,1527,South 1500 East,,Salt Lake City,UT,84105,"1527 South 1500 East, Salt Lake City, UT 84105",,https://www.sweetaly.com/,,Mo-Th 12:00-21:30; Fr-Sa 12:00-22:00; Su 12:00-20:00,,,,yes,40.7364847,-111.8476735,,,https://www.openstreetmap.org/way/526378330,"{""addr:city"": ""Salt Lake City"", ""addr:housenumber"": ""1527"", ""addr:postcode"": ""84105"", ""addr:state"": ""UT"", ""addr:street"": ""South 1500 East"", ""amenity"": ""ice_cream"", ""building"": ""commercial"", ""check_date"": ""2024-06-07"", ""internet_access"": ""wlan"", ""internet_access:fee"": ""customers"", ""name"": ""Sweetaly Gelato & Custom Cakes"", ""opening_hours"": ""Mo-Th 12:00-21:30; Fr-Sa 12:00-22:00; Su 12:00-20:00"", ""payment:cash"": ""yes"", ""payment:credit_cards"": ""yes"", ""payment:debit_cards"": ""yes"", ""website"": ""https://www.sweetaly.com/"", ""wheelchair"": ""yes""}",2026-08-10T08:57:15.983839+00:00
way,526378332,Mazza,restaurant,,middle_eastern,,,1515,South 1500 East,,Salt Lake City,UT,84105,"1515 South 1500 East, Salt Lake City, UT 84105",+1 801 484 9259,https://www.mazzacafe.com/,,"Mo-Th 16:30-20:30; Fr,Sa 16:30-21:00; Su off",,,,,40.7367112,-111.8476970,,,https://www.openstreetmap.org/way/526378332,"{""addr:city"": ""Salt Lake City"", ""addr:housenumber"": ""1515"", ""addr:postcode"": ""84105"", ""addr:state"": ""UT"", ""addr:street"": ""South 1500 East"", ""amenity"": ""restaurant"", ""building"": ""commercial"", ""contact:phone"": ""+1 801 484 9259"", ""contact:website"": ""https://www.mazzacafe.com/"", ""cuisine"": ""middle_eastern"", ""name"": ""Mazza"", ""opening_hours"": ""Mo-Th 16:30-20:30; Fr,Sa 16:30-21:00; Su off""}",2026-08-10T08:57:15.983839+00:00
way,526378338,Tony Caputo's Market & Deli,restaurant,,,,,1516,South 1500 East,,Salt Lake City,UT,84105,"1516 South 1500 East, Salt Lake City, UT 84105",+1 801-486-6615,https://caputos.com/,info@caputos.com,Mo-Sa 07:00-19:00; Su 09:00-16:00,,,,,40.7366862,-111.8482177,,,https://www.openstreetmap.org/way/526378338,"{""addr:city"": ""Salt Lake City"", ""addr:housenumber"": ""1516"", ""addr:postcode"": ""84105"", ""addr:state"": ""UT"", ""addr:street"": ""South 1500 East"", ""amenity"": ""restaurant"", ""building"": ""commercial"", ""contact:facebook"": ""caputosmarket"", ""contact:instagram"": ""caputosmarket"", ""contact:twitter"": ""caputosmarket"", ""email"": ""info@caputos.com"", ""name"": ""Tony Caputo's Market & Deli"", ""opening_hours"": ""Mo-Sa 07:00-19:00; Su 09:00-16:00"", ""phone"": ""+1 801-486-6615"", ""website"": ""https://caputos.com/"", ""website:menu"": ""https://caputos.com/menu/""}",2026-08-10T08:57:15.983839+00:00
way,526380931,Einstein Bros. Bagels,fast_food,,bagel,Einstein Bros. Bagels,,1520,South 1500 East,C,Salt Lake City,UT,84105,"1520 South 1500 East, C, Salt Lake City, UT 84105",,https://locations.einsteinbros.com/us/ut/salt-lake-city/1520-s-1500-e,,06:00-14:00,yes,,,,40.7365698,-111.8483368,,,https://www.openstreetmap.org/way/526380931,"{""addr:city"": ""Salt Lake City"", ""addr:housenumber"": ""1520"", ""addr:postcode"": ""84105"", ""addr:state"": ""UT"", ""addr:street"": ""South 1500 East"", ""addr:unit"": ""C"", ""alt_name"": ""Einstein Brothers Bagels"", ""amenity"": ""fast_food"", ""branch"": ""15th & 15th"", ""brand"": ""Einstein Bros. Bagels"", ""brand:wikidata"": ""Q5349788"", ""building"": ""commercial"", ""cuisine"": ""bagel"", ""name"": ""Einstein Bros. Bagels"", ""opening_hours"": ""06:00-14:00"", ""takeaway"": ""yes"", ""website"": ""https://locations.einsteinbros.com/us/ut/salt-lake-city/1520-s-1500-e""}",2026-08-10T08:57:15.983839+00:00
way,526945853,Java Jo's,cafe,,,,,877 South,South 1300 East,,Salt Lake City,UT,84102,"877 South South 1300 East, Salt Lake City, UT 84102",+1 385-259-0416,https://www.javajos.com/,,,,,,,40.7501322,-111.8533834,,,https://www.openstreetmap.org/way/526945853,"{""addr:city"": ""Salt Lake City"", ""addr:housenumber"": ""877 South"", ""addr:postcode"": ""84102"", ""addr:state"": ""UT"", ""addr:street"": ""South 1300 East"", ""amenity"": ""cafe"", ""building"": ""commercial"", ""name"": ""Java Jo's"", ""phone"": ""+1 385-259-0416"", ""source"": ""survey"", ""website"": ""https://www.javajos.com/""}",2026-08-10T08:57:15.983839+00:00
way,526946685,Nomad East,restaurant,,american,,,1675,East 1300 South,,Salt Lake City,UT,84105,"1675 East 1300 South, Salt Lake City, UT 84105",+1 801-883-9791,https://www.nomad-east.com/,,"Mo-Th 11:00-15:00,17:00-21:00; Fr 11:00-15:00,17:00-22:00; Sa 17:00-22:00; Su 10:30-14:30,17:00-21:00",,,,,40.7419050,-111.8425515,,,https://www.openstreetmap.org/way/526946685,"{""addr:city"": ""Salt Lake City"", ""addr:housenumber"": ""1675"", ""addr:postcode"": ""84105"", ""addr:state"": ""UT"", ""addr:street"": ""East 1300 South"", ""amenity"": ""restaurant"", ""building"": ""commercial"", ""cuisine"": ""american"", ""name"": ""Nomad East"", ""opening_hours"": ""Mo-Th 11:00-15:00,17:00-21:00; Fr 11:00-15:00,17:00-22:00; Sa 17:00-22:00; Su 10:30-14:30,17:00-21:00"", ""phone"": ""+1 801-883-9791"", ""website"": ""https://www.nomad-east.com/""}",2026-08-10T08:57:15.983839+00:00
way,531103740,Tea Zaanti,cafe,,tea;wine;coffee_shop,,,1944,South 1100 East,,Salt Lake City,UT,84106,"1944 South 1100 East, Salt Lake City, UT 84106",+1 801-906-8132,https://www.teazaanti.com/,scott@teazaanti.com,"Mo off; Tu-We, Sa-Su 09:00-19:00; Th-Fr 09:00-20:00",,,yes,,40.7279551,-111.8599765,,,https://www.openstreetmap.org/way/531103740,"{""addr:city"": ""Salt Lake City"", ""addr:housenumber"": ""1944"", ""addr:postcode"": ""84106"", ""addr:state"": ""UT"", ""addr:street"": ""South 1100 East"", ""alt_name"": ""Tea Zaanti Cafe"", ""amenity"": ""cafe"", ""bar"": ""yes"", ""building"": ""house"", ""building:use"": ""commercial"", ""contact:instagram"": ""teazaanti"", ""cuisine"": ""tea;wine;coffee_shop"", ""drive_through"": ""no"", ""email"": ""scott@teazaanti.com"", ""internet_access"": ""wlan"", ""internet_access:fee"": ""no"", ""name"": ""Tea Zaanti"", ""opening_hours"": ""Mo off; Tu-We, Sa-Su 09:00-19:00; Th-Fr 09:00-20:00"", ""outdoor_seating"": ""yes"", ""phone"": ""+1 801-906-8132"", ""website"": ""https://www.teazaanti.com/"", ""website:menu"": ""https://www.teazaanti.com/menu"", ""website:orders"": ""https://teazaanti.square.site/;https://www.teazaanti.com/tea""}",2026-08-10T08:57:15.983839+00:00
way,531372369,Granite Bakery,,bakery,,,,902,East 2700 South,,Salt Lake City,UT,84106,"902 East 2700 South, Salt Lake City, UT 84106",,,,,,,,,40.7124479,-111.8649435,,,https://www.openstreetmap.org/way/531372369,"{""addr:city"": ""Salt Lake City"", ""addr:housenumber"": ""902"", ""addr:postcode"": ""84106"", ""addr:state"": ""UT"", ""addr:street"": ""East 2700 South"", ""building"": ""commercial"", ""name"": ""Granite Bakery"", ""shop"": ""bakery""}",2026-08-10T08:57:15.983839+00:00
way,531878074,Red Moose Coffee Company,cafe,,american,,,1693,South 900 East,,Salt Lake City,UT,84105,"1693 South 900 East, Salt Lake City, UT 84105",,,redmooseroasting@gmail.com,Mo-Fr 07:00-15:00; Sa 08:00-15:00; Su 09:00-15:00,,,yes,yes,40.7338022,-111.8648611,,,https://www.openstreetmap.org/way/531878074,"{""addr:city"": ""Salt Lake City"", ""addr:housenumber"": ""1693"", ""addr:postcode"": ""84105"", ""addr:state"": ""UT"", ""addr:street"": ""South 900 East"", ""amenity"": ""cafe"", ""building"": ""commercial"", ""cuisine"": ""american"", ""drive_through"": ""yes"", ""email"": ""redmooseroasting@gmail.com"", ""internet_access"": ""wlan"", ""internet_access:fee"": ""no"", ""name"": ""Red Moose Coffee Company"", ""opening_hours"": ""Mo-Fr 07:00-15:00; Sa 08:00-15:00; Su 09:00-15:00"", ""outdoor_seating"": ""yes"", ""smoking"": ""no"", ""wheelchair"": ""yes""}",2026-08-10T08:57:15.983839+00:00
way,531878811,Finn's,restaurant,,scandinavian;american;breakfast;brunch;lunch,,,1624,South 1100 East,,Salt Lake City,UT,84105,"1624 South 1100 East, Salt Lake City, UT 84105",+1 801-467-4000,https://www.finnscafe.net/,finnsevents@yahoo.com,Mo-Su 07:30-14:30; Jan 01 off; Nov Th[4] off; Dec 25 off,,no,yes,,40.7342427,-111.8599802,,,https://www.openstreetmap.org/way/531878811,"{""addr:city"": ""Salt Lake City"", ""addr:housenumber"": ""1624"", ""addr:postcode"": ""84105"", ""addr:state"": ""UT"", ""addr:street"": ""South 1100 East"", ""alt_name"": ""Finn's Cafe"", ""amenity"": ""restaurant"", ""building"": ""commercial"", ""check_date"": ""2025-09-09"", ""cuisine"": ""scandinavian;american;breakfast;brunch;lunch"", ""delivery"": ""no"", ""email"": ""finnsevents@yahoo.com"", ""name"": ""Finn's"", ""opening_hours"": ""Mo-Su 07:30-14:30; Jan 01 off; Nov Th[4] off; Dec 25 off"", ""outdoor_seating"": ""yes"", ""phone"": ""+1 801-467-4000"", ""start_date"": ""2006"", ""website"": ""https://www.finnscafe.net/"", ""website:menu"": ""https://www.finnscafe.net/menu""}",2026-08-10T08:57:15.983839+00:00
way,532867683,Caffé Expresso,cafe,,coffee_shop,,,902,South 1100 East,,Salt Lake City,UT,84105,"902 South 1100 East, Salt Lake City, UT 84105",+1 801-322-2077,http://www.caffeexpresso.com/,,Mo-Fr 05:00-19:00; Sa 06:00-19:00; Su 07:00-18:00,only,,no,,40.7495376,-111.8598290,,,https://www.openstreetmap.org/way/532867683,"{""addr:city"": ""Salt Lake City"", ""addr:housenumber"": ""902"", ""addr:postcode"": ""84105"", ""addr:state"": ""UT"", ""addr:street"": ""South 1100 East"", ""amenity"": ""cafe"", ""branch"": ""Ninth and Ninth"", ""building"": ""commercial"", ""cuisine"": ""coffee_shop"", ""drive_through"": ""only"", ""internet_access"": ""no"", ""name"": ""Caffé Expresso"", ""opening_hours"": ""Mo-Fr 05:00-19:00; Sa 06:00-19:00; Su 07:00-18:00"", ""outdoor_seating"": ""no"", ""phone"": ""+1 801-322-2077"", ""takeaway"": ""only"", ""website"": ""http://www.caffeexpresso.com/""}",2026-08-10T08:57:15.983839+00:00
way,554454164,McDonald's,fast_food,,burger,McDonald's,,2310,East 2100 South,,Salt Lake City,UT,84109,"2310 East 2100 South, Salt Lake City, UT 84109",+1 801-467-2311,https://www.mcdonalds.com/us/en-us/location/867.html,,07:00-23:00,yes,,,,40.7256142,-111.8241003,,,https://www.openstreetmap.org/way/554454164,"{""addr:city"": ""Salt Lake City"", ""addr:housenumber"": ""2310"", ""addr:postcode"": ""84109"", ""addr:state"": ""UT"", ""addr:street"": ""East 2100 South"", ""amenity"": ""fast_food"", ""brand"": ""McDonald's"", ""brand:wikidata"": ""Q38076"", ""building"": ""retail"", ""cuisine"": ""burger"", ""drive_through"": ""yes"", ""internet_access"": ""wlan"", ""internet_access:fee"": ""no"", ""name"": ""McDonald's"", ""opening_hours"": ""07:00-23:00"", ""phone"": ""+1 801-467-2311"", ""takeaway"": ""yes"", ""utahagrc:parcelid"": ""16222010010000"", ""website"": ""https://www.mcdonalds.com/us/en-us/location/867.html""}",2026-08-10T08:57:15.983839+00:00
way,554455080,Bjorn's Brew,cafe,,coffee_shop,,,2358,South Foothill Drive,,Salt Lake City,UT,84109,"2358 South Foothill Drive, Salt Lake City, UT 84109",+1 801-915-6438,https://bjornsbrew.com/,,Mo-Fr 05:00-18:00; Sa-Su 06:00-18:00,yes,,yes,,40.7203001,-111.8112091,,,https://www.openstreetmap.org/way/554455080,"{""addr:city"": ""Salt Lake City"", ""addr:housenumber"": ""2358"", ""addr:postcode"": ""84109"", ""addr:state"": ""UT"", ""addr:street"": ""South Foothill Drive"", ""amenity"": ""cafe"", ""building"": ""commercial"", ""cuisine"": ""coffee_shop"", ""drive_through"": ""yes"", ""name"": ""Bjorn's Brew"", ""opening_hours"": ""Mo-Fr 05:00-18:00; Sa-Su 06:00-18:00"", ""outdoor_seating"": ""yes"", ""phone"": ""+1 801-915-6438"", ""takeaway"": ""yes"", ""utahagrc:parcelid"": ""16231520120000"", ""website"": ""https://bjornsbrew.com/""}",2026-08-10T08:57:15.983839+00:00
way,554455179,Harbor Seafood & Steak Co,restaurant,,steak;fish,,,2302,East Parleys Way,,Salt Lake City,UT,84109,"2302 East Parleys Way, Salt Lake City, UT 84109",,,,,,,yes,,40.7247327,-111.8242149,,,https://www.openstreetmap.org/way/554455179,"{""addr:city"": ""Salt Lake City"", ""addr:housenumber"": ""2302"", ""addr:postcode"": ""84109"", ""addr:state"": ""UT"", ""addr:street"": ""East Parleys Way"", ""amenity"": ""restaurant"", ""building"": ""commercial"", ""cuisine"": ""steak;fish"", ""name"": ""Harbor Seafood & Steak Co"", ""outdoor_seating"": ""yes"", ""utahagrc:parcelid"": ""16222050010000""}",2026-08-10T08:57:15.983839+00:00
way,558997427,Papa Murphy's,fast_food,,pizza,Papa Murphy's,,2286,East 2100 South,,Salt Lake City,UT,84109,"2286 East 2100 South, Salt Lake City, UT 84109",,,,,only,,,,40.7249432,-111.8249794,,,https://www.openstreetmap.org/way/558997427,"{""addr:city"": ""Salt Lake City"", ""addr:housenumber"": ""2286"", ""addr:postcode"": ""84109"", ""addr:state"": ""UT"", ""addr:street"": ""East 2100 South"", ""amenity"": ""fast_food"", ""brand"": ""Papa Murphy's"", ""brand:wikidata"": ""Q7132349"", ""building"": ""commercial"", ""cuisine"": ""pizza"", ""name"": ""Papa Murphy's"", ""official_name"": ""Papa Murphy's Take 'N' Bake Pizza"", ""takeaway"": ""only"", ""utahagrc:parcelid"": ""16221310090000""}",2026-08-10T08:57:15.983839+00:00
way,566879954,Java Jo's,cafe,,coffee_shop,,,401,East 1st Avenue,,Salt Lake City,UT,84103,"401 East 1st Avenue, Salt Lake City, UT 84103",,,,,,,,,40.7708122,-111.8772656,,,https://www.openstreetmap.org/way/566879954,"{""addr:city"": ""Salt Lake City"", ""addr:housenumber"": ""401"", ""addr:postcode"": ""84103"", ""addr:state"": ""UT"", ""addr:street"": ""East 1st Avenue"", ""amenity"": ""cafe"", ""building"": ""commercial"", ""cuisine"": ""coffee_shop"", ""drive_through"": ""yes"", ""name"": ""Java Jo's"", ""walkup_window"": ""yes""}",2026-08-10T08:57:15.983839+00:00
way,574680435,Bricks Corner,restaurant,,pizza,,,1465,South 700 East,,Salt Lake City,UT,84105,"1465 South 700 East, Salt Lake City, UT 84105",+1 801-953-0636,https://brickscornerslc.com,,,,,patio,yes,40.7376831,-111.8708163,,,https://www.openstreetmap.org/way/574680435,"{""addr:city"": ""Salt Lake City"", ""addr:housenumber"": ""1465"", ""addr:postcode"": ""84105"", ""addr:state"": ""UT"", ""addr:street"": ""South 700 East"", ""amenity"": ""restaurant"", ""building"": ""commercial"", ""check_date"": ""2022-08-23"", ""cuisine"": ""pizza"", ""name"": ""Bricks Corner"", ""outdoor_seating"": ""patio"", ""payment:mastercard"": ""yes"", ""payment:visa"": ""yes"", ""phone"": ""+1 801-953-0636"", ""utahagrc:parcelid"": ""16171080020000"", ""website"": ""https://brickscornerslc.com"", ""wheelchair"": ""yes""}",2026-08-10T08:57:15.983839+00:00
way,574680482,Beans & Brews Coffee House,cafe,,coffee_shop,,,719,East 2100 South,,Salt Lake City,UT,84106,"719 East 2100 South, Salt Lake City, UT 84106",+1 385-227-8672,https://www.beansandbrews.com/coffee-shops/sugarhouse-2100-south/,,"Mo-Sa 05:30-20:00, Su 06:30-20:00",,,,,40.7257520,-111.8704239,,,https://www.openstreetmap.org/way/574680482,"{""addr:city"": ""Salt Lake City"", ""addr:country"": ""US"", ""addr:housenumber"": ""719"", ""addr:postcode"": ""84106"", ""addr:state"": ""UT"", ""addr:street"": ""East 2100 South"", ""amenity"": ""cafe"", ""building"": ""retail"", ""cuisine"": ""coffee_shop"", ""internet_access"": ""wlan"", ""internet_access:fee"": ""no"", ""name"": ""Beans & Brews Coffee House"", ""opening_hours"": ""Mo-Sa 05:30-20:00, Su 06:30-20:00"", ""phone"": ""+1 385-227-8672"", ""utahagrc:parcelid"": ""16201020090000"", ""website"": ""https://www.beansandbrews.com/coffee-shops/sugarhouse-2100-south/""}",2026-08-10T08:57:15.983839+00:00
way,578691703,Olympian Greek & American,restaurant,,greek,,,2181,South 700 East,,Salt Lake City,UT,84106,"2181 South 700 East, Salt Lake City, UT 84106",,,,,,,,,40.7236614,-111.8708521,,,https://www.openstreetmap.org/way/578691703,"{""addr:city"": ""Salt Lake City"", ""addr:country"": ""US"", ""addr:housenumber"": ""2181"", ""addr:postcode"": ""84106"", ""addr:state"": ""UT"", ""addr:street"": ""South 700 East"", ""amenity"": ""restaurant"", ""building"": ""retail"", ""cuisine"": ""greek"", ""name"": ""Olympian Greek & American"", ""utahagrc:parcelid"": ""16201060230000""}",2026-08-10T08:57:15.983839+00:00
way,580736053,Chip Cookies,,pastry,,,,2180,South 700 East,,Salt Lake City,UT,84106,"2180 South 700 East, Salt Lake City, UT 84106",+1-385-210-0277,https://www.chipcookies.co/pages/salt-lake-city,,Mo-Sa 11:00-22:00; Su off,yes,yes,yes,,40.7236373,-111.8716126,,,https://www.openstreetmap.org/way/580736053,"{""addr:city"": ""Salt Lake City"", ""addr:country"": ""US"", ""addr:housenumber"": ""2180"", ""addr:postcode"": ""84106"", ""addr:state"": ""UT"", ""addr:street"": ""South 700 East"", ""building"": ""retail"", ""delivery"": ""yes"", ""drive_through"": ""yes"", ""name"": ""Chip Cookies"", ""opening_hours"": ""Mo-Sa 11:00-22:00; Su off"", ""outdoor_seating"": ""yes"", ""payment:cash"": ""no"", ""payment:credit_cards"": ""yes"", ""phone"": ""+1-385-210-0277"", ""shop"": ""pastry"", ""takeaway"": ""yes"", ""utahagrc:parcelid"": ""16201040090000"", ""website"": ""https://www.chipcookies.co/pages/salt-lake-city""}",2026-08-10T08:57:15.983839+00:00
way,580736835,Dee's Restaurant,restaurant,,american;burger;pasta;salad,,,2104,South 700 East,,Salt Lake City,UT,84106,"2104 South 700 East, Salt Lake City, UT 84106",+1 801-487-6761,https://deesutah.com/locations/sugar-house/,,Su-Th 06:00-24:00; Fr-Sa 06:00-26:00,,,,,40.7251396,-111.8716347,,,https://www.openstreetmap.org/way/580736835,"{""addr:city"": ""Salt Lake City"", ""addr:country"": ""US"", ""addr:housenumber"": ""2104"", ""addr:postcode"": ""84106"", ""addr:state"": ""UT"", ""addr:street"": ""South 700 East"", ""amenity"": ""restaurant"", ""building"": ""retail"", ""cuisine"": ""american;burger;pasta;salad"", ""name"": ""Dee's Restaurant"", ""opening_hours"": ""Su-Th 06:00-24:00; Fr-Sa 06:00-26:00"", ""phone"": ""+1 801-487-6761"", ""short_name"": ""Dee's"", ""utahagrc:parcelid"": ""16201040160000"", ""website"": ""https://deesutah.com/locations/sugar-house/""}",2026-08-10T08:57:15.983839+00:00
way,584264664,Sara Thai Kitchen,restaurant,,thai,,,609,East 2100 South,,Salt Lake City,UT,84106,"609 East 2100 South, Salt Lake City, UT 84106",+1-801-906-8945,https://www.sarathaikitchen.com,,Tu-Sa 11:00-22:00; Su 11:00-21:00; Mo off,yes,,yes,,40.7256943,-111.8735868,,,https://www.openstreetmap.org/way/584264664,"{""addr:city"": ""Salt Lake City"", ""addr:housenumber"": ""609"", ""addr:postcode"": ""84106"", ""addr:state"": ""UT"", ""addr:street"": ""East 2100 South"", ""air_conditioning"": ""yes"", ""amenity"": ""restaurant"", ""bar"": ""no"", ""building"": ""commercial"", ""building:levels"": ""1"", ""cuisine"": ""thai"", ""diet:pescetarian"": ""yes"", ""diet:vegetarian"": ""yes"", ""name"": ""Sara Thai Kitchen"", ""opening_hours"": ""Tu-Sa 11:00-22:00; Su 11:00-21:00; Mo off"", ""outdoor_seating"": ""yes"", ""payment:cards"": ""yes"", ""payment:contactless"": ""yes"", ""phone"": ""+1-801-906-8945"", ""takeaway"": ""yes"", ""toilets"": ""yes"", ""utahagrc:parcelid"": ""16192310010000"", ""website"": ""https://www.sarathaikitchen.com""}",2026-08-10T08:57:15.983839+00:00
way,588296574,McDonald's,fast_food,,burger,McDonald's,,1533,South State Street,,Salt Lake City,UT,84115,"1533 South State Street, Salt Lake City, UT 84115",+1 801-441-7552,https://www.mcdonalds.com/us/en-us/location/719.html,,Mo-Sa 06:00-23:00; Su 06:00-22:00,yes,,,,40.7364655,-111.8877523,,,https://www.openstreetmap.org/way/588296574,"{""addr:city"": ""Salt Lake City"", ""addr:housenumber"": ""1533"", ""addr:postcode"": ""84115"", ""addr:state"": ""UT"", ""addr:street"": ""South State Street"", ""amenity"": ""fast_food"", ""brand"": ""McDonald's"", ""brand:website"": ""https://www.mcdonalds.com/"", ""brand:wikidata"": ""Q38076"", ""building"": ""retail"", ""cuisine"": ""burger"", ""drive_through"": ""yes"", ""internet_access"": ""wlan"", ""name"": ""McDonald's"", ""opening_hours"": ""Mo-Sa 06:00-23:00; Su 06:00-22:00"", ""phone"": ""+1 801-441-7552"", ""source"": ""Bing"", ""takeaway"": ""yes"", ""utahagrc:parcelid"": ""16181530120000"", ""website"": ""https://www.mcdonalds.com/us/en-us/location/719.html""}",2026-08-10T08:57:15.983839+00:00
way,588562849,VENETO,restaurant,,italian,,,370,East 900 South,,Salt Lake City,UT,84111,"370 East 900 South, Salt Lake City, UT 84111",+1 801-359-0708,https://venetoslc.com,,,,,,,40.7495004,-111.8803913,,,https://www.openstreetmap.org/way/588562849,"{""addr:city"": ""Salt Lake City"", ""addr:housenumber"": ""370"", ""addr:postcode"": ""84111"", ""addr:state"": ""UT"", ""addr:street"": ""East 900 South"", ""amenity"": ""restaurant"", ""building"": ""house"", ""building:use"": ""commercial"", ""cuisine"": ""italian"", ""name"": ""VENETO"", ""opening_hours:signed"": ""no"", ""phone"": ""+1 801-359-0708"", ""utahagrc:parcelid"": ""16072560270000"", ""website"": ""https://venetoslc.com""}",2026-08-10T08:57:15.983839+00:00
way,593160660,Sushi Burrito,restaurant,,,,,180,East 800 South,,Salt Lake City,UT,84111,"180 East 800 South, Salt Lake City, UT 84111",+1 801-995-0909,https://www.sushiburritosaltlakecity.com/,,Mo-Th 11:00-20:45; Fr-Sa 11:00-21:45; Su 11:30-20:45,,,,,40.7516403,-111.8856859,,,https://www.openstreetmap.org/way/593160660,"{""addr:city"": ""Salt Lake City"", ""addr:housenumber"": ""180"", ""addr:postcode"": ""84111"", ""addr:state"": ""UT"", ""addr:street"": ""East 800 South"", ""amenity"": ""restaurant"", ""building"": ""commercial"", ""check_date"": ""2025-06-02"", ""name"": ""Sushi Burrito"", ""opening_hours"": ""Mo-Th 11:00-20:45; Fr-Sa 11:00-21:45; Su 11:30-20:45"", ""phone"": ""+1 801-995-0909"", ""utahagrc:parcelid"": ""16071760400000"", ""website"": ""https://www.sushiburritosaltlakecity.com/""}",2026-08-10T08:57:15.983839+00:00
way,593160824,The Bagel Project,,bakery,bagel,,,779,South 500 East,,Salt Lake City,UT,84102,"779 South 500 East, Salt Lake City, UT 84102",+1 801-906-0698,https://bagelproject.com,,Mo-Su 07:30-14:00,,,,,40.7521729,-111.8764587,,,https://www.openstreetmap.org/way/593160824,"{""addr:city"": ""Salt Lake City"", ""addr:housenumber"": ""779"", ""addr:postcode"": ""84102"", ""addr:state"": ""UT"", ""addr:street"": ""South 500 East"", ""building"": ""commercial"", ""building:levels"": ""1"", ""cuisine"": ""bagel"", ""diet:vegan"": ""yes"", ""diet:vegetarian"": ""yes"", ""last_checked"": ""2025-08-24"", ""name"": ""The Bagel Project"", ""opening_hours"": ""Mo-Su 07:30-14:00"", ""phone"": ""+1 801-906-0698"", ""shop"": ""bakery"", ""utahagrc:parcelid"": ""16072300120000"", ""website"": ""https://bagelproject.com""}",2026-08-10T08:57:15.983839+00:00
way,593162188,Domino's,fast_food,,pizza,Domino's,,702,South 700 East,,Salt Lake City,UT,84102,"702 South 700 East, Salt Lake City, UT 84102",+1 801-350-3807,https://pizza.dominos.com/utah/salt-lake-city/702-s-700-e,,"Su-Th 10:00-24:00, Fr,Sa 10:00-01:00",yes,,,,40.7539118,-111.8714257,,,https://www.openstreetmap.org/way/593162188,"{""addr:city"": ""Salt Lake City"", ""addr:housenumber"": ""702"", ""addr:postcode"": ""84102"", ""addr:state"": ""UT"", ""addr:street"": ""South 700 East"", ""amenity"": ""fast_food"", ""brand"": ""Domino's"", ""brand:wikidata"": ""Q839466"", ""building"": ""commercial"", ""cuisine"": ""pizza"", ""name"": ""Domino's"", ""opening_hours"": ""Su-Th 10:00-24:00, Fr,Sa 10:00-01:00"", ""phone"": ""+1 801-350-3807"", ""ref"": ""7507"", ""takeaway"": ""yes"", ""utahagrc:parcelid"": ""16081050050000"", ""website"": ""https://pizza.dominos.com/utah/salt-lake-city/702-s-700-e""}",2026-08-10T08:57:15.983839+00:00
way,595951122,HSL,restaurant,,american,,,418,East 200 South,,Salt Lake City,UT,84111,"418 East 200 South, Salt Lake City, UT 84111",+1 801-539-9999,https://www.hslrestaurant.com/,,Tu-Th 17:00-21:00; Fr-Sa 17:00-22:00,,,,yes,40.7647161,-111.8787425,,,https://www.openstreetmap.org/way/595951122,"{""addr:city"": ""Salt Lake City"", ""addr:housenumber"": ""418"", ""addr:postcode"": ""84111"", ""addr:state"": ""UT"", ""addr:street"": ""East 200 South"", ""addr:street:prefix"": ""East"", ""amenity"": ""restaurant"", ""building"": ""commercial"", ""cuisine"": ""american"", ""name"": ""HSL"", ""opening_hours"": ""Tu-Th 17:00-21:00; Fr-Sa 17:00-22:00"", ""phone"": ""+1 801-539-9999"", ""utahagrc:parcelid"": ""16062530020000"", ""website"": ""https://www.hslrestaurant.com/"", ""wheelchair"": ""yes""}",2026-08-10T08:57:15.983839+00:00
way,595951153,Burger King,fast_food,,burger,Burger King,,575,East 400 South,,Salt Lake City,UT,84102,"575 East 400 South, Salt Lake City, UT 84102",+1 801-364-4048,https://www.bk.com/store-locator/store/5224/575-east-400-south-street--salt-lake-city--utah--84102-2702,,06:00-23:00,yes,,,,40.7610303,-111.8745466,,,https://www.openstreetmap.org/way/595951153,"{""addr:city"": ""Salt Lake City"", ""addr:country"": ""US"", ""addr:housenumber"": ""575"", ""addr:postcode"": ""84102"", ""addr:state"": ""UT"", ""addr:street"": ""East 400 South"", ""amenity"": ""fast_food"", ""brand"": ""Burger King"", ""brand:wikidata"": ""Q177054"", ""building"": ""retail"", ""cuisine"": ""burger"", ""drive_through"": ""yes"", ""internet_access"": ""wlan"", ""name"": ""Burger King"", ""opening_hours"": ""06:00-23:00"", ""phone"": ""+1 801-364-4048"", ""ref"": ""5224"", ""takeaway"": ""yes"", ""utahagrc:parcelid"": ""16064270270000"", ""website"": ""https://www.bk.com/store-locator/store/5224/575-east-400-south-street--salt-lake-city--utah--84102-2702""}",2026-08-10T08:57:15.983839+00:00
way,595951191,Jimmy John's,fast_food,,sandwich,Jimmy John's,,605,East 400 South,,Salt Lake City,UT,84102,"605 East 400 South, Salt Lake City, UT 84102",+1-801-466-7827,https://locations.jimmyjohns.com/ut/saltlakecity/sandwiches-1121.html,,Mo-Sa 10:30-21:00,yes,,,,40.7609231,-111.8735329,,,https://www.openstreetmap.org/way/595951191,"{""addr:city"": ""Salt Lake City"", ""addr:country"": ""US"", ""addr:housenumber"": ""605"", ""addr:postcode"": ""84102"", ""addr:state"": ""UT"", ""addr:street"": ""East 400 South"", ""amenity"": ""fast_food"", ""brand"": ""Jimmy John's"", ""brand:wikidata"": ""Q1689380"", ""building"": ""commercial"", ""cuisine"": ""sandwich"", ""name"": ""Jimmy John's"", ""official_name"": ""Jimmy John's Gourmet Sandwiches"", ""opening_hours"": ""Mo-Sa 10:30-21:00"", ""phone"": ""+1-801-466-7827"", ""takeaway"": ""yes"", ""utahagrc:parcelid"": ""16064280110000"", ""website"": ""https://locations.jimmyjohns.com/ut/saltlakecity/sandwiches-1121.html""}",2026-08-10T08:57:15.983839+00:00
way,595951291,Blue Gene's,bar,,,,,239,South 500 East,,Salt Lake City,UT,84102,"239 South 500 East, Salt Lake City, UT 84102",+1 801-364-4655,https://bluegenesslc.com,,"Mo-Sa 17:00-26:00; Su off; Jan 01 off; May Mo[-1] off; Jul 04 off; Sep Mo[1] off; Nov Th[4] off; Dec 24,25 off",,,,yes,40.7638358,-111.8763462,,,https://www.openstreetmap.org/way/595951291,"{""addr:city"": ""Salt Lake City"", ""addr:housenumber"": ""239"", ""addr:postcode"": ""84102"", ""addr:state"": ""UT"", ""addr:street"": ""South 500 East"", ""amenity"": ""bar"", ""building"": ""retail"", ""check_date"": ""2025-10-15"", ""contact:facebook"": ""https://www.facebook.com/bluegenesslc"", ""contact:instagram"": ""https://www.instagram.com/bluegenesslc"", ""min_age"": ""21"", ""name"": ""Blue Gene's"", ""opening_hours"": ""Mo-Sa 17:00-26:00; Su off; Jan 01 off; May Mo[-1] off; Jul 04 off; Sep Mo[1] off; Nov Th[4] off; Dec 24,25 off"", ""phone"": ""+1 801-364-4655"", ""website"": ""https://bluegenesslc.com"", ""wheelchair"": ""yes""}",2026-08-10T08:57:15.983839+00:00
way,595951422,Zao Asian Cafe,restaurant,,asian,,,639,East 400 South,Suite B,Salt Lake City,UT,84102,"639 East 400 South, Suite B, Salt Lake City, UT 84102",+1 801-595-1234,https://www.zaoasiancafe.com/location/salt-lake-city/,,Mo-Sa 11:00-21:00; Su 11:00-20:00,yes,,,yes,40.7611578,-111.8727075,,,https://www.openstreetmap.org/way/595951422,"{""addr:city"": ""Salt Lake City"", ""addr:country"": ""US"", ""addr:housenumber"": ""639"", ""addr:postcode"": ""84102"", ""addr:state"": ""UT"", ""addr:street"": ""East 400 South"", ""addr:unit"": ""Suite B"", ""amenity"": ""restaurant"", ""building"": ""commercial"", ""contact:facebook"": ""zaoasiancafe"", ""contact:instagram"": ""zaoasiancafe"", ""contact:twitter"": ""zaoasiancafe"", ""cuisine"": ""asian"", ""name"": ""Zao Asian Cafe"", ""opening_hours"": ""Mo-Sa 11:00-21:00; Su 11:00-20:00"", ""phone"": ""+1 801-595-1234"", ""takeaway"": ""yes"", ""utahagrc:parcelid"": ""16053010250000"", ""website"": ""https://www.zaoasiancafe.com/location/salt-lake-city/"", ""website:menu"": ""https://order.zaoasiancafe.com/"", ""wheelchair"": ""yes""}",2026-08-10T08:57:15.983839+00:00
way,595951427,IHOP,restaurant,,breakfast;pancake,IHOP,,635,East 400 South,,Salt Lake City,UT,84102,"635 East 400 South, Salt Lake City, UT 84102",+1 385-419-9060,https://restaurants.ihop.com/en-us/ut/salt-lake-city/breakfast-635-east-400-south-3625,,24/7,yes,yes,,yes,40.7609911,-111.8726992,,,https://www.openstreetmap.org/way/595951427,"{""addr:city"": ""Salt Lake City"", ""addr:country"": ""US"", ""addr:housenumber"": ""635"", ""addr:postcode"": ""84102"", ""addr:state"": ""UT"", ""addr:street"": ""East 400 South"", ""amenity"": ""restaurant"", ""brand"": ""IHOP"", ""brand:wikidata"": ""Q1185675"", ""building"": ""retail"", ""check_date"": ""2024-06-08"", ""cuisine"": ""breakfast;pancake"", ""delivery"": ""yes"", ""name"": ""IHOP"", ""opening_hours"": ""24/7"", ""payment:cash"": ""yes"", ""payment:credit_cards"": ""yes"", ""payment:debit_cards"": ""yes"", ""phone"": ""+1 385-419-9060"", ""takeaway"": ""yes"", ""utahagrc:parcelid"": ""16053010250000"", ""website"": ""https://restaurants.ihop.com/en-us/ut/salt-lake-city/breakfast-635-east-400-south-3625"", ""wheelchair"": ""yes""}",2026-08-10T08:57:15.983839+00:00
way,595951480,Taco Bell,fast_food,,tex-mex,Taco Bell,,621,East 400 South,,Salt Lake City,UT,84102,"621 East 400 South, Salt Lake City, UT 84102",+1-801-328-4499,https://locations.tacobell.com/ut/salt-lake-city/621-east-400-south.html,,07:00-22:00,yes,,,,40.7609678,-111.8730795,,,https://www.openstreetmap.org/way/595951480,"{""addr:city"": ""Salt Lake City"", ""addr:country"": ""US"", ""addr:housenumber"": ""621"", ""addr:postcode"": ""84102"", ""addr:state"": ""UT"", ""addr:street"": ""East 400 South"", ""amenity"": ""fast_food"", ""brand"": ""Taco Bell"", ""brand:wikidata"": ""Q752941"", ""building"": ""commercial"", ""check_date"": ""2024-06-08"", ""cuisine"": ""tex-mex"", ""name"": ""Taco Bell"", ""opening_hours"": ""07:00-22:00"", ""payment:cash"": ""yes"", ""payment:credit_cards"": ""yes"", ""payment:debit_cards"": ""yes"", ""phone"": ""+1-801-328-4499"", ""takeaway"": ""yes"", ""utahagrc:parcelid"": ""16064280320000"", ""website"": ""https://locations.tacobell.com/ut/salt-lake-city/621-east-400-south.html""}",2026-08-10T08:57:15.983839+00:00
way,595951819,Wendy's,fast_food,,burger,Wendy's,,562,East 400 South,,Salt Lake City,UT,84102,"562 East 400 South, Salt Lake City, UT 84102",+1 801-328-0821,https://locations.wendys.com/united-states/ut/salt-lake-city/562-east-400-south,,09:00-22:00,yes,,,,40.7602749,-111.8747242,,,https://www.openstreetmap.org/way/595951819,"{""addr:city"": ""Salt Lake City"", ""addr:country"": ""US"", ""addr:housenumber"": ""562"", ""addr:postcode"": ""84102"", ""addr:state"": ""UT"", ""addr:street"": ""East 400 South"", ""amenity"": ""fast_food"", ""brand"": ""Wendy's"", ""brand:wikidata"": ""Q550258"", ""building"": ""commercial"", ""check_date"": ""2024-06-08"", ""cuisine"": ""burger"", ""name"": ""Wendy's"", ""opening_hours"": ""09:00-22:00"", ""opening_hours:drive_through"": ""Mo-Th 06:00-00:00; Fr-Sa 06:00-01:00; Su 06:00-00:00"", ""payment:cash"": ""yes"", ""payment:credit_cards"": ""yes"", ""payment:debit_cards"": ""yes"", ""phone"": ""+1 801-328-0821"", ""source"": ""Bing"", ""takeaway"": ""yes"", ""utahagrc:parcelid"": ""16064320250000"", ""website"": ""https://locations.wendys.com/united-states/ut/salt-lake-city/562-east-400-south""}",2026-08-10T08:57:15.983839+00:00
way,595951833,Crown Burger,fast_food,,burger,,Crown Burger,363,East 200 South,,Salt Lake City,UT,84111,"363 East 200 South, Salt Lake City, UT 84111",,,,Mo-Sa 10:00-21:00,,,,,40.7653117,-111.8802956,,,https://www.openstreetmap.org/way/595951833,"{""addr:city"": ""Salt Lake City"", ""addr:housenumber"": ""363"", ""addr:postcode"": ""84111"", ""addr:state"": ""UT"", ""addr:street"": ""East 200 South"", ""amenity"": ""fast_food"", ""building"": ""commercial"", ""cuisine"": ""burger"", ""drive_through"": ""yes"", ""name"": ""Crown Burger"", ""opening_hours"": ""Mo-Sa 10:00-21:00"", ""operator"": ""Crown Burger"", ""utahagrc:parcelid"": ""16062050210000""}",2026-08-10T08:57:15.983839+00:00
way,595951844,Chili's,restaurant,,tex-mex,Chili's,,644,East 400 South,,Salt Lake City,UT,84102,"644 East 400 South, Salt Lake City, UT 84102",+1-801-575-6933,https://www.chilis.com/locations/us/utah/salt-lake-city/slc-downtown/,,Mo-Th 11:00-23:00; Fr-Sa 11:00-24:00; Su 11:00-22:00,,,,yes,40.7603302,-111.8722211,,,https://www.openstreetmap.org/way/595951844,"{""addr:city"": ""Salt Lake City"", ""addr:country"": ""US"", ""addr:housenumber"": ""644"", ""addr:postcode"": ""84102"", ""addr:state"": ""UT"", ""addr:street"": ""East 400 South"", ""amenity"": ""restaurant"", ""brand"": ""Chili's"", ""brand:wikidata"": ""Q1072948"", ""building"": ""commercial"", ""cuisine"": ""tex-mex"", ""name"": ""Chili's"", ""official_name"": ""Chili's Grill & Bar"", ""opening_hours"": ""Mo-Th 11:00-23:00; Fr-Sa 11:00-24:00; Su 11:00-22:00"", ""phone"": ""+1-801-575-6933"", ""utahagrc:parcelid"": ""16064330170000"", ""website"": ""https://www.chilis.com/locations/us/utah/salt-lake-city/slc-downtown/"", ""wheelchair"": ""yes""}",2026-08-10T08:57:15.983839+00:00
way,595951897,Beer Bar,pub,,hot_dog,,,155,East 200 South,,Salt Lake City,UT,84111,"155 East 200 South, Salt Lake City, UT 84111",+1 801-355-3618,https://beerbarslc.com,,Mo-Sa 11:00-02:00; Su 10:00-02:00,,,yes,yes,40.7652747,-111.8861501,,,https://www.openstreetmap.org/way/595951897,"{""addr:city"": ""Salt Lake City"", ""addr:housenumber"": ""155"", ""addr:postcode"": ""84111"", ""addr:state"": ""UT"", ""addr:street"": ""East 200 South"", ""air_conditioning"": ""yes"", ""amenity"": ""pub"", ""brewery"": ""yes"", ""building"": ""commercial"", ""contact:phone"": ""+1 801-355-3618"", ""contact:website"": ""https://beerbarslc.com"", ""cuisine"": ""hot_dog"", ""diet:vegetarian"": ""yes"", ""food"": ""yes"", ""internet_access"": ""wlan"", ""internet_access:fee"": ""no"", ""min_age"": ""21"", ""name"": ""Beer Bar"", ""opening_hours"": ""Mo-Sa 11:00-02:00; Su 10:00-02:00"", ""outdoor_seating"": ""yes"", ""payment:american_express"": ""yes"", ""payment:cash"": ""yes"", ""payment:mastercard"": ""yes"", ""payment:visa"": ""yes"", ""toilets"": ""yes"", ""utahagrc:parcelid"": ""16061070120000"", ""wheelchair"": ""yes""}",2026-08-10T08:57:15.983839+00:00
way,595952097,Greek Souvlaki,fast_food,,greek,,,402,East 300 South,,Salt Lake City,UT,84111,"402 East 300 South, Salt Lake City, UT 84111",+1 801-322-2062,https://www.greeksouvlaki.com/,,Mo-Th 11:00-21:00; Fr-Sa 11:00-22:00,,,,yes,40.7625898,-111.8793134,,,https://www.openstreetmap.org/way/595952097,"{""addr:city"": ""Salt Lake City"", ""addr:housenumber"": ""402"", ""addr:postcode"": ""84111"", ""addr:state"": ""UT"", ""addr:street"": ""East 300 South"", ""amenity"": ""fast_food"", ""building"": ""commercial"", ""cuisine"": ""greek"", ""diet:vegetarian"": ""yes"", ""name"": ""Greek Souvlaki"", ""opening_hours"": ""Mo-Th 11:00-21:00; Fr-Sa 11:00-22:00"", ""phone"": ""+1 801-322-2062"", ""utahagrc:parcelid"": ""16062550010000"", ""website"": ""https://www.greeksouvlaki.com/"", ""wheelchair"": ""yes""}",2026-08-10T08:57:15.983839+00:00
way,595952131,Twilite Lounge,bar,,,,,347,East 200 South,,Salt Lake City,UT,84111,"347 East 200 South, Salt Lake City, UT 84111",,https://www.twilitelounge.com/,,,,,,,40.7653062,-111.8808542,,,https://www.openstreetmap.org/way/595952131,"{""addr:city"": ""Salt Lake City"", ""addr:housenumber"": ""347"", ""addr:postcode"": ""84111"", ""addr:state"": ""UT"", ""addr:street"": ""East 200 South"", ""amenity"": ""bar"", ""building"": ""yes"", ""name"": ""Twilite Lounge"", ""utahagrc:parcelid"": ""16062050180000"", ""website"": ""https://www.twilitelounge.com/""}",2026-08-10T08:57:15.983839+00:00
way,607412510,Chubby's,restaurant,,mexican,,,955,North 1400 West,,Salt Lake City,UT,84116,"955 North 1400 West, Salt Lake City, UT 84116",+1-801-596-2070,https://www.slcmenu.com/2016/01/03/chubbys-mexican-restaurant-menu/,,Mo-Sa 10:00-22:00; Su 10:00-21:00,yes,,yes,,40.7905574,-111.9314653,,,https://www.openstreetmap.org/way/607412510,"{""addr:city"": ""Salt Lake City"", ""addr:country"": ""US"", ""addr:housenumber"": ""955"", ""addr:postcode"": ""84116"", ""addr:state"": ""UT"", ""addr:street"": ""North 1400 West"", ""amenity"": ""restaurant"", ""building"": ""retail"", ""cuisine"": ""mexican"", ""name"": ""Chubby's"", ""opening_hours"": ""Mo-Sa 10:00-22:00; Su 10:00-21:00"", ""outdoor_seating"": ""yes"", ""phone"": ""+1-801-596-2070"", ""takeaway"": ""yes"", ""website"": ""https://www.slcmenu.com/2016/01/03/chubbys-mexican-restaurant-menu/""}",2026-08-10T08:57:15.983839+00:00
way,613169853,Veggie House,restaurant,,asian,,,52,East 1700 South,,Salt Lake City,UT,84115,"52 East 1700 South, Salt Lake City, UT 84115",+1-801-282-8686,https://www.veggiehouseutah.com/,,Mo-Sa 11:00-09:00; Su off,yes,,yes,,40.7332055,-111.8893216,,,https://www.openstreetmap.org/way/613169853,"{""addr:city"": ""Salt Lake City"", ""addr:housenumber"": ""52"", ""addr:postcode"": ""84115"", ""addr:state"": ""UT"", ""addr:street"": ""East 1700 South"", ""amenity"": ""restaurant"", ""building"": ""retail"", ""cuisine"": ""asian"", ""description"": ""All-vegan Asian restaurant with soy chicken, beef, shrimp, and tofu in classic Chinese and Thai dishes, plus a large sushi menu. (Source: UARC directory)"", ""diet:vegan"": ""only"", ""name"": ""Veggie House"", ""opening_hours"": ""Mo-Sa 11:00-09:00; Su off"", ""outdoor_seating"": ""yes"", ""phone"": ""+1-801-282-8686"", ""smoking"": ""no"", ""takeaway"": ""yes"", ""utahagrc:parcelid"": ""16181600020000"", ""website"": ""https://www.veggiehouseutah.com/""}",2026-08-10T08:57:15.983839+00:00
way,613169915,Subway,fast_food,,sandwich,Subway,,2090,South State Street,,Salt Lake City,UT,84115,"2090 South State Street, Salt Lake City, UT 84115",+1-801-485-5513,https://restaurants.subway.com/united-states/ut/salt-lake-city/2090-s-state-st,,Mo-Sa 08:00-22:00; Su 10:00-21:00,yes,,,,40.7256451,-111.8885510,,,https://www.openstreetmap.org/way/613169915,"{""addr:city"": ""Salt Lake City"", ""addr:country"": ""US"", ""addr:housenumber"": ""2090"", ""addr:postcode"": ""84115"", ""addr:state"": ""UT"", ""addr:street"": ""South State Street"", ""amenity"": ""fast_food"", ""brand"": ""Subway"", ""brand:wikidata"": ""Q244457"", ""building"": ""retail"", ""cuisine"": ""sandwich"", ""name"": ""Subway"", ""opening_hours"": ""Mo-Sa 08:00-22:00; Su 10:00-21:00"", ""phone"": ""+1-801-485-5513"", ""takeaway"": ""yes"", ""utahagrc:parcelid"": ""16191010080000"", ""website"": ""https://restaurants.subway.com/united-states/ut/salt-lake-city/2090-s-state-st""}",2026-08-10T08:57:15.983839+00:00
way,613169916,McDonald's,fast_food,,burger,McDonald's,,2064,South 300 West,,Salt Lake City,UT,84115,"2064 South 300 West, Salt Lake City, UT 84115",+1 385-549-1914,https://www.mcdonalds.com/us/en-us/location/15628.html,,"Mo-Th 05:00-23:00; Fr,Sa 05:00-24:00; Su 06:00-23:00",yes,yes,no,yes,40.7259095,-111.9002699,,,https://www.openstreetmap.org/way/613169916,"{""addr:city"": ""Salt Lake City"", ""addr:country"": ""US"", ""addr:housenumber"": ""2064"", ""addr:postcode"": ""84115"", ""addr:state"": ""UT"", ""addr:street"": ""South 300 West"", ""amenity"": ""fast_food"", ""brand"": ""McDonald's"", ""brand:wikidata"": ""Q38076"", ""building"": ""retail"", ""building:levels"": ""1"", ""capacity"": ""30"", ""check_date:opening_hours"": ""2025-09-01"", ""cuisine"": ""burger"", ""delivery"": ""yes"", ""drive_through"": ""yes"", ""internet_access"": ""wlan"", ""internet_access:fee"": ""no"", ""name"": ""McDonald's"", ""opening_hours"": ""Mo-Th 05:00-23:00; Fr,Sa 05:00-24:00; Su 06:00-23:00"", ""opening_hours:drive_through"": ""Mo-Th 05:00-24:00; Fr,Sa 05:00-25:00; Su 06:00-23:00"", ""outdoor_seating"": ""no"", ""payment:credit_card"": ""yes"", ""payment:girocard"": ""yes"", ""phone"": ""+1 385-549-1914"", ""takeaway"": ""yes"", ""utahagrc:parcelid"": ""15134520060000"", ""website"": ""https://www.mcdonalds.com/us/en-us/location/15628.html"", ""website:menu"": ""https://www.mcdonalds.com/us/en-us/full-menu.html"", ""wheelchair"": ""yes""}",2026-08-10T08:57:15.983839+00:00
way,613170106,Del Taco,fast_food,,mexican,Del Taco,,23,East 2100 South,,Salt Lake City,UT,84115,"23 East 2100 South, Salt Lake City, UT 84115",,https://locations.deltaco.com/us/ut/salt-lake-city/23-east-2100-south,,,yes,,,,40.7256958,-111.8900360,,,https://www.openstreetmap.org/way/613170106,"{""addr:city"": ""Salt Lake City"", ""addr:country"": ""US"", ""addr:housenumber"": ""23"", ""addr:postcode"": ""84115"", ""addr:state"": ""UT"", ""addr:street"": ""East 2100 South"", ""amenity"": ""fast_food"", ""brand"": ""Del Taco"", ""brand:wikidata"": ""Q1183818"", ""building"": ""retail"", ""cuisine"": ""mexican"", ""drive_through"": ""yes"", ""name"": ""Del Taco"", ""takeaway"": ""yes"", ""utahagrc:parcelid"": ""16191010110000"", ""website"": ""https://locations.deltaco.com/us/ut/salt-lake-city/23-east-2100-south""}",2026-08-10T08:57:15.983839+00:00
way,613170321,Big Willie's Sports Bar & Grill,bar,,,,,1717,South Main Street,,Salt Lake City,UT,84115,"1717 South Main Street, Salt Lake City, UT 84115",+1-801-463-4996,https://bigwillieslounge.com/,,Mo-Su 10:00-01:00,,,,,40.7331471,-111.8906079,,,https://www.openstreetmap.org/way/613170321,"{""addr:city"": ""Salt Lake City"", ""addr:housenumber"": ""1717"", ""addr:postcode"": ""84115"", ""addr:state"": ""UT"", ""addr:street"": ""South Main Street"", ""amenity"": ""bar"", ""building"": ""commercial"", ""name"": ""Big Willie's Sports Bar & Grill"", ""opening_hours"": ""Mo-Su 10:00-01:00"", ""phone"": ""+1-801-463-4996"", ""utahagrc:parcelid"": ""16181590080000"", ""website"": ""https://bigwillieslounge.com/""}",2026-08-10T08:57:15.983839+00:00
way,613170394,Meno's Mexican Restaurant,restaurant,,mexican,,,75,West 1700 South,,Salt Lake City,UT,84115,"75 West 1700 South, Salt Lake City, UT 84115",+1-801-486-0873,https://www.elmenosslc.com/,,Mo 10:00-21:00; Tu off; We-Sa 10:00-21:00; Su 10:00-18:00,,,,,40.7333206,-111.8935752,,,https://www.openstreetmap.org/way/613170394,"{""addr:city"": ""Salt Lake City"", ""addr:housenumber"": ""75"", ""addr:postcode"": ""84115"", ""addr:state"": ""UT"", ""addr:street"": ""West 1700 South"", ""amenity"": ""restaurant"", ""building"": ""commercial"", ""cuisine"": ""mexican"", ""name"": ""Meno's Mexican Restaurant"", ""opening_hours"": ""Mo 10:00-21:00; Tu off; We-Sa 10:00-21:00; Su 10:00-18:00"", ""phone"": ""+1-801-486-0873"", ""utahagrc:parcelid"": ""15132850060000"", ""website"": ""https://www.elmenosslc.com/""}",2026-08-10T08:57:15.983839+00:00
way,613170405,Chuck E. Cheese,restaurant,,pizza,Chuck E. Cheese,,389,West 1830 South,,Salt Lake City,UT,84115,"389 West 1830 South, Salt Lake City, UT 84115",,https://locations.chuckecheese.com/us/ut/saltlakecity/389-w.-1830-south,,,,,,,40.7291070,-111.9023292,,,https://www.openstreetmap.org/way/613170405,"{""addr:city"": ""Salt Lake City"", ""addr:housenumber"": ""389"", ""addr:postcode"": ""84115"", ""addr:state"": ""UT"", ""addr:street"": ""West 1830 South"", ""amenity"": ""restaurant"", ""brand"": ""Chuck E. Cheese"", ""brand:wikidata"": ""Q2438391"", ""building"": ""commercial"", ""cuisine"": ""pizza"", ""leisure"": ""amusement_arcade"", ""name"": ""Chuck E. Cheese"", ""utahagrc:parcelid"": ""15133760120000"", ""website"": ""https://locations.chuckecheese.com/us/ut/saltlakecity/389-w.-1830-south""}",2026-08-10T08:57:15.983839+00:00
way,613170428,Jack in the Box,fast_food,,burger,Jack in the Box,,61,East 2100 South,,Salt Lake City,UT,84115,"61 East 2100 South, Salt Lake City, UT 84115",+1 801-492-1456,https://locations.jackinthebox.com/us/ut/salt-lake-city/61-e-2100-s-st,,Mo-Su 07:30-24:00,yes,,,,40.7257690,-111.8893812,,,https://www.openstreetmap.org/way/613170428,"{""addr:city"": ""Salt Lake City"", ""addr:country"": ""US"", ""addr:housenumber"": ""61"", ""addr:postcode"": ""84115"", ""addr:state"": ""UT"", ""addr:street"": ""East 2100 South"", ""amenity"": ""fast_food"", ""brand"": ""Jack in the Box"", ""brand:wikidata"": ""Q1538507"", ""building"": ""retail"", ""cuisine"": ""burger"", ""drive_through"": ""yes"", ""name"": ""Jack in the Box"", ""opening_hours"": ""Mo-Su 07:30-24:00"", ""opening_hours:drive_through"": ""24/7"", ""phone"": ""+1 801-492-1456"", ""takeaway"": ""yes"", ""utahagrc:parcelid"": ""16191010060000"", ""website"": ""https://locations.jackinthebox.com/us/ut/salt-lake-city/61-e-2100-s-st""}",2026-08-10T08:57:15.983839+00:00
way,613170456,Rusted Sun Pizzeria,restaurant,,pizza,,,2010,South State Street,,Salt Lake City,UT,84115,"2010 South State Street, Salt Lake City, UT 84115",+1-801-483-2120,,,,,,,,40.7263956,-111.8886242,,,https://www.openstreetmap.org/way/613170456,"{""addr:city"": ""Salt Lake City"", ""addr:housenumber"": ""2010"", ""addr:postcode"": ""84115"", ""addr:state"": ""UT"", ""addr:street"": ""South State Street"", ""amenity"": ""restaurant"", ""building"": ""commercial"", ""cuisine"": ""pizza"", ""name"": ""Rusted Sun Pizzeria"", ""phone"": ""+1-801-483-2120"", ""utahagrc:parcelid"": ""16183530120000""}",2026-08-10T08:57:15.983839+00:00
way,613170616,New Golden Dragon,restaurant,,asian,,,1716,South State Street,,Salt Lake City,UT,84115,"1716 South State Street, Salt Lake City, UT 84115",+1-801-487-9888,https://www.newgoldendragonslc.com/,,Mo-Th 11:00-23:30; Fr 11:00-22:00; Sa 10:30-22:00; Su 10:30-21:30,,,,,40.7329244,-111.8887194,,,https://www.openstreetmap.org/way/613170616,"{""addr:city"": ""Salt Lake City"", ""addr:housenumber"": ""1716"", ""addr:postcode"": ""84115"", ""addr:state"": ""UT"", ""addr:street"": ""South State Street"", ""amenity"": ""restaurant"", ""building"": ""retail"", ""cuisine"": ""asian"", ""name"": ""New Golden Dragon"", ""opening_hours"": ""Mo-Th 11:00-23:30; Fr 11:00-22:00; Sa 10:30-22:00; Su 10:30-21:30"", ""phone"": ""+1-801-487-9888"", ""utahagrc:parcelid"": ""16183020030000"", ""website"": ""https://www.newgoldendragonslc.com/""}",2026-08-10T08:57:15.983839+00:00
way,616844611,Arby's,fast_food,,sandwich,Arby's,,1650,South State Street,,Salt Lake City,UT,84115,"1650 South State Street, Salt Lake City, UT 84115",+1-801-486-2903,https://www.arbys.com/locations/us/ut/salt-lake-city/1650-s-state-st/store-1645/,,Su-We 10:00-23:00; Th-Sa 10:00-24:00,yes,,,yes,40.7337219,-111.8886438,,,https://www.openstreetmap.org/way/616844611,"{""addr:city"": ""Salt Lake City"", ""addr:housenumber"": ""1650"", ""addr:postcode"": ""84115"", ""addr:state"": ""UT"", ""addr:street"": ""South State Street"", ""air_conditioning"": ""yes"", ""amenity"": ""fast_food"", ""brand"": ""Arby's"", ""brand:wikidata"": ""Q630866"", ""building"": ""retail"", ""check_date"": ""2024-06-21"", ""cuisine"": ""sandwich"", ""drive_through"": ""yes"", ""name"": ""Arby's"", ""opening_hours"": ""Su-We 10:00-23:00; Th-Sa 10:00-24:00"", ""phone"": ""+1-801-486-2903"", ""takeaway"": ""yes"", ""utahagrc:parcelid"": ""16181570200000"", ""website"": ""https://www.arbys.com/locations/us/ut/salt-lake-city/1650-s-state-st/store-1645/"", ""wheelchair"": ""yes""}",2026-08-10T08:57:15.983839+00:00
way,616844680,,restaurant,,,,,1356,South State Street,,Salt Lake City,UT,84115,"1356 South State Street, Salt Lake City, UT 84115",,,,,,,,,40.7402569,-111.8886029,,,https://www.openstreetmap.org/way/616844680,"{""addr:city"": ""Salt Lake City"", ""addr:housenumber"": ""1356"", ""addr:postcode"": ""84115"", ""addr:state"": ""UT"", ""addr:street"": ""South State Street"", ""amenity"": ""restaurant"", ""building"": ""commercial"", ""utahagrc:parcelid"": ""16181020300000""}",2026-08-10T08:57:15.983839+00:00
way,616845104,Aces High Saloon,bar,,,,,1588,South State Street,,Salt Lake City,UT,84115,"1588 South State Street, Salt Lake City, UT 84115",,https://aceshighsaloon.com/,,Mo-Sa 11:00-01:00; Su 12:00-01:00,,,,,40.7350230,-111.8886009,,,https://www.openstreetmap.org/way/616845104,"{""addr:city"": ""Salt Lake City"", ""addr:housenumber"": ""1588"", ""addr:postcode"": ""84115"", ""addr:state"": ""UT"", ""addr:street"": ""South State Street"", ""amenity"": ""bar"", ""building"": ""commercial"", ""diet:vegan"": ""yes"", ""name"": ""Aces High Saloon"", ""opening_hours"": ""Mo-Sa 11:00-01:00; Su 12:00-01:00"", ""utahagrc:parcelid"": ""16181570100000"", ""website"": ""https://aceshighsaloon.com/""}",2026-08-10T08:57:15.983839+00:00
way,616845403,Sweet Lake Biscuits & Limeade,restaurant,,,,,54,West 1700 South,,Salt Lake City,UT,84115,"54 West 1700 South, Salt Lake City, UT 84115",+1-801-953-1978,https://sweetlakeslc.com/,,Mo-Fr 07:00-15:00; Sa-Su 07:00-16:00,yes,no,,yes,40.7336918,-111.8928521,,,https://www.openstreetmap.org/way/616845403,"{""addr:city"": ""Salt Lake City"", ""addr:housenumber"": ""54"", ""addr:postcode"": ""84115"", ""addr:state"": ""UT"", ""addr:street"": ""West 1700 South"", ""air_conditioning"": ""yes"", ""amenity"": ""restaurant"", ""building"": ""retail"", ""delivery"": ""no"", ""name"": ""Sweet Lake Biscuits & Limeade"", ""opening_hours"": ""Mo-Fr 07:00-15:00; Sa-Su 07:00-16:00"", ""phone"": ""+1-801-953-1978"", ""reservation"": ""yes"", ""takeaway"": ""yes"", ""utahagrc:parcelid"": ""15132810240000"", ""website"": ""https://sweetlakeslc.com/"", ""wheelchair"": ""yes""}",2026-08-10T08:57:15.983839+00:00
way,616845602,Burger King,fast_food,,burger,Burger King,,1315,South 300 West,,Salt Lake City,UT,84115,"1315 South 300 West, Salt Lake City, UT 84115",+1 801-466-4492,https://www.bk.com/store-locator/store/restaurant_14205,,Mo-Sa 06:00-20:00; Su 07:00-20:00,yes,,,,40.7412104,-111.8992982,,,https://www.openstreetmap.org/way/616845602,"{""addr:city"": ""Salt Lake City"", ""addr:housenumber"": ""1315"", ""addr:postcode"": ""84115"", ""addr:state"": ""UT"", ""addr:street"": ""South 300 West"", ""amenity"": ""fast_food"", ""brand"": ""Burger King"", ""brand:wikidata"": ""Q177054"", ""building"": ""commercial"", ""cuisine"": ""burger"", ""drive_through"": ""yes"", ""internet_access"": ""wlan"", ""name"": ""Burger King"", ""opening_hours"": ""Mo-Sa 06:00-20:00; Su 07:00-20:00"", ""phone"": ""+1 801-466-4492"", ""ref"": ""20615"", ""takeaway"": ""yes"", ""utahagrc:parcelid"": ""15124590190000"", ""website"": ""https://www.bk.com/store-locator/store/restaurant_14205""}",2026-08-10T08:57:15.983839+00:00
way,675431715,,restaurant,,,,,1021,North Catherine Street,,Salt Lake City,UT,84116,"1021 North Catherine Street, Salt Lake City, UT 84116",,,,,,,,,40.7916419,-111.9329720,,,https://www.openstreetmap.org/way/675431715,"{""addr:city"": ""Salt Lake City"", ""addr:housenumber"": ""1021"", ""addr:postcode"": ""84116"", ""addr:state"": ""UT"", ""addr:street"": ""North Catherine Street"", ""amenity"": ""restaurant"", ""building"": ""yes"", ""fixme"": ""Online search shows three different restaurants at this address. Need ground survey.""}",2026-08-10T08:57:15.983839+00:00
way,677044409,El Cabrito,restaurant,,,,,956,West 1000 North,,Salt Lake City,UT,84116,"956 West 1000 North, Salt Lake City, UT 84116",+1 801-363-2645,,,,,,yes,,40.7915250,-111.9191046,,,https://www.openstreetmap.org/way/677044409,"{""addr:city"": ""Salt Lake City"", ""addr:country"": ""US"", ""addr:housenumber"": ""956"", ""addr:postcode"": ""84116"", ""addr:state"": ""UT"", ""addr:street"": ""West 1000 North"", ""amenity"": ""restaurant"", ""building"": ""yes"", ""contact:phone"": ""+1 801-363-2645"", ""name"": ""El Cabrito"", ""outdoor_seating"": ""yes""}",2026-08-10T08:57:15.983839+00:00
way,729696912,Redwood Lounge,bar,,,,,502,South Redwood Road,,Salt Lake City,UT,84104,"502 South Redwood Road, Salt Lake City, UT 84104",,,,24/7,,,,,40.7581693,-111.9394387,,,https://www.openstreetmap.org/way/729696912,"{""addr:city"": ""Salt Lake City"", ""addr:housenumber"": ""502"", ""addr:postcode"": ""84104"", ""addr:state"": ""UT"", ""addr:street"": ""South Redwood Road"", ""amenity"": ""bar"", ""building"": ""retail"", ""check_date"": ""2025-05-30"", ""name"": ""Redwood Lounge"", ""opening_hours"": ""24/7""}",2026-08-10T08:57:15.983839+00:00
way,769659337,McDonald's,fast_food,,burger,McDonald's,,242,South 700 East,,Salt Lake City,UT,84102,"242 South 700 East, Salt Lake City, UT 84102",+1 801-532-9147,https://www.mcdonalds.com/us/en-us/location/2108.html,,07:00-22:00,yes,,,,40.7638394,-111.8715423,,,https://www.openstreetmap.org/way/769659337,"{""addr:city"": ""Salt Lake City"", ""addr:housenumber"": ""242"", ""addr:postcode"": ""84102"", ""addr:state"": ""UT"", ""addr:street"": ""South 700 East"", ""amenity"": ""fast_food"", ""brand"": ""McDonald's"", ""brand:website"": ""https://www.mcdonalds.com/"", ""brand:wikidata"": ""Q38076"", ""building"": ""commercial"", ""cuisine"": ""burger"", ""drive_through"": ""yes"", ""internet_access"": ""wlan"", ""name"": ""McDonald's"", ""opening_hours"": ""07:00-22:00"", ""phone"": ""+1 801-532-9147"", ""source"": ""Bing"", ""takeaway"": ""yes"", ""utahagrc:parcelid"": ""16051520020000"", ""website"": ""https://www.mcdonalds.com/us/en-us/location/2108.html""}",2026-08-10T08:57:15.983839+00:00
way,785258001,El Pollo Loco,fast_food,,mexican,El Pollo Loco,,1120,South 300 West,,Salt Lake City,UT,84101,"1120 South 300 West, Salt Lake City, UT 84101",+1-801-363-0836,https://restaurants.elpolloloco.com/ut/salt-lake-city/1120-south-300-west,,Su-Th 09:30-22:00; Fr-Sa 09:30-23:00,yes,,,,40.7442872,-111.9000401,,,https://www.openstreetmap.org/way/785258001,"{""addr:city"": ""Salt Lake City"", ""addr:housenumber"": ""1120"", ""addr:postcode"": ""84101"", ""addr:state"": ""UT"", ""addr:street"": ""South 300 West"", ""amenity"": ""fast_food"", ""brand"": ""El Pollo Loco"", ""brand:wikidata"": ""Q2353849"", ""building"": ""yes"", ""cuisine"": ""mexican"", ""name"": ""El Pollo Loco"", ""opening_hours"": ""Su-Th 09:30-22:00; Fr-Sa 09:30-23:00"", ""phone"": ""+1-801-363-0836"", ""takeaway"": ""yes"", ""website"": ""https://restaurants.elpolloloco.com/ut/salt-lake-city/1120-south-300-west""}",2026-08-10T08:57:15.983839+00:00
way,785258004,Wendy's,fast_food,,burger,Wendy's,,1090,South 300 West,,Salt Lake City,UT,84101,"1090 South 300 West, Salt Lake City, UT 84101",+1 801-355-3407,https://locations.wendys.com/united-states/ut/salt-lake-city/1090-south-300-west,,06:00-22:00,yes,,,,40.7455846,-111.9002220,,,https://www.openstreetmap.org/way/785258004,"{""addr:city"": ""Salt Lake City"", ""addr:housenumber"": ""1090"", ""addr:postcode"": ""84101"", ""addr:state"": ""UT"", ""addr:street"": ""South 300 West"", ""amenity"": ""fast_food"", ""brand"": ""Wendy's"", ""brand:wikidata"": ""Q550258"", ""building"": ""yes"", ""cuisine"": ""burger"", ""drive_through"": ""yes"", ""name"": ""Wendy's"", ""opening_hours"": ""06:00-22:00"", ""opening_hours:drive_through"": ""Mo-Su 06:00-00:00"", ""phone"": ""+1 801-355-3407"", ""takeaway"": ""yes"", ""website"": ""https://locations.wendys.com/united-states/ut/salt-lake-city/1090-south-300-west""}",2026-08-10T08:57:15.983839+00:00
way,786451366,Mom's Cafe,cafe,,,,,,,,,,,,+1 801-587-9759,,,Mo-Th 07:00-21:00,,,,,40.7630296,-111.8463310,,,https://www.openstreetmap.org/way/786451366,"{""amenity"": ""cafe"", ""drive_through"": ""no"", ""indoor"": ""room"", ""level"": ""0"", ""name"": ""Mom's Cafe"", ""opening_hours"": ""Mo-Th 07:00-21:00"", ""phone"": ""+1 801-587-9759""}",2026-08-10T08:57:15.983839+00:00
way,849833637,Thieves Guild Cidery,bar,,,,,117,West 900 South,,Salt Lake City,UT,84101,"117 West 900 South, Salt Lake City, UT 84101",,https://www.thievesguildcidery.com/,,"Mo-Th 14:00-02:00, Fr-Su 12:00-02:00",,,,,40.7494889,-111.8945406,,,https://www.openstreetmap.org/way/849833637,"{""addr:city"": ""Salt Lake City"", ""addr:housenumber"": ""117"", ""addr:postcode"": ""84101"", ""addr:state"": ""UT"", ""addr:street"": ""West 900 South"", ""amenity"": ""bar"", ""building"": ""commercial"", ""microbrewery"": ""yes"", ""min_age"": ""21"", ""name"": ""Thieves Guild Cidery"", ""opening_hours"": ""Mo-Th 14:00-02:00, Fr-Su 12:00-02:00"", ""website"": ""https://www.thievesguildcidery.com/""}",2026-08-10T08:57:15.983839+00:00
way,849833640,Le Boeuf,restaurant,,french;italian,,,248,West 900 South,,Salt Lake City,UT,84101,"248 West 900 South, Salt Lake City, UT 84101",+1 801-410-8713,https://le-boeuf.square.site,,"Mo 17:00-23:00; Tu-Su 11:00-14:00, 17:00-23:00",,,,,40.7500242,-111.8984898,,,https://www.openstreetmap.org/way/849833640,"{""addr:city"": ""Salt Lake City"", ""addr:housenumber"": ""248"", ""addr:postcode"": ""84101"", ""addr:state"": ""UT"", ""addr:street"": ""West 900 South"", ""addr:street:prefix"": ""West"", ""amenity"": ""restaurant"", ""building"": ""retail"", ""contact:facebook"": ""https://www.facebook.com/people/Le-Boeuf-French-Italian-Restaurant-Wine/61576365795162/"", ""cuisine"": ""french;italian"", ""full_name"": ""Le Boeuf French-Italian Restaurant & Wine"", ""name"": ""Le Boeuf"", ""opening_hours"": ""Mo 17:00-23:00; Tu-Su 11:00-14:00, 17:00-23:00"", ""phone"": ""+1 801-410-8713"", ""website"": ""https://le-boeuf.square.site""}",2026-08-10T08:57:15.983839+00:00
way,860210884,Yellowfinn,restaurant,,asian,,,1166,East 2100 South,,Salt Lake City,UT,84106,"1166 East 2100 South, Salt Lake City, UT 84106",+1 801-466-2600,https://yellowfinnsushi.com/,,Mo-Sa 11:30-21:00,,,patio,,40.7245974,-111.8573522,,,https://www.openstreetmap.org/way/860210884,"{""addr:city"": ""Salt Lake City"", ""addr:country"": ""US"", ""addr:housenumber"": ""1166"", ""addr:postcode"": ""84106"", ""addr:state"": ""UT"", ""addr:street"": ""East 2100 South"", ""amenity"": ""restaurant"", ""building"": ""retail"", ""cuisine"": ""asian"", ""diet:vegetarian"": ""yes"", ""name"": ""Yellowfinn"", ""opening_hours"": ""Mo-Sa 11:30-21:00"", ""outdoor_seating"": ""patio"", ""phone"": ""+1 801-466-2600"", ""strapline"": ""Grill & Sushi Bar"", ""website"": ""https://yellowfinnsushi.com/""}",2026-08-10T08:57:15.983839+00:00
way,945396175,Golden Axe Throwing,bar,,,,,145,West Pierpont Avenue,,Salt Lake City,UT,84101,"145 West Pierpont Avenue, Salt Lake City, UT 84101",,,,,,,,,40.7636580,-111.8955625,,,https://www.openstreetmap.org/way/945396175,"{""addr:city"": ""Salt Lake City"", ""addr:housenumber"": ""145"", ""addr:postcode"": ""84101"", ""addr:state"": ""UT"", ""addr:street"": ""West Pierpont Avenue"", ""amenity"": ""bar"", ""building:levels:underground"": ""1"", ""building:part"": ""yes"", ""fee"": ""yes"", ""name"": ""Golden Axe Throwing""}",2026-08-10T08:57:15.983839+00:00
way,987812679,Apollo Burger,fast_food,,burger,,,950,West 1700 South,,Salt Lake City,UT,84104,"950 West 1700 South, Salt Lake City, UT 84104",,,,,,,,,40.7337539,-111.9180415,,,https://www.openstreetmap.org/way/987812679,"{""addr:city"": ""Salt Lake City"", ""addr:country"": ""US"", ""addr:housenumber"": ""950"", ""addr:postcode"": ""84104"", ""addr:state"": ""UT"", ""addr:street"": ""West 1700 South"", ""amenity"": ""fast_food"", ""building"": ""retail"", ""cuisine"": ""burger"", ""drive_through"": ""yes"", ""name"": ""Apollo Burger""}",2026-08-10T08:57:15.983839+00:00
way,1001882708,The Pines SLC,bar,,,,,837,South Main Street,,Salt Lake City,UT,,"837 South Main Street, Salt Lake City, UT",+1 801 906 8418,,,We-Th 16:00-01:00; Fr 16:00-00:00; Sa 18:00-01:00,,,,,40.7509357,-111.8907379,,,https://www.openstreetmap.org/way/1001882708,"{""addr:city"": ""Salt Lake City"", ""addr:housenumber"": ""837"", ""addr:state"": ""UT"", ""addr:street"": ""South Main Street"", ""amenity"": ""bar"", ""building"": ""commercial"", ""name"": ""The Pines SLC"", ""opening_hours"": ""We-Th 16:00-01:00; Fr 16:00-00:00; Sa 18:00-01:00"", ""phone"": ""+1 801 906 8418""}",2026-08-10T08:57:15.983839+00:00
way,1013202024,El Viroleño,restaurant,,salvadoran,,,471,West 800 South,,Salt Lake City,UT,,"471 West 800 South, Salt Lake City, UT",+1 801-595-7021,,,,,,,,40.7516939,-111.9048884,,,https://www.openstreetmap.org/way/1013202024,"{""addr:city"": ""Salt Lake City"", ""addr:housenumber"": ""471"", ""addr:state"": ""UT"", ""addr:street"": ""West 800 South"", ""amenity"": ""restaurant"", ""building"": ""yes"", ""cuisine"": ""salvadoran"", ""name"": ""El Viroleño"", ""phone"": ""+1 801-595-7021""}",2026-08-10T08:57:15.983839+00:00
way,1020306393,La Frontera,restaurant,,mexican,,,1236,West 400 South,,Salt Lake City,UT,84104,"1236 West 400 South, Salt Lake City, UT 84104",,,,,,,,,40.7609009,-111.9267812,,,https://www.openstreetmap.org/way/1020306393,"{""addr:city"": ""Salt Lake City"", ""addr:housenumber"": ""1236"", ""addr:postcode"": ""84104"", ""addr:state"": ""UT"", ""addr:street"": ""West 400 South"", ""amenity"": ""restaurant"", ""building"": ""yes"", ""cuisine"": ""mexican"", ""name"": ""La Frontera"", ""source"": ""microsoft/BuildingFootprints;esri/USA_NAD_Addresses""}",2026-08-10T08:57:15.983839+00:00
way,1059426026,Rocky Mountain Chocolate Factory,,confectionery,,Rocky Mountain Chocolate Factory,,,,,,,,,,,,,,,,,40.7849773,-111.9846399,,,https://www.openstreetmap.org/way/1059426026,"{""brand"": ""Rocky Mountain Chocolate Factory"", ""brand:wikidata"": ""Q7355878"", ""indoor"": ""room"", ""level"": ""2"", ""name"": ""Rocky Mountain Chocolate Factory"", ""room"": ""retail"", ""shop"": ""confectionery""}",2026-08-10T08:57:15.983839+00:00
way,1061190909,The Suntrapp,bar,,,,,102,South 600 West,,Salt Lake City,UT,,"102 South 600 West, Salt Lake City, UT",+1-801-906-8004,,,Tu-Su 11:00-01:00,,,,,40.7668960,-111.9085710,Q106728925,,https://www.openstreetmap.org/way/1061190909,"{""addr:city"": ""Salt Lake City"", ""addr:housenumber"": ""102"", ""addr:state"": ""UT"", ""addr:street"": ""South 600 West"", ""addr:street:prefix"": ""West"", ""amenity"": ""bar"", ""brewery"": ""various"", ""building"": ""yes"", ""contact:facebook"": ""https://www.facebook.com/SunTrappSLC"", ""min_age"": ""21"", ""name"": ""The Suntrapp"", ""opening_hours"": ""Tu-Su 11:00-01:00"", ""phone"": ""+1-801-906-8004"", ""smoking"": ""outside"", ""source"": ""microsoft/BuildingFootprints"", ""wikidata"": ""Q106728925""}",2026-08-10T08:57:15.983839+00:00
way,1083778025,Carl's Jr.,fast_food,,burger,Carl's Jr.,,1654,South Redwood Road,,Salt Lake City,UT,84104,"1654 South Redwood Road, Salt Lake City, UT 84104",+1 801-972-2977,https://locations.carlsjr.com/ut/salt-lake-city/1654-s.-redwood-rd,,Mo 06:00-23:00; Tu-Sa 06:00-22:00; Su 07:00-22:00,yes,yes,,,40.7340497,-111.9394161,,,https://www.openstreetmap.org/way/1083778025,"{""addr:city"": ""Salt Lake City"", ""addr:housenumber"": ""1654"", ""addr:postcode"": ""84104"", ""addr:state"": ""UT"", ""addr:street"": ""South Redwood Road"", ""amenity"": ""fast_food"", ""brand"": ""Carl's Jr."", ""brand:wikidata"": ""Q1043486"", ""building"": ""retail"", ""cuisine"": ""burger"", ""delivery"": ""yes"", ""drive_through"": ""yes"", ""name"": ""Carl's Jr."", ""opening_hours"": ""Mo 06:00-23:00; Tu-Sa 06:00-22:00; Su 07:00-22:00"", ""phone"": ""+1 801-972-2977"", ""ref"": ""1102671"", ""takeaway"": ""yes"", ""website"": ""https://locations.carlsjr.com/ut/salt-lake-city/1654-s.-redwood-rd""}",2026-08-10T08:57:15.983839+00:00
way,1083809029,Rancherito's Mexican Food,restaurant,,mexican,,,1860,South Redwood Road,,Salt Lake City,UT,84104,"1860 South Redwood Road, Salt Lake City, UT 84104",+1-801-972-2610,https://rancheritosmexicanfood.com/locations/salt-lake-city-redwood-rd/,,24/7,,,,,40.7296516,-111.9393060,,,https://www.openstreetmap.org/way/1083809029,"{""addr:city"": ""Salt Lake City"", ""addr:housenumber"": ""1860"", ""addr:postcode"": ""84104"", ""addr:state"": ""UT"", ""addr:street"": ""South Redwood Road"", ""amenity"": ""restaurant"", ""building"": ""retail"", ""cuisine"": ""mexican"", ""name"": ""Rancherito's Mexican Food"", ""opening_hours"": ""24/7"", ""phone"": ""+1-801-972-2610"", ""website"": ""https://rancheritosmexicanfood.com/locations/salt-lake-city-redwood-rd/""}",2026-08-10T08:57:15.983839+00:00
way,1120580564,Hook & Ladder Co,restaurant,,burger,,,1313,West California Avenue,,Salt Lake City,UT,84104,"1313 West California Avenue, Salt Lake City, UT 84104",,,,,,,yes,,40.7402588,-111.9286556,,,https://www.openstreetmap.org/way/1120580564,"{""addr:city"": ""Salt Lake City"", ""addr:housenumber"": ""1313"", ""addr:postcode"": ""84104"", ""addr:state"": ""UT"", ""addr:street"": ""West California Avenue"", ""amenity"": ""restaurant"", ""building"": ""retail"", ""cuisine"": ""burger"", ""name"": ""Hook & Ladder Co"", ""outdoor_seating"": ""yes""}",2026-08-10T08:57:15.983839+00:00
way,1125266188,Woodbine Food Hall,food_court,,,,,,,,,,,,,,,Mo-We 11:30-21:00; Th-Sa 11:30-22:00; Su off,yes,,yes,,40.7536427,-111.9069598,,,https://www.openstreetmap.org/way/1125266188,"{""amenity"": ""food_court"", ""building"": ""commercial"", ""building:part"": ""yes"", ""internet_access"": ""wlan"", ""internet_access:fee"": ""no"", ""name"": ""Woodbine Food Hall"", ""opening_hours"": ""Mo-We 11:30-21:00; Th-Sa 11:30-22:00; Su off"", ""outdoor_seating"": ""yes"", ""takeaway"": ""yes""}",2026-08-10T08:57:15.983839+00:00
way,1131057239,Panderia Flores,,bakery,,,,904,South 900 West,,Salt Lake City,UT,84104,"904 South 900 West, Salt Lake City, UT 84104",+1 801-533-0211,https://panaderiaflores.com/,,Mo-Su 07:00-21:00,,,,,40.7496396,-111.9174285,,,https://www.openstreetmap.org/way/1131057239,"{""addr:city"": ""Salt Lake City"", ""addr:housenumber"": ""904"", ""addr:postcode"": ""84104"", ""addr:state"": ""UT"", ""addr:street"": ""South 900 West"", ""building"": ""yes"", ""contact:facebook"": ""https://www.facebook.com/panaderiafloresutah/"", ""contact:instagram"": ""https://www.instagram.com/panaderiaflores/"", ""name"": ""Panderia Flores"", ""opening_hours"": ""Mo-Su 07:00-21:00"", ""phone"": ""+1 801-533-0211"", ""shop"": ""bakery"", ""source"": ""microsoft/BuildingFootprints"", ""website"": ""https://panaderiaflores.com/""}",2026-08-10T08:57:15.983839+00:00
way,1132244040,The Pearl,bar,,,,,917,South 200 West,,Salt Lake City,UT,84101,"917 South 200 West, Salt Lake City, UT 84101",,https://thepearlslc.com,,"Tu-Fr 11:00-16:00, 19:00-23:59; Sa 19:00-23:59",,,,,40.7493125,-111.8964739,,,https://www.openstreetmap.org/way/1132244040,"{""addr:city"": ""Salt Lake City"", ""addr:housenumber"": ""917"", ""addr:postcode"": ""84101"", ""addr:state"": ""UT"", ""addr:street"": ""South 200 West"", ""amenity"": ""bar"", ""building"": ""commercial"", ""building:levels"": ""1"", ""description"": ""Bar & Vietnamese restaurant."", ""min_age"": ""21"", ""name"": ""The Pearl"", ""opening_hours"": ""Tu-Fr 11:00-16:00, 19:00-23:59; Sa 19:00-23:59"", ""website"": ""https://thepearlslc.com""}",2026-08-10T08:57:15.983839+00:00
way,1212172367,Tacos Garay,restaurant,,mexican,,,909,South 300 West,,Salt Lake City,UT,84101,"909 South 300 West, Salt Lake City, UT 84101",+1-801-532-2621,https://www.tacosgaray.com/,,Mo-Sa 09:00-21:00; Su 09:00-15:00,,,,,40.7494536,-111.8993226,,,https://www.openstreetmap.org/way/1212172367,"{""addr:city"": ""Salt Lake City"", ""addr:housenumber"": ""909"", ""addr:postcode"": ""84101"", ""addr:state"": ""UT"", ""addr:street"": ""South 300 West"", ""amenity"": ""restaurant"", ""building"": ""yes"", ""cuisine"": ""mexican"", ""name"": ""Tacos Garay"", ""opening_hours"": ""Mo-Sa 09:00-21:00; Su 09:00-15:00"", ""phone"": ""+1-801-532-2621"", ""website"": ""https://www.tacosgaray.com/""}",2026-08-10T08:57:15.983839+00:00
way,1212172383,Golden Gyros,restaurant,,greek,,,259,West 900 South,,Salt Lake City,UT,84101,"259 West 900 South, Salt Lake City, UT 84101",+1-801-214-0099,,,Mo-Sa 10:00-21:00,,,,,40.7494724,-111.8988844,,,https://www.openstreetmap.org/way/1212172383,"{""addr:city"": ""Salt Lake City"", ""addr:housenumber"": ""259"", ""addr:postcode"": ""84101"", ""addr:state"": ""UT"", ""addr:street"": ""West 900 South"", ""amenity"": ""restaurant"", ""building"": ""yes"", ""cuisine"": ""greek"", ""name"": ""Golden Gyros"", ""opening_hours"": ""Mo-Sa 10:00-21:00"", ""phone"": ""+1-801-214-0099""}",2026-08-10T08:57:15.983839+00:00
way,1212357082,Juanita,restaurant,,salvadoran,,,,,,,,,,,,,,,,,,40.7495319,-111.8990631,,,https://www.openstreetmap.org/way/1212357082,"{""amenity"": ""restaurant"", ""building"": ""yes"", ""cuisine"": ""salvadoran"", ""name"": ""Juanita""}",2026-08-10T08:57:15.983839+00:00
way,1233298326,Sonic,fast_food,,burger,Sonic,,85,East 1300 South,,Salt Lake City,UT,84115,"85 East 1300 South, Salt Lake City, UT 84115",+1 801-596-1599,https://locations.sonicdrivein.com/ut/saltlakecity/85-e-1300-south.html,,Mo-Th 07:00-23:00; Fr 07:00-24:00; Sa 08:00-24:00; Su 09:00-22:00,yes,,,,40.7419465,-111.8887429,,,https://www.openstreetmap.org/way/1233298326,"{""addr:city"": ""Salt Lake City"", ""addr:housenumber"": ""85"", ""addr:postcode"": ""84115"", ""addr:state"": ""UT"", ""addr:street"": ""East 1300 South"", ""amenity"": ""fast_food"", ""brand"": ""Sonic"", ""brand:wikidata"": ""Q7561808"", ""building"": ""retail"", ""cuisine"": ""burger"", ""drive_in"": ""yes"", ""name"": ""Sonic"", ""opening_hours"": ""Mo-Th 07:00-23:00; Fr 07:00-24:00; Sa 08:00-24:00; Su 09:00-22:00"", ""phone"": ""+1 801-596-1599"", ""source"": ""Bing"", ""takeaway"": ""yes"", ""website"": ""https://locations.sonicdrivein.com/ut/saltlakecity/85-e-1300-south.html""}",2026-08-10T08:57:15.983839+00:00
way,1312047525,Honest Abe's,cafe,,coffee_shop,,,,,,,,,,,,,,,,no,,40.7245046,-111.8237785,,,https://www.openstreetmap.org/way/1312047525,"{""amenity"": ""cafe"", ""building"": ""yes"", ""cuisine"": ""coffee_shop"", ""drive_through"": ""yes"", ""name"": ""Honest Abe's"", ""outdoor_seating"": ""no""}",2026-08-10T08:57:15.983839+00:00
way,1531241786,Square Kitchen,food_court,,,,,,,,,,,,,,,,,,,,40.7515928,-111.9127395,,,https://www.openstreetmap.org/way/1531241786,"{""amenity"": ""food_court"", ""name"": ""Square Kitchen""}",2026-08-10T08:57:15.983839+00:00
