establishment_key,name,address,city,city_state_zip,establishment_type,source
100 LIONS BAR|9256 S STATE ST|SANDY,100 LIONS BAR,9256 S STATE ST,SANDY,"SANDY, UT 84070",Mobiles: Food Carts,friend_slc
1800 CONTACTS|261 W DATA DR|DRAPER,1800 CONTACTS,261 W DATA DR,DRAPER,"DRAPER, UT 84020",Restaurants: plated,friend_slc
2 ROW BREWING|73 W 7200 S|MIDVALE,2 ROW BREWING,73 W 7200 S,MIDVALE,"MIDVALE, UT 84047",Beverage Service: Bars/Lounges,friend_slc
23 N 900 W SLC|23 N 900 W|SALT LAKE CITY,23 N 900 W SLC,23 N 900 W,SALT LAKE CITY,"SALT LAKE CITY, UT 84116",Commissary,friend_slc
3 TORITOS TACOS #355146Z|1051 S 300 W|SALT LAKE CITY,3 TORITOS TACOS #355146Z,1051 S 300 W,SALT LAKE CITY,"SALT LAKE CITY, UT 84101",Mobiles: Mobile Food Units (Trucks),friend_slc
4 FORKS CATERING|8684 S SNOW MOUNTAIN DR|SANDY,4 FORKS CATERING,8684 S SNOW MOUNTAIN DR,SANDY,"SANDY, UT 84093","Caterers, not restaurant connected",friend_slc
4111 NUTRITION|4111 S CARRIAGE SQ|TAYLORSVILLE,4111 NUTRITION,4111 S CARRIAGE SQ,TAYLORSVILLE,"TAYLORSVILLE, UT 84129",Beverage Service: Juice/Smoothies,friend_slc
7 BUDDHA TEA HOUSE & DESSERTS|4913 S STATE ST|MURRAY,7 BUDDHA TEA HOUSE & DESSERTS,4913 S STATE ST,MURRAY,"MURRAY, UT 84107",Beverage Service: Juice/Smoothies,friend_slc
801 CATERING|14587 S 790 W|BLUFFDALE,801 CATERING,14587 S 790 W,BLUFFDALE,"BLUFFDALE, UT 84065","Caterers, not restaurant connected",friend_slc
801 COFFEE ROASTERS|550 N 300 W|SALT LAKE CITY,801 COFFEE ROASTERS,550 N 300 W,SALT LAKE CITY,"SALT LAKE CITY, UT 84103",Restaurants: plated,friend_slc
9UP NIGHT MARKET|3232 S 400 E|SOUTH SALT LAKE,9UP NIGHT MARKET,3232 S 400 E,SOUTH SALT LAKE,"SOUTH SALT LAKE, UT 84115","Caterers, not restaurant connected",friend_slc
9UP NIGHT MARKET|3390 S STATE ST|SOUTH SALT LAKE,9UP NIGHT MARKET,3390 S STATE ST,SOUTH SALT LAKE,"SOUTH SALT LAKE, UT 84115",Restaurants: non-plated,friend_slc
AB'S DRIVE IN|4591 S 5600 W|WEST VALLEY CITY,AB'S DRIVE IN,4591 S 5600 W,WEST VALLEY CITY,"WEST VALLEY CITY, UT 84120",Restaurants: non-plated,friend_slc
ABBINGTON AT MURRAY|5377 S STATE ST|MURRAY,ABBINGTON AT MURRAY,5377 S STATE ST,MURRAY,"MURRAY, UT 84107",Restaurants: plated,friend_slc
ABOUTEA|3424 S STATE ST|SOUTH SALT LAKE,ABOUTEA,3424 S STATE ST,SOUTH SALT LAKE,"SOUTH SALT LAKE, UT 84115",Beverage Service: Coffee,friend_slc
AFRICAN RESTAURANT|1522 S STATE ST|SALT LAKE CITY,AFRICAN RESTAURANT,1522 S STATE ST,SALT LAKE CITY,"SALT LAKE CITY, UT 84115",Restaurants: plated,friend_slc
ALBION GRILL|10600 E DAYLODGE RD|ALTA,ALBION GRILL,10600 E DAYLODGE RD,ALTA,"ALTA, UT 84092",Restaurants: non-plated,friend_slc
ALFS RESTAURANT|10700 E LITTLE COTTONWOOD CYN|ALTA,ALFS RESTAURANT,10700 E LITTLE COTTONWOOD CYN,ALTA,"ALTA, UT 84092",Restaurants: plated,friend_slc
ALLURE THAI DELISH|67 W 1700 S|SALT LAKE CITY,ALLURE THAI DELISH,67 W 1700 S,SALT LAKE CITY,"SALT LAKE CITY, UT 84115","Caterers, not restaurant connected",friend_slc
ALOHA SURF SHACK|1980 E 2700 S|SALT LAKE CITY,ALOHA SURF SHACK,1980 E 2700 S,SALT LAKE CITY,"SALT LAKE CITY, UT 84109",Concessions: shaved ice only,friend_slc
ALTA CLUB - BAR|100 E SOUTHTEMPLE ST|SALT LAKE CITY,ALTA CLUB - BAR,100 E SOUTHTEMPLE ST,SALT LAKE CITY,"SALT LAKE CITY, UT 84111",Beverage Service: Bars/Lounges,friend_slc
ALTA CLUB - GRILL|100 E SOUTHTEMPLE ST|SALT LAKE CITY,ALTA CLUB - GRILL,100 E SOUTHTEMPLE ST,SALT LAKE CITY,"SALT LAKE CITY, UT 84111",Restaurants: plated,friend_slc
ALTA CLUB - RESTAURANT|100 E SOUTHTEMPLE ST|SALT LAKE CITY,ALTA CLUB - RESTAURANT,100 E SOUTHTEMPLE ST,SALT LAKE CITY,"SALT LAKE CITY, UT 84111",Restaurants: plated,friend_slc
ALTA LODGE - LOUNGE|10230 E LITTLE COTTONWOOD CYN|ALTA,ALTA LODGE - LOUNGE,10230 E LITTLE COTTONWOOD CYN,ALTA,"ALTA, UT 84092",Beverage Service: Bars/Lounges,friend_slc
ALTA LODGE - RESTAURANT|10230 E LITTLE COTTONWOOD CYN|ALTA,ALTA LODGE - RESTAURANT,10230 E LITTLE COTTONWOOD CYN,ALTA,"ALTA, UT 84092",Beverage Service: Bars/Lounges,friend_slc
ALTA VIEW SPECIALTY CLINIC|9450 S 1300 E|SANDY,ALTA VIEW SPECIALTY CLINIC,9450 S 1300 E,SANDY,"SANDY, UT 84094",Restaurants: non-plated,friend_slc
ALTA WATSON SHELTER - BALDY BREWS|10700 E LITTLE COTTONWOOD CYN|ALTA,ALTA WATSON SHELTER - BALDY BREWS,10700 E LITTLE COTTONWOOD CYN,ALTA,"ALTA, UT 84092",Beverage Service: Bars/Lounges,friend_slc
ALTA WATSON SHELTER - COLLINS GRILL|10700 E LITTLE COTTONWOOD CYN|ALTA,ALTA WATSON SHELTER - COLLINS GRILL,10700 E LITTLE COTTONWOOD CYN,ALTA,"ALTA, UT 84092",Restaurants: plated,friend_slc
ALTITUDE TRAMPOLINE PARK|3813 W CENTER VIEW WY|WEST JORDAN,ALTITUDE TRAMPOLINE PARK,3813 W CENTER VIEW WY,WEST JORDAN,"WEST JORDAN, UT 84084",Restaurants: non-plated,friend_slc
AMC WEST JORDAN 12|9200 S REDWOOD|WEST JORDAN,AMC WEST JORDAN 12,9200 S REDWOOD,WEST JORDAN,"WEST JORDAN, UT 84088",Restaurants: non-plated,friend_slc
AMERICAN FOOD & VENDING CORP @ ZIONS BANCORP TECH|7860 S BINGHAM JUNCTION BLVD|MIDVALE,AMERICAN FOOD & VENDING CORP @ ZIONS BANCORP TECH,7860 S BINGHAM JUNCTION BLVD,MIDVALE,"MIDVALE, UT 84047",Restaurants: plated,friend_slc
AN EXQUISITE AFFAIR CATERING@YOSHIS|3232 S 400 E|SOUTH SALT LAKE,AN EXQUISITE AFFAIR CATERING@YOSHIS,3232 S 400 E,SOUTH SALT LAKE,"SOUTH SALT LAKE, UT 84115","Caterers, not restaurant connected",friend_slc
ANDES GOURMET #84568|229 W 4800 S|MURRAY,ANDES GOURMET #84568,229 W 4800 S,MURRAY,"MURRAY, UT 84107","Caterers, not restaurant connected",friend_slc
ANGELAS CATERING|3804 S HIGHLAND DR|MILLCREEK TS,ANGELAS CATERING,3804 S HIGHLAND DR,MILLCREEK TS,"MILLCREEK TS, UT 84106","Caterers, not restaurant connected",friend_slc
ANNIVERSARY INN SALT LAKE CITY SOUTH TEMPLE|678 E SOUTH TEMPLE ST|SALT LAKE CITY,ANNIVERSARY INN SALT LAKE CITY SOUTH TEMPLE,678 E SOUTH TEMPLE ST,SALT LAKE CITY,"SALT LAKE CITY, UT 84102",Public Lodging: continental breakfast,friend_slc
ANTOJITOS DEL GORDO #410138Z|1308 W 500 N|SALT LAKE CITY,ANTOJITOS DEL GORDO #410138Z,1308 W 500 N,SALT LAKE CITY,"SALT LAKE CITY, UT 84116",Mobiles: Mobile Food Units (Trucks),friend_slc
ANTOJITOS DONA JULIA|1447 W 1000 N|SALT LAKE CITY,ANTOJITOS DONA JULIA,1447 W 1000 N,SALT LAKE CITY,"SALT LAKE CITY, UT 84116",Restaurants: plated,friend_slc
ANTOJITOS MEXICANOS EL CABRITO|956 W 1000 N|SALT LAKE CITY,ANTOJITOS MEXICANOS EL CABRITO,956 W 1000 N,SALT LAKE CITY,"SALT LAKE CITY, UT 84116",Restaurants: plated,friend_slc
APOLLO BURGER WEST JORDAN|7134 S REDWOOD RD|WEST JORDAN,APOLLO BURGER WEST JORDAN,7134 S REDWOOD RD,WEST JORDAN,"WEST JORDAN, UT 84084",Restaurants: non-plated,friend_slc
APOLLO BURGERS (COMMISSARY)|940 W 1700 S|SALT LAKE CITY,APOLLO BURGERS (COMMISSARY),940 W 1700 S,SALT LAKE CITY,"SALT LAKE CITY, UT 84104",Commissary,friend_slc
APOLLO BURGERS|143 N REDWOOD RD|SALT LAKE CITY,APOLLO BURGERS,143 N REDWOOD RD,SALT LAKE CITY,"SALT LAKE CITY, UT 84116",Restaurants: non-plated,friend_slc
APOLLO BURGERS|256 W 3300 S|SOUTH SALT LAKE,APOLLO BURGERS,256 W 3300 S,SOUTH SALT LAKE,"SOUTH SALT LAKE, UT 84115",Restaurants: non-plated,friend_slc
APOLLO BURGERS|529 W 12300 S|DRAPER,APOLLO BURGERS,529 W 12300 S,DRAPER,"DRAPER, UT 84020",Restaurants: non-plated,friend_slc
APOLLO BURGERS|950 W 1700 S|SALT LAKE CITY,APOLLO BURGERS,950 W 1700 S,SALT LAKE CITY,"SALT LAKE CITY, UT 84104",Restaurants: non-plated,friend_slc
APOLLO BURGER|379 S MAIN ST|SALT LAKE CITY,APOLLO BURGER,379 S MAIN ST,SALT LAKE CITY,"SALT LAKE CITY, UT 84111",Restaurants: plated,friend_slc
APOLLO BURGER|4098 W 13400 S|RIVERTON,APOLLO BURGER,4098 W 13400 S,RIVERTON,"RIVERTON, UT 84096",Restaurants: non-plated,friend_slc
APOLLO FOOD TRUCK #1Z7PW|940 W 1700 S|SALT LAKE CITY,APOLLO FOOD TRUCK #1Z7PW,940 W 1700 S,SALT LAKE CITY,"SALT LAKE CITY, UT 84104",Mobiles: Mobile Food Units (Trucks),friend_slc
APPLE SPICE JUNCTION|6540 S STATE ST|MURRAY,APPLE SPICE JUNCTION,6540 S STATE ST,MURRAY,"MURRAY, UT 84107",Restaurants: non-plated,friend_slc
APPLEBEES WEST VALLEY|2175 W CITY CENTER CT|WEST VALLEY CITY,APPLEBEES WEST VALLEY,2175 W CITY CENTER CT,WEST VALLEY CITY,"WEST VALLEY CITY, UT 84119",Restaurants: plated,friend_slc
APPLEBEES|3736 W 7800 S|WEST JORDAN,APPLEBEES,3736 W 7800 S,WEST JORDAN,"WEST JORDAN, UT 84088",Restaurants: plated,friend_slc
APPLEBEES|5678 S REDWOOD RD|TAYLORSVILLE,APPLEBEES,5678 S REDWOOD RD,TAYLORSVILLE,"TAYLORSVILLE, UT 84123",Restaurants: plated,friend_slc
ARBYS #436|25 N REDWOOD RD|SALT LAKE CITY,ARBYS #436,25 N REDWOOD RD,SALT LAKE CITY,"SALT LAKE CITY, UT 84116",Restaurants: non-plated,friend_slc
ARBYS #5118|741 E FORT UNION BLVD|MIDVALE,ARBYS #5118,741 E FORT UNION BLVD,MIDVALE,"MIDVALE, UT 84047",Restaurants: non-plated,friend_slc
ARBYS #6107|10273 S 1300 E|SANDY,ARBYS #6107,10273 S 1300 E,SANDY,"SANDY, UT 84094",Restaurants: non-plated,friend_slc
ARBYS #8541|7121 S BINGHAM JUNCTION|MIDVALE,ARBYS #8541,7121 S BINGHAM JUNCTION,MIDVALE,"MIDVALE, UT 84047",Restaurants: non-plated,friend_slc
ARBYS 1187|2284 E 3900 S|HOLLADAY,ARBYS 1187,2284 E 3900 S,HOLLADAY,"HOLLADAY, UT 84124",Restaurants: non-plated,friend_slc
ARBYS 1333|2819 W 7800 S|WEST JORDAN,ARBYS 1333,2819 W 7800 S,WEST JORDAN,"WEST JORDAN, UT 84088",Restaurants: non-plated,friend_slc
ARBYS 1517|1870 W 5400 S|TAYLORSVILLE,ARBYS 1517,1870 W 5400 S,TAYLORSVILLE,"TAYLORSVILLE, UT 84129",Restaurants: non-plated,friend_slc
ARBYS 155|4663 S 2700 W|TAYLORSVILLE,ARBYS 155,4663 S 2700 W,TAYLORSVILLE,"TAYLORSVILLE, UT 84129",Restaurants: non-plated,friend_slc
ARBYS 1645|1650 S STATE ST|SALT LAKE CITY,ARBYS 1645,1650 S STATE ST,SALT LAKE CITY,"SALT LAKE CITY, UT 84115",Restaurants: non-plated,friend_slc
ARBYS 5255|4663 S 900 E|MILLCREEK TS,ARBYS 5255,4663 S 900 E,MILLCREEK TS,"MILLCREEK TS, UT 84117",Restaurants: non-plated,friend_slc
ARBYS 5669|3535 S 5600 W|WEST VALLEY CITY,ARBYS 5669,3535 S 5600 W,WEST VALLEY CITY,"WEST VALLEY CITY, UT 84120",Restaurants: non-plated,friend_slc
ARBYS 6700|1731 W 12600 S|RIVERTON,ARBYS 6700,1731 W 12600 S,RIVERTON,"RIVERTON, UT 84065",Restaurants: non-plated,friend_slc
ARBYS 942|3215 W 3500 S|WEST VALLEY CITY,ARBYS 942,3215 W 3500 S,WEST VALLEY CITY,"WEST VALLEY CITY, UT 84119",Restaurants: non-plated,friend_slc
ARBYS|3575 S 8400 W|MAGNA TS,ARBYS,3575 S 8400 W,MAGNA TS,"MAGNA TS, UT 84044",Restaurants: non-plated,friend_slc
ARBYS|6095 S 5600 W|KEARNS TS,ARBYS,6095 S 5600 W,KEARNS TS,"KEARNS TS, UT 84118",Restaurants: non-plated,friend_slc
ARCTIC CIRCLE 111|3365 W 7800 S|WEST JORDAN,ARCTIC CIRCLE 111,3365 W 7800 S,WEST JORDAN,"WEST JORDAN, UT 84088",Restaurants: non-plated,friend_slc
ARCTIC CIRCLE 116|208 E 12300 S|DRAPER,ARCTIC CIRCLE 116,208 E 12300 S,DRAPER,"DRAPER, UT 84020",Restaurants: non-plated,friend_slc
ARCTIC CIRCLE 127|8677 S 5600 W|WEST JORDAN,ARCTIC CIRCLE 127,8677 S 5600 W,WEST JORDAN,"WEST JORDAN, UT 84081",Restaurants: non-plated,friend_slc
ARCTIC CIRCLE 202|3919 S 700 E|MILLCREEK TS,ARCTIC CIRCLE 202,3919 S 700 E,MILLCREEK TS,"MILLCREEK TS, UT 84107",Restaurants: non-plated,friend_slc
AREMPAS #016522Z|220 W 7200 S|MIDVALE,AREMPAS #016522Z,220 W 7200 S,MIDVALE,"MIDVALE, UT 84047",Mobiles: Mobile Food Units (Trucks),friend_slc
AREMPAS SLCC|4600 S REDWOOD RD|SALT LAKE CITY,AREMPAS SLCC,4600 S REDWOOD RD,SALT LAKE CITY,"SALT LAKE CITY, UT 84123",Restaurants: non-plated,friend_slc
ARETE GELATO @ SALT LAKE COMMISSARY|3232 S 400 E|SOUTH SALT LAKE,ARETE GELATO @ SALT LAKE COMMISSARY,3232 S 400 E,SOUTH SALT LAKE,"SOUTH SALT LAKE, UT 84115","Caterers, not restaurant connected",friend_slc
ARGENTINAS #6EED3|1320 E 500 S|SALT LAKE CITY,ARGENTINAS #6EED3,1320 E 500 S,SALT LAKE CITY,"SALT LAKE CITY, UT 84102",Mobiles: Mobile Food Units (Trucks),friend_slc
ARGENTINAS BEST EMPANADAS|357 S 200 E|SALT LAKE CITY,ARGENTINAS BEST EMPANADAS,357 S 200 E,SALT LAKE CITY,"SALT LAKE CITY, UT 84111",Restaurants: non-plated,friend_slc
ARIGATO SUSHI|1769 W 7000 S|WEST JORDAN,ARIGATO SUSHI,1769 W 7000 S,WEST JORDAN,"WEST JORDAN, UT 84084",Restaurants: plated,friend_slc
ARIVO CAFE|4770 S 5600 W|KEARNS,ARIVO CAFE,4770 S 5600 W,KEARNS,"KEARNS, UT 84118",Restaurants: plated,friend_slc
ARLO RESTAURANT|271 N CENTER ST|SALT LAKE CITY,ARLO RESTAURANT,271 N CENTER ST,SALT LAKE CITY,"SALT LAKE CITY, UT 84103",Restaurants: plated,friend_slc
ART COTTAGE|1100 W 7800 S|WEST JORDAN,ART COTTAGE,1100 W 7800 S,WEST JORDAN,"WEST JORDAN, UT 84088",Restaurants: non-plated,friend_slc
ASSOCIATED FRESH MARKETS|3865 S 2300 E|MILLCREEK TS,ASSOCIATED FRESH MARKETS,3865 S 2300 E,MILLCREEK TS,"MILLCREEK TS, UT 84109",Restaurants: non-plated,friend_slc
ATOMIC BISCUIT - DOG PATIO|401 E 900 S|SALT LAKE CITY,ATOMIC BISCUIT - DOG PATIO,401 E 900 S,SALT LAKE CITY,"SALT LAKE CITY, UT 84111",Restaurants: non-plated,friend_slc
AUNTIE RAES DESSERT ISLAND|4704 S HOLLADAY BLVD|HOLLADAY,AUNTIE RAES DESSERT ISLAND,4704 S HOLLADAY BLVD,HOLLADAY,"HOLLADAY, UT 84117",Restaurants: non-plated,friend_slc
BABY YETI|9151 S 255 W|SANDY,BABY YETI,9151 S 255 W,SANDY,"SANDY, UT 84070",Concessions: shaved ice only,friend_slc
BABYS BAGELS|204 E 500 S|SALT LAKE CITY,BABYS BAGELS,204 E 500 S,SALT LAKE CITY,"SALT LAKE CITY, UT 84111",Restaurants: non-plated,friend_slc
BAD ASS COFFEE OF HAWAII|7794 S GARDNER STOP WY|WEST JORDAN,BAD ASS COFFEE OF HAWAII,7794 S GARDNER STOP WY,WEST JORDAN,"WEST JORDAN, UT 84084",Beverage Service: Coffee,friend_slc
BAD CADDY GOLF|451 S 300 W|SALT LAKE CITY,BAD CADDY GOLF,451 S 300 W,SALT LAKE CITY,"SALT LAKE CITY, UT 84101",Restaurants: non-plated,friend_slc
BAGEL PROJECT|779 S 500 E|SALT LAKE CITY,BAGEL PROJECT,779 S 500 E,SALT LAKE CITY,"SALT LAKE CITY, UT 84102",Restaurants: non-plated,friend_slc
BALANCE NUTRITION|2246 W 5400 S|TAYLORSVILLE,BALANCE NUTRITION,2246 W 5400 S,TAYLORSVILLE,"TAYLORSVILLE, UT 84129",Beverage Service: Juice/Smoothies,friend_slc
BAMBARA/HOTEL MONACO BANQUET KITCHEN|202 S MAIN ST|SALT LAKE CITY,BAMBARA/HOTEL MONACO BANQUET KITCHEN,202 S MAIN ST,SALT LAKE CITY,"SALT LAKE CITY, UT 84101",Restaurants: plated,friend_slc
BAMBARA/HOTEL MONACO CLUB|15 W 200 S|SALT LAKE CITY,BAMBARA/HOTEL MONACO CLUB,15 W 200 S,SALT LAKE CITY,"SALT LAKE CITY, UT 84101",Beverage Service: Bars/Lounges,friend_slc
BAMBARA/HOTEL MONACO MAIN KITCHEN|202 S MAIN ST|SALT LAKE CITY,BAMBARA/HOTEL MONACO MAIN KITCHEN,202 S MAIN ST,SALT LAKE CITY,"SALT LAKE CITY, UT 84101",Restaurants: plated,friend_slc
BAR AT ASHER ADAMS|2 S 400 W|SALT LAKE CITY,BAR AT ASHER ADAMS,2 S 400 W,SALT LAKE CITY,"SALT LAKE CITY, UT 84101",Restaurants: non-plated,friend_slc
BARBACOA|1335 S 700 W|SALT LAKE CITY,BARBACOA,1335 S 700 W,SALT LAKE CITY,"SALT LAKE CITY, UT 84104",Commissary,friend_slc
BARNES & NOBLE #2137|7157 S PLAZA CENTER DR|WEST JORDAN,BARNES & NOBLE #2137,7157 S PLAZA CENTER DR,WEST JORDAN,"WEST JORDAN, UT 84084",Restaurants: non-plated,friend_slc
BARNES & NOBLE|10433 S STATE ST|SANDY,BARNES & NOBLE,10433 S STATE ST,SANDY,"SANDY, UT 84070",Restaurants: non-plated,friend_slc
BARNES & NOBLE|132 E WINCHESTER ST|MURRAY,BARNES & NOBLE,132 E WINCHESTER ST,MURRAY,"MURRAY, UT 84107",Beverage Service: Coffee,friend_slc
BASKIN ROBBINS|1465 E 2100 S|SALT LAKE CITY,BASKIN ROBBINS,1465 E 2100 S,SALT LAKE CITY,"SALT LAKE CITY, UT 84105",Restaurants: non-plated,friend_slc
BASKIN ROBBINS|9497 S 700 E|SANDY,BASKIN ROBBINS,9497 S 700 E,SANDY,"SANDY, UT 84070",Restaurants: non-plated,friend_slc
BEACON CREST|591 E PIONEER RD|DRAPER,BEACON CREST,591 E PIONEER RD,DRAPER,"DRAPER, UT 84020",Restaurants: plated,friend_slc
BEAN AROUND #Z047MT|67 W 1700 S|SALT LAKE CITY,BEAN AROUND #Z047MT,67 W 1700 S,SALT LAKE CITY,"SALT LAKE CITY, UT 84115",Mobiles: Mobile Food Units (Trucks),friend_slc
BEANS & BREW COFFEE|5373 S 3600 W|TAYLORSVILLE,BEANS & BREW COFFEE,5373 S 3600 W,TAYLORSVILLE,"TAYLORSVILLE, UT 84129",Beverage Service: Coffee,friend_slc
BEANS & BREWS COFFE HOUSE|7157 S BINGHAM JUNCTION BLVD|MIDVALE,BEANS & BREWS COFFE HOUSE,7157 S BINGHAM JUNCTION BLVD,MIDVALE,"MIDVALE, UT 84047",Beverage Service: Coffee,friend_slc
BEANS & BREWS COFFEE HOUSE|3512 W MARADONA DR|HERRIMAN,BEANS & BREWS COFFEE HOUSE,3512 W MARADONA DR,HERRIMAN,"HERRIMAN, UT 84096",Beverage Service: Coffee,friend_slc
BEANS & BREWS COFFEE HOUSE|906 S 500 E|SALT LAKE CITY,BEANS & BREWS COFFEE HOUSE,906 S 500 E,SALT LAKE CITY,"SALT LAKE CITY, UT 84105",Beverage Service: Coffee,friend_slc
BEANS & BREWS COFFEE|2707 S HIGHLAND DR|SALT LAKE CITY,BEANS & BREWS COFFEE,2707 S HIGHLAND DR,SALT LAKE CITY,"SALT LAKE CITY, UT 84106",Beverage Service: Coffee,friend_slc
BEANS & BREWS|3069 S COLT PLAZA DR|WEST VALLEY CITY,BEANS & BREWS,3069 S COLT PLAZA DR,WEST VALLEY CITY,"WEST VALLEY CITY, UT 84128",Beverage Service: Coffee,friend_slc
BEANS & BREWS|7455 S UNION PARK AVE|MIDVALE,BEANS & BREWS,7455 S UNION PARK AVE,MIDVALE,"MIDVALE, UT 84047",Beverage Service: Coffee,friend_slc
BEANS AND BREWS COFFEE HOUSE|13961 S REDWOOD RD|BLUFFDALE,BEANS AND BREWS COFFEE HOUSE,13961 S REDWOOD RD,BLUFFDALE,"BLUFFDALE, UT 84065",Beverage Service: Coffee,friend_slc
BEANS AND BREWS|1953 W CALIFORNIA AVE|SALT LAKE CITY,BEANS AND BREWS,1953 W CALIFORNIA AVE,SALT LAKE CITY,"SALT LAKE CITY, UT 84104",Beverage Service: Coffee,friend_slc
BEANS AND BREWS|7859 S 3200 W|WEST JORDAN,BEANS AND BREWS,7859 S 3200 W,WEST JORDAN,"WEST JORDAN, UT 84088",Restaurants: non-plated,friend_slc
BEAUCOUP BAKERY|3939 S WASATCH BLVD|MILLCREEK,BEAUCOUP BAKERY,3939 S WASATCH BLVD,MILLCREEK,"MILLCREEK, UT 84124",Restaurants: non-plated,friend_slc
BEECHERS HAND MADE CHEESE|3920 W TERMINAL DR|SALT LAKE CITY,BEECHERS HAND MADE CHEESE,3920 W TERMINAL DR,SALT LAKE CITY,"SALT LAKE CITY, UT 84122",Restaurants: plated,friend_slc
BERRY DONUTS|3678 W 2100 S|SALT LAKE CITY,BERRY DONUTS,3678 W 2100 S,SALT LAKE CITY,"SALT LAKE CITY, UT 84120",Mobiles: Mobile Food Units (Trucks),friend_slc
BIG T LITTLE TASTE FROM THE EAST COAST|8519 W 3100 S|MAGNA,BIG T LITTLE TASTE FROM THE EAST COAST,8519 W 3100 S,MAGNA,"MAGNA, UT 84120",Restaurants: non-plated,friend_slc
BIRD FEEDER & TRACY AVIARY|589 E 1300 S|SALT LAKE CITY,BIRD FEEDER & TRACY AVIARY,589 E 1300 S,SALT LAKE CITY,"SALT LAKE CITY, UT 84105",Beverage Service: Coffee,friend_slc
BJORNS BREW@YOSHIS|3232 S 400 E|SOUTH SALT LAKE,BJORNS BREW@YOSHIS,3232 S 400 E,SOUTH SALT LAKE,"SOUTH SALT LAKE, UT 84115","Caterers, not restaurant connected",friend_slc
BLACK SHEEP BAR & GRILL - DOG PATIO|9000 S 1520 W|WEST JORDAN,BLACK SHEEP BAR & GRILL - DOG PATIO,9000 S 1520 W,WEST JORDAN,"WEST JORDAN, UT 84088",Restaurants: plated,friend_slc
BLACK SHEEP BAR AND GRILL FOOTHILL DOG PATIO|1400 S FOOTHILL DR|SALT LAKE CITY,BLACK SHEEP BAR AND GRILL FOOTHILL DOG PATIO,1400 S FOOTHILL DR,SALT LAKE CITY,"SALT LAKE CITY, UT 84108",Restaurants: plated,friend_slc
BLACKSMITH ICE CREAM CO|1295 E MILLER AVE|SALT LAKE CITY,BLACKSMITH ICE CREAM CO,1295 E MILLER AVE,SALT LAKE CITY,"SALT LAKE CITY, UT 84106",Restaurants: non-plated,friend_slc
BLAZE PIZZA|1863 W 5400 S|TAYLORSVILLE,BLAZE PIZZA,1863 W 5400 S,TAYLORSVILLE,"TAYLORSVILLE, UT 84129",Restaurants: non-plated,friend_slc
BLENDED TABLE|282 W LUCY AVE|SALT LAKE CITY,BLENDED TABLE,282 W LUCY AVE,SALT LAKE CITY,"SALT LAKE CITY, UT 84101",Restaurants: plated,friend_slc
BOBA GURU|2927 S 5600 W|WEST VALLEY CITY,BOBA GURU,2927 S 5600 W,WEST VALLEY CITY,"WEST VALLEY CITY, UT 84120",Beverage Service: Juice/Smoothies,friend_slc
BOBBYS BURGERS BY BOBBY FLAY|1895 E RODEO DR|HOLLADAY,BOBBYS BURGERS BY BOBBY FLAY,1895 E RODEO DR,HOLLADAY,"HOLLADAY, UT 84117",Restaurants: non-plated,friend_slc
BOCADOS VENEZUELEAN FOOD|5089 W HERRIMAN BLVD|HERRIMAN,BOCADOS VENEZUELEAN FOOD,5089 W HERRIMAN BLVD,HERRIMAN,"HERRIMAN, UT 84096",Restaurants: non-plated,friend_slc
BOLT CUTTER/MONKEY WRENCH|57 E GALLIVAN AVE|SALT LAKE CITY,BOLT CUTTER/MONKEY WRENCH,57 E GALLIVAN AVE,SALT LAKE CITY,"SALT LAKE CITY, UT 84111",Restaurants: plated,friend_slc
BON APPETIT @ RECURSION PHARMA|41 S RIO GRANDE ST|SALT LAKE CITY,BON APPETIT @ RECURSION PHARMA,41 S RIO GRANDE ST,SALT LAKE CITY,"SALT LAKE CITY, UT 84101",Restaurants: plated,friend_slc
BON APPETIT @ WGU|4001 S 700 E|MILLCREEK,BON APPETIT @ WGU,4001 S 700 E,MILLCREEK,"MILLCREEK, UT 84107",Restaurants: plated,friend_slc
BONGO LOUNGE|2965 S HIGHLAND DR|SALT LAKE CITY,BONGO LOUNGE,2965 S HIGHLAND DR,SALT LAKE CITY,"SALT LAKE CITY, UT 84106",Beverage Service: Bars/Lounges,friend_slc
BRADFORD AIRPORT LOGISTICS|3619 W 510 N|SALT LAKE CITY,BRADFORD AIRPORT LOGISTICS,3619 W 510 N,SALT LAKE CITY,"SALT LAKE CITY, UT 84122",Commissary,friend_slc
BRICKYARD BAR DOG PATIO|3000 S HIGHLAND DR|MILLCREEK,BRICKYARD BAR DOG PATIO,3000 S HIGHLAND DR,MILLCREEK,"MILLCREEK, UT 84106",Restaurants: plated,friend_slc
BRICKYARD COFFEE|3000 S HIGHLAND DR|MILLCREEK,BRICKYARD COFFEE,3000 S HIGHLAND DR,MILLCREEK,"MILLCREEK, UT 84106",Beverage Service: Coffee,friend_slc
BRIGHTON MOLLY GREEN|12601 E BIG COTTONWOODCYN RD|COTTONWOOD HEIGHTS,BRIGHTON MOLLY GREEN,12601 E BIG COTTONWOODCYN RD,COTTONWOOD HEIGHTS,"COTTONWOOD HEIGHTS, UT 84121",Restaurants: plated,friend_slc
BROOKERS FOUNDING FLAVORS ICE CREAM|191 E 12300 S|DRAPER,BROOKERS FOUNDING FLAVORS ICE CREAM,191 E 12300 S,DRAPER,"DRAPER, UT 84020",Restaurants: non-plated,friend_slc
BROWN BAG BREAKFAST CO|2728 W 5400 S|TAYLORSVILLE,BROWN BAG BREAKFAST CO,2728 W 5400 S,TAYLORSVILLE,"TAYLORSVILLE, UT 84129",Restaurants: non-plated,friend_slc
BRUGES WAFFLES & FRITES|3920 W TERMINAL DR|SALT LAKE CITY,BRUGES WAFFLES & FRITES,3920 W TERMINAL DR,SALT LAKE CITY,"SALT LAKE CITY, UT 84122",Restaurants: non-plated,friend_slc
BUBBAKOOS BURRITOS|10384 S REDWOOD RD|SOUTH JORDAN,BUBBAKOOS BURRITOS,10384 S REDWOOD RD,SOUTH JORDAN,"SOUTH JORDAN, UT 84095",Restaurants: plated,friend_slc
BURATTINO PIZZA|1172 E BRICKYARD RD|SALT LAKE CITY,BURATTINO PIZZA,1172 E BRICKYARD RD,SALT LAKE CITY,"SALT LAKE CITY, UT 84106",Restaurants: non-plated,friend_slc
BURGER KING #25282|8443 W MAGNA MAIN ST|MAGNA,BURGER KING #25282,8443 W MAGNA MAIN ST,MAGNA,"MAGNA, UT 84044",Restaurants: non-plated,friend_slc
BURGER KING 31574|1660 W NORTH TEMPLE ST|SALT LAKE CITY,BURGER KING 31574,1660 W NORTH TEMPLE ST,SALT LAKE CITY,"SALT LAKE CITY, UT 84116",Restaurants: non-plated,friend_slc
BURGER KING NO 10522|5610 W 3500 S|WEST VALLEY CITY,BURGER KING NO 10522,5610 W 3500 S,WEST VALLEY CITY,"WEST VALLEY CITY, UT 84128",Restaurants: non-plated,friend_slc
BURGER KING NO 4879|235 E 3300 S|SOUTH SALT LAKE,BURGER KING NO 4879,235 E 3300 S,SOUTH SALT LAKE,"SOUTH SALT LAKE, UT 84115",Restaurants: non-plated,friend_slc
BURGER KING NO 5242|3470 S REDWOOD RD|WEST VALLEY CITY,BURGER KING NO 5242,3470 S REDWOOD RD,WEST VALLEY CITY,"WEST VALLEY CITY, UT 84119",Restaurants: non-plated,friend_slc
BURGER KING|10396 S RIVER HEIGHT DR|SOUTH JORDAN,BURGER KING,10396 S RIVER HEIGHT DR,SOUTH JORDAN,"SOUTH JORDAN, UT 84095",Restaurants: non-plated,friend_slc
BURGER KING|1856 W 12600 S|RIVERTON,BURGER KING,1856 W 12600 S,RIVERTON,"RIVERTON, UT 84065",Restaurants: non-plated,friend_slc
BURGER KING|375 N TERMINAL DR|SALT LAKE CITY,BURGER KING,375 N TERMINAL DR,SALT LAKE CITY,"SALT LAKE CITY, UT 84122",Restaurants: non-plated,friend_slc
BURGER KING|3920 W TERMINAL DR|SALT LAKE CITY,BURGER KING,3920 W TERMINAL DR,SALT LAKE CITY,"SALT LAKE CITY, UT 84116",Restaurants: non-plated,friend_slc
BURGER KING|4025 W 1820 S|SALT LAKE CITY,BURGER KING,4025 W 1820 S,SALT LAKE CITY,"SALT LAKE CITY, UT 84104",Restaurants: non-plated,friend_slc
BY CHEF LEIDY|3678 W 2100 S|SALT LAKE CITY,BY CHEF LEIDY,3678 W 2100 S,SALT LAKE CITY,"SALT LAKE CITY, UT 84120","Caterers, not restaurant connected",friend_slc
CAFE RIO MEXICAN GRILL|12362 S MINUTEMAN DR|DRAPER,CAFE RIO MEXICAN GRILL,12362 S MINUTEMAN DR,DRAPER,"DRAPER, UT 84020",Restaurants: non-plated,friend_slc
CAFE RIO|1664 W TOWNE CENTER DR|SOUTH JORDAN,CAFE RIO,1664 W TOWNE CENTER DR,SOUTH JORDAN,"SOUTH JORDAN, UT 84095",Restaurants: non-plated,friend_slc
CAFE RIO|1710 S REDWOOD RD|SALT LAKE CITY,CAFE RIO,1710 S REDWOOD RD,SALT LAKE CITY,"SALT LAKE CITY, UT 84104",Restaurants: non-plated,friend_slc
CAFE RIO|3215 E 3300 S|MILLCREEK TS,CAFE RIO,3215 E 3300 S,MILLCREEK TS,"MILLCREEK TS, UT 84109",Restaurants: non-plated,friend_slc
CAFE RIO|5567 W HIGH MARKET DR|WEST VALLEY CITY,CAFE RIO,5567 W HIGH MARKET DR,WEST VALLEY CITY,"WEST VALLEY CITY, UT 84120",Restaurants: non-plated,friend_slc
CAFE ZUPAS|2927 S 5600 W|WEST VALLEY CITY,CAFE ZUPAS,2927 S 5600 W,WEST VALLEY CITY,"WEST VALLEY CITY, UT 84120",Restaurants: plated,friend_slc
CAFE ZUPAS|3599 S 2700 W|WEST VALLEY CITY,CAFE ZUPAS,3599 S 2700 W,WEST VALLEY CITY,"WEST VALLEY CITY, UT 84119",Restaurants: plated,friend_slc
CAFE ZUPAS|613 E 400 S|SALT LAKE CITY,CAFE ZUPAS,613 E 400 S,SALT LAKE CITY,"SALT LAKE CITY, UT 84102",Restaurants: plated,friend_slc
CAFFE MOLISE BTG WINE BAR|404 S WEST TEMPLE ST|SALT LAKE CITY,CAFFE MOLISE BTG WINE BAR,404 S WEST TEMPLE ST,SALT LAKE CITY,"SALT LAKE CITY, UT 84101",Restaurants: plated,friend_slc
CALEYS CATERING|380 W 12300 S|DRAPER,CALEYS CATERING,380 W 12300 S,DRAPER,"DRAPER, UT 84020","Caterers, not restaurant connected",friend_slc
CALIFORNIA PIZZA KITCHEN|3920 W TERMINAL DR|SALT LAKE CITY,CALIFORNIA PIZZA KITCHEN,3920 W TERMINAL DR,SALT LAKE CITY,"SALT LAKE CITY, UT 84122",Restaurants: plated,friend_slc
CAMILLES KITCHEN|2163 S RICHARDS ST|SOUTH SALT LAKE,CAMILLES KITCHEN,2163 S RICHARDS ST,SOUTH SALT LAKE,"SOUTH SALT LAKE, UT 84115","Caterers, not restaurant connected",friend_slc
CAMP KOSTOPULOS|2500 E EMIGRATION CANYON RD|SALT LAKE CITY,CAMP KOSTOPULOS,2500 E EMIGRATION CANYON RD,SALT LAKE CITY,"SALT LAKE CITY, UT 84108",Restaurants: non-plated,friend_slc
CAMP TUTTLE|12375 E CAMP TUTTLE RD|COTTONWOOD HEIGHTS,CAMP TUTTLE,12375 E CAMP TUTTLE RD,COTTONWOOD HEIGHTS,"COTTONWOOD HEIGHTS, UT 84121",Restaurants: non-plated,friend_slc
CANYON CAFE @ THE NATURAL HISTORY MUSEUM OF UTAH|301 S WAKARA WY|SALT LAKE CITY,CANYON CAFE @ THE NATURAL HISTORY MUSEUM OF UTAH,301 S WAKARA WY,SALT LAKE CITY,"SALT LAKE CITY, UT 84108",Restaurants: non-plated,friend_slc
CANYONS DISTRICT ADMINISTRATION BUILDING|9361 S 300 E|SANDY,CANYONS DISTRICT ADMINISTRATION BUILDING,9361 S 300 E,SANDY,"SANDY, UT 84070",Restaurants: plated,friend_slc
CANYONS EDGE PUB - DOG PATIO|6522 S BIG COTTONWOOD RD|HOLLADAY,CANYONS EDGE PUB - DOG PATIO,6522 S BIG COTTONWOOD RD,HOLLADAY,"HOLLADAY, UT 84121",Restaurants: non-plated,friend_slc
CARLS JR #207|10475 S STATE ST|SANDY,CARLS JR #207,10475 S STATE ST,SANDY,"SANDY, UT 84070",Restaurants: non-plated,friend_slc
CARLS JR #208|7033 S PLAZA CENTER DR|WEST JORDAN,CARLS JR #208,7033 S PLAZA CENTER DR,WEST JORDAN,"WEST JORDAN, UT 84084",Restaurants: non-plated,friend_slc
CARLS JR #21|1726 W NORTH TEMPLE|SALT LAKE CITY,CARLS JR #21,1726 W NORTH TEMPLE,SALT LAKE CITY,"SALT LAKE CITY, UT 84116",Restaurants: non-plated,friend_slc
CARLS JR #241|3469 S REDWOOD RD|WEST VALLEY CITY,CARLS JR #241,3469 S REDWOOD RD,WEST VALLEY CITY,"WEST VALLEY CITY, UT 84119",Restaurants: non-plated,friend_slc
CARLS JR #2729|3822 W 5400 S|TAYLORSVILLE,CARLS JR #2729,3822 W 5400 S,TAYLORSVILLE,"TAYLORSVILLE, UT 84129",Restaurants: non-plated,friend_slc
CARLS JR #432|3383 S 5600 W|WEST VALLEY CITY,CARLS JR #432,3383 S 5600 W,WEST VALLEY CITY,"WEST VALLEY CITY, UT 84120",Restaurants: non-plated,friend_slc
CARLS JR #461|6959 S 1300 E|COTTONWOOD HEIGHTS,CARLS JR #461,6959 S 1300 E,COTTONWOOD HEIGHTS,"COTTONWOOD HEIGHTS, UT 84047",Restaurants: non-plated,friend_slc
CARLS JR #552|8011 W 3500 S|MAGNA,CARLS JR #552,8011 W 3500 S,MAGNA,"MAGNA, UT 84044",Restaurants: non-plated,friend_slc
CARLS JR #93|151 E 5300 S|MURRAY,CARLS JR #93,151 E 5300 S,MURRAY,"MURRAY, UT 84107",Restaurants: non-plated,friend_slc
CARLUCCIS BAKERY|314 W 300 S|SALT LAKE CITY,CARLUCCIS BAKERY,314 W 300 S,SALT LAKE CITY,"SALT LAKE CITY, UT 84101",Restaurants: non-plated,friend_slc
CAT WOK CAFE|2600 E SUNNYSIDE AVE|SALT LAKE CITY,CAT WOK CAFE,2600 E SUNNYSIDE AVE,SALT LAKE CITY,"SALT LAKE CITY, UT 84108",Restaurants: non-plated,friend_slc
CATERING BY FOOD TRUCKS # TRUCK 7|5176 W LIBERATOR DR|KEARNS,CATERING BY FOOD TRUCKS # TRUCK 7,5176 W LIBERATOR DR,KEARNS,"KEARNS, UT 84118",Mobiles: Mobile Food Units (Trucks),friend_slc
CATERING BY FOOD TRUCKS|5176 W LIBERATOR DR|KEARNS,CATERING BY FOOD TRUCKS,5176 W LIBERATOR DR,KEARNS,"KEARNS, UT 84118",Commissary,friend_slc
CATERING KITCHEN|2600 E SUNNYSIDE AVE|SALT LAKE CITY,CATERING KITCHEN,2600 E SUNNYSIDE AVE,SALT LAKE CITY,"SALT LAKE CITY, UT 84108",Restaurants: non-plated,friend_slc
CELESTE BITE #T057XU|4044 S 2700 E|HOLLADAY,CELESTE BITE #T057XU,4044 S 2700 E,HOLLADAY,"HOLLADAY, UT 84124",Mobiles: Mobile Food Units (Trucks),friend_slc
CENTRAL PARK COMMUNITY CENTER|2797 S 200 E|SOUTH SALT LAKE,CENTRAL PARK COMMUNITY CENTER,2797 S 200 E,SOUTH SALT LAKE,"SOUTH SALT LAKE, UT 84115",Restaurants: non-plated,friend_slc
CENTRO CIVICO MEXICANO|155 S 600 W|SALT LAKE CITY,CENTRO CIVICO MEXICANO,155 S 600 W,SALT LAKE CITY,"SALT LAKE CITY, UT 84101",Restaurants: non-plated,friend_slc
CENTURY 16 THEATERS|7670 S UNION PARK AVE|SANDY,CENTURY 16 THEATERS,7670 S UNION PARK AVE,SANDY,"SANDY, UT 84047",Restaurants: non-plated,friend_slc
CHAIA CUCINA CATERING AND CONSULTING|2163 S RICHARDS ST|SOUTH SALT LAKE,CHAIA CUCINA CATERING AND CONSULTING,2163 S RICHARDS ST,SOUTH SALT LAKE,"SOUTH SALT LAKE, UT 84115","Caterers, not restaurant connected",friend_slc
CHALLENGER SCHOOL|2247 W 8660 S|WEST JORDAN,CHALLENGER SCHOOL,2247 W 8660 S,WEST JORDAN,"WEST JORDAN, UT 84088",Restaurants: non-plated,friend_slc
CHARLOTTES|1567 E 3900 S|MILLCREEK TS,CHARLOTTES,1567 E 3900 S,MILLCREEK TS,"MILLCREEK TS, UT 84124",Restaurants: plated,friend_slc
CHEERS TO YOU MIDVALE|7642 S STATE ST|MIDVALE,CHEERS TO YOU MIDVALE,7642 S STATE ST,MIDVALE,"MIDVALE, UT 84047",Beverage Service: Bars/Lounges,friend_slc
CHICK FIL A @ HUNTSMAN CENTER STAND 2|1825 E SOUTHCAMPUS DR|SALT LAKE CITY,CHICK FIL A @ HUNTSMAN CENTER STAND 2,1825 E SOUTHCAMPUS DR,SALT LAKE CITY,"SALT LAKE CITY, UT 84112",Restaurants: non-plated,friend_slc
CHICK FIL A @ SLCC TAYLORSVILLE STUDENT CENTER|4600 S REDWOOD RD|TAYLORSVILLE,CHICK FIL A @ SLCC TAYLORSVILLE STUDENT CENTER,4600 S REDWOOD RD,TAYLORSVILLE,"TAYLORSVILLE, UT 84123",Restaurants: non-plated,friend_slc
CHICK FIL A|10090 S STATE ST|SANDY,CHICK FIL A,10090 S STATE ST,SANDY,"SANDY, UT 84070",Restaurants: non-plated,friend_slc
CHICK FIL A|1088 E FORT UNION BLVD|MIDVALE,CHICK FIL A,1088 E FORT UNION BLVD,MIDVALE,"MIDVALE, UT 84047",Restaurants: non-plated,friend_slc
CHICK FIL A|11494 S DISTRICT DR|SOUTH JORDAN,CHICK FIL A,11494 S DISTRICT DR,SOUTH JORDAN,"SOUTH JORDAN, UT 84095",Restaurants: non-plated,friend_slc
CHICK FIL A|1206 E 2100 S|SALT LAKE CITY,CHICK FIL A,1206 E 2100 S,SALT LAKE CITY,"SALT LAKE CITY, UT 84106",Restaurants: non-plated,friend_slc
CHICK FIL A|357 E 12300 S|DRAPER,CHICK FIL A,357 E 12300 S,DRAPER,"DRAPER, UT 84020",Restaurants: non-plated,friend_slc
CHICK FIL A|4627 W PARTRIDGE HILL LN|RIVERTON,CHICK FIL A,4627 W PARTRIDGE HILL LN,RIVERTON,"RIVERTON, UT 84096",Restaurants: non-plated,friend_slc
CHICK FIL A|5580 S REDWOOD RD|TAYLORSVILLE,CHICK FIL A,5580 S REDWOOD RD,TAYLORSVILLE,"TAYLORSVILLE, UT 84123",Restaurants: non-plated,friend_slc
CHICK FIL A|7676 S CAMPUS VIEW DR|WEST JORDAN,CHICK FIL A,7676 S CAMPUS VIEW DR,WEST JORDAN,"WEST JORDAN, UT 84084",Restaurants: non-plated,friend_slc
CHILE VERDE|9256 S STATE ST|SANDY,CHILE VERDE,9256 S STATE ST,SANDY,"SANDY, UT 84070",Concessions: potentially hazardous foods,friend_slc
CHILIS SOUTHWEST GRILL #13|10430 S STATE ST|SANDY,CHILIS SOUTHWEST GRILL #13,10430 S STATE ST,SANDY,"SANDY, UT 84070",Restaurants: plated,friend_slc
CHILIS SOUTHWEST GRILL #2|1070 E FORT UNION BLVD|MIDVALE,CHILIS SOUTHWEST GRILL #2,1070 E FORT UNION BLVD,MIDVALE,"MIDVALE, UT 84047",Restaurants: plated,friend_slc
CHILIS SOUTHWEST GRILL|3075 S 5600 W|WEST VALLEY CITY,CHILIS SOUTHWEST GRILL,3075 S 5600 W,WEST VALLEY CITY,"WEST VALLEY CITY, UT 84120",Restaurants: plated,friend_slc
CHIPOTLE MEXICAN GRILL #954|6924 S PARK CENTRE DR|COTTONWOOD HEIGHTS,CHIPOTLE MEXICAN GRILL #954,6924 S PARK CENTRE DR,COTTONWOOD HEIGHTS,"COTTONWOOD HEIGHTS, UT 84121",Restaurants: non-plated,friend_slc
CHIPOTLE MEXICAN GRILL|1796 W 5400 S|TAYLORSVILLE,CHIPOTLE MEXICAN GRILL,1796 W 5400 S,TAYLORSVILLE,"TAYLORSVILLE, UT 84129",Restaurants: non-plated,friend_slc
CHIPOTLE MEXICAN GRILL|1920 E RODEO WALK DR|HOLLADAY,CHIPOTLE MEXICAN GRILL,1920 E RODEO WALK DR,HOLLADAY,"HOLLADAY, UT 84117",Restaurants: non-plated,friend_slc
CHIPOTLE MEXICAN GRILL|2640 S 5600 W|WEST VALLEY CITY,CHIPOTLE MEXICAN GRILL,2640 S 5600 W,WEST VALLEY CITY,"WEST VALLEY CITY, UT 84120",Restaurants: non-plated,friend_slc
CHIPOTLE MEXICAN GRILL|3561 W 11400 S|SOUTH JORDAN,CHIPOTLE MEXICAN GRILL,3561 W 11400 S,SOUTH JORDAN,"SOUTH JORDAN, UT 84095",Restaurants: non-plated,friend_slc
CHIPOTLE MEXICAN GRILL|3849 W CAMPUS VIEW DR|WEST JORDAN,CHIPOTLE MEXICAN GRILL,3849 W CAMPUS VIEW DR,WEST JORDAN,"WEST JORDAN, UT 84084",Restaurants: non-plated,friend_slc
CHIPOTLE MEXICAN GRILL|4599 W PARTRIDGEHILL LN|RIVERTON,CHIPOTLE MEXICAN GRILL,4599 W PARTRIDGEHILL LN,RIVERTON,"RIVERTON, UT 84096",Restaurants: non-plated,friend_slc
CHIPOTLE MEXICAN GRILL|5639 W 7800 S|WEST JORDAN,CHIPOTLE MEXICAN GRILL,5639 W 7800 S,WEST JORDAN,"WEST JORDAN, UT 84081",Restaurants: non-plated,friend_slc
CHIPOTLE MEXICAN GRILL|734 E 400 S|SALT LAKE CITY,CHIPOTLE MEXICAN GRILL,734 E 400 S,SALT LAKE CITY,"SALT LAKE CITY, UT 84102",Restaurants: non-plated,friend_slc
CHIPOTLE MEXICAN GRILL|8375 W ARBOR PARK DR|MAGNA,CHIPOTLE MEXICAN GRILL,8375 W ARBOR PARK DR,MAGNA,"MAGNA, UT 84044",Restaurants: non-plated,friend_slc
CHIPOTLE MEXICAN RESTAURANT|2140 S STATE ST|SOUTH SALT LAKE,CHIPOTLE MEXICAN RESTAURANT,2140 S STATE ST,SOUTH SALT LAKE,"SOUTH SALT LAKE, UT 84115",Restaurants: non-plated,friend_slc
CHRIST UNITED METHODIST CHURCH|2375 E 3300 S|MILLCREEK TS,CHRIST UNITED METHODIST CHURCH,2375 E 3300 S,MILLCREEK TS,"MILLCREEK TS, UT 84109",Restaurants: non-plated,friend_slc
CHUNKY & CO|545 W 700 S|SALT LAKE CITY,CHUNKY & CO,545 W 700 S,SALT LAKE CITY,"SALT LAKE CITY, UT 84101",Restaurants: plated,friend_slc
CHURCH AND STATE (COMMISSARY)|370 S 300 E|SALT LAKE CITY,CHURCH AND STATE (COMMISSARY),370 S 300 E,SALT LAKE CITY,"SALT LAKE CITY, UT 84111",Commissary,friend_slc
CHURCH OFFICE BUILDING-BANQUET KITCHEN|50 E NORTH TEMPLE ST|SALT LAKE CITY,CHURCH OFFICE BUILDING-BANQUET KITCHEN,50 E NORTH TEMPLE ST,SALT LAKE CITY,"SALT LAKE CITY, UT 84150",Restaurants: plated,friend_slc
CINDIS SWEETS|12234 S 1840 E|DRAPER,CINDIS SWEETS,12234 S 1840 E,DRAPER,"DRAPER, UT 84020","Caterers, not restaurant connected",friend_slc
CINEMARK DRAPER XD12|12129 S STATE ST|DRAPER,CINEMARK DRAPER XD12,12129 S STATE ST,DRAPER,"DRAPER, UT 84020",Concessions: potentially hazardous foods,friend_slc
CITY CAFE|155 N 400 W|SALT LAKE CITY,CITY CAFE,155 N 400 W,SALT LAKE CITY,"SALT LAKE CITY, UT 84103",Restaurants: non-plated,friend_slc
CLEARVIEW MARKETS AND SERVICES|288 N 1460 W|SALT LAKE CITY,CLEARVIEW MARKETS AND SERVICES,288 N 1460 W,SALT LAKE CITY,"SALT LAKE CITY, UT 84116",Restaurants: non-plated,friend_slc
CLEOS CORNER AND ROONIES|9256 S STATE ST|SANDY,CLEOS CORNER AND ROONIES,9256 S STATE ST,SANDY,"SANDY, UT 84070",Concessions: potentially hazardous foods,friend_slc
CLINICAL CONSULTANTS|1001 N FEATHERSTONE DR|SALT LAKE CITY,CLINICAL CONSULTANTS,1001 N FEATHERSTONE DR,SALT LAKE CITY,"SALT LAKE CITY, UT 84116",Restaurants: plated,friend_slc
COCINA TEPIN|2163 S RICHARDS ST|SALT LAKE CITY,COCINA TEPIN,2163 S RICHARDS ST,SALT LAKE CITY,"SALT LAKE CITY, UT 84115",Commissary,friend_slc
CODSPEED|153 S RIO GRANDE ST|SALT LAKE CITY,CODSPEED,153 S RIO GRANDE ST,SALT LAKE CITY,"SALT LAKE CITY, UT 84101",Restaurants: non-plated,friend_slc
COFFEE GARDEN|878 E 900 S|SALT LAKE CITY,COFFEE GARDEN,878 E 900 S,SALT LAKE CITY,"SALT LAKE CITY, UT 84105",Beverage Service: Coffee,friend_slc
COSTA VIDA BLUFFDALE|13847 S REDWOOD RD|BLUFFDALE,COSTA VIDA BLUFFDALE,13847 S REDWOOD RD,BLUFFDALE,"BLUFFDALE, UT 84065",Restaurants: non-plated,friend_slc
COSTA VIDA GATEWAY|171 S RIO GRANDE ST|SALT LAKE CITY,COSTA VIDA GATEWAY,171 S RIO GRANDE ST,SALT LAKE CITY,"SALT LAKE CITY, UT 84101",Restaurants: non-plated,friend_slc
COSTA VIDA MIDVALE|7101 S BINGHAM JUNCTION BLVD|MIDVALE,COSTA VIDA MIDVALE,7101 S BINGHAM JUNCTION BLVD,MIDVALE,"MIDVALE, UT 84047",Restaurants: non-plated,friend_slc
COSTA VIDA SOUTH JORDAN|10384 S RIVER HEIGHTS DR|SOUTH JORDAN,COSTA VIDA SOUTH JORDAN,10384 S RIVER HEIGHTS DR,SOUTH JORDAN,"SOUTH JORDAN, UT 84095",Restaurants: non-plated,friend_slc
COSTA VIDA|375 N TERMINAL DR|SALT LAKE CITY,COSTA VIDA,375 N TERMINAL DR,SALT LAKE CITY,"SALT LAKE CITY, UT 84122",Restaurants: non-plated,friend_slc
COSTCO WHOLESALE #113|1818 S 300 W|SALT LAKE CITY,COSTCO WHOLESALE #113,1818 S 300 W,SALT LAKE CITY,"SALT LAKE CITY, UT 84115",Restaurants: non-plated,friend_slc
COSTCO WHOLESALE #622|3747 S 2700 W|WEST VALLEY CITY,COSTCO WHOLESALE #622,3747 S 2700 W,WEST VALLEY CITY,"WEST VALLEY CITY, UT 84119",Restaurants: non-plated,friend_slc
COSTCO WHOLESALE #764|5201 S INTERMOUNTAIN DR|MURRAY,COSTCO WHOLESALE #764,5201 S INTERMOUNTAIN DR,MURRAY,"MURRAY, UT 84107",Restaurants: non-plated,friend_slc
COSTCO WHOLESALE CORP #487|11100 S AUTOMALL DR|SANDY,COSTCO WHOLESALE CORP #487,11100 S AUTOMALL DR,SANDY,"SANDY, UT 84070",Restaurants: non-plated,friend_slc
COSTCO WHOLESALE|3571 W 10400 S|SOUTH JORDAN,COSTCO WHOLESALE,3571 W 10400 S,SOUTH JORDAN,"SOUTH JORDAN, UT 84095",Restaurants: non-plated,friend_slc
COTTON BOTTOM/DOG PATIO|2820 E 6200 S|HOLLADAY,COTTON BOTTOM/DOG PATIO,2820 E 6200 S,HOLLADAY,"HOLLADAY, UT 84121",Restaurants: non-plated,friend_slc
COTTONWOOD COUNTRY CLUB - LOUNGE ACTIVITY|1780 E LAKEWOOD DR|HOLLADAY,COTTONWOOD COUNTRY CLUB - LOUNGE ACTIVITY,1780 E LAKEWOOD DR,HOLLADAY,"HOLLADAY, UT 84117",Beverage Service: Bars/Lounges,friend_slc
COUNTRY INN & SUITES|3422 S DECKER LAKE DR|WEST VALLEY CITY,COUNTRY INN & SUITES,3422 S DECKER LAKE DR,WEST VALLEY CITY,"WEST VALLEY CITY, UT 84119",Public Lodging: full breakfast,friend_slc
COURTYARD SALT LAKE CITY COTTONWOOD|7365 S CANYON CENTRE PKWY|COTTONWOOD HEIGHTS,COURTYARD SALT LAKE CITY COTTONWOOD,7365 S CANYON CENTRE PKWY,COTTONWOOD HEIGHTS,"COTTONWOOD HEIGHTS, UT 84121",Public Lodging: continental breakfast,friend_slc
COWBOY CORNDOGS|451 S 1400 E|SALT LAKE CITY,COWBOY CORNDOGS,451 S 1400 E,SALT LAKE CITY,"SALT LAKE CITY, UT 84112",Restaurants: non-plated,friend_slc
CRACKER BARREL OLD COUNTRY|2283 W CITY CENTER CT|WEST VALLEY CITY,CRACKER BARREL OLD COUNTRY,2283 W CITY CENTER CT,WEST VALLEY CITY,"WEST VALLEY CITY, UT 84119",Restaurants: plated,friend_slc
CRANDALL STYLE @ ST VINCENT DE PAUL|1375 E SPRING LN|HOLLADAY,CRANDALL STYLE @ ST VINCENT DE PAUL,1375 E SPRING LN,HOLLADAY,"HOLLADAY, UT 84117","Caterers, not restaurant connected",friend_slc
CRAVE COOKIES|611 S MAIN ST|SALT LAKE CITY,CRAVE COOKIES,611 S MAIN ST,SALT LAKE CITY,"SALT LAKE CITY, UT 84111",Restaurants: non-plated,friend_slc
CRAZY CHICKEN #439508Z|5505 W AMELIA EARHART DR|SALT LAKE CITY,CRAZY CHICKEN #439508Z,5505 W AMELIA EARHART DR,SALT LAKE CITY,"SALT LAKE CITY, UT 84116",Mobiles: Mobile Food Units (Trucks),friend_slc
CRAZY CROFFLE|158 S RIO GRANDE ST|SALT LAKE CITY,CRAZY CROFFLE,158 S RIO GRANDE ST,SALT LAKE CITY,"SALT LAKE CITY, UT 84101",Restaurants: non-plated,friend_slc
CRESCENT HALL EVENT VENUE|11020 S STATE ST|SANDY,CRESCENT HALL EVENT VENUE,11020 S STATE ST,SANDY,"SANDY, UT 84070","Caterers, not restaurant connected",friend_slc
CROWN BURGERS|4689 S HOLLADAY BLVD|HOLLADAY,CROWN BURGERS,4689 S HOLLADAY BLVD,HOLLADAY,"HOLLADAY, UT 84117",Restaurants: non-plated,friend_slc
CRUNCH FUSION SUSHI|609 S STATE ST|SALT LAKE CITY,CRUNCH FUSION SUSHI,609 S STATE ST,SALT LAKE CITY,"SALT LAKE CITY, UT 84111",Restaurants: non-plated,friend_slc
CRYSTAL INN HOTEL SUITES MIDVALLEY|818 E WINCHESTER DR|MURRAY,CRYSTAL INN HOTEL SUITES MIDVALLEY,818 E WINCHESTER DR,MURRAY,"MURRAY, UT 84107",Restaurants: non-plated,friend_slc
CUBBYS R3/DELTA CENTER|301 W SOUTH TEMPLE ST|SALT LAKE CITY,CUBBYS R3/DELTA CENTER,301 W SOUTH TEMPLE ST,SALT LAKE CITY,"SALT LAKE CITY, UT 84101",Restaurants: non-plated,friend_slc
CUBBYS|1072 E FORT UNION BLVD|MIDVALE,CUBBYS,1072 E FORT UNION BLVD,MIDVALE,"MIDVALE, UT 84047",Restaurants: plated,friend_slc
CUBBYS|759 E 2100 S|SALT LAKE CITY,CUBBYS,759 E 2100 S,SALT LAKE CITY,"SALT LAKE CITY, UT 84106",Restaurants: non-plated,friend_slc
CUBE/SIDE DOOR|9385 S SNOWBIRD TRAIL RD|SALT LAKE CITY,CUBE/SIDE DOOR,9385 S SNOWBIRD TRAIL RD,SALT LAKE CITY,"SALT LAKE CITY, UT 84092",Beverage Service: Bars/Lounges,friend_slc
CULTURE COFFEE|285 N 900 W|SALT LAKE CITY,CULTURE COFFEE,285 N 900 W,SALT LAKE CITY,"SALT LAKE CITY, UT 84116",Beverage Service: Bars/Lounges,friend_slc
CUPBOP #G726HM|3269 E 5400 S|TAYLORSVILLE,CUPBOP #G726HM,3269 E 5400 S,TAYLORSVILLE,"TAYLORSVILLE, UT 84129",Mobiles: Mobile Food Units (Trucks),friend_slc
CUPBOP|2915 E 3300 S|MILLCREEK,CUPBOP,2915 E 3300 S,MILLCREEK,"MILLCREEK, UT 84109",Restaurants: non-plated,friend_slc
DAVES HOT CHICKEN #1188|777 E 2100 S|SALT LAKE CITY,DAVES HOT CHICKEN #1188,777 E 2100 S,SALT LAKE CITY,"SALT LAKE CITY, UT 84106",Restaurants: non-plated,friend_slc
DAVES HOT CHICKEN #1317|4182 W 13400 S|RIVERTON,DAVES HOT CHICKEN #1317,4182 W 13400 S,RIVERTON,"RIVERTON, UT 84096",Restaurants: non-plated,friend_slc
DAVES HOT CHICKEN|936 E FORT UNION BLVD|MIDVALE,DAVES HOT CHICKEN,936 E FORT UNION BLVD,MIDVALE,"MIDVALE, UT 84047",Restaurants: non-plated,friend_slc
DAYBREAK MEGAPLEX|11068 S GRANDVILLE AVE|SOUTH JORDAN,DAYBREAK MEGAPLEX,11068 S GRANDVILLE AVE,SOUTH JORDAN,"SOUTH JORDAN, UT 84009",Restaurants: non-plated,friend_slc
DEES RESTAURANT|2085 S REDWOOD RD|SALT LAKE CITY,DEES RESTAURANT,2085 S REDWOOD RD,SALT LAKE CITY,"SALT LAKE CITY, UT 84104",Restaurants: plated,friend_slc
DEL TACO #1037|2000 S 3230 W|SALT LAKE CITY,DEL TACO #1037,2000 S 3230 W,SALT LAKE CITY,"SALT LAKE CITY, UT 84104",Restaurants: non-plated,friend_slc
DEL TACO #1107|809 E 400 S|SALT LAKE CITY,DEL TACO #1107,809 E 400 S,SALT LAKE CITY,"SALT LAKE CITY, UT 84102",Restaurants: non-plated,friend_slc
DEL TACO #1174|1731 W BOWLING AVE|TAYLORSVILLE,DEL TACO #1174,1731 W BOWLING AVE,TAYLORSVILLE,"TAYLORSVILLE, UT 84129",Restaurants: non-plated,friend_slc
DEL TACO #273|8580 S 1300 E|SANDY,DEL TACO #273,8580 S 1300 E,SANDY,"SANDY, UT 84094",Restaurants: non-plated,friend_slc
DEL TACO #736|5672 S 900 E|MURRAY,DEL TACO #736,5672 S 900 E,MURRAY,"MURRAY, UT 84121",Restaurants: non-plated,friend_slc
DEL TACO #752|2963 S 5600 W|WEST VALLEY CITY,DEL TACO #752,2963 S 5600 W,WEST VALLEY CITY,"WEST VALLEY CITY, UT 84120",Restaurants: non-plated,friend_slc
DEL TACO #774|96 E 12300 S|DRAPER,DEL TACO #774,96 E 12300 S,DRAPER,"DRAPER, UT 84020",Restaurants: non-plated,friend_slc
DEL TACO #876|6876 S REDWOOD RD|WEST JORDAN,DEL TACO #876,6876 S REDWOOD RD,WEST JORDAN,"WEST JORDAN, UT 84084",Restaurants: non-plated,friend_slc
DEL TACO|1651 W SOUTH JORDAN PKWY|SOUTH JORDAN,DEL TACO,1651 W SOUTH JORDAN PKWY,SOUTH JORDAN,"SOUTH JORDAN, UT 84095",Restaurants: non-plated,friend_slc
DELICIAS FRUTY SNACKS|1739 W CARRIAGE SQUARE|TAYLORSVILLE,DELICIAS FRUTY SNACKS,1739 W CARRIAGE SQUARE,TAYLORSVILLE,"TAYLORSVILLE, UT 84129",Beverage Service: Juice/Smoothies,friend_slc
DELTA CLUB/DELTA CENTER|301 W SOUTH TEMPLE ST|SALT LAKE CITY,DELTA CLUB/DELTA CENTER,301 W SOUTH TEMPLE ST,SALT LAKE CITY,"SALT LAKE CITY, UT 84101",Restaurants: plated,friend_slc
DENNYS #7480|1701 W NORTH TEMPLE ST|SALT LAKE CITY,DENNYS #7480,1701 W NORTH TEMPLE ST,SALT LAKE CITY,"SALT LAKE CITY, UT 84116",Restaurants: plated,friend_slc
DIAMOND CONCESSIONS @MAVERIK CENTER #430|3200 S DECKER LAKE DR|WEST VALLEY CITY,DIAMOND CONCESSIONS @MAVERIK CENTER #430,3200 S DECKER LAKE DR,WEST VALLEY CITY,"WEST VALLEY CITY, UT 84119",Concessions: potentially hazardous foods,friend_slc
DINING WITH DONNA|3232 S 400 E|SOUTH SALT LAKE,DINING WITH DONNA,3232 S 400 E,SOUTH SALT LAKE,"SOUTH SALT LAKE, UT 84115","Caterers, not restaurant connected",friend_slc
DINNER TIME MEALS|278 E 12300 S|DRAPER,DINNER TIME MEALS,278 E 12300 S,DRAPER,"DRAPER, UT 84020",Restaurants: non-plated,friend_slc
DIPPIN DOTS#H272GL|3232 S 400 E|SOUTH SALT LAKE,DIPPIN DOTS#H272GL,3232 S 400 E,SOUTH SALT LAKE,"SOUTH SALT LAKE, UT 84115",Mobiles: Mobile Food Units (Trucks),friend_slc
DODO RESTAURANT|1355 E 2100 S|SALT LAKE CITY,DODO RESTAURANT,1355 E 2100 S,SALT LAKE CITY,"SALT LAKE CITY, UT 84105",Restaurants: plated,friend_slc
DOLLYS SHAVE ICE #410010Z|3232 S 400 E|SOUTH SALT LAKE,DOLLYS SHAVE ICE #410010Z,3232 S 400 E,SOUTH SALT LAKE,"SOUTH SALT LAKE, UT 84115",Mobiles: Mobile Food Units (Trucks),friend_slc
DOMINOS PIZZA #7509|2282 S REDWOOD RD|WEST VALLEY CITY,DOMINOS PIZZA #7509,2282 S REDWOOD RD,WEST VALLEY CITY,"WEST VALLEY CITY, UT 84119",Restaurants: non-plated,friend_slc
DOMINOS PIZZA #7514|6064 S STATE ST|MURRAY,DOMINOS PIZZA #7514,6064 S STATE ST,MURRAY,"MURRAY, UT 84107",Restaurants: non-plated,friend_slc
DOMINOS PIZZA #7518|4756 S HIGHLAND DR|SALT LAKE CITY,DOMINOS PIZZA #7518,4756 S HIGHLAND DR,SALT LAKE CITY,"SALT LAKE CITY, UT 84117",Restaurants: non-plated,friend_slc
DOMINOS PIZZA #7531|4790 W 3500 S|SALT LAKE CITY,DOMINOS PIZZA #7531,4790 W 3500 S,SALT LAKE CITY,"SALT LAKE CITY, UT 84120",Restaurants: non-plated,friend_slc
DOMINOS PIZZA #9115|1961 E FORT UNION BLVD|COTTONWOOD HEIGHTS,DOMINOS PIZZA #9115,1961 E FORT UNION BLVD,COTTONWOOD HEIGHTS,"COTTONWOOD HEIGHTS, UT 84121",Restaurants: non-plated,friend_slc
DOMINOS PIZZA 9116|3731 W SOUTH JORDAN PKWY|SOUTH JORDAN,DOMINOS PIZZA 9116,3731 W SOUTH JORDAN PKWY,SOUTH JORDAN,"SOUTH JORDAN, UT 84095",Restaurants: non-plated,friend_slc
DOMINOS PIZZA|13680 S REDWOOD RD|RIVERTON,DOMINOS PIZZA,13680 S REDWOOD RD,RIVERTON,"RIVERTON, UT 84065",Restaurants: non-plated,friend_slc
DOMINOS PIZZA|14688 S 568 W|BLUFFDALE,DOMINOS PIZZA,14688 S 568 W,BLUFFDALE,"BLUFFDALE, UT 84065",Restaurants: non-plated,friend_slc
DOMINOS PIZZA|7552 S PLAZA CENTER DR|WEST JORDAN,DOMINOS PIZZA,7552 S PLAZA CENTER DR,WEST JORDAN,"WEST JORDAN, UT 84084",Restaurants: non-plated,friend_slc
DOMINOS|1156 W 600 N|SALT LAKE CITY,DOMINOS,1156 W 600 N,SALT LAKE CITY,"SALT LAKE CITY, UT 84116",Restaurants: non-plated,friend_slc
DOMINOS|1430 S FOOTHILL DR|SALT LAKE CITY,DOMINOS,1430 S FOOTHILL DR,SALT LAKE CITY,"SALT LAKE CITY, UT 84108",Restaurants: non-plated,friend_slc
DOMINOS|2115 S STATE ST|SOUTH SALT LAKE,DOMINOS,2115 S STATE ST,SOUTH SALT LAKE,"SOUTH SALT LAKE, UT 84115",Restaurants: non-plated,friend_slc
DON DANIELS MEXICAN GRILL & CANTINA|1017 N 900 W|SALT LAKE CITY,DON DANIELS MEXICAN GRILL & CANTINA,1017 N 900 W,SALT LAKE CITY,"SALT LAKE CITY, UT 84116",Restaurants: plated,friend_slc
DUMKE SOFTBALL FIELD|102 S WASATCH DR|SALT LAKE CITY,DUMKE SOFTBALL FIELD,102 S WASATCH DR,SALT LAKE CITY,"SALT LAKE CITY, UT 84112",Concessions: potentially hazardous foods,friend_slc
DUTCH BROS|7856 S 700 E|SANDY,DUTCH BROS,7856 S 700 E,SANDY,"SANDY, UT 84070",Beverage Service: Coffee,friend_slc
EAST COAST SUBS|6056 S STATE ST|MURRAY,EAST COAST SUBS,6056 S STATE ST,MURRAY,"MURRAY, UT 84107",Restaurants: non-plated,friend_slc
EDISON HOUSE - 1ST FLOOR KITCHEN/BAR|335 S 200 W|SALT LAKE CITY,EDISON HOUSE - 1ST FLOOR KITCHEN/BAR,335 S 200 W,SALT LAKE CITY,"SALT LAKE CITY, UT 84101",Restaurants: non-plated,friend_slc
EDISON HOUSE - 2ND FLOOR KITCHEN/2 BARS|335 S 200 W|SALT LAKE CITY,EDISON HOUSE - 2ND FLOOR KITCHEN/2 BARS,335 S 200 W,SALT LAKE CITY,"SALT LAKE CITY, UT 84101",Restaurants: non-plated,friend_slc
EIFFEL TOWER CATERING|1753 S 700 E|SALT LAKE CITY,EIFFEL TOWER CATERING,1753 S 700 E,SALT LAKE CITY,"SALT LAKE CITY, UT 84105","Caterers, not restaurant connected",friend_slc
EINSTEIN BROS BAGELS|5542 W 7800 S|WEST JORDAN,EINSTEIN BROS BAGELS,5542 W 7800 S,WEST JORDAN,"WEST JORDAN, UT 84081",Restaurants: plated,friend_slc
EINSTEIN BROTHERS BAGELS #1253|72 E 10600 S|SANDY,EINSTEIN BROTHERS BAGELS #1253,72 E 10600 S,SANDY,"SANDY, UT 84070",Restaurants: non-plated,friend_slc
EINSTEIN BROTHERS BAGELS #724|1520 S 1500 E|SALT LAKE CITY,EINSTEIN BROTHERS BAGELS #724,1520 S 1500 E,SALT LAKE CITY,"SALT LAKE CITY, UT 84105",Restaurants: non-plated,friend_slc
EINSTEIN BROTHERS BAGELS #730|3923 S WASATCH BLVD|MILLCREEK TS,EINSTEIN BROTHERS BAGELS #730,3923 S WASATCH BLVD,MILLCREEK TS,"MILLCREEK TS, UT 84124",Restaurants: non-plated,friend_slc
EINSTEIN BROTHERS BAGELS #732|5588 S REDWOOD RD|TAYLORSVILLE,EINSTEIN BROTHERS BAGELS #732,5588 S REDWOOD RD,TAYLORSVILLE,"TAYLORSVILLE, UT 84123",Restaurants: non-plated,friend_slc
EL CAMINO KITCHEN|752 W CENTER ST|MIDVALE,EL CAMINO KITCHEN,752 W CENTER ST,MIDVALE,"MIDVALE, UT 84047","Caterers, not restaurant connected",friend_slc
EL JARIPEO 8 #267390A|7235 W 3500 S|MAGNA,EL JARIPEO 8 #267390A,7235 W 3500 S,MAGNA,"MAGNA, UT 84044",Mobiles: Mobile Food Units (Trucks),friend_slc
EL JARIPEO GRILL ON THE WHEEL #3T7LA|1259 S REDWOOD RD|SALT LAKE CITY,EL JARIPEO GRILL ON THE WHEEL #3T7LA,1259 S REDWOOD RD,SALT LAKE CITY,"SALT LAKE CITY, UT 84104",Mobiles: Mobile Food Units (Trucks),friend_slc
EL POLLO LOCO #3821|1120 S 300 W|SALT LAKE CITY,EL POLLO LOCO #3821,1120 S 300 W,SALT LAKE CITY,"SALT LAKE CITY, UT 84101",Restaurants: non-plated,friend_slc
EL POLLO LOCO #3890|3964 W 4700 S|WEST VALLEY CITY,EL POLLO LOCO #3890,3964 W 4700 S,WEST VALLEY CITY,"WEST VALLEY CITY, UT 84120",Restaurants: non-plated,friend_slc
EL RANCHO PEQUENA|1391 S 300 W|SALT LAKE CITY,EL RANCHO PEQUENA,1391 S 300 W,SALT LAKE CITY,"SALT LAKE CITY, UT 84115",Restaurants: non-plated,friend_slc
ELEVATION CATERING|2266 E EVERGREEN AVE|MILLCREEK,ELEVATION CATERING,2266 E EVERGREEN AVE,MILLCREEK,"MILLCREEK, UT 84109",Restaurants: plated,friend_slc
ELLERBECK|140 B ST|SALT LAKE CITY,ELLERBECK,140 B ST,SALT LAKE CITY,"SALT LAKE CITY, UT 84103",Public Lodging: Bed and Breakfast,friend_slc
EMIGRATION CAFE DOG PATIO|1709 E 1300 S|SALT LAKE CITY,EMIGRATION CAFE DOG PATIO,1709 E 1300 S,SALT LAKE CITY,"SALT LAKE CITY, UT 84108",Restaurants: non-plated,friend_slc
EMILIANOS TACO SHOP #HBMG2|56 E 3335 S|SOUTH SALT LAKE,EMILIANOS TACO SHOP #HBMG2,56 E 3335 S,SOUTH SALT LAKE,"SOUTH SALT LAKE, UT 84129",Mobiles: Mobile Food Units (Trucks),friend_slc
EMPANADAS 801 @ COCINA TEPIN|2163 S RICHARDS ST|SOUTH SALT LAKE,EMPANADAS 801 @ COCINA TEPIN,2163 S RICHARDS ST,SOUTH SALT LAKE,"SOUTH SALT LAKE, UT 84115","Caterers, not restaurant connected",friend_slc
ENCANTO EVENTS|1164 S MAIN ST|SALT LAKE CITY,ENCANTO EVENTS,1164 S MAIN ST,SALT LAKE CITY,"SALT LAKE CITY, UT 84101",Restaurants: non-plated,friend_slc
ENTRATA CLUB @ DELTA CENTER|301 W SOUTH TEMPLE ST|SALT LAKE CITY,ENTRATA CLUB @ DELTA CENTER,301 W SOUTH TEMPLE ST,SALT LAKE CITY,"SALT LAKE CITY, UT 84101",Restaurants: non-plated,friend_slc
ESSENTIAL NUTRITION|5486 S 4220 W|KEARNS,ESSENTIAL NUTRITION,5486 S 4220 W,KEARNS,"KEARNS, UT 84118",Beverage Service: Juice/Smoothies,friend_slc
EUREST - SALT LAKE ICB|5201 W AMELIA EARHART DR|SALT LAKE CITY,EUREST - SALT LAKE ICB,5201 W AMELIA EARHART DR,SALT LAKE CITY,"SALT LAKE CITY, UT 84116",Restaurants: non-plated,friend_slc
EUREST - WELLS FARGO COB|260 N CHARLES LINDBERGH DR|SALT LAKE CITY,EUREST - WELLS FARGO COB,260 N CHARLES LINDBERGH DR,SALT LAKE CITY,"SALT LAKE CITY, UT 84116",Restaurants: non-plated,friend_slc
EUREST|533 S 400 W|SALT LAKE CITY,EUREST,533 S 400 W,SALT LAKE CITY,"SALT LAKE CITY, UT 84101",Restaurants: non-plated,friend_slc
EVENTS ON MAIN|9135 W MAGNA MAIN ST|MAGNA,EVENTS ON MAIN,9135 W MAGNA MAIN ST,MAGNA,"MAGNA, UT 84044",Restaurants: non-plated,friend_slc
FAIRFIELD BY MARRIOTT|6433 S HIGHLAND DR|HOLLADAY,FAIRFIELD BY MARRIOTT,6433 S HIGHLAND DR,HOLLADAY,"HOLLADAY, UT 84121",Restaurants: non-plated,friend_slc
FAIRFIELD INN & SUITES MURRAY|594 W 4500 S|MURRAY,FAIRFIELD INN & SUITES MURRAY,594 W 4500 S,MURRAY,"MURRAY, UT 84123",Public Lodging: continental breakfast,friend_slc
FAIRFIELD INN & SUITES SALT LAKE CITY SOUTHWEST|2878 S 5600 W|WEST VALLEY CITY,FAIRFIELD INN & SUITES SALT LAKE CITY SOUTHWEST,2878 S 5600 W,WEST VALLEY CITY,"WEST VALLEY CITY, UT 84120",Public Lodging: continental breakfast,friend_slc
FAMILY BREAKFAST #015402Z|1055 E DRAPER PKWY|DRAPER,FAMILY BREAKFAST #015402Z,1055 E Draper PKWY,DRAPER,"DRAPER, UT 84020",Mobiles: Mobile Food Units (Trucks),friend_slc
FARRS 523/DELTA CENTER|301 W SOUTH TEMPLE ST|SALT LAKE CITY,FARRS 523/DELTA CENTER,301 W SOUTH TEMPLE ST,SALT LAKE CITY,"SALT LAKE CITY, UT 84101",Restaurants: non-plated,friend_slc
FELDMANS DELI DOG PATIO|2005 E 2700 S|SALT LAKE CITY,FELDMANS DELI DOG PATIO,2005 E 2700 S,SALT LAKE CITY,"SALT LAKE CITY, UT 84109",Restaurants: non-plated,friend_slc
FELT BAR & EATERY|341 S MAIN ST|SALT LAKE CITY,FELT BAR & EATERY,341 S MAIN ST,SALT LAKE CITY,"SALT LAKE CITY, UT 84101",Restaurants: plated,friend_slc
FILLINGS AND EMULSIONS @ GRANATOS|1391 S 300 W|SALT LAKE CITY,FILLINGS AND EMULSIONS @ GRANATOS,1391 S 300 W,SALT LAKE CITY,"SALT LAKE CITY, UT 84115",Restaurants: non-plated,friend_slc
FILLINGS AND EMULSIONS|3920 W TERMINAL DR|SALT LAKE CITY,FILLINGS AND EMULSIONS,3920 W TERMINAL DR,SALT LAKE CITY,"SALT LAKE CITY, UT 84122",Restaurants: non-plated,friend_slc
FIRE AND SLICE PIZZA @ AM ACADEMY OF INNOVATION|5410 W SOUTH JORDAN PKWY|SOUTH JORDAN,FIRE AND SLICE PIZZA @ AM ACADEMY OF INNOVATION,5410 W SOUTH JORDAN PKWY,SOUTH JORDAN,"SOUTH JORDAN, UT 84009",Commissary,friend_slc
FIRE PIZZA #TRUCK 6|5176 W LIBERATOR DR|KEARNS,FIRE PIZZA #TRUCK 6,5176 W LIBERATOR DR,KEARNS,"KEARNS, UT 84118",Mobiles: Mobile Food Units (Trucks),friend_slc
FIREHOUSE BBQ SLC|565 E 2100 S|SALT LAKE CITY,FIREHOUSE BBQ SLC,565 E 2100 S,SALT LAKE CITY,"SALT LAKE CITY, UT 84106","Caterers, not restaurant connected",friend_slc
FIREHOUSE SUBS #1821|1008 E FT UNION BLVD|MIDVALE,FIREHOUSE SUBS #1821,1008 E FT UNION BLVD,MIDVALE,"MIDVALE, UT 84047",Restaurants: non-plated,friend_slc
FISHER BREWING COMPANY - DOG PATIO|320 W 800 S|SALT LAKE CITY,FISHER BREWING COMPANY - DOG PATIO,320 W 800 S,SALT LAKE CITY,"SALT LAKE CITY, UT 84101",Restaurants: plated,friend_slc
FISHER BREWING COMPANY|320 W 800 S|SALT LAKE CITY,FISHER BREWING COMPANY,320 W 800 S,SALT LAKE CITY,"SALT LAKE CITY, UT 84101",Beverage Service: Bars/Lounges,friend_slc
FIVE GUYS BURGERS AND FRIES|10431 S STATE ST|SANDY,FIVE GUYS BURGERS AND FRIES,10431 S STATE ST,SANDY,"SANDY, UT 84070",Restaurants: non-plated,friend_slc
FIVE GUYS BURGERS AND FRIES|2917 S GLEN EAGLE DR|WEST VALLEY CITY,FIVE GUYS BURGERS AND FRIES,2917 S GLEN EAGLE DR,WEST VALLEY CITY,"WEST VALLEY CITY, UT 84128",Restaurants: non-plated,friend_slc
FIVE GUYS BURGERS AND FRIES|487 E 12300 S|DRAPER,FIVE GUYS BURGERS AND FRIES,487 E 12300 S,DRAPER,"DRAPER, UT 84020",Restaurants: non-plated,friend_slc
FIVE GUYS|1082 E FORT UNION BLVD|MIDVALE,FIVE GUYS,1082 E FORT UNION BLVD,MIDVALE,"MIDVALE, UT 84047",Restaurants: plated,friend_slc
FIVE GUYS|12570 S RHETSKI LN|RIVERTON,FIVE GUYS,12570 S RHETSKI LN,RIVERTON,"RIVERTON, UT 84065",Restaurants: non-plated,friend_slc
FIVE GUYS|3167 E 3300 S|SALT LAKE CITY,FIVE GUYS,3167 E 3300 S,SALT LAKE CITY,"SALT LAKE CITY, UT 84109",Restaurants: non-plated,friend_slc
FLEMINGS PRIME STEAKHOUSE|20 S 400 W|SALT LAKE CITY,FLEMINGS PRIME STEAKHOUSE,20 S 400 W,SALT LAKE CITY,"SALT LAKE CITY, UT 84101",Restaurants: plated,friend_slc
FLIK @ FIDELITY|49 N 400 W|SALT LAKE CITY,FLIK @ FIDELITY,49 N 400 W,SALT LAKE CITY,"SALT LAKE CITY, UT 84101",Restaurants: non-plated,friend_slc
FLOWER CHILD|1414 S FOOTHILL DR|SALT LAKE CITY,FLOWER CHILD,1414 S FOOTHILL DR,SALT LAKE CITY,"SALT LAKE CITY, UT 84108",Restaurants: plated,friend_slc
FLOWERCHILD RIVERTON|4422 W TREE SPARROW DR|RIVERTON,FLOWERCHILD RIVERTON,4422 W TREE SPARROW DR,RIVERTON,"RIVERTON, UT 84096",Restaurants: non-plated,friend_slc
FLYING J TRAVEL CENTER #746|2025 S 900 W|SALT LAKE CITY,FLYING J TRAVEL CENTER #746,2025 S 900 W,SALT LAKE CITY,"SALT LAKE CITY, UT 84104",Restaurants: non-plated,friend_slc
FOOD JUSTICE COALITION|751 W 800 S|SALT LAKE CITY,FOOD JUSTICE COALITION,751 W 800 S,SALT LAKE CITY,"SALT LAKE CITY, UT 84104",Restaurants: plated,friend_slc
FORE LAKES GOLF INC|1285 W 4700 S|TAYLORSVILLE,FORE LAKES GOLF INC,1285 W 4700 S,TAYLORSVILLE,"TAYLORSVILLE, UT 84123",Concessions: potentially hazardous foods,friend_slc
FRESHIES LOBSTER|356 E 900 S|SALT LAKE CITY,FRESHIES LOBSTER,356 E 900 S,SALT LAKE CITY,"SALT LAKE CITY, UT 84111",Restaurants: non-plated,friend_slc
GALLIVAN CENTER|239 S MAIN ST|SALT LAKE CITY,GALLIVAN CENTER,239 S MAIN ST,SALT LAKE CITY,"SALT LAKE CITY, UT 84111",Restaurants: non-plated,friend_slc
GARAGE GRILL - DOG PATIO|1122 E DRAPER PKWY|DRAPER,GARAGE GRILL - DOG PATIO,1122 E DRAPER PKWY,DRAPER,"DRAPER, UT 84020",Restaurants: plated,friend_slc
GARDEN ESPRESSO|917 E VINE ST|MURRAY,GARDEN ESPRESSO,917 E VINE ST,MURRAY,"MURRAY, UT 84121",Restaurants: non-plated,friend_slc
GARDEN O VEATEN #V045BS|56 E 3335 S|SOUTH SALT LAKE,GARDEN O VEATEN #V045BS,56 E 3335 S,SOUTH SALT LAKE,"SOUTH SALT LAKE, UT 84115",Mobiles: Mobile Food Units (Trucks),friend_slc
GLOBAL FOOD SERVICES WEST OFFICE BUILDING|120 N 200 W|SALT LAKE CITY,GLOBAL FOOD SERVICES WEST OFFICE BUILDING,120 N 200 W,SALT LAKE CITY,"SALT LAKE CITY, UT 84103",Restaurants: non-plated,friend_slc
GOLDEN GYROS|259 W 900 S|SALT LAKE CITY,GOLDEN GYROS,259 W 900 S,SALT LAKE CITY,"SALT LAKE CITY, UT 84101",Restaurants: non-plated,friend_slc
GOLDMINERS DAUGHTER LODGE - LOUNGE|10160 E HWY 210|ALTA,GOLDMINERS DAUGHTER LODGE - LOUNGE,10160 E HWY 210,ALTA,"ALTA, UT 84092",Beverage Service: Bars/Lounges,friend_slc
GOLDMINERS DAUGHTER LODGE - SLOPESIDE JOES|10160 E HIGHWAY 210 HWY|ALTA,GOLDMINERS DAUGHTER LODGE - SLOPESIDE JOES,10160 E HIGHWAY 210 HWY,ALTA,"ALTA, UT 84092",Beverage Service: Coffee,friend_slc
GOOD 2 GO STORE|4978 W 12600 S|HERRIMAN,GOOD 2 GO STORE,4978 W 12600 S,HERRIMAN,"HERRIMAN, UT 84020",Restaurants: non-plated,friend_slc
GOOD2GO STORES|5075 W HERRIMAN BLVD|HERRIMAN,GOOD2GO STORES,5075 W HERRIMAN BLVD,HERRIMAN,"HERRIMAN, UT 84096",Restaurants: non-plated,friend_slc
GORDOS TACOS #248824A|5470 S 900 E|MURRAY,GORDOS TACOS #248824A,5470 S 900 E,MURRAY,"MURRAY, UT 84117",Mobiles: Mobile Food Units (Trucks),friend_slc
GOURMANDISE THE BAKERY DOG PATIO|250 S 300 E|SALT LAKE CITY,GOURMANDISE THE BAKERY DOG PATIO,250 S 300 E,SALT LAKE CITY,"SALT LAKE CITY, UT 84111",Restaurants: non-plated,friend_slc
GOURMANDISE THE BAKERY DOG PATIO|725 E 12300 S|DRAPER,GOURMANDISE THE BAKERY DOG PATIO,725 E 12300 S,DRAPER,"DRAPER, UT 84020",Restaurants: non-plated,friend_slc
GRANATO FOODS|1391 S 300 W|SALT LAKE CITY,GRANATO FOODS,1391 S 300 W,SALT LAKE CITY,"SALT LAKE CITY, UT 84115",Commissary,friend_slc
GRANATOS GOURMET MARKET|4051 W TERMINAL DR|SALT LAKE CITY,GRANATOS GOURMET MARKET,4051 W TERMINAL DR,SALT LAKE CITY,"SALT LAKE CITY, UT 84122",Restaurants: plated,friend_slc
GRAND AMERICA HOTEL - GIBSON GIRL LOUNGE|555 S MAIN ST|SALT LAKE CITY,GRAND AMERICA HOTEL - GIBSON GIRL LOUNGE,555 S MAIN ST,SALT LAKE CITY,"SALT LAKE CITY, UT 84111",Beverage Service: Bars/Lounges,friend_slc
GRAND AMERICA HOTEL BUTCHER SHOP BASEMENT|555 S MAIN ST|SALT LAKE CITY,GRAND AMERICA HOTEL BUTCHER SHOP BASEMENT,555 S MAIN ST,SALT LAKE CITY,"SALT LAKE CITY, UT 84111",Commissary,friend_slc
GRAND AMERICA HOTEL EMPLOYEE DINING|555 S MAIN ST|SALT LAKE CITY,GRAND AMERICA HOTEL EMPLOYEE DINING,555 S MAIN ST,SALT LAKE CITY,"SALT LAKE CITY, UT 84111",Restaurants: plated,friend_slc
GRAND AMERICA HOTEL POOL KITCHEN|555 S MAIN ST|SALT LAKE CITY,GRAND AMERICA HOTEL POOL KITCHEN,555 S MAIN ST,SALT LAKE CITY,"SALT LAKE CITY, UT 84111",Concessions: potentially hazardous foods,friend_slc
GRANDMA SWAN SMITH ECLECTIC DELIGHTS #1BFF5|67 W 1700 S|SALT LAKE CITY,GRANDMA SWAN SMITH ECLECTIC DELIGHTS #1BFF5,67 W 1700 S,SALT LAKE CITY,"SALT LAKE CITY, UT 84115",Mobiles: Mobile Food Units (Trucks),friend_slc
GREAT STEAK & POTATO CO|28 S STATE ST|SALT LAKE CITY,GREAT STEAK & POTATO CO,28 S STATE ST,SALT LAKE CITY,"SALT LAKE CITY, UT 84111",Restaurants: non-plated,friend_slc
GREEK ORTHODOX CHURCH|279 S 300 W|SALT LAKE CITY,GREEK ORTHODOX CHURCH,279 S 300 W,SALT LAKE CITY,"SALT LAKE CITY, UT 84101",Commissary,friend_slc
GRILLE|5055 S WEST RIDGE BLVD|KEARNS TS,GRILLE,5055 S WEST RIDGE BLVD,KEARNS TS,"KEARNS TS, UT 84118",Restaurants: plated,friend_slc
GUADALUPE SCHOOL|1385 N 1200 W|SALT LAKE CITY,GUADALUPE SCHOOL,1385 N 1200 W,SALT LAKE CITY,"SALT LAKE CITY, UT 84116",Restaurants: plated,friend_slc
HABANERO CHILE|1245 S 900 W|SALT LAKE CITY,HABANERO CHILE,1245 S 900 W,SALT LAKE CITY,"SALT LAKE CITY, UT 84104",Mobiles: Food Carts,friend_slc
HABIT BURGER GRILL|11380 S STATE ST|SANDY,HABIT BURGER GRILL,11380 S STATE ST,SANDY,"SANDY, UT 84070",Restaurants: non-plated,friend_slc
HABIT BURGER GRILL|6993 S PARK CENTRE DR|COTTONWOOD HEIGHTS,HABIT BURGER GRILL,6993 S PARK CENTRE DR,COTTONWOOD HEIGHTS,"COTTONWOOD HEIGHTS, UT 84121",Restaurants: non-plated,friend_slc
HADFIELD HOUSE @SLC COMMISSARY|3678 W 2100 S|SALT LAKE CITY,HADFIELD HOUSE @SLC COMMISSARY,3678 W 2100 S,SALT LAKE CITY,"SALT LAKE CITY, UT 84120","Caterers, not restaurant connected",friend_slc
HALL PASS DOG PATIO|153 S RIO GRANDE ST|SALT LAKE CITY,HALL PASS DOG PATIO,153 S RIO GRANDE ST,SALT LAKE CITY,"SALT LAKE CITY, UT 84101",Restaurants: non-plated,friend_slc
HALLOWED GROUNDS CAFE AND GIFTS|370 S 300 E|SALT LAKE CITY,HALLOWED GROUNDS CAFE AND GIFTS,370 S 300 E,SALT LAKE CITY,"SALT LAKE CITY, UT 84111",Beverage Service: Coffee,friend_slc
HAMPTON INN|425 S 300 W|SALT LAKE CITY,HAMPTON INN,425 S 300 W,SALT LAKE CITY,"SALT LAKE CITY, UT 84101",Public Lodging: full breakfast,friend_slc
HANDLEBAR - DOG PATIO|751 N 300 W|SALT LAKE CITY,HANDLEBAR - DOG PATIO,751 N 300 W,SALT LAKE CITY,"SALT LAKE CITY, UT 84103",Beverage Service: Bars/Lounges,friend_slc
HARMONS - COFFEE SHOP|125 E 13800 S|DRAPER,HARMONS - COFFEE SHOP,125 E 13800 S,DRAPER,"DRAPER, UT 84020",Beverage Service: Coffee,friend_slc
HARMONS - UPSTAIRS DELI|4727 W SOUTH JORDAN PKWY|SOUTH JORDAN,HARMONS - UPSTAIRS DELI,4727 W SOUTH JORDAN PKWY,SOUTH JORDAN,"SOUTH JORDAN, UT 84009",Restaurants: non-plated,friend_slc
HARMONS BANGERTER CROSSING|125 E 13800 S|DRAPER,HARMONS BANGERTER CROSSING,125 E 13800 S,DRAPER,"DRAPER, UT 84020",Restaurants: non-plated,friend_slc
HARMONS CITY CREEK (BARISTA)|135 E 100 S|SALT LAKE CITY,HARMONS CITY CREEK (BARISTA),135 E 100 S,SALT LAKE CITY,"SALT LAKE CITY, UT 84111",Restaurants: non-plated,friend_slc
HARMONS CITY CREEK - JUST BURGERS|135 E 100 S|SALT LAKE CITY,HARMONS CITY CREEK - JUST BURGERS,135 E 100 S,SALT LAKE CITY,"SALT LAKE CITY, UT 84111",Restaurants: non-plated,friend_slc
HARMONS DAY BREAK - JUST BURGERS|4727 W SOUTH JORDAN PKWY|SOUTH JORDAN,HARMONS DAY BREAK - JUST BURGERS,4727 W SOUTH JORDAN PKWY,SOUTH JORDAN,"SOUTH JORDAN, UT 84009",Restaurants: non-plated,friend_slc
HARMONS TAYLORSVILLE|5454 S REDWOOD RD|TAYLORSVILLE,HARMONS TAYLORSVILLE,5454 S REDWOOD RD,TAYLORSVILLE,"TAYLORSVILLE, UT 84123",Restaurants: non-plated,friend_slc
HARMONS WEST|3955 W 3500 S|WEST VALLEY CITY,HARMONS WEST,3955 W 3500 S,WEST VALLEY CITY,"WEST VALLEY CITY, UT 84120",Restaurants: non-plated,friend_slc
"HARMONS, BASEMENT KITCHEN, GELATO|4727 W SOUTH JORDAN PKWY|SOUTH JORDAN","HARMONS, BASEMENT KITCHEN, GELATO",4727 W SOUTH JORDAN PKWY,SOUTH JORDAN,"SOUTH JORDAN, UT 84095",Restaurants: non-plated,friend_slc
HASH KITCHEN - DOG PATIO|264 E 12300 S|DRAPER,HASH KITCHEN - DOG PATIO,264 E 12300 S,DRAPER,"DRAPER, UT 84020",Restaurants: non-plated,friend_slc
HAVE PARTY WILL TRAVEL|466 W LAWNDALE DR|SOUTH SALT LAKE,HAVE PARTY WILL TRAVEL,466 W LAWNDALE DR,SOUTH SALT LAKE,"SOUTH SALT LAKE, UT 84115","Caterers, not restaurant connected",friend_slc
HCI WELLNESS & INTERGRATIVE HEALTH CENTER KITCHEN|1950 E CIRCLE OF HOPE DR|SALT LAKE CITY,HCI WELLNESS & INTERGRATIVE HEALTH CENTER KITCHEN,1950 E CIRCLE OF HOPE DR,SALT LAKE CITY,"SALT LAKE CITY, UT 84112",Restaurants: non-plated,friend_slc
HEALTHY VIDA FELIZ|4041 W 4100 S|WEST VALLEY CITY,HEALTHY VIDA FELIZ,4041 W 4100 S,WEST VALLEY CITY,"WEST VALLEY CITY, UT 84120",Beverage Service: Juice/Smoothies,friend_slc
HEARTH AND HILL SUGAR ALLEY|2188 S HIGHLAND DR|SALT LAKE CITY,HEARTH AND HILL SUGAR ALLEY,2188 S HIGHLAND DR,SALT LAKE CITY,"SALT LAKE CITY, UT 84106",Restaurants: plated,friend_slc
HECTORS MEXICAN FOOD #276272A|3551 S WEST TEMPLE ST|SOUTH SALT LAKE,HECTORS MEXICAN FOOD #276272A,3551 S WEST TEMPLE ST,SOUTH SALT LAKE,"SOUTH SALT LAKE, UT 84115",Mobiles: Mobile Food Units (Trucks),friend_slc
HERITAGE CONVENIENCE STORE|151 S CONNOR|SALT LAKE CITY,HERITAGE CONVENIENCE STORE,151 S CONNOR,SALT LAKE CITY,"SALT LAKE CITY, UT 84112",Restaurants: non-plated,friend_slc
HIDDEN OAK  GOURMET CREAMERY|370 S 300 E|SALT LAKE CITY,HIDDEN OAK  GOURMET CREAMERY,370 S 300 E,SALT LAKE CITY,"SALT LAKE CITY, UT 84121",Restaurants: non-plated,friend_slc
HIDDEN VALLEY COUNTRY CLUB CONCESSIONS|11820 S HIGHLAND DR|SANDY,HIDDEN VALLEY COUNTRY CLUB CONCESSIONS,11820 S HIGHLAND DR,SANDY,"SANDY, UT 84092",Restaurants: non-plated,friend_slc
HIDDEN VALLEY COUNTRY CLUB-CABANA|11820 S HIGHLAND DR|SANDY,HIDDEN VALLEY COUNTRY CLUB-CABANA,11820 S HIGHLAND DR,SANDY,"SANDY, UT 84092",Concessions: potentially hazardous foods,friend_slc
HIGHLANDER PUB|6194 S HIGHLAND DR|MURRAY,HIGHLANDER PUB,6194 S HIGHLAND DR,MURRAY,"MURRAY, UT 84121",Beverage Service: Bars/Lounges,friend_slc
HILLS KITCHEN DOG PATIO|2188 S HIGHLAND DR|SALT LAKE CITY,HILLS KITCHEN DOG PATIO,2188 S HIGHLAND DR,SALT LAKE CITY,"SALT LAKE CITY, UT 84106",Restaurants: plated,friend_slc
HILTON SALT LAKE CITY CENTER - LOUNGE|255 S WEST TEMPLE ST|SALT LAKE CITY,HILTON SALT LAKE CITY CENTER - LOUNGE,255 S WEST TEMPLE ST,SALT LAKE CITY,"SALT LAKE CITY, UT 84101",Beverage Service: Bars/Lounges,friend_slc
HKBC TAPROOM & BAR - DOG PATIO|370 W ASPEN AVE|SALT LAKE CITY,HKBC TAPROOM & BAR - DOG PATIO,370 W ASPEN AVE,SALT LAKE CITY,"SALT LAKE CITY, UT 84101",Restaurants: non-plated,friend_slc
HMHI COFFEE KIOSK|501 S CHIPETA WY|SALT LAKE CITY,HMHI COFFEE KIOSK,501 S CHIPETA WY,SALT LAKE CITY,"SALT LAKE CITY, UT 84108",Beverage Service: Coffee,friend_slc
HMHI CRISIS KEM AND CAROLYN GARDNER CRISIS CARE|955 W 3300 S|SOUTH SALT LAKE,HMHI CRISIS KEM AND CAROLYN GARDNER CRISIS CARE,955 W 3300 S,SOUTH SALT LAKE,"SOUTH SALT LAKE, UT 84119",Restaurants: plated,friend_slc
HMS HOST PRODUCTION KITCHEN|474 N 3700 W|SALT LAKE CITY,HMS HOST PRODUCTION KITCHEN,474 N 3700 W,SALT LAKE CITY,"SALT LAKE CITY, UT 84122",Commissary,friend_slc
HOLIDAY INN EXPRESS|7134 S 700 E|MIDVALE,HOLIDAY INN EXPRESS,7134 S 700 E,MIDVALE,"MIDVALE, UT 84047",Public Lodging: continental breakfast,friend_slc
HOLIDAY OIL # 29|2729 W 4700 S|TAYLORSVILLE,HOLIDAY OIL # 29,2729 W 4700 S,TAYLORSVILLE,"TAYLORSVILLE, UT 84129",Restaurants: non-plated,friend_slc
HOLIDAY OIL #30|3215 W 5400 S|TAYLORSVILLE,HOLIDAY OIL #30,3215 W 5400 S,TAYLORSVILLE,"TAYLORSVILLE, UT 84129",Restaurants: non-plated,friend_slc
HOLIDAY OIL #32|3978 W INNOVATION DR|RIVERTON,HOLIDAY OIL #32,3978 W INNOVATION DR,RIVERTON,"RIVERTON, UT 84065",Restaurants: non-plated,friend_slc
HOLIDAY OIL #37|15027 S ACADEMY PKWY|HERRIMAN,HOLIDAY OIL #37,15027 S ACADEMY PKWY,HERRIMAN,"HERRIMAN, UT 84096",Restaurants: non-plated,friend_slc
HOLIDAY OIL #44|3592 S 8400 W|MAGNA TS,HOLIDAY OIL #44,3592 S 8400 W,MAGNA TS,"MAGNA TS, UT 84044",Restaurants: non-plated,friend_slc
HOLIDAY OIL #57|2730 W 7800 S|WEST JORDAN,HOLIDAY OIL #57,2730 W 7800 S,WEST JORDAN,"WEST JORDAN, UT 84084",Restaurants: non-plated,friend_slc
HOLIDAY OIL #62|2474 S 7200 W|MAGNA,HOLIDAY OIL #62,2474 S 7200 W,MAGNA,"MAGNA, UT 84044",Restaurants: non-plated,friend_slc
HOLY CROSS - PROUDLY WE SERVE COFFEE SHOP|1050 E SOUTH TEMPLE ST|SALT LAKE CITY,HOLY CROSS - PROUDLY WE SERVE COFFEE SHOP,1050 E SOUTH TEMPLE ST,SALT LAKE CITY,"SALT LAKE CITY, UT 84102",Beverage Service: Coffee,friend_slc
HOLY CROSS - PROUDLY WE SERVE COFFEE SHOP|3580 W 9000 S|WEST JORDAN,HOLY CROSS - PROUDLY WE SERVE COFFEE SHOP,3580 W 9000 S,WEST JORDAN,"WEST JORDAN, UT 84088",Beverage Service: Juice/Smoothies,friend_slc
HOME 2 SUITES-MURRAY|4927 S STATE ST|MURRAY,HOME 2 SUITES-MURRAY,4927 S STATE ST,MURRAY,"MURRAY, UT 84107",Restaurants: non-plated,friend_slc
HOMEROS TACOS Y MAS #6ECN9|3300 S MAIN ST|SALT LAKE CITY,HOMEROS TACOS Y MAS #6ECN9,3300 S MAIN ST,SALT LAKE CITY,"SALT LAKE CITY, UT 84103",Mobiles: Mobile Food Units (Trucks),friend_slc
HOMEWOOD SUITES SALT LAKE CITY DOWNTOWN|423 W 300 S|SALT LAKE CITY,HOMEWOOD SUITES SALT LAKE CITY DOWNTOWN,423 W 300 S,SALT LAKE CITY,"SALT LAKE CITY, UT 84101",Public Lodging: continental breakfast,friend_slc
HONEST EATERY 317/DELTA CENTER|301 W SOUTH TEMPLE ST|SALT LAKE CITY,HONEST EATERY 317/DELTA CENTER,301 W SOUTH TEMPLE ST,SALT LAKE CITY,"SALT LAKE CITY, UT 84101",Restaurants: plated,friend_slc
HONEY BAKED HAM COMPANY|1915 E MURRAY HOLLADAY RD|HOLLADAY,HONEY BAKED HAM COMPANY,1915 E MURRAY HOLLADAY RD,HOLLADAY,"HOLLADAY, UT 84117",Restaurants: non-plated,friend_slc
HOPKINS BREWING CO DOG PATIO|2121 S MCCLELLAND ST|SALT LAKE CITY,HOPKINS BREWING CO DOG PATIO,2121 S MCCLELLAND ST,SALT LAKE CITY,"SALT LAKE CITY, UT 84106",Restaurants: plated,friend_slc
HOT DOG ON A STICK|2721 W 7800 S|WEST JORDAN,HOT DOG ON A STICK,2721 W 7800 S,WEST JORDAN,"WEST JORDAN, UT 84088",Restaurants: non-plated,friend_slc
HOUSTON TX HOT CHICKEN|4505 W PARTRIDGE HILL LN|RIVERTON,HOUSTON TX HOT CHICKEN,4505 W PARTRIDGE HILL LN,RIVERTON,"RIVERTON, UT 84096",Restaurants: plated,friend_slc
HOUSTON TX HOT CHICKEN|912 E 900 S|SALT LAKE CITY,HOUSTON TX HOT CHICKEN,912 E 900 S,SALT LAKE CITY,"SALT LAKE CITY, UT 84105",Restaurants: non-plated,friend_slc
HUB & SPOKE DINER/DOG PATIO|1291 S 1100 E|SALT LAKE CITY,HUB & SPOKE DINER/DOG PATIO,1291 S 1100 E,SALT LAKE CITY,"SALT LAKE CITY, UT 84105",Restaurants: non-plated,friend_slc
HUCKLEBERRY GRILL #HUCK 1|335 W 1830 S|SALT LAKE CITY,HUCKLEBERRY GRILL #HUCK 1,335 W 1830 S,SALT LAKE CITY,"SALT LAKE CITY, UT 84115",Mobiles: Mobile Food Units (Trucks),friend_slc
HUGO COFFEE ROASTERS|210 E 400 S|SALT LAKE CITY,HUGO COFFEE ROASTERS,210 E 400 S,SALT LAKE CITY,"SALT LAKE CITY, UT 84111",Beverage Service: Coffee,friend_slc
HUNTS TEXAS BBQ #291571Z|229 W 4800 S|MURRAY,HUNTS TEXAS BBQ #291571Z,229 W 4800 S,MURRAY,"MURRAY, UT 84107",Mobiles: Mobile Food Units (Trucks),friend_slc
HUNTSMAN CANCER HOSPITAL POINT|1950 E CIRCLE OF HOPE DR|SALT LAKE CITY,HUNTSMAN CANCER HOSPITAL POINT,1950 E CIRCLE OF HOPE DR,SALT LAKE CITY,"SALT LAKE CITY, UT 84112",Restaurants: plated,friend_slc
HUNTSMAN CANCER HOSPITAL STARBUCKS|1950 E CIRCLE OF HOPE DR|SALT LAKE CITY,HUNTSMAN CANCER HOSPITAL STARBUCKS,1950 E CIRCLE OF HOPE DR,SALT LAKE CITY,"SALT LAKE CITY, UT 84112",Restaurants: non-plated,friend_slc
HUNTSMAN CANCER HOSPITAL|1950 E CIRCLE OF HOPE|SALT LAKE CITY,HUNTSMAN CANCER HOSPITAL,1950 E CIRCLE OF HOPE,SALT LAKE CITY,"SALT LAKE CITY, UT 84112",Restaurants: plated,friend_slc
HYATT REGENCY SLC - LEVEL 1 CONTRIBUTION|170 S WEST TEMPLE ST|SALT LAKE CITY,HYATT REGENCY SLC - LEVEL 1 CONTRIBUTION,170 S WEST TEMPLE ST,SALT LAKE CITY,"SALT LAKE CITY, UT 84101",Beverage Service: Bars/Lounges,friend_slc
HYATT REGENCY SLC - LEVEL 1 MARKET|170 S WEST TEMPLE ST|SALT LAKE CITY,HYATT REGENCY SLC - LEVEL 1 MARKET,170 S WEST TEMPLE ST,SALT LAKE CITY,"SALT LAKE CITY, UT 84101",Restaurants: non-plated,friend_slc
HYATT REGENCY SLC - LEVEL 2 (4 AREAS)|170 S WEST TEMPLE ST|SALT LAKE CITY,HYATT REGENCY SLC - LEVEL 2 (4 AREAS),170 S WEST TEMPLE ST,SALT LAKE CITY,"SALT LAKE CITY, UT 84101",Restaurants: plated,friend_slc
HYATT REGENCY SLC - LEVEL 3 (3 AREAS)|170 S WEST TEMPLE ST|SALT LAKE CITY,HYATT REGENCY SLC - LEVEL 3 (3 AREAS),170 S WEST TEMPLE ST,SALT LAKE CITY,"SALT LAKE CITY, UT 84101",Restaurants: plated,friend_slc
HYATT REGENCY SLC - LEVEL 5 (2 AREAS)|170 S WEST TEMPLE ST|SALT LAKE CITY,HYATT REGENCY SLC - LEVEL 5 (2 AREAS),170 S WEST TEMPLE ST,SALT LAKE CITY,"SALT LAKE CITY, UT 84101",Restaurants: plated,friend_slc
HYATT REGENCY SLC - LEVEL B (4 AREAS)|170 S WEST TEMPLE ST|SALT LAKE CITY,HYATT REGENCY SLC - LEVEL B (4 AREAS),170 S WEST TEMPLE ST,SALT LAKE CITY,"SALT LAKE CITY, UT 84101",Restaurants: plated,friend_slc
IAC LATIN MARKET MIDVALE|6807 S STATE ST|MIDVALE,IAC LATIN MARKET MIDVALE,6807 S STATE ST,MIDVALE,"MIDVALE, UT 84047",Commissary,friend_slc
IBIZA ULTRA LOUNGE|180 W 400 S|SALT LAKE CITY,IBIZA ULTRA LOUNGE,180 W 400 S,SALT LAKE CITY,"SALT LAKE CITY, UT 84101",Beverage Service: Bars/Lounges,friend_slc
ICE HAUS - DOG PATIO|7 W 4800 S|MURRAY,ICE HAUS - DOG PATIO,7 W 4800 S,MURRAY,"MURRAY, UT 84107",Beverage Service: Bars/Lounges,friend_slc
ICEBERG 313/DELTA CENTER|301 W SOUTH TEMPLE ST|SALT LAKE CITY,ICEBERG 313/DELTA CENTER,301 W SOUTH TEMPLE ST,SALT LAKE CITY,"SALT LAKE CITY, UT 84101",Concessions: no potentially hazardous foods,friend_slc
ICO DISTRICT APTS - OUTDOOR W/P|11100 S RIVER HEIGHTS DR|SOUTH JORDAN,ICO DISTRICT APTS - OUTDOOR W/P,11100 S RIVER HEIGHTS DR,SOUTH JORDAN,"SOUTH JORDAN, UT 84095",Condo/Apartment,own_scrape
ICO FAIRBOURNE II - W/P|2986 W LEHMAN AVE|WEST VALLEY CITY,ICO FAIRBOURNE II - W/P,2986 W LEHMAN AVE,WEST VALLEY CITY,"WEST VALLEY CITY, UT 84119",Condo/Apartment,own_scrape
ICO FAIRBOURNE STATION - POOL|2900 W LEHMAN AVE|WEST VALLEY CITY,ICO FAIRBOURNE STATION - POOL,2900 W LEHMAN AVE,WEST VALLEY CITY,"WEST VALLEY CITY, UT 84119",Condo/Apartment,own_scrape
ICO FAIRBOURNE STATION- W/P|2900 W LEHMAN AVE|WEST VALLEY CITY,ICO FAIRBOURNE STATION- W/P,2900 W LEHMAN AVE,WEST VALLEY CITY,"WEST VALLEY CITY, UT 84119",Condo/Apartment,own_scrape
ICO FORT UNION APTS - POOL|1171 E BROADWING LN|COTTONWOOD HEIGHTS,ICO FORT UNION APTS - POOL,1171 E BROADWING LN,COTTONWOOD HEIGHTS,"COTTONWOOD HEIGHTS, UT 84121",Condo/Apartment,own_scrape
ICO FORT UNION APTS- W/P|1171 E BROADWING LN|COTTONWOOD HEIGHTS,ICO FORT UNION APTS- W/P,1171 E BROADWING LN,COTTONWOOD HEIGHTS,"COTTONWOOD HEIGHTS, UT 84121",Condo/Apartment,own_scrape
ICO VISTA STATION NORTH - POOL|13152 S VISTA STATION BLVD|DRAPER,ICO VISTA STATION NORTH - POOL,13152 S VISTA STATION BLVD,DRAPER,"DRAPER, UT 84020",Condo/Apartment,own_scrape
ICO VISTA STATION NORTH - W/P|13152 S VISTA STATION BLVD|DRAPER,ICO VISTA STATION NORTH - W/P,13152 S VISTA STATION BLVD,DRAPER,"DRAPER, UT 84020",Condo/Apartment,own_scrape
ICON 9700 APARTMENTS - W/P|9678 S KALINA WY|SANDY,ICON 9700 APARTMENTS - W/P,9678 S KALINA WY,SANDY,"SANDY, UT 84092",Condo/Apartment,own_scrape
ICON 9700 APTS - POOL|9678 S KALINA WY|SANDY,ICON 9700 APTS - POOL,9678 S KALINA WY,SANDY,"SANDY, UT 84092",Condo/Apartment,own_scrape
ICONIC HAIR SALON|13118 S TWISTED OAK DR|HERRIMAN,ICONIC HAIR SALON,13118 S TWISTED OAK DR,HERRIMAN,"HERRIMAN, UT 84096",Home Cosmetology,own_scrape
ICONIC MD LLC|268 E 12200 S|DRAPER,ICONIC MD LLC,268 E 12200 S,DRAPER,"DRAPER, UT 84088",Regular Cosmetology,own_scrape
ICONIC SKIN LLC|2145 E 2100 S|SALT LAKE CITY,ICONIC SKIN LLC,2145 E 2100 S,SALT LAKE CITY,"SALT LAKE CITY, UT 84108",Regular Esthetician,own_scrape
IFSC CLIMBING WORLD CUP BOULDER SLC 2025|440 W 800 S|SALT LAKE CITY,IFSC CLIMBING WORLD CUP BOULDER SLC 2025,440 W 800 S,SALT LAKE CITY,"SALT LAKE CITY, UT 84101",Mass Gathering,own_scrape
IHOP #1735|3383 S DECKER LAKE DR|WEST VALLEY CITY,IHOP #1735,3383 S DECKER LAKE DR,WEST VALLEY CITY,"WEST VALLEY CITY, UT 84119",Restaurants: plated,friend_slc
IHOP #1744|4550 S HIGHLAND DR|MILLCREEK TS,IHOP #1744,4550 S HIGHLAND DR,MILLCREEK TS,"MILLCREEK TS, UT 84117",Restaurants: plated,friend_slc
IHOP #3031|3122 S 5600 W|WEST VALLEY CITY,IHOP #3031,3122 S 5600 W,WEST VALLEY CITY,"WEST VALLEY CITY, UT 84128",Restaurants: plated,friend_slc
IHOP RESTAURANT|635 E 400 S|SALT LAKE CITY,IHOP RESTAURANT,635 E 400 S,SALT LAKE CITY,"SALT LAKE CITY, UT 84102",Restaurants: plated,friend_slc
IJ AND JEANNE WAGNER JEWISH COMMUNITY (PRE-SCHOOL)|2 N MEDICAL DR|SALT LAKE CITY,IJ AND JEANNE WAGNER JEWISH COMMUNITY (PRE-SCHOOL),2 N MEDICAL DR,SALT LAKE CITY,"SALT LAKE CITY, UT 84113",Child Care Centers: Licensed,own_scrape
IKEA BISTRO|67 W IKEA WY|DRAPER,IKEA BISTRO,67 W IKEA WY,DRAPER,"DRAPER, UT 84020",Restaurants: non-plated,friend_slc
IKEA DRAPER|13312 S PONY EXPRESS RD|DRAPER,IKEA DRAPER,13312 S PONY EXPRESS RD,DRAPER,"DRAPER, UT 84020",Restaurants: plated,friend_slc
IKOMA SUSHI|301 W SOUTH TEMPLE|SALT LAKE CITY,IKOMA SUSHI,301 W SOUTH TEMPLE,SALT LAKE CITY,"SALT LAKE CITY, UT 84101",Restaurants: non-plated,own_scrape
ILLUMINATE|350 S 200 E|SALT LAKE CITY,ILLUMINATE,350 S 200 E,SALT LAKE CITY,"SALT LAKE CITY, UT 84111",Mass Gathering,own_scrape
ILLUSION HAIR STUDIO|423 W 800 S|SALT LAKE CITY,ILLUSION HAIR STUDIO,423 W 800 S,SALT LAKE CITY,"SALT LAKE CITY, UT 84101",Regular Cosmetology,own_scrape
ILLUSIONS SALON|3898 W INNOVATION DR|RIVERTON,ILLUSIONS SALON,3898 W INNOVATION DR,RIVERTON,"RIVERTON, UT 84065",Regular Cosmetology,own_scrape
ILUSION CUTZ|3004 W AMHERST AVE|WEST VALLEY CITY,ILUSION CUTZ,3004 W AMHERST AVE,WEST VALLEY CITY,"WEST VALLEY CITY, UT 84119",Home Cosmetology,own_scrape
IMAGO MEDICAL|22 W FIRECLAY AVE|MURRAY,IMAGO MEDICAL,22 W FIRECLAY AVE,MURRAY,"MURRAY, UT 84107",Regular Cosmetology,own_scrape
IMIX COMMISSARY|1802 S ALEXANDER ST|WEST VALLEY CITY,IMIX COMMISSARY,1802 S ALEXANDER ST,WEST VALLEY CITY,"WEST VALLEY CITY, UT 84119",Commissary,own_scrape
IMMACULATE IMAGERY CO.|363 S 500 E|SALT LAKE CITY,IMMACULATE IMAGERY CO.,363 S 500 E,SALT LAKE CITY,"SALT LAKE CITY, UT 84102",Regular Piercing and Tattoo,own_scrape
IMPECCABLE BARBERS|3544 W 6200 S|TAYLORSVILLE,IMPECCABLE BARBERS,3544 W 6200 S,TAYLORSVILLE,"TAYLORSVILLE, UT 84129",Regular Cosmetology,own_scrape
IN N OUT BURGER|12191 S FACTORY OUTLET DR|DRAPER,IN N OUT BURGER,12191 S FACTORY OUTLET DR,DRAPER,"DRAPER, UT 84020",Restaurants: non-plated,friend_slc
IN N OUT BURGER|12569 S CROSSING DR|RIVERTON,IN N OUT BURGER,12569 S CROSSING DR,RIVERTON,"RIVERTON, UT 84096",Restaurants: non-plated,friend_slc
IN N OUT BURGER|3715 S CONSTITUTION BLVD|WEST VALLEY CITY,IN N OUT BURGER,3715 S CONSTITUTION BLVD,WEST VALLEY CITY,"WEST VALLEY CITY, UT 84119",Restaurants: non-plated,friend_slc
IN N OUT BURGER|7206 S UNION PARK AVE|MIDVALE,IN N OUT BURGER,7206 S UNION PARK AVE,MIDVALE,"MIDVALE, UT 84047",Restaurants: non-plated,friend_slc
IN N OUT BURGER|7785 S JORDAN LANDING BLVD|WEST JORDAN,IN N OUT BURGER,7785 S JORDAN LANDING BLVD,WEST JORDAN,"WEST JORDAN, UT 84084",Restaurants: non-plated,friend_slc
IN THE CUT BARBERSHOP LLC|7048 S STATE ST|MIDVALE,IN THE CUT BARBERSHOP LLC,7048 S STATE ST,MIDVALE,"MIDVALE, UT 84047",Regular Cosmetology,own_scrape
INBALANCE BODYWORK &  MASSAGE|4936 W DESERT SAGE DR|HERRIMAN,INBALANCE BODYWORK &  MASSAGE,4936 W DESERT SAGE DR,HERRIMAN,"HERRIMAN, UT 84096",Regular Massage,own_scrape
INCA POTATO/GATEWAY FIREWORKS|10 N RIO GRANDE|SALT LAKE CITY,INCA POTATO/GATEWAY FIREWORKS,10 N RIO GRANDE,SALT LAKE CITY,"SALT LAKE CITY, UT 84111",Food Service,own_scrape
INCLINE AT ANTHEM APTS - OUTDOOR POOL|11901 S FREEDOM PARK DR|HERRIMAN,INCLINE AT ANTHEM APTS - OUTDOOR POOL,11901 S FREEDOM PARK DR,HERRIMAN,"HERRIMAN, UT 84096",Condo/Apartment,own_scrape
INCLINE AT ANTHEM APTS - OUTDOOR W/P|11901 S FREEDOM PARK DR|HERRIMAN,INCLINE AT ANTHEM APTS - OUTDOOR W/P,11901 S FREEDOM PARK DR,HERRIMAN,"HERRIMAN, UT 84096",Condo/Apartment,own_scrape
INCLINE TERRACE CONDOS - POOL|1032 E 400 S|SALT LAKE CITY,INCLINE TERRACE CONDOS - POOL,1032 E 400 S,SALT LAKE CITY,"SALT LAKE CITY, UT 84102",Condo/Apartment,own_scrape
INDEPENDENCE DAY DRONE SHOW 2025|1060 S 900 W|SALT LAKE CITY,INDEPENDENCE DAY DRONE SHOW 2025,1060 S 900 W,SALT LAKE CITY,"SALT LAKE CITY, UT 84104",Mass Gathering,own_scrape
INDEPENDENCE DAY DRONE SHOW 2026|1060 S 900 W|SALT LAKE CITY,INDEPENDENCE DAY DRONE SHOW 2026,1060 S 900 W,SALT LAKE CITY,"SALT LAKE CITY, UT 84104",Mass Gathering,own_scrape
INDIA HOUSE|8660 S STATE ST|SANDY,INDIA HOUSE,8660 S STATE ST,SANDY,"SANDY, UT 84070",Restaurants: plated,own_scrape
INDIA MELA 2025|1142 W SOUTH JORDAN PKWY|SOUTH JORDAN,INDIA MELA 2025,1142 W SOUTH JORDAN PKWY,SOUTH JORDAN,"SOUTH JORDAN, UT 84095",Mass Gathering,own_scrape
INDIA MELA 2026|1142 W SOUTH JORDAN PKWY|SOUTH JORDAN,INDIA MELA 2026,1142 W SOUTH JORDAN PKWY,SOUTH JORDAN,"SOUTH JORDAN, UT 84095",Mass Gathering,own_scrape
INDIAN HILLS ELEMENTARY SCHOOL|2496 E ST MARYS DR|SALT LAKE CITY,INDIAN HILLS ELEMENTARY SCHOOL,2496 E ST MARYS DR,SALT LAKE CITY,"SALT LAKE CITY, UT 84108",Schools: preparation,own_scrape
INDIAN HILLS MIDDLE SCHOOL|1180 E SANDERS RD|SANDY,INDIAN HILLS MIDDLE SCHOOL,1180 E SANDERS RD,SANDY,"SANDY, UT 84094",Schools: preparation,own_scrape
INDULGE SALON|5524 W 6200 S|KEARNS,INDULGE SALON,5524 W 6200 S,KEARNS,"KEARNS, UT 84118",Cosmetology Trades,own_scrape
INFORMSKIN|7198 S UNION PARK AVE|MIDVALE,INFORMskin,7198 S UNION PARK AVE,MIDVALE,"MIDVALE, UT 84047",Regular Cosmetology,own_scrape
INK GODDESS LLC|1442 E DRAPER PKWY|DRAPER,INK GODDESS LLC,1442 E DRAPER PKWY,DRAPER,"DRAPER, UT 84020",Regular Permanent  Cosmetics,own_scrape
INK HAVEN|59 W 100 S|SALT LAKE CITY,INK HAVEN,59 W 100 S,SALT LAKE CITY,"SALT LAKE CITY, UT 84101",Regular Piercing and Tattoo,own_scrape
INN AT SNOWBIRD - POOL|9202 E LODGE DR|SALT LAKE CITY,INN AT SNOWBIRD - POOL,9202 E LODGE DR,SALT LAKE CITY,"SALT LAKE CITY, UT 84092",Hotel,own_scrape
INN AT SNOWBIRD - W/P|9202 E LODGE DR|SALT LAKE CITY,INN AT SNOWBIRD - W/P,9202 E LODGE DR,SALT LAKE CITY,"SALT LAKE CITY, UT 84092",Hotel,own_scrape
INN AT SOLITUDE - POOL|12000 E COTTONWOOD CYN|SALT LAKE CITY,INN AT SOLITUDE - POOL,12000 E COTTONWOOD CYN,SALT LAKE CITY,"SALT LAKE CITY, UT 84121",Hotel,own_scrape
INN AT SOLITUDE - W/P|12000 E COTTONWOOD CYN|SALT LAKE CITY,INN AT SOLITUDE - W/P,12000 E COTTONWOOD CYN,SALT LAKE CITY,"SALT LAKE CITY, UT 84121",Hotel,own_scrape
INN AT SOLITUDE|12000 E BIG COTTONWOOD RD|SALT LAKE COUNTY,INN AT SOLITUDE,12000 E BIG COTTONWOOD RD,SALT LAKE COUNTY,"SALT LAKE COUNTY, UT 84121",HOTEL/MOTEL,own_scrape
INN BETWEEN|1216 E 1300 S|SALT LAKE CITY,INN BETWEEN,1216 E 1300 S,SALT LAKE CITY,"SALT LAKE CITY, UT 84105",Group Homes,own_scrape
INNATE BODYWORK LLC|244 W 300 N|SALT LAKE CITY,INNATE BODYWORK LLC,244 W 300 N,SALT LAKE CITY,"SALT LAKE CITY, UT 84103",Regular Massage,own_scrape
INNER CONNECTIONS MASSAGE|208 E 800 S|SALT LAKE CITY,INNER CONNECTIONS MASSAGE,208 E 800 S,SALT LAKE CITY,"SALT LAKE CITY, UT 84111",Regular Massage,own_scrape
INNER PEACE SKIN|4770 S 900 E|SALT LAKE CITY,INNER PEACE SKIN,4770 S 900 E,SALT LAKE CITY,"SALT LAKE CITY, UT 84117",Regular Esthetician,own_scrape
INNOVATIVE STUDIO LLC|13222 S TREE SPARROW DR|RIVERTON,INNOVATIVE STUDIO LLC,13222 S TREE SPARROW DR,RIVERTON,"RIVERTON, UT 84096",Regular Cosmetology,own_scrape
INSCRIBED BEAUTY LLC|7378 S PLAZA CENTER DR|WEST JORDAN,INSCRIBED BEAUTY LLC,7378 S PLAZA CENTER DR,WEST JORDAN,"WEST JORDAN, UT 84084",Regular Permanent  Cosmetics,own_scrape
INSOMNIA TATTOOING|363 S 500 E|SALT LAKE CITY,INSOMNIA TATTOOING,363 S 500 E,SALT LAKE CITY,"SALT LAKE CITY, UT 84102",Regular Piercing and Tattoo,own_scrape
INSPIRATION SPA CARE LLC|1628 W 700 N|SALT LAKE CITY,INSPIRATION SPA CARE LLC,1628 W 700 N,SALT LAKE CITY,"SALT LAKE CITY, UT 84116",Cosmetology Trades,own_scrape
INSPIRED BY LUCY LLC|248 E WINCHESTER ST|MURRAY,INSPIRED BY LUCY LLC,248 E WINCHESTER ST,MURRAY,"MURRAY, UT 84107",Cosmetology Trades,own_scrape
INTEGRATED BEAUTY SOLUTION|2480 S MAIN ST|SOUTH SALT LAKE,INTEGRATED BEAUTY SOLUTION,2480 S MAIN ST,SOUTH SALT LAKE,"SOUTH SALT LAKE, UT 84115",Regular Cosmetology,own_scrape
INTEGRATED BODY WORKS|4010 S 2700 E|HOLLADAY,INTEGRATED BODY WORKS,4010 S 2700 E,HOLLADAY,"HOLLADAY, UT 84124",Regular Massage,own_scrape
INTERMOUNTAIN CHRISTIAN SCHOOL|6515 S LION LN|HOLLADAY,INTERMOUNTAIN CHRISTIAN SCHOOL,6515 S LION LN,HOLLADAY,"HOLLADAY, UT 84121",Restaurants: non-plated,friend_slc
INTERMOUNTAIN HOMECARE OFFICE & WAREHOUSE|11520 S REDWOOD RD|SOUTH JORDAN,INTERMOUNTAIN HOMECARE OFFICE & WAREHOUSE,11520 S REDWOOD RD,SOUTH JORDAN,"SOUTH JORDAN, UT 84095",Restaurants: non-plated,friend_slc
INTERMOUNTAIN MEDICAL CENTER - CAFETERIA|5121 S COTTONWOOD ST|MURRAY,INTERMOUNTAIN MEDICAL CENTER - CAFETERIA,5121 S COTTONWOOD ST,MURRAY,"MURRAY, UT 84107",Restaurants: non-plated,friend_slc
INTERMOUNTAIN MEDICAL CENTER - KITCHEN|5121 S COTTONWOOD ST|MURRAY,INTERMOUNTAIN MEDICAL CENTER - KITCHEN,5121 S COTTONWOOD ST,MURRAY,"MURRAY, UT 84107","Care Facilities: Hospitals, Nursing Homes, etc",own_scrape
INTERMOUNTAIN RIGGING AND HEAVY HAUL|961 S PIONEER RD|SALT LAKE CITY,INTERMOUNTAIN RIGGING AND HEAVY HAUL,961 S PIONEER RD,SALT LAKE CITY,"SALT LAKE CITY, UT 84104",Liquid Waste - Oil & Grease,own_scrape
INTERMOUNTAIN RIVERTON HOSP/HAWAIIAN LUAU|3741 W 12600 S|RIVERTON,INTERMOUNTAIN RIVERTON HOSP/HAWAIIAN LUAU,3741 W 12600 S,RIVERTON,"RIVERTON, UT 84065",Food Service,own_scrape
INTERMOUNTAIN RIVERTON HOSP/OCTOBERFEST|3741 W 12600 S|RIVERTON,INTERMOUNTAIN RIVERTON HOSP/OCTOBERFEST,3741 W 12600 S,RIVERTON,"RIVERTON, UT 84065",Food Service,own_scrape
INTERMOUNTAIN RIVERTON HOSP/PARTY ON THE PATIO|3741 W 12600 S|RIVERTON,INTERMOUNTAIN RIVERTON HOSP/PARTY ON THE PATIO,3741 W 12600 S,RIVERTON,"RIVERTON, UT 84065",Food Service,own_scrape
INTERMOUNTAIN RIVERTON HOSPITAL|3741 W 12600 S|RIVERTON,INTERMOUNTAIN RIVERTON HOSPITAL,3741 W 12600 S,RIVERTON,"RIVERTON, UT 84065","Care Facilities: Hospitals, Nursing Homes, etc",own_scrape
INTERNATIONAL ARTS & CRAFTS FESTIVAL 2025|12500 S 1300 E|DRAPER,INTERNATIONAL ARTS & CRAFTS FESTIVAL 2025,12500 S 1300 E,DRAPER,"DRAPER, UT 84020",Mass Gathering,own_scrape
INTERNATIONAL CENTER SUBWAY|5480 W AMELIA EARHART DR|SALT LAKE CITY,INTERNATIONAL CENTER SUBWAY,5480 W AMELIA EARHART DR,SALT LAKE CITY,"SALT LAKE CITY, UT 84116",Restaurants: non-plated,friend_slc
INTERNATIONAL PAPER|2590 W 1500 S|SALT LAKE CITY,INTERNATIONAL PAPER,2590 W 1500 S,SALT LAKE CITY,"SALT LAKE CITY, UT 84104",Recycler - Paper,own_scrape
INTERTWINED HAIR EXTENSION CO & SALON|11978 S 700 E|DRAPER,INTERTWINED HAIR EXTENSION CO & SALON,11978 S 700 E,DRAPER,"DRAPER, UT 84020",Regular Cosmetology,own_scrape
INTERWEST PAPER INC.|575 W 3615 S|SALT LAKE CITY,INTERWEST PAPER INC.,575 W 3615 S,SALT LAKE CITY,"SALT LAKE CITY, UT 84115",Recycler - Paper,own_scrape
INTOWN SUITES SALT LAKE|48 W 3300 S|SOUTH SALT LAKE,INTOWN SUITES SALT LAKE,48 W 3300 S,SOUTH SALT LAKE,"SOUTH SALT LAKE, UT 84115",HOTEL/MOTEL,own_scrape
INTOWN SUITES|151 W 7200 S|MIDVALE,INTOWN SUITES,151 W 7200 S,MIDVALE,"MIDVALE, UT 84047",HOTEL/MOTEL,own_scrape
INTUITIVE CENTER LLC|6715 S 1300 E|COTTONWOOD HEIGHTS,INTUITIVE CENTER LLC,6715 S 1300 E,COTTONWOOD HEIGHTS,"COTTONWOOD HEIGHTS, UT 84121",Regular Massage,own_scrape
INTUITIVE TOUCH MASSAGE|6095 S FASHION BLVD|MURRAY,INTUITIVE TOUCH MASSAGE,6095 S FASHION BLVD,MURRAY,"MURRAY, UT 84107",Mobile Massage,own_scrape
INVISIBLE HISTORY INC|175 W 900 S|SALT LAKE CITY,INVISIBLE HISTORY INC,175 W 900 S,SALT LAKE CITY,"SALT LAKE CITY, UT 84101",Regular Piercing and Tattoo,own_scrape
IRENES HAIR SALON|3881 W 3500 S|WEST VALLEY CITY,IRENES HAIR SALON,3881 W 3500 S,WEST VALLEY CITY,"WEST VALLEY CITY, UT 84120",Regular Cosmetology,own_scrape
"IRIS PIERCING, LLC|2431 S HIGHLAND DR|SALT LAKE CITY","IRIS PIERCING, LLC",2431 S HIGHLAND DR,SALT LAKE CITY,"SALT LAKE CITY, UT 84106",Regular Piercing and Tattoo,own_scrape
IRIS SALON AND BEAUTY|715 E 3900 S|MILLCREEK,IRIS SALON AND BEAUTY,715 E 3900 S,MILLCREEK,"MILLCREEK, UT 84107",Regular Cosmetology,own_scrape
IRON BLOSAM LODGE - EAST POOL|9121 E SNOWBIRD CENTER DR|SANDY,IRON BLOSAM LODGE - EAST POOL,9121 E SNOWBIRD CENTER DR,SANDY,"SANDY, UT 84092",Hotel,own_scrape
IRON BLOSAM LODGE - WADER|9121 E SNOWBIRD CENTER DR|SANDY,IRON BLOSAM LODGE - WADER,9121 E SNOWBIRD CENTER DR,SANDY,"SANDY, UT 84092",Hotel,own_scrape
IRON BLOSAM LODGE - WEST POOL|9121 E SNOWBIRD CENTER DR|SANDY,IRON BLOSAM LODGE - WEST POOL,9121 E SNOWBIRD CENTER DR,SANDY,"SANDY, UT 84092",Hotel,own_scrape
IRON BLOSAM LODGE - WEST W/P|9121 E SNOWBIRD CENTER DR|SANDY,IRON BLOSAM LODGE - WEST W/P,9121 E SNOWBIRD CENTER DR,SANDY,"SANDY, UT 84092",Hotel,own_scrape
IRON BLOSAM LODGE|8974 E LITTLE COTTONWOOD CYN RD|SALT LAKE COUNTY,IRON BLOSAM LODGE,8974 E LITTLE COTTONWOOD CYN RD,SALT LAKE COUNTY,"SALT LAKE COUNTY, UT 84092",HOTEL/MOTEL,own_scrape
IRON PALM MASSAGE THERAPY & MARTIAL ARTS|308 E 4500 S|MURRAY,IRON PALM MASSAGE THERAPY & MARTIAL ARTS,308 E 4500 S,MURRAY,"MURRAY, UT 84107",Regular Massage,own_scrape
IRONWOOD TATTOO COLLECTIVE LLC|282 E 12200 S|DRAPER,IRONWOOD TATTOO COLLECTIVE LLC,282 E 12200 S,DRAPER,"DRAPER, UT 84020",Regular Piercing and Tattoo,own_scrape
IRONWOOD TATTOO COLLECTIVE LLC|7638 S STATE ST|MIDVALE,IRONWOOD TATTOO COLLECTIVE LLC,7638 S STATE ST,MIDVALE,"MIDVALE, UT 84047",Regular Piercing and Tattoo,own_scrape
IRREEZISTABLE NAILS|441 W 12300 S|DRAPER,IRREEZISTABLE NAILS,441 W 12300 S,DRAPER,"DRAPER, UT 84020",Regular Nails,own_scrape
IRVING HEIGHTS APTS - POOL|1963 S 1200 E|SALT LAKE CITY,IRVING HEIGHTS APTS - POOL,1963 S 1200 E,SALT LAKE CITY,"SALT LAKE CITY, UT 84105",Condo/Apartment,own_scrape
IRVING SCHOOL APTS - POOL|1155 E 2100 S|SALT LAKE CITY,IRVING SCHOOL APTS - POOL,1155 E 2100 S,SALT LAKE CITY,"SALT LAKE CITY, UT 84106",Condo/Apartment,own_scrape
IRVING SCHOOL APTS - W/P|1155 E 2100 S|SALT LAKE CITY,IRVING SCHOOL APTS - W/P,1155 E 2100 S,SALT LAKE CITY,"SALT LAKE CITY, UT 84106",Condo/Apartment,own_scrape
ISABELLAS CATERING/CITY OF HOLLADAY BREAKFAST|3330 S 1300 S|HOLLADAY,ISABELLAS CATERING/CITY OF HOLLADAY BREAKFAST,3330 S 1300 S,HOLLADAY,"HOLLADAY, UT 84106",Food Service,own_scrape
ISHA ESTHETICS LLC DBA ISHA RECOVERY AND SCULPT|6095 S FASHION BLVD|MURRAY,ISHA ESTHETICS LLC dba ISHA RECOVERY AND SCULPT,6095 S FASHION BLVD,MURRAY,"MURRAY, UT 84107",Regular Esthetician,own_scrape
ISLA INK|12336 S 450 E|DRAPER,ISLA INK,12336 S 450 E,DRAPER,"DRAPER, UT 84020",Regular Piercing and Tattoo,own_scrape
ISLAND ROTISSERIE AND GRILL/BUTTLERVILLE DAYS|7500 S 2700 E|COTTONWOOD HEIGHTS,ISLAND ROTISSERIE AND GRILL/BUTTLERVILLE DAYS,7500 S 2700 E,COTTONWOOD HEIGHTS,"COTTONWOOD HEIGHTS, UT 84121",Food Service,own_scrape
ISLAND TYME GRILL/SAMOAN HERITAGE|5051 S 4015 W|TAYLORSVILLE,ISLAND TYME GRILL/SAMOAN HERITAGE,5051 S 4015 W,TAYLORSVILLE,"TAYLORSVILLE, UT 84129",Food Service,own_scrape
ISTANBUL BISTRO/DRAPER DAYS|12500 S 1300 E|DRAPER,ISTANBUL BISTRO/DRAPER DAYS,12500 S 1300 E,DRAPER,"DRAPER, UT 84020",Food Service,own_scrape
IT'S ALL ABOUT ME|1572 W 7800 S|WEST JORDAN,IT'S ALL ABOUT ME,1572 W 7800 S,WEST JORDAN,"WEST JORDAN, UT 84088",Regular Cosmetology,own_scrape
IT.B STUDIOS|363 S 500 E|SALT LAKE CITY,IT.B STUDIOS,363 S 500 E,SALT LAKE CITY,"SALT LAKE CITY, UT 84102",Regular Cosmetology,own_scrape
ITALIAN OLIVE PIZZA & PASTA|270 S MAIN ST|SALT LAKE CITY,ITALIAN OLIVE PIZZA & PASTA,270 S MAIN ST,SALT LAKE CITY,"SALT LAKE CITY, UT 84101",Restaurants: plated,own_scrape
J DAWGS 513/DELTA CENTER|301 W SOUTH TEMPLE ST|SALT LAKE CITY,J DAWGS 513/DELTA CENTER,301 W SOUTH TEMPLE ST,SALT LAKE CITY,"SALT LAKE CITY, UT 84101",Restaurants: non-plated,friend_slc
J DAWGS @ RICE ECCLES EAST|451 S 1400 E|SALT LAKE CITY,J DAWGS @ RICE ECCLES EAST,451 S 1400 E,SALT LAKE CITY,"SALT LAKE CITY, UT 84112",Concessions: no potentially hazardous foods,friend_slc
J DAWGS @ RICE ECCLES SOUTH|451 S 1400 E|SALT LAKE CITY,J DAWGS @ RICE ECCLES SOUTH,451 S 1400 E,SALT LAKE CITY,"SALT LAKE CITY, UT 84112",Concessions: no potentially hazardous foods,friend_slc
J DAWGS EAST|9256 S STATE ST|SANDY,J DAWGS EAST,9256 S STATE ST,SANDY,"SANDY, UT 84070",Concessions: potentially hazardous foods,friend_slc
J DAWGS R4/DELTA CENTER|301 W SOUTH TEMPLE ST|SALT LAKE CITY,J DAWGS R4/DELTA CENTER,301 W SOUTH TEMPLE ST,SALT LAKE CITY,"SALT LAKE CITY, UT 84101",Restaurants: non-plated,friend_slc
J DAWGS WEST|9256 S STATE ST|SANDY,J DAWGS WEST,9256 S STATE ST,SANDY,"SANDY, UT 84070",Concessions: potentially hazardous foods,friend_slc
J DAWGS|1036 E FORT UNION BLVD|MIDVALE,J DAWGS,1036 E FORT UNION BLVD,MIDVALE,"MIDVALE, UT 84047",Restaurants: non-plated,friend_slc
JACK IN THE BOX|4380 W 3500 S|WEST VALLEY CITY,JACK IN THE BOX,4380 W 3500 S,WEST VALLEY CITY,"WEST VALLEY CITY, UT 84120",Restaurants: non-plated,friend_slc
JACKSON FOOD STORES #191|1295 E 10600 S|SANDY,JACKSON FOOD STORES #191,1295 E 10600 S,SANDY,"SANDY, UT 84094",Restaurants: non-plated,friend_slc
JACKSONS #150|1704 W NORTH TEMPLE ST|SALT LAKE CITY,JACKSONS #150,1704 W NORTH TEMPLE ST,SALT LAKE CITY,"SALT LAKE CITY, UT 84116",Restaurants: non-plated,friend_slc
JACKSONS #151|278 W 2100 S|SALT LAKE CITY,JACKSONS #151,278 W 2100 S,SALT LAKE CITY,"SALT LAKE CITY, UT 84115",Restaurants: non-plated,friend_slc
JACKSONS FOOD STORES|3728 W 12600 S|RIVERTON,JACKSONS FOOD STORES,3728 W 12600 S,RIVERTON,"RIVERTON, UT 84065",Restaurants: non-plated,friend_slc
JAMBA JUICE|3920 W TERMINAL DR|SALT LAKE CITY,JAMBA JUICE,3920 W TERMINAL DR,SALT LAKE CITY,"SALT LAKE CITY, UT 84122",Restaurants: non-plated,friend_slc
JAMBA|5590 S VAN WINKLE|MURRAY,JAMBA,5590 S VAN WINKLE,MURRAY,"MURRAY, UT 84117",Restaurants: non-plated,friend_slc
JAVA JOS|847 E 4500 S|MILLCREEK,JAVA JOS,847 E 4500 S,MILLCREEK,"MILLCREEK, UT 84109",Beverage Service: Coffee,friend_slc
JERSEY MIKES SUBS|1295 E MILLER AVE|SALT LAKE CITY,JERSEY MIKES SUBS,1295 E MILLER AVE,SALT LAKE CITY,"SALT LAKE CITY, UT 84106",Restaurants: non-plated,friend_slc
JERSEY MIKES SUBS|1400 S FOOTHILL DR|SALT LAKE CITY,JERSEY MIKES SUBS,1400 S FOOTHILL DR,SALT LAKE CITY,"SALT LAKE CITY, UT 84108",Restaurants: non-plated,friend_slc
JERSEY MIKES SUBS|510 E 400 S|SALT LAKE CITY,JERSEY MIKES SUBS,510 E 400 S,SALT LAKE CITY,"SALT LAKE CITY, UT 84102",Restaurants: non-plated,friend_slc
JERSEY MIKES SUBS|5510 W 13400 S|HERRIMAN,JERSEY MIKES SUBS,5510 W 13400 S,HERRIMAN,"HERRIMAN, UT 84096",Restaurants: non-plated,friend_slc
JERSEY MIKES SUBS|5586 S REDWOOD RD|TAYLORSVILLE,JERSEY MIKES SUBS,5586 S REDWOOD RD,TAYLORSVILLE,"TAYLORSVILLE, UT 84123",Restaurants: non-plated,friend_slc
JERSEY MIKES SUBS|6985 S PARK CENTRE DR|COTTONWOOD HEIGHTS,JERSEY MIKES SUBS,6985 S PARK CENTRE DR,COTTONWOOD HEIGHTS,"COTTONWOOD HEIGHTS, UT 84121",Restaurants: non-plated,friend_slc
JERSEY MIKES SUBS|74 W 11400 S|SANDY,JERSEY MIKES SUBS,74 W 11400 S,SANDY,"SANDY, UT 84070",Restaurants: non-plated,friend_slc
JERSEY MIKES SUBS|9089 S REDWOOD RD|WEST JORDAN,JERSEY MIKES SUBS,9089 S REDWOOD RD,WEST JORDAN,"WEST JORDAN, UT 84088",Restaurants: non-plated,friend_slc
JERSEY MIKES|3163 E 3300 S|MILLCREEK,JERSEY MIKES,3163 E 3300 S,MILLCREEK,"MILLCREEK, UT 84109",Restaurants: non-plated,friend_slc
JIMMY JOHNS #1295|2885 S 5600 W|WEST VALLEY CITY,JIMMY JOHNS #1295,2885 S 5600 W,WEST VALLEY CITY,"WEST VALLEY CITY, UT 84120",Restaurants: non-plated,friend_slc
JIMMY JOHNS #1686|148 E 12300 S|DRAPER,JIMMY JOHNS #1686,148 E 12300 S,DRAPER,"DRAPER, UT 84020",Restaurants: non-plated,friend_slc
JIMMY JOHNS #2117|81 W 3300 S|SOUTH SALT LAKE,JIMMY JOHNS #2117,81 W 3300 S,SOUTH SALT LAKE,"SOUTH SALT LAKE, UT 84115",Restaurants: non-plated,friend_slc
JIMMY JOHNS #3300|3891 W 5400 S|TAYLORSVILLE,JIMMY JOHNS #3300,3891 W 5400 S,TAYLORSVILLE,"TAYLORSVILLE, UT 84129",Restaurants: non-plated,friend_slc
JIMMY JOHNS|3292 S 1300 E|SALT LAKE CITY,JIMMY JOHNS,3292 S 1300 E,SALT LAKE CITY,"SALT LAKE CITY, UT 84106",Restaurants: non-plated,friend_slc
JIMMY JOHNS|3920 W TERMINAL DR|SALT LAKE CITY,JIMMY JOHNS,3920 W TERMINAL DR,SALT LAKE CITY,"SALT LAKE CITY, UT 84116",Restaurants: non-plated,friend_slc
JIMMY JOHNS|8989 S REDWOOD RD|WEST JORDAN,JIMMY JOHNS,8989 S REDWOOD RD,WEST JORDAN,"WEST JORDAN, UT 84088",Restaurants: non-plated,friend_slc
JIMS FAMILY RESTAURANT|1728 W PARK AVE|RIVERTON,JIMS FAMILY RESTAURANT,1728 W PARK AVE,RIVERTON,"RIVERTON, UT 84065",Restaurants: plated,friend_slc
JKS INDULGENCE CATERING|752 W CENTER ST|MIDVALE,JKS INDULGENCE CATERING,752 W CENTER ST,MIDVALE,"MIDVALE, UT 84047","Caterers, not restaurant connected",friend_slc
JOHNNYS ON SECOND DOG PATIO|165 E 200 S|SALT LAKE CITY,JOHNNYS ON SECOND DOG PATIO,165 E 200 S,SALT LAKE CITY,"SALT LAKE CITY, UT 84111",Restaurants: plated,friend_slc
JOHNSON PIKE|3683 W 2270 S|SALT LAKE CITY,JOHNSON PIKE,3683 W 2270 S,SALT LAKE CITY,"SALT LAKE CITY, UT 84120",Restaurants: non-plated,friend_slc
JORDAN HIGH SCHOOL LEGACY|95 E BEETDIGGER BLVD|SANDY,JORDAN HIGH SCHOOL LEGACY,95 E BEETDIGGER BLVD,SANDY,"SANDY, UT 84070",Restaurants: plated,friend_slc
JOY POPS|9675 S STATE ST|SANDY,JOY POPS,9675 S STATE ST,SANDY,"SANDY, UT 84070",Beverage Service: Juice/Smoothies,friend_slc
K RECIPE|3390 S STATE ST|SOUTH SALT LAKE,K RECIPE,3390 S STATE ST,SOUTH SALT LAKE,"SOUTH SALT LAKE, UT 84115",Restaurants: non-plated,friend_slc
KAHLERT VILLAGE CAFE/GSE|250 S 1850 E|SALT LAKE CITY,KAHLERT VILLAGE CAFE/GSE,250 S 1850 E,SALT LAKE CITY,"SALT LAKE CITY, UT 84112",Restaurants: plated,friend_slc
KENTE CAFE|751 W 800 S|SALT LAKE CITY,KENTE CAFE,751 W 800 S,SALT LAKE CITY,"SALT LAKE CITY, UT 84104","Caterers, not restaurant connected",friend_slc
KENTUCKY FRIED CHICKEN / TACO BELL|2450 S REDWOOD RD|WEST VALLEY CITY,KENTUCKY FRIED CHICKEN / TACO BELL,2450 S REDWOOD RD,WEST VALLEY CITY,"WEST VALLEY CITY, UT 84119",Restaurants: non-plated,friend_slc
KENTUCKY FRIED CHICKEN / TACO BELL|2930 E 3300 S|MILLCREEK TS,KENTUCKY FRIED CHICKEN / TACO BELL,2930 E 3300 S,MILLCREEK TS,"MILLCREEK TS, UT 84109",Restaurants: non-plated,friend_slc
KENTUCKY FRIED CHICKEN|1765 W 4700 S|TAYLORSVILLE,KENTUCKY FRIED CHICKEN,1765 W 4700 S,TAYLORSVILLE,"TAYLORSVILLE, UT 84129",Restaurants: non-plated,friend_slc
KINETIK|751 W 800 S|SALT LAKE CITY,KINETIK,751 W 800 S,SALT LAKE CITY,"SALT LAKE CITY, UT 84104","Caterers, not restaurant connected",friend_slc
KINGS PEAK COFFEE ROASTERS|592 W 200 S|SALT LAKE CITY,KINGS PEAK COFFEE ROASTERS,592 W 200 S,SALT LAKE CITY,"SALT LAKE CITY, UT 84104",Beverage Service: Coffee,friend_slc
KOKOPELLIS KOFFEE HOUSE|3955 S HIGHLAND DR|HOLLADAY,KOKOPELLIS KOFFEE HOUSE,3955 S HIGHLAND DR,HOLLADAY,"HOLLADAY, UT 84124",Beverage Service: Coffee,friend_slc
KRISPY KREME|3370 S 5600 W|WEST VALLEY CITY,KRISPY KREME,3370 S 5600 W,WEST VALLEY CITY,"WEST VALLEY CITY, UT 84120",Beverage Service: Coffee,friend_slc
KURA REVOLVING SUSHI|675 E 2100 S|SALT LAKE CITY,KURA REVOLVING SUSHI,675 E 2100 S,SALT LAKE CITY,"SALT LAKE CITY, UT 84106",Restaurants: plated,friend_slc
L3 HARRIS|640 N 2200 W|SALT LAKE CITY,L3 HARRIS,640 N 2200 W,SALT LAKE CITY,"SALT LAKE CITY, UT 84116",Restaurants: non-plated,friend_slc
LA BOTANA DE MAMA HILA|4936 W 3500 S|WEST VALLEY CITY,LA BOTANA DE MAMA HILA,4936 W 3500 S,WEST VALLEY CITY,"WEST VALLEY CITY, UT 84120",Restaurants: plated,friend_slc
LA CASA DE LA AREPA #372WX|1391 S 300 W|SALT LAKE CITY,LA CASA DE LA AREPA #372WX,1391 S 300 W,SALT LAKE CITY,"SALT LAKE CITY, UT 84115",Mobiles: Mobile Food Units (Trucks),friend_slc
LA CASA DE LA AREPA|1391 S 300 W|SALT LAKE CITY,LA CASA DE LA AREPA,1391 S 300 W,SALT LAKE CITY,"SALT LAKE CITY, UT 84115","Caterers, not restaurant connected",friend_slc
LA CATRINA FLAVORS OF MEXICO #U564LP|3232 S 400 E|SOUTH SALT LAKE,LA CATRINA FLAVORS OF MEXICO #U564LP,3232 S 400 E,SOUTH SALT LAKE,"SOUTH SALT LAKE, UT 84115",Mobiles: Mobile Food Units (Trucks),friend_slc
LA COCINA DE CECI|6714 S AIRPORT RD|WEST JORDAN,LA COCINA DE CECI,6714 S AIRPORT RD,WEST JORDAN,"WEST JORDAN, UT 84084","Caterers, not restaurant connected",friend_slc
LA CREME #LACREME|752 W CENTER ST|MIDVALE,LA CREME #LACREME,752 W CENTER ST,MIDVALE,"MIDVALE, UT 84047",Mobiles: Mobile Food Units (Trucks),friend_slc
LA CREPE DOR #380572Z|894 E 3900 S|MILLCREEK,LA CREPE DOR #380572Z,894 E 3900 S,MILLCREEK,"MILLCREEK, UT 84124",Mobiles: Mobile Food Units (Trucks),friend_slc
LA FOGATA #237992A|13751 S WADSWORTH PARK DR|DRAPER,LA FOGATA #237992A,13751 S WADSWORTH PARK DR,DRAPER,"DRAPER, UT 84020",Mobiles: Mobile Food Units (Trucks),friend_slc
LA LOLA TACO|6356 S STATE ST|MURRAY,LA LOLA TACO,6356 S STATE ST,MURRAY,"MURRAY, UT 84107",Restaurants: plated,friend_slc
LA PANERIA|752 W CENTER ST|MIDVALE,LA PANERIA,752 W CENTER ST,MIDVALE,"MIDVALE, UT 84047","Caterers, not restaurant connected",friend_slc
LA POBLANA MEXICAN FOOD #231365A|3330 S 5600 W|WEST VALLEY CITY,LA POBLANA MEXICAN FOOD #231365A,3330 S 5600 W,WEST VALLEY CITY,"WEST VALLEY CITY, UT 84120",Mobiles: Mobile Food Units (Trucks),friend_slc
LA SALSAS @ TAQUERIA EL CALOR|2975 S REDWOOD RD|WEST VALLEY CITY,LA SALSAS @ TAQUERIA EL CALOR,2975 S REDWOOD RD,WEST VALLEY CITY,"WEST VALLEY CITY, UT 84119","Caterers, not restaurant connected",friend_slc
LA YAQUESITA #|4848 S REDWOOD RD|TAYLORSVILLE,LA YAQUESITA #,4848 S REDWOOD RD,TAYLORSVILLE,"TAYLORSVILLE, UT 84123",Mobiles: Food Carts,friend_slc
LALAS LEMONADE SHACK @ SALT PALACE|100 S WEST TEMPLE ST|SALT LAKE CITY,LALAS LEMONADE SHACK @ SALT PALACE,100 S WEST TEMPLE ST,SALT LAKE CITY,"SALT LAKE CITY, UT 84101",Mobiles: Food Carts,friend_slc
LARRY H MILLER BALLPARK CONCESSIONS|4350 S 1300 E|MILLCREEK,LARRY H MILLER BALLPARK CONCESSIONS,4350 S 1300 E,MILLCREEK,"MILLCREEK, UT 84124",Concessions: potentially hazardous foods,friend_slc
LAS ELLIES #9W1NV|56 E 3335 S|SOUTH SALT LAKE,LAS ELLIES #9W1NV,56 E 3335 S,SOUTH SALT LAKE,"SOUTH SALT LAKE, UT 84115",Mobiles: Mobile Food Units (Trucks),friend_slc
LAST CHANCE MINING CAMP|1200 BIG COTTONWOOD CANYON RD|COTTONWOOD HEIGHTS,LAST CHANCE MINING CAMP,1200 BIG COTTONWOOD CANYON RD,COTTONWOOD HEIGHTS,"COTTONWOOD HEIGHTS, UT 84121",Restaurants: plated,friend_slc
LAURA LEES CATERING @ CLASSIC COMMISSARY|3232 S 400 E|SOUTH SALT LAKE,LAURA LEES CATERING @ CLASSIC COMMISSARY,3232 S 400 E,SOUTH SALT LAKE,"SOUTH SALT LAKE, UT 84115","Caterers, not restaurant connected",friend_slc
LDS FOOD SERVICES PRINTING CENTER CAFETERIA|1980 W INDUSTRIAL CIR|SALT LAKE CITY,LDS FOOD SERVICES PRINTING CENTER CAFETERIA,1980 W INDUSTRIAL CIR,SALT LAKE CITY,"SALT LAKE CITY, UT 84104",Restaurants: plated,friend_slc
LDS HOSPITAL CAFETERIA|400 E EIGHTH AVE|SALT LAKE CITY,LDS HOSPITAL CAFETERIA,400 E EIGHTH AVE,SALT LAKE CITY,"SALT LAKE CITY, UT 84143",Restaurants: plated,friend_slc
LDS RIVERTON OFFICE BUILDING CAFETERIA|3740 W MARKET CENTER DR|RIVERTON,LDS RIVERTON OFFICE BUILDING CAFETERIA,3740 W MARKET CENTER DR,RIVERTON,"RIVERTON, UT 84065",Restaurants: plated,friend_slc
LE BOEUF|248 W 900 S|SALT LAKE CITY,LE BOEUF,248 W 900 S,SALT LAKE CITY,"SALT LAKE CITY, UT 84101",Restaurants: plated,friend_slc
LEE SUSHI|71 W 10600 S|SANDY,LEE SUSHI,71 W 10600 S,SANDY,"SANDY, UT 84070",Restaurants: plated,friend_slc
LEPRECHAUN PUB AND GRILL|4700 S 900 E|SALT LAKE CITY,LEPRECHAUN PUB AND GRILL,4700 S 900 E,SALT LAKE CITY,"SALT LAKE CITY, UT 84117",Restaurants: plated,friend_slc
LEVEL CROSSING BREWING - DOG PATIO|550 S 300 W|SALT LAKE CITY,LEVEL CROSSING BREWING - DOG PATIO,550 S 300 W,SALT LAKE CITY,"SALT LAKE CITY, UT 84101",Restaurants: non-plated,friend_slc
LEVEL CROSSING BREWING/ DOG PATIO|2496 S WEST TEMPLE|SALT LAKE CITY,LEVEL CROSSING BREWING/ DOG PATIO,2496 S WEST TEMPLE,SALT LAKE CITY,"SALT LAKE CITY, UT 84115",Beverage Service: Bars/Lounges,friend_slc
LEVY @ DELTA CENTER/BLACK DESERT CLUB #268|301 W SOUTH TEMPLE ST|SALT LAKE CITY,LEVY @ DELTA CENTER/BLACK DESERT CLUB #268,301 W SOUTH TEMPLE ST,SALT LAKE CITY,"SALT LAKE CITY, UT 84101",Restaurants: non-plated,friend_slc
LEVY @ DELTA CENTER/INTERFORM CLUB #410|301 W SOUTH TEMPLE ST|SALT LAKE CITY,LEVY @ DELTA CENTER/INTERFORM CLUB #410,301 W SOUTH TEMPLE ST,SALT LAKE CITY,"SALT LAKE CITY, UT 84101",Beverage Service: Bars/Lounges,friend_slc
LEVY @ DELTA CENTER/TOYOTA NORTH #251|301 W SOUTH TEMPLE ST|SALT LAKE CITY,LEVY @ DELTA CENTER/TOYOTA NORTH #251,301 W SOUTH TEMPLE ST,SALT LAKE CITY,"SALT LAKE CITY, UT 84101",Restaurants: non-plated,friend_slc
LEVY FORD ZONE #10|9256 S STATE ST|SANDY,LEVY FORD ZONE #10,9256 S STATE ST,SANDY,"SANDY, UT 84070",Restaurants: non-plated,friend_slc
LEVY GRAB N GOAL #4|9256 S STATE ST|SANDY,LEVY GRAB N GOAL #4,9256 S STATE ST,SANDY,"SANDY, UT 84070",Concessions: potentially hazardous foods,friend_slc
LEVY ROYAL FEAST EAST #7|9256 S STATE ST|SANDY,LEVY ROYAL FEAST EAST #7,9256 S STATE ST,SANDY,"SANDY, UT 84070",Concessions: potentially hazardous foods,friend_slc
LEWIS CAFE & COURTYARD|590 S WAKARA WY|SALT LAKE CITY,LEWIS CAFE & COURTYARD,590 S WAKARA WY,SALT LAKE CITY,"SALT LAKE CITY, UT 84108",Restaurants: non-plated,friend_slc
LIBERTY SENIOR CENTER|251 E 700 S|SALT LAKE CITY,LIBERTY SENIOR CENTER,251 E 700 S,SALT LAKE CITY,"SALT LAKE CITY, UT 84111",Restaurants: non-plated,friend_slc
LIFE CAFE BISTRO|10996 S RIVERFRONT PKWY|SOUTH JORDAN,LIFE CAFE BISTRO,10996 S RIVERFRONT PKWY,SOUTH JORDAN,"SOUTH JORDAN, UT 84095",Restaurants: non-plated,friend_slc
LITTLE CAESARS #511|301 W SOUTH TEMPLE ST|SALT LAKE CITY,LITTLE CAESARS #511,301 W SOUTH TEMPLE ST,SALT LAKE CITY,"SALT LAKE CITY, UT 84101",Concessions: no potentially hazardous foods,friend_slc
LITTLE CAESARS PIZZA|1822 W 12600 S|RIVERTON,LITTLE CAESARS PIZZA,1822 W 12600 S,RIVERTON,"RIVERTON, UT 84065",Restaurants: non-plated,friend_slc
LITTLE CAESARS PIZZA|2120 S 700 E|SALT LAKE CITY,LITTLE CAESARS PIZZA,2120 S 700 E,SALT LAKE CITY,"SALT LAKE CITY, UT 84106",Restaurants: non-plated,friend_slc
LITTLE CAESARS PIZZA|2301 E 2100 S|SALT LAKE CITY,LITTLE CAESARS PIZZA,2301 E 2100 S,SALT LAKE CITY,"SALT LAKE CITY, UT 84109",Restaurants: non-plated,friend_slc
LITTLE CAESARS PIZZA|3380 S 5600 W|WEST VALLEY CITY,LITTLE CAESARS PIZZA,3380 S 5600 W,WEST VALLEY CITY,"WEST VALLEY CITY, UT 84128",Restaurants: non-plated,friend_slc
LITTLE CAESARS PIZZA|4124 S REDWOOD RD|TAYLORSVILLE,LITTLE CAESARS PIZZA,4124 S REDWOOD RD,TAYLORSVILLE,"TAYLORSVILLE, UT 84123",Restaurants: non-plated,friend_slc
LITTLE CAESARS PIZZA|9205 S 700 E|SANDY,LITTLE CAESARS PIZZA,9205 S 700 E,SANDY,"SANDY, UT 84070",Restaurants: non-plated,friend_slc
LITTLE CAESARS|4696 S HOLLADAY BLVD|HOLLADAY,LITTLE CAESARS,4696 S HOLLADAY BLVD,HOLLADAY,"HOLLADAY, UT 84117",Restaurants: non-plated,friend_slc
LITTLE DOLLIE WAFFLES|12000 BIG COTTONWOOD CANYON RD|COTTONWOOD HEIGHTS,LITTLE DOLLIE WAFFLES,12000 BIG COTTONWOOD CANYON RD,COTTONWOOD HEIGHTS,"COTTONWOOD HEIGHTS, UT 84121",Restaurants: non-plated,friend_slc
LOG HAVEN - DOG PATIO|6451 E MILLCREEK CANYON RD|MILLCREEK TS,LOG HAVEN - DOG PATIO,6451 E MILLCREEK CANYON RD,MILLCREEK TS,"MILLCREEK TS, UT 84109",Restaurants: plated,friend_slc
LONCHERITO CATERING #D891ZM|1051 S 300 W|SALT LAKE CITY,LONCHERITO CATERING #D891ZM,1051 S 300 W,SALT LAKE CITY,"SALT LAKE CITY, UT 84101",Mobiles: Mobile Food Units (Trucks),friend_slc
LONGHORN STEAKHOUSE|963 E FORT UNION BLVD|MIDVALE,LONGHORN STEAKHOUSE,963 E FORT UNION BLVD,MIDVALE,"MIDVALE, UT 84047",Restaurants: plated,friend_slc
LOS TAPATIOS 2|3269 W 5400 S|TAYLORSVILLE,LOS TAPATIOS 2,3269 W 5400 S,TAYLORSVILLE,"TAYLORSVILLE, UT 84123",Restaurants: non-plated,friend_slc
LOS TAPIA KITCHEN #5BVT2|758 S REDWOOD RD|SALT LAKE CITY,LOS TAPIA KITCHEN #5BVT2,758 S REDWOOD RD,SALT LAKE CITY,"SALT LAKE CITY, UT 84104",Mobiles: Mobile Food Units (Trucks),friend_slc
LOVES TRAVEL STOP|25 N REDWOOD RD|SALT LAKE CITY,LOVES TRAVEL STOP,25 N REDWOOD RD,SALT LAKE CITY,"SALT LAKE CITY, UT 84116",Restaurants: non-plated,friend_slc
LUCKY #3197|6936 S REDWOOD RD|WEST JORDAN,LUCKY #3197,6936 S REDWOOD RD,WEST JORDAN,"WEST JORDAN, UT 84084",Restaurants: non-plated,friend_slc
LUCKY|1585 W 3500 S|WEST VALLEY CITY,LUCKY,1585 W 3500 S,WEST VALLEY CITY,"WEST VALLEY CITY, UT 84119",Restaurants: non-plated,friend_slc
LUNAS CATERING|1051 S 300 W|SALT LAKE CITY,LUNAS CATERING,1051 S 300 W,SALT LAKE CITY,"SALT LAKE CITY, UT 84101",Mobiles: Mobile Food Units (Trucks),friend_slc
LUNCH PRO @ VALLEY BEHAVIORAL HEALTH|1020 MAIN ST|SALT LAKE CITY,LUNCH PRO @ VALLEY BEHAVIORAL HEALTH,1020 MAIN ST,SALT LAKE CITY,"SALT LAKE CITY, UT 84101",Restaurants: non-plated,friend_slc
LUX EVENTS INC|1578 S 300 W|SALT LAKE CITY,LUX EVENTS INC,1578 S 300 W,SALT LAKE CITY,"SALT LAKE CITY, UT 84115","Caterers, not restaurant connected",friend_slc
MACEY MARKET SUGAR HOUSE|1638 S 900 E|SALT LAKE CITY,MACEY MARKET SUGAR HOUSE,1638 S 900 E,SALT LAKE CITY,"SALT LAKE CITY, UT 84105",Restaurants: non-plated,friend_slc
MACEYS SUPERMARKET DELI|3981 S WASATCH BLVD|MILLCREEK TS,MACEYS SUPERMARKET DELI,3981 S WASATCH BLVD,MILLCREEK TS,"MILLCREEK TS, UT 84124",Restaurants: non-plated,friend_slc
MACEYS|2040 S 2300 E|SALT LAKE CITY,MACEYS,2040 S 2300 E,SALT LAKE CITY,"SALT LAKE CITY, UT 84108",Restaurants: non-plated,friend_slc
MACEYS|4530 S HIGHLAND DR|MILLCREEK TS,MACEYS,4530 S HIGHLAND DR,MILLCREEK TS,"MILLCREEK TS, UT 84117",Restaurants: non-plated,friend_slc
MAD GREEK EXPRESS|4504 S 900 E|MILLCREEK TS,MAD GREEK EXPRESS,4504 S 900 E,MILLCREEK TS,"MILLCREEK TS, UT 84117",Restaurants: non-plated,friend_slc
MAGNA KENNECOTT SENIOR CENTER|9228 W 2700 S|MAGNA TS,MAGNA KENNECOTT SENIOR CENTER,9228 W 2700 S,MAGNA TS,"MAGNA TS, UT 84044",Restaurants: non-plated,friend_slc
MAGNA MAIN STREET TACOS #|8815 W MAGNA MAIN ST|MAGNA,MAGNA MAIN STREET TACOS #,8815 W MAGNA MAIN ST,MAGNA,"MAGNA, UT 84044",Mobiles: Food Carts,friend_slc
MAGNOLIA EVENT CENTER|1117 W JORDAN PKWY|SOUTH JORDAN,MAGNOLIA EVENT CENTER,1117 W JORDAN PKWY,SOUTH JORDAN,"SOUTH JORDAN, UT 84095",Restaurants: non-plated,friend_slc
MAIN KITCHEN/DELTA CENTER|301 W SOUTH TEMPLE ST|SALT LAKE CITY,MAIN KITCHEN/DELTA CENTER,301 W SOUTH TEMPLE ST,SALT LAKE CITY,"SALT LAKE CITY, UT 84101",Restaurants: non-plated,friend_slc
MAMMOTH PRACTICE FACILITY|10450 S STATE ST|SANDY,MAMMOTH PRACTICE FACILITY,10450 S STATE ST,SANDY,"SANDY, UT 84070",Restaurants: non-plated,friend_slc
MANKA RESTAURANT #3CBFO|3536 S STATE ST|SOUTH SALT LAKE,MANKA RESTAURANT #3CBFO,3536 S STATE ST,SOUTH SALT LAKE,"SOUTH SALT LAKE, UT 84115",Mobiles: Mobile Food Units (Trucks),friend_slc
MANNYS NEIGHBORHOOD BAR|1704 S MAIN ST|SALT LAKE CITY,MANNYS NEIGHBORHOOD BAR,1704 S MAIN ST,SALT LAKE CITY,"SALT LAKE CITY, UT 84115",Beverage Service: Bars/Lounges,friend_slc
MANOLIS|402 E 900 S|SALT LAKE CITY,MANOLIS,402 E 900 S,SALT LAKE CITY,"SALT LAKE CITY, UT 84111",Restaurants: plated,friend_slc
MARCATO KITCHEN|545 W 700 S|SALT LAKE CITY,MARCATO KITCHEN,545 W 700 S,SALT LAKE CITY,"SALT LAKE CITY, UT 84101",Restaurants: plated,friend_slc
MARCOS PIZZA|2778 S 5600 W|WEST VALLEY CITY,MARCOS PIZZA,2778 S 5600 W,WEST VALLEY CITY,"WEST VALLEY CITY, UT 84120",Restaurants: non-plated,friend_slc
MARCOS PIZZA|6910 S REDWOOD RD|WEST JORDAN,MARCOS PIZZA,6910 S REDWOOD RD,WEST JORDAN,"WEST JORDAN, UT 84084",Restaurants: non-plated,friend_slc
MARIOTT LIBRARY STARBUCKS|255 S 1500 E|SALT LAKE CITY,MARIOTT LIBRARY STARBUCKS,255 S 1500 E,SALT LAKE CITY,"SALT LAKE CITY, UT 84112",Beverage Service: Coffee,friend_slc
MARK MILLER TOYOTA|730 S WESTTEMPLE ST|SALT LAKE CITY,MARK MILLER TOYOTA,730 S WESTTEMPLE ST,SALT LAKE CITY,"SALT LAKE CITY, UT 84101",Restaurants: non-plated,friend_slc
MARKET CATERING|1578 S 300 W|SALT LAKE CITY,MARKET CATERING,1578 S 300 W,SALT LAKE CITY,"SALT LAKE CITY, UT 84115",Restaurants: non-plated,friend_slc
MATTEO RISTORANTE ITALIANO|77 W 200 S|SALT LAKE CITY,MATTEO RISTORANTE ITALIANO,77 W 200 S,SALT LAKE CITY,"SALT LAKE CITY, UT 84101",Restaurants: plated,friend_slc
MAVERIK 5384|13639 S 200 W|DRAPER,MAVERIK 5384,13639 S 200 W,DRAPER,"DRAPER, UT 84020",Restaurants: non-plated,friend_slc
MAVERIK 5385|9780 S REDWOOD RD|SOUTH JORDAN,MAVERIK 5385,9780 S REDWOOD RD,SOUTH JORDAN,"SOUTH JORDAN, UT 84095",Restaurants: non-plated,friend_slc
MCDONALDS #11456|3497 S 5600 W|WEST VALLEY CITY,MCDONALDS #11456,3497 S 5600 W,WEST VALLEY CITY,"WEST VALLEY CITY, UT 84120",Restaurants: non-plated,friend_slc
MCDONALDS #11855|5571 S REDWOOD RD|TAYLORSVILLE,MCDONALDS #11855,5571 S REDWOOD RD,TAYLORSVILLE,"TAYLORSVILLE, UT 84123",Restaurants: non-plated,friend_slc
MCDONALDS #14285|10381 S REDWOOD RD|SOUTH JORDAN,MCDONALDS #14285,10381 S REDWOOD RD,SOUTH JORDAN,"SOUTH JORDAN, UT 84095",Restaurants: non-plated,friend_slc
MCDONALDS #18187|1265 W 9000 S|WEST JORDAN,MCDONALDS #18187,1265 W 9000 S,WEST JORDAN,"WEST JORDAN, UT 84088",Restaurants: non-plated,friend_slc
MCDONALDS #20553|4601 W 6200 S|WEST JORDAN,MCDONALDS #20553,4601 W 6200 S,WEST JORDAN,"WEST JORDAN, UT 84118",Restaurants: non-plated,friend_slc
MCDONALDS #2108|242 S 700 E|SALT LAKE CITY,MCDONALDS #2108,242 S 700 E,SALT LAKE CITY,"SALT LAKE CITY, UT 84102",Restaurants: non-plated,friend_slc
MCDONALDS #22758|3963 W 9000 S|WEST JORDAN,MCDONALDS #22758,3963 W 9000 S,WEST JORDAN,"WEST JORDAN, UT 84088",Restaurants: non-plated,friend_slc
MCDONALDS #23894|2002 W 12600 S|RIVERTON,MCDONALDS #23894,2002 W 12600 S,RIVERTON,"RIVERTON, UT 84065",Restaurants: non-plated,friend_slc
MCDONALDS #24042|3540 S 8400 W|MAGNA TS,MCDONALDS #24042,3540 S 8400 W,MAGNA TS,"MAGNA TS, UT 84044",Restaurants: non-plated,friend_slc
MCDONALDS #31437|11374 S RIVER HEIGHTS|SOUTH JORDAN,MCDONALDS #31437,11374 S RIVER HEIGHTS,SOUTH JORDAN,"SOUTH JORDAN, UT 84095",Restaurants: non-plated,friend_slc
MCDONALDS #32093|13628 S 200 W|DRAPER,MCDONALDS #32093,13628 S 200 W,DRAPER,"DRAPER, UT 84020",Restaurants: non-plated,friend_slc
MCDONALDS #3320|3464 W 3500 S|WEST VALLEY CITY,MCDONALDS #3320,3464 W 3500 S,WEST VALLEY CITY,"WEST VALLEY CITY, UT 84119",Restaurants: non-plated,friend_slc
MCDONALDS #33425|5018 W 13400 S|HERRIMAN,MCDONALDS #33425,5018 W 13400 S,HERRIMAN,"HERRIMAN, UT 84096",Restaurants: non-plated,friend_slc
MCDONALDS #37150|5338 S 5600 W|WEST VALLEY CITY,MCDONALDS #37150,5338 S 5600 W,WEST VALLEY CITY,"WEST VALLEY CITY, UT 84118",Restaurants: non-plated,friend_slc
MCDONALDS #37265|5706 W 7800 S|WEST JORDAN,MCDONALDS #37265,5706 W 7800 S,WEST JORDAN,"WEST JORDAN, UT 84081",Restaurants: non-plated,friend_slc
MCDONALDS #4010|3289 E VALLEY ST|MILLCREEK TS,MCDONALDS #4010,3289 E VALLEY ST,MILLCREEK TS,"MILLCREEK TS, UT 84109",Restaurants: non-plated,friend_slc
MCDONALDS #5688|3900 W 5400 S|TAYLORSVILLE,MCDONALDS #5688,3900 W 5400 S,TAYLORSVILLE,"TAYLORSVILLE, UT 84129",Restaurants: non-plated,friend_slc
MCDONALDS #6396|916 W NORTH TEMPLE ST|SALT LAKE CITY,MCDONALDS #6396,916 W NORTH TEMPLE ST,SALT LAKE CITY,"SALT LAKE CITY, UT 84116",Restaurants: non-plated,friend_slc
MCDONALDS #6408|935 E 2100 S|SALT LAKE CITY,MCDONALDS #6408,935 E 2100 S,SALT LAKE CITY,"SALT LAKE CITY, UT 84106",Restaurants: non-plated,friend_slc
MCDONALDS #6805|1655 S REDWOOD RD|SALT LAKE CITY,MCDONALDS #6805,1655 S REDWOOD RD,SALT LAKE CITY,"SALT LAKE CITY, UT 84104",Restaurants: non-plated,friend_slc
MCDONALDS #8209|303 E 12300 S|DRAPER,MCDONALDS #8209,303 E 12300 S,DRAPER,"DRAPER, UT 84020",Restaurants: non-plated,friend_slc
MCDONALDS|11229 S AUTOMALL DR|SANDY,MCDONALDS,11229 S AUTOMALL DR,SANDY,"SANDY, UT 84070",Restaurants: non-plated,friend_slc
MCDONALDS|1533 S STATE ST|SALT LAKE CITY,MCDONALDS,1533 S STATE ST,SALT LAKE CITY,"SALT LAKE CITY, UT 84115",Restaurants: non-plated,friend_slc
MCDONALDS|1879 E 4800 S|HOLLADAY,MCDONALDS,1879 E 4800 S,HOLLADAY,"HOLLADAY, UT 84117",Restaurants: non-plated,friend_slc
MCDONALDS|1896 E 9400 S|SANDY,MCDONALDS,1896 E 9400 S,SANDY,"SANDY, UT 84093",Restaurants: non-plated,friend_slc
MCDONALDS|28 S STATE ST|SALT LAKE CITY,MCDONALDS,28 S STATE ST,SALT LAKE CITY,"SALT LAKE CITY, UT 84111",Restaurants: non-plated,friend_slc
MCDONALDS|3890 S 1100 E|MILLCREEK TS,MCDONALDS,3890 S 1100 E,MILLCREEK TS,"MILLCREEK TS, UT 84106",Restaurants: non-plated,friend_slc
MCDONALDS|425 W 7200 S|MIDVALE,MCDONALDS,425 W 7200 S,MIDVALE,"MIDVALE, UT 84047",Restaurants: non-plated,friend_slc
MCDONALDS|7024 S HIGHLAND DR|COTTONWOOD HEIGHTS,MCDONALDS,7024 S HIGHLAND DR,COTTONWOOD HEIGHTS,"COTTONWOOD HEIGHTS, UT 84121",Restaurants: non-plated,friend_slc
MCDONALDS|895 E FORT UNION BLVD|MIDVALE,MCDONALDS,895 E FORT UNION BLVD,MIDVALE,"MIDVALE, UT 84047",Restaurants: non-plated,friend_slc
MCDONALDS|9376 S 700 E|SANDY,MCDONALDS,9376 S 700 E,SANDY,"SANDY, UT 84070",Restaurants: non-plated,friend_slc
MEGAPLEX 17 - SNAPPY/MAYAN/OBRIENS|9351 S STATE ST|SANDY,MEGAPLEX 17 - SNAPPY/MAYAN/OBRIENS,9351 S STATE ST,SANDY,"SANDY, UT 84070",Concessions: potentially hazardous foods,friend_slc
MEGAPLEX 20 - WEST CONCESSIONS|3761 W PARKWAY PLAZA DR|SOUTH JORDAN,MEGAPLEX 20 - WEST CONCESSIONS,3761 W PARKWAY PLAZA DR,SOUTH JORDAN,"SOUTH JORDAN, UT 84095",Concessions: potentially hazardous foods,friend_slc
MEMOS FRUITS #098468A|1039 S REDWOOD RD|SALT LAKE CITY,MEMOS FRUITS #098468A,1039 S REDWOOD RD,SALT LAKE CITY,"SALT LAKE CITY, UT 84104",Mobiles: Food Carts,friend_slc
MEMOS FRUITS #2 #E543FD|1039 S REDWOOD RD|SALT LAKE CITY,MEMOS FRUITS #2 #E543FD,1039 S REDWOOD RD,SALT LAKE CITY,"SALT LAKE CITY, UT 84104",Mobiles: Mobile Food Units (Trucks),friend_slc
MEMOS FRUITS COMMISSARY|1899 S REDWOOD RD|SALT LAKE CITY,MEMOS FRUITS COMMISSARY,1899 S REDWOOD RD,SALT LAKE CITY,"SALT LAKE CITY, UT 84104",Commissary,friend_slc
MENCHIES FROZEN YOGURT|2682 S HIGH COMMONS WY|WEST VALLEY CITY,MENCHIES FROZEN YOGURT,2682 S HIGH COMMONS WY,WEST VALLEY CITY,"WEST VALLEY CITY, UT 84120",Restaurants: non-plated,friend_slc
MENCHIES|3165 E 3300 S|MILLCREEK TS,MENCHIES,3165 E 3300 S,MILLCREEK TS,"MILLCREEK TS, UT 84109",Restaurants: non-plated,friend_slc
MENCHIES|541 E 12300 S|DRAPER,MENCHIES,541 E 12300 S,DRAPER,"DRAPER, UT 84020",Beverage Service: Juice/Smoothies,friend_slc
METRO CAFE|9750 S 300 W|SANDY,METRO CAFE,9750 S 300 W,SANDY,"SANDY, UT 84070",Restaurants: non-plated,friend_slc
METRO MUSIC HALL|615 W 100 S|SALT LAKE CITY,METRO MUSIC HALL,615 W 100 S,SALT LAKE CITY,"SALT LAKE CITY, UT 84101",Restaurants: non-plated,friend_slc
MEXICAN PURE FLAVOR #019309Z|728 S REDWOOD RD|SALT LAKE CITY,MEXICAN PURE FLAVOR #019309Z,728 S REDWOOD RD,SALT LAKE CITY,"SALT LAKE CITY, UT 84104",Mobiles: Mobile Food Units (Trucks),friend_slc
MILK|49 E 900 S|SALT LAKE CITY,MILK,49 E 900 S,SALT LAKE CITY,"SALT LAKE CITY, UT 84111",Restaurants: non-plated,friend_slc
MILLCREEK CITY 1ST FLOOR PREP/6TH FLR CATERING|1330 E CHAMBERS AVE|MILLCREEK,MILLCREEK CITY 1ST FLOOR PREP/6TH FLR CATERING,1330 E CHAMBERS AVE,MILLCREEK,"MILLCREEK, UT 84106",Restaurants: plated,friend_slc
MILLCREEK COFFEE ROASTERS - COMMISSARY|651 S MAIN ST|SALT LAKE CITY,MILLCREEK COFFEE ROASTERS - COMMISSARY,651 S MAIN ST,SALT LAKE CITY,"SALT LAKE CITY, UT 84111",Restaurants: non-plated,friend_slc
MILLCREEK PIZZA HOUSE|1357 E 3300 S|MILLCREEK,MILLCREEK PIZZA HOUSE,1357 E 3300 S,MILLCREEK,"MILLCREEK, UT 84106",Restaurants: non-plated,friend_slc
MILLIES BURGER|2092 S 1000 E|SALT LAKE CITY,MILLIES BURGER,2092 S 1000 E,SALT LAKE CITY,"SALT LAKE CITY, UT 84106",Restaurants: non-plated,friend_slc
MO BETTAHS|11052 S STATE ST|SANDY,MO BETTAHS,11052 S STATE ST,SANDY,"SANDY, UT 84095",Restaurants: plated,friend_slc
MO BETTAHS|1400 S FOOTHILL DR|SALT LAKE CITY,MO BETTAHS,1400 S FOOTHILL DR,SALT LAKE CITY,"SALT LAKE CITY, UT 84108",Restaurants: non-plated,friend_slc
MO BETTAHS|1646 W 14000 S|BLUFFDALE,MO BETTAHS,1646 W 14000 S,BLUFFDALE,"BLUFFDALE, UT 84065",Restaurants: non-plated,friend_slc
MO BETTAHS|5430 S 900 E|MURRAY,MO BETTAHS,5430 S 900 E,MURRAY,"MURRAY, UT 84107",Restaurants: non-plated,friend_slc
MOAB BREWERY|3920 W TERMINAL DR|SALT LAKE CITY,MOAB BREWERY,3920 W TERMINAL DR,SALT LAKE CITY,"SALT LAKE CITY, UT 84122",Restaurants: non-plated,friend_slc
MOD PIZZA|1010 E 2100 S|SALT LAKE CITY,MOD PIZZA,1010 E 2100 S,SALT LAKE CITY,"SALT LAKE CITY, UT 84106",Restaurants: non-plated,friend_slc
MOD PIZZA|1148 E FORT UNION BLVD|MIDVALE,MOD PIZZA,1148 E FORT UNION BLVD,MIDVALE,"MIDVALE, UT 84047",Restaurants: non-plated,friend_slc
MOD PIZZA|1598 W SOUTH JORDAN PKWY|SOUTH JORDAN,MOD PIZZA,1598 W SOUTH JORDAN PKWY,SOUTH JORDAN,"SOUTH JORDAN, UT 84095",Restaurants: non-plated,friend_slc
MOMOMARU HANDROLL|636 S 200 W|SALT LAKE CITY,MOMOMARU HANDROLL,636 S 200 W,SALT LAKE CITY,"SALT LAKE CITY, UT 84101",Restaurants: plated,friend_slc
MONKEY WRENCH|1845 S 700 E|SALT LAKE CITY,MONKEY WRENCH,1845 S 700 E,SALT LAKE CITY,"SALT LAKE CITY, UT 84105",Restaurants: non-plated,friend_slc
MONUMENT HEALTHCARE MILLCREEK|1201 E 4500 S|MILLCREEK,MONUMENT HEALTHCARE MILLCREEK,1201 E 4500 S,MILLCREEK,"MILLCREEK, UT 84117",Restaurants: plated,friend_slc
MOONBEAM RESTAURANT AN ARGENTA PUB|1200 BIG COTTONWOOD CANYON RD|COTTONWOOD HEIGHTS,MOONBEAM RESTAURANT AN ARGENTA PUB,1200 BIG COTTONWOOD CANYON RD,COTTONWOOD HEIGHTS,"COTTONWOOD HEIGHTS, UT 84121",Restaurants: plated,friend_slc
MOONCHEESE BURGERS #1MOON|3232 S 400 E|SOUTH SALT LAKE,MOONCHEESE BURGERS #1MOON,3232 S 400 E,SOUTH SALT LAKE,"SOUTH SALT LAKE, UT 84115",Mobiles: Mobile Food Units (Trucks),friend_slc
MOUNTAIN AMERICA CREDIT UNION CAIRNS CAFE|9800 S MONROE ST|SANDY,MOUNTAIN AMERICA CREDIT UNION CAIRNS CAFE,9800 S MONROE ST,SANDY,"SANDY, UT 84070",Restaurants: non-plated,friend_slc
MOUNTAIN WEST HARD CIDER CO DOG PATIO|425 N 400 W|SALT LAKE CITY,MOUNTAIN WEST HARD CIDER CO DOG PATIO,425 N 400 W,SALT LAKE CITY,"SALT LAKE CITY, UT 84103",Restaurants: non-plated,friend_slc
MOZZ ARTISAN PIZZA|10420 S RUBICON RD|SOUTH JORDAN,MOZZ ARTISAN PIZZA,10420 S RUBICON RD,SOUTH JORDAN,"SOUTH JORDAN, UT 84095",Restaurants: non-plated,friend_slc
MOZZ ARTISAN PIZZA|545 W 700 S|SALT LAKE CITY,MOZZ ARTISAN PIZZA,545 W 700 S,SALT LAKE CITY,"SALT LAKE CITY, UT 84101",Restaurants: non-plated,friend_slc
MT OLYMPUS SENIOR CENTER|1635 E MURRAY HOLLADAY|MILLCREEK TS,MT OLYMPUS SENIOR CENTER,1635 E MURRAY HOLLADAY,MILLCREEK TS,"MILLCREEK TS, UT 84117",Restaurants: non-plated,friend_slc
MURPHY EXPRESS|3853 W CAMPUS VIEW DR|WEST JORDAN,MURPHY EXPRESS,3853 W CAMPUS VIEW DR,WEST JORDAN,"WEST JORDAN, UT 84084",Restaurants: non-plated,friend_slc
MURPHY EXPRESS|6135 S 5600 W|KEARNS TS,MURPHY EXPRESS,6135 S 5600 W,KEARNS TS,"KEARNS TS, UT 84118",Restaurants: non-plated,friend_slc
MURPHYS CAFE 126|12575 S RHETSKI LN|RIVERTON,MURPHYS CAFE 126,12575 S RHETSKI LN,RIVERTON,"RIVERTON, UT 84065",Restaurants: plated,friend_slc
MURRAY THEATER|4961 S STATE ST|MURRAY,MURRAY THEATER,4961 S STATE ST,MURRAY,"MURRAY, UT 84107",Concessions: no potentially hazardous foods,friend_slc
MURRAY WINGERS DOG PATIO|4790 S STATE ST|MURRAY,MURRAY WINGERS DOG PATIO,4790 S STATE ST,MURRAY,"MURRAY, UT 84107",Restaurants: plated,friend_slc
MY ARTS PLACE|8987 W MAGNA MAIN ST|MAGNA,MY ARTS PLACE,8987 W MAGNA MAIN ST,MAGNA,"MAGNA, UT 84044",Beverage Service: Bars/Lounges,friend_slc
MY PIE PIZZA|4655 S 2300 E|HOLLADAY,MY PIE PIZZA,4655 S 2300 E,HOLLADAY,"HOLLADAY, UT 84117",Restaurants: non-plated,friend_slc
NANOS BAGELS @ MADDERTAZ|668 E UNION SQUARE|SANDY,NANOS BAGELS @ MADDERTAZ,668 E UNION SQUARE,SANDY,"SANDY, UT 84070","Caterers, not restaurant connected",friend_slc
NAVAJO HOGAN|447 E 3300 S|SOUTH SALT LAKE,NAVAJO HOGAN,447 E 3300 S,SOUTH SALT LAKE,"SOUTH SALT LAKE, UT 84115",Restaurants: non-plated,friend_slc
NEIGHBORHOOD HIVE|2065 E 2100 S|SALT LAKE CITY,NEIGHBORHOOD HIVE,2065 E 2100 S,SALT LAKE CITY,"SALT LAKE CITY, UT 84109",Beverage Service: Coffee,friend_slc
NEIGHBORHOOD HOUSE UTAH|1050 W 500 S|SALT LAKE CITY,NEIGHBORHOOD HOUSE UTAH,1050 W 500 S,SALT LAKE CITY,"SALT LAKE CITY, UT 84104",Restaurants: plated,friend_slc
NEWYORKS|56 E 3335 S|SOUTH SALT LAKE,NEWYORKS,56 E 3335 S,SOUTH SALT LAKE,"SOUTH SALT LAKE, UT 84115",Mobiles: Food Carts,friend_slc
NICOS RESTAURANT|1458 W NORTH TEMPLE ST|SALT LAKE CITY,NICOS RESTAURANT,1458 W NORTH TEMPLE ST,SALT LAKE CITY,"SALT LAKE CITY, UT 84116",Restaurants: plated,friend_slc
NOMAD EATERY|1722 S FREMONT DR|SALT LAKE CITY,NOMAD EATERY,1722 S FREMONT DR,SALT LAKE CITY,"SALT LAKE CITY, UT 84104",Restaurants: plated,friend_slc
NOODLES & COMPANY|11429 S DISTRICT MAIN DR|SOUTH JORDAN,NOODLES & COMPANY,11429 S DISTRICT MAIN DR,SOUTH JORDAN,"SOUTH JORDAN, UT 84095",Restaurants: plated,friend_slc
NOODLES & COMPANY|1152 E 2100 S|SALT LAKE CITY,NOODLES & COMPANY,1152 E 2100 S,SALT LAKE CITY,"SALT LAKE CITY, UT 84106",Restaurants: non-plated,friend_slc
NOODLES & COMPANY|2682 S HIGH COMMONS WY|WEST VALLEY CITY,NOODLES & COMPANY,2682 S HIGH COMMONS WY,WEST VALLEY CITY,"WEST VALLEY CITY, UT 84120",Restaurants: plated,friend_slc
NOODLES & COMPANY|6901 S 1300 E|MIDVALE,NOODLES & COMPANY,6901 S 1300 E,MIDVALE,"MIDVALE, UT 84047",Restaurants: non-plated,friend_slc
NOOR AL SHAM|728 S REDWOOD RD|SALT LAKE CITY,NOOR AL SHAM,728 S REDWOOD RD,SALT LAKE CITY,"SALT LAKE CITY, UT 84104","Caterers, not restaurant connected",friend_slc
NORDSTROM EBAR|6191 S STATE ST|MURRAY,NORDSTROM EBAR,6191 S STATE ST,MURRAY,"MURRAY, UT 84107",Restaurants: non-plated,friend_slc
NORMAL ICE CREAM|3300 S 1300 E|MILLCREEK,NORMAL ICE CREAM,3300 S 1300 E,MILLCREEK,"MILLCREEK, UT 84106",Restaurants: non-plated,friend_slc
NOTOM|926 E 5600 S|SALT LAKE CITY,NOTOM,926 E 5600 S,SALT LAKE CITY,"SALT LAKE CITY, UT 84121",Beverage Service: Coffee,friend_slc
NUANS THAI KITCHEN|1871 E FORT UNION BLVD|COTTONWOOD HEIGHTS,NUANS THAI KITCHEN,1871 E FORT UNION BLVD,COTTONWOOD HEIGHTS,"COTTONWOOD HEIGHTS, UT 84121",Restaurants: non-plated,friend_slc
NUR KITCHEN|1391 S 300 W|SALT LAKE CITY,NUR KITCHEN,1391 S 300 W,SALT LAKE CITY,"SALT LAKE CITY, UT 84115","Caterers, not restaurant connected",friend_slc
NUTRICION 33|262 E 3300 S|SALT LAKE CITY,NUTRICION 33,262 E 3300 S,SALT LAKE CITY,"SALT LAKE CITY, UT 84115",Beverage Service: Juice/Smoothies,friend_slc
NUTRITION A & Z|3952 W 3500 S|WEST VALLEY CITY,NUTRITION A & Z,3952 W 3500 S,WEST VALLEY CITY,"WEST VALLEY CITY, UT 84129",Restaurants: non-plated,friend_slc
OASIS CAFE|2600 E SUNNYSIDE AVE|SALT LAKE CITY,OASIS CAFE,2600 E SUNNYSIDE AVE,SALT LAKE CITY,"SALT LAKE CITY, UT 84108",Restaurants: non-plated,friend_slc
OLD TOWNE TAVERN|7662 S MAIN ST|MIDVALE,OLD TOWNE TAVERN,7662 S MAIN ST,MIDVALE,"MIDVALE, UT 84047",Beverage Service: Bars/Lounges,friend_slc
OLIVE GARDEN #1306|2272 S 1300 E|SALT LAKE CITY,OLIVE GARDEN #1306,2272 S 1300 E,SALT LAKE CITY,"SALT LAKE CITY, UT 84106",Restaurants: plated,friend_slc
OLIVE GARDEN #1565|10590 S STATE ST|SANDY,OLIVE GARDEN #1565,10590 S STATE ST,SANDY,"SANDY, UT 84070",Restaurants: plated,friend_slc
OLIVE GARDEN|11364 S RIVER HEIGHTS DR|SOUTH JORDAN,OLIVE GARDEN,11364 S RIVER HEIGHTS DR,SOUTH JORDAN,"SOUTH JORDAN, UT 84095",Restaurants: plated,friend_slc
ON THE HOOK FISH & CHIPS # CHIPS28|570 TAYLOR WY|OUT OF COUNTY,ON THE HOOK FISH & CHIPS # CHIPS28,570 TAYLOR WY,OUT OF COUNTY,"OUT OF COUNTY, UT 84054",Mobiles: Mobile Food Units (Trucks),friend_slc
ON THE HOOK FISH & CHIPS #FISH14|570 TAYLOR WY|OUT OF COUNTY,ON THE HOOK FISH & CHIPS #FISH14,570 TAYLOR WY,OUT OF COUNTY,"OUT OF COUNTY, UT 84054",Mobiles: Mobile Food Units (Trucks),friend_slc
ON TIME COMMISSARY|1051 S 300 W|SALT LAKE CITY,ON TIME COMMISSARY,1051 S 300 W,SALT LAKE CITY,"SALT LAKE CITY, UT 84101",Commissary,friend_slc
ONTOP LOUNGE & GRILL|328 S STATE ST|SALT LAKE CITY,ONTOP LOUNGE & GRILL,328 S STATE ST,SALT LAKE CITY,"SALT LAKE CITY, UT 84111",Beverage Service: Bars/Lounges,friend_slc
ORIGINAL PANCAKE HOUSE|7044 S UNION PARK AVE|MIDVALE,ORIGINAL PANCAKE HOUSE,7044 S UNION PARK AVE,MIDVALE,"MIDVALE, UT 84047",Restaurants: plated,friend_slc
OTHERSIDE DONUTS 2 #U446KV|50 S 700 E|SALT LAKE CITY,OTHERSIDE DONUTS 2 #U446KV,50 S 700 E,SALT LAKE CITY,"SALT LAKE CITY, UT 84102",Mobiles: Mobile Food Units (Trucks),friend_slc
OVG ALUMNI HOLDINGS - LEVEL 4 PANTRY|451 S 1400 E|SALT LAKE CITY,OVG ALUMNI HOLDINGS - LEVEL 4 PANTRY,451 S 1400 E,SALT LAKE CITY,"SALT LAKE CITY, UT 84112",Concessions: no potentially hazardous foods,friend_slc
OVG ALUMNI HOLDINGS - LEVEL 5 PANTRY|451 S 1400 E|SALT LAKE CITY,OVG ALUMNI HOLDINGS - LEVEL 5 PANTRY,451 S 1400 E,SALT LAKE CITY,"SALT LAKE CITY, UT 84112",Concessions: no potentially hazardous foods,friend_slc
OVG ALUMNI HOLDINGS - LEVEL 6 PANTRY|451 S 1400 E|SALT LAKE CITY,OVG ALUMNI HOLDINGS - LEVEL 6 PANTRY,451 S 1400 E,SALT LAKE CITY,"SALT LAKE CITY, UT 84112",Concessions: no potentially hazardous foods,friend_slc
PADDOCK LOUNGE|725 E 10600 S|SANDY,PADDOCK LOUNGE,725 E 10600 S,SANDY,"SANDY, UT 84094",Restaurants: non-plated,friend_slc
PANDA EXPRESS #1011|3051 S COLT PLAZA DR|WEST VALLEY CITY,PANDA EXPRESS #1011,3051 S COLT PLAZA DR,WEST VALLEY CITY,"WEST VALLEY CITY, UT 84128",Restaurants: non-plated,friend_slc
PANDA EXPRESS #3088|11513 S 4000 W|SOUTH JORDAN,PANDA EXPRESS #3088,11513 S 4000 W,SOUTH JORDAN,"SOUTH JORDAN, UT 84009",Restaurants: non-plated,friend_slc
PANDA EXPRESS #611|5594 S REDWOOD RD|TAYLORSVILLE,PANDA EXPRESS #611,5594 S REDWOOD RD,TAYLORSVILLE,"TAYLORSVILLE, UT 84123",Restaurants: non-plated,friend_slc
PANDA EXPRESS #749|64 E 12300 S|DRAPER,PANDA EXPRESS #749,64 E 12300 S,DRAPER,"DRAPER, UT 84020",Restaurants: non-plated,friend_slc
PANDA EXPRESS #848|10555 S REDWOOD RD|SOUTH JORDAN,PANDA EXPRESS #848,10555 S REDWOOD RD,SOUTH JORDAN,"SOUTH JORDAN, UT 84095",Restaurants: non-plated,friend_slc
PANDA EXPRESS #856|4645 S 4000 W|WEST VALLEY CITY,PANDA EXPRESS #856,4645 S 4000 W,WEST VALLEY CITY,"WEST VALLEY CITY, UT 84120",Restaurants: non-plated,friend_slc
PANDA EXPRESS|10450 S STATE ST|SANDY,PANDA EXPRESS,10450 S STATE ST,SANDY,"SANDY, UT 84070",Restaurants: non-plated,friend_slc
PANDA EXPRESS|1126 E 2100 S|SALT LAKE CITY,PANDA EXPRESS,1126 E 2100 S,SALT LAKE CITY,"SALT LAKE CITY, UT 84106",Restaurants: non-plated,friend_slc
PANDA EXPRESS|12051 S HERRIMAN MAIN ST|HERRIMAN,PANDA EXPRESS,12051 S HERRIMAN MAIN ST,HERRIMAN,"HERRIMAN, UT 84096",Restaurants: non-plated,friend_slc
PANDA EXPRESS|188 S RIO GRANDE ST|SALT LAKE CITY,PANDA EXPRESS,188 S RIO GRANDE ST,SALT LAKE CITY,"SALT LAKE CITY, UT 84101",Restaurants: non-plated,friend_slc
PANDA EXPRESS|200 S CENTRAL CAMPUS DR|SALT LAKE CITY,PANDA EXPRESS,200 S CENTRAL CAMPUS DR,SALT LAKE CITY,"SALT LAKE CITY, UT 84112",Restaurants: non-plated,friend_slc
PANDA EXPRESS|3509 S 8150 W|MAGNA,PANDA EXPRESS,3509 S 8150 W,MAGNA,"MAGNA, UT 84044",Restaurants: non-plated,friend_slc
PANDA EXPRESS|3717 S CONSTITUTION BLVD|WEST VALLEY CITY,PANDA EXPRESS,3717 S CONSTITUTION BLVD,WEST VALLEY CITY,"WEST VALLEY CITY, UT 84119",Restaurants: non-plated,friend_slc
PANDA EXPRESS|3920 W TERMINAL DR|SALT LAKE CITY,PANDA EXPRESS,3920 W TERMINAL DR,SALT LAKE CITY,"SALT LAKE CITY, UT 84122",Restaurants: non-plated,friend_slc
PANDA EXPRESS|5503 W 7800 S|WEST JORDAN,PANDA EXPRESS,5503 W 7800 S,WEST JORDAN,"WEST JORDAN, UT 84081",Restaurants: non-plated,friend_slc
PANDA EXPRESS|5888 S STATE ST|MURRAY,PANDA EXPRESS,5888 S STATE ST,MURRAY,"MURRAY, UT 84107",Restaurants: non-plated,friend_slc
PANDA EXPRESS|6910 S REDWOOD RD|WEST JORDAN,PANDA EXPRESS,6910 S REDWOOD RD,WEST JORDAN,"WEST JORDAN, UT 84084",Restaurants: non-plated,friend_slc
PANDA EXPRESS|6927 S PARK CENTRE DR|COTTONWOOD HEIGHTS,PANDA EXPRESS,6927 S PARK CENTRE DR,COTTONWOOD HEIGHTS,"COTTONWOOD HEIGHTS, UT 84121",Restaurants: non-plated,friend_slc
PAPA JOHNS PIZZA #1367|753 E 3300 S|MILLCREEK TS,PAPA JOHNS PIZZA #1367,753 E 3300 S,MILLCREEK TS,"MILLCREEK TS, UT 84106",Restaurants: non-plated,friend_slc
PAPA JOHNS PIZZA #1524|3510 S 4400 W|WEST VALLEY CITY,PAPA JOHNS PIZZA #1524,3510 S 4400 W,WEST VALLEY CITY,"WEST VALLEY CITY, UT 84120",Restaurants: non-plated,friend_slc
PAPA JOHNS PIZZA #1565|1844 E FORT UNION BLVD|COTTONWOOD HEIGHTS,PAPA JOHNS PIZZA #1565,1844 E FORT UNION BLVD,COTTONWOOD HEIGHTS,"COTTONWOOD HEIGHTS, UT 84121",Restaurants: non-plated,friend_slc
PAPA JOHNS PIZZA #2074|1230 W 600 N|SALT LAKE CITY,PAPA JOHNS PIZZA #2074,1230 W 600 N,SALT LAKE CITY,"SALT LAKE CITY, UT 84116",Restaurants: non-plated,friend_slc
PAPA JOHNS PIZZA #2715|767 E 12300 S|DRAPER,PAPA JOHNS PIZZA #2715,767 E 12300 S,DRAPER,"DRAPER, UT 84020",Restaurants: non-plated,friend_slc
PAPA JOHNS PIZZA|124 E 900 S|SALT LAKE CITY,PAPA JOHNS PIZZA,124 E 900 S,SALT LAKE CITY,"SALT LAKE CITY, UT 84111",Restaurants: non-plated,friend_slc
PAPA JOHNS PIZZA|1811 W 9000 S|WEST JORDAN,PAPA JOHNS PIZZA,1811 W 9000 S,WEST JORDAN,"WEST JORDAN, UT 84088",Restaurants: non-plated,friend_slc
PAREA|320 E 900 S|SALT LAKE CITY,PAREA,320 E 900 S,SALT LAKE CITY,"SALT LAKE CITY, UT 84111",Restaurants: non-plated,friend_slc
PATRICKS PUB|163 W 200 S|SALT LAKE CITY,PATRICKS PUB,163 W 200 S,SALT LAKE CITY,"SALT LAKE CITY, UT 84101",Beverage Service: Bars/Lounges,friend_slc
PATTY SHACK|1207 W 4800 S|TAYLORSVILLE,PATTY SHACK,1207 W 4800 S,TAYLORSVILLE,"TAYLORSVILLE, UT 84123",Restaurants: non-plated,friend_slc
PAXTON PUB|365 W PAXTON AVE|SALT LAKE CITY,PAXTON PUB,365 W PAXTON AVE,SALT LAKE CITY,"SALT LAKE CITY, UT 84101",Restaurants: plated,friend_slc
PENNY ANNS CAFE|1810 S MAIN ST|SALT LAKE CITY,PENNY ANNS CAFE,1810 S MAIN ST,SALT LAKE CITY,"SALT LAKE CITY, UT 84115",Restaurants: plated,friend_slc
PERCH COFFEE|1295 E MILLER AVE|MILLCREEK,PERCH COFFEE,1295 E MILLER AVE,MILLCREEK,"MILLCREEK, UT 84106",Beverage Service: Coffee,friend_slc
PF CHANGS|3920 W TERMINAL DR|SALT LAKE CITY,PF CHANGS,3920 W TERMINAL DR,SALT LAKE CITY,"SALT LAKE CITY, UT 84122",Restaurants: plated,friend_slc
PIE PARTY|3130 S HIGHLAND DR|SALT LAKE CITY,PIE PARTY,3130 S HIGHLAND DR,SALT LAKE CITY,"SALT LAKE CITY, UT 84102",Restaurants: non-plated,friend_slc
PIG BOYS TRUCK 1 #A992FB|1567 E 3900 S|MILLCREEK TS,PIG BOYS TRUCK 1 #A992FB,1567 E 3900 S,MILLCREEK TS,"MILLCREEK TS, UT 84124",Mobiles: Mobile Food Units (Trucks),friend_slc
PIG BOYS TRUCK 2 #568MHE|1567 E 3900 S|MILLCREEK TS,PIG BOYS TRUCK 2 #568MHE,1567 E 3900 S,MILLCREEK TS,"MILLCREEK TS, UT 84124",Mobiles: Mobile Food Units (Trucks),friend_slc
PIKO MEXICAN GRILL|511 S 500 E|SALT LAKE CITY,PIKO MEXICAN GRILL,511 S 500 E,SALT LAKE CITY,"SALT LAKE CITY, UT 84102",Restaurants: plated,friend_slc
PIN HIGH CAFE - ROSE PARK|1386 N REDWOOD RD|SALT LAKE CITY,PIN HIGH CAFE - ROSE PARK,1386 N REDWOOD RD,SALT LAKE CITY,"SALT LAKE CITY, UT 84116",Restaurants: non-plated,friend_slc
PIT CAFE|3951 W 5400 S|WEST VALLEY CITY,PIT CAFE,3951 W 5400 S,WEST VALLEY CITY,"WEST VALLEY CITY, UT 84120",Restaurants: non-plated,friend_slc
PIZZA HUT #39581|5526 W 7800 S|WEST JORDAN,PIZZA HUT #39581,5526 W 7800 S,WEST JORDAN,"WEST JORDAN, UT 84081",Restaurants: plated,friend_slc
PIZZA HUT 788272|3304 S 2300 E|SALT LAKE CITY,PIZZA HUT 788272,3304 S 2300 E,SALT LAKE CITY,"SALT LAKE CITY, UT 84109",Restaurants: non-plated,friend_slc
PIZZA HUT|731 E 2100 S|SALT LAKE CITY,PIZZA HUT,731 E 2100 S,SALT LAKE CITY,"SALT LAKE CITY, UT 84106",Restaurants: non-plated,friend_slc
PIZZA STAND NORTH SIDE|9256 S STATE ST|SANDY,PIZZA STAND NORTH SIDE,9256 S STATE ST,SANDY,"SANDY, UT 84070",Concessions: potentially hazardous foods,friend_slc
PIZZERIA TASSO #173945A|4734 S HOLLADAY BLVD|HOLLADAY,PIZZERIA TASSO #173945A,4734 S HOLLADAY BLVD,HOLLADAY,"HOLLADAY, UT 84117",Mobiles: Mobile Food Units (Trucks),friend_slc
POINT AFTER - DOG PATIO|5445 S 900 E|MURRAY,POINT AFTER - DOG PATIO,5445 S 900 E,MURRAY,"MURRAY, UT 84117",Restaurants: plated,friend_slc
PONCHINS FOOD ON WHEELS #T127HC|877 W 400 S|SALT LAKE CITY,PONCHINS FOOD ON WHEELS #T127HC,877 W 400 S,SALT LAKE CITY,"SALT LAKE CITY, UT 84104",Mobiles: Mobile Food Units (Trucks),friend_slc
PORCUPINE PUB & GRILL|3698 E 7000 S|COTTONWOOD HEIGHTS,PORCUPINE PUB & GRILL,3698 E 7000 S,COTTONWOOD HEIGHTS,"COTTONWOOD HEIGHTS, UT 84121",Restaurants: plated,friend_slc
PORT OF SUBS #207|1320 S SWANER RD|SALT LAKE CITY,PORT OF SUBS #207,1320 S SWANER RD,SALT LAKE CITY,"SALT LAKE CITY, UT 84104",Restaurants: non-plated,friend_slc
PORT OF SUBS #210|5215 W WILEY POST WY|SALT LAKE CITY,PORT OF SUBS #210,5215 W WILEY POST WY,SALT LAKE CITY,"SALT LAKE CITY, UT 84116",Restaurants: non-plated,friend_slc
PRETTY BIRD|146 S REGENT ST|SALT LAKE CITY,PRETTY BIRD,146 S REGENT ST,SALT LAKE CITY,"SALT LAKE CITY, UT 84111",Restaurants: non-plated,friend_slc
PRETZEL CART @ HOGLE ZOO - BRIDGE|2600 E SUNNYSIDE AVE|SALT LAKE CITY,PRETZEL CART @ HOGLE ZOO - BRIDGE,2600 E SUNNYSIDE AVE,SALT LAKE CITY,"SALT LAKE CITY, UT 84108",Mobiles: Food Carts,friend_slc
PRETZEL CART @ HOGLE ZOO - ENTRY|2600 E SUNNYSIDE AVE|SALT LAKE CITY,PRETZEL CART @ HOGLE ZOO - ENTRY,2600 E SUNNYSIDE AVE,SALT LAKE CITY,"SALT LAKE CITY, UT 84108",Mobiles: Food Carts,friend_slc
PRIMARY CHILDRENS HOSPITAL - MOUNTAINSIDE CAFE|100 N MARIO CAPECCHI DR|SALT LAKE CITY,PRIMARY CHILDRENS HOSPITAL - MOUNTAINSIDE CAFE,100 N MARIO CAPECCHI DR,SALT LAKE CITY,"SALT LAKE CITY, UT 84113",Restaurants: plated,friend_slc
PRIMARY CHILDRENS HOSPITAL - TREE HOUSE CAFE|100 N MARIO CAPECCHI DR|SALT LAKE CITY,PRIMARY CHILDRENS HOSPITAL - TREE HOUSE CAFE,100 N MARIO CAPECCHI DR,SALT LAKE CITY,"SALT LAKE CITY, UT 84113",Restaurants: plated,friend_slc
PRIME CORN @ SQUARE KITCHEN|751 W 800 S|SALT LAKE CITY,PRIME CORN @ SQUARE KITCHEN,751 W 800 S,SALT LAKE CITY,"SALT LAKE CITY, UT 84104","Caterers, not restaurant connected",friend_slc
PROPER BURGER COMPANY - DOG PATIO|865 S MAIN ST|SALT LAKE CITY,PROPER BURGER COMPANY - DOG PATIO,865 S MAIN ST,SALT LAKE CITY,"SALT LAKE CITY, UT 84111",Restaurants: non-plated,friend_slc
PUBLIK COFFEE|502 E 3RD AVE|SALT LAKE CITY,PUBLIK COFFEE,502 E 3RD AVE,SALT LAKE CITY,"SALT LAKE CITY, UT 84103",Beverage Service: Coffee,friend_slc
QUALITY QUICK STOP|938 N 900 W|SALT LAKE CITY,QUALITY QUICK STOP,938 N 900 W,SALT LAKE CITY,"SALT LAKE CITY, UT 84116",Restaurants: non-plated,friend_slc
QUIZNOS|1775 S 4130 W|SALT LAKE CITY,QUIZNOS,1775 S 4130 W,SALT LAKE CITY,"SALT LAKE CITY, UT 84104",Restaurants: non-plated,friend_slc
RADISSON HOTEL SLC DOWNTOWN - CAFETERIA|215 W SOUTH TEMPLE ST|SALT LAKE CITY,RADISSON HOTEL SLC DOWNTOWN - CAFETERIA,215 W SOUTH TEMPLE ST,SALT LAKE CITY,"SALT LAKE CITY, UT 84101",Restaurants: plated,friend_slc
RADISSON SLC DOWNTOWN - COPPER CANYON GRILL HOUSE|215 W SOUTH TEMPLE ST|SALT LAKE CITY,RADISSON SLC DOWNTOWN - COPPER CANYON GRILL HOUSE,215 W SOUTH TEMPLE ST,SALT LAKE CITY,"SALT LAKE CITY, UT 84101",Restaurants: plated,friend_slc
RAISING CANES CHICKEN FINGERS|10986 S STATE ST|SANDY,RAISING CANES CHICKEN FINGERS,10986 S STATE ST,SANDY,"SANDY, UT 84070",Restaurants: plated,friend_slc
RAISING CANES CHICKEN FINGERS|2150 S STATE ST|SOUTH SALT LAKE,RAISING CANES CHICKEN FINGERS,2150 S STATE ST,SOUTH SALT LAKE,"SOUTH SALT LAKE, UT 84115",Restaurants: plated,friend_slc
RAISING CANES CHICKEN FINGERS|3788 W 11400 S|SOUTH JORDAN,RAISING CANES CHICKEN FINGERS,3788 W 11400 S,SOUTH JORDAN,"SOUTH JORDAN, UT 84095",Restaurants: non-plated,friend_slc
RAISING CANES CHICKEN FINGERS|890 E FORT UNION BLVD|MIDVALE,RAISING CANES CHICKEN FINGERS,890 E FORT UNION BLVD,MIDVALE,"MIDVALE, UT 84047",Restaurants: non-plated,friend_slc
RAISING CANES|3346 S 5600 W|WEST VALLEY CITY,RAISING CANES,3346 S 5600 W,WEST VALLEY CITY,"WEST VALLEY CITY, UT 84120",Restaurants: non-plated,friend_slc
RAMEN ICHIZU|915 S WASHINGTON ST|SALT LAKE CITY,RAMEN ICHIZU,915 S WASHINGTON ST,SALT LAKE CITY,"SALT LAKE CITY, UT 84101",Restaurants: plated,friend_slc
RAMEN MONSTER|151 S CONNOR ST|SALT LAKE CITY,RAMEN MONSTER,151 S CONNOR ST,SALT LAKE CITY,"SALT LAKE CITY, UT 84112",Restaurants: non-plated,friend_slc
RAMEN MONSTER|1701 S STUDENT LIFE WY|SALT LAKE CITY,RAMEN MONSTER,1701 S STUDENT LIFE WY,SALT LAKE CITY,"SALT LAKE CITY, UT 84112",Restaurants: non-plated,friend_slc
RAMEN MONSTER|200 S CENTRAL CAMPUS DR|SALT LAKE CITY,RAMEN MONSTER,200 S CENTRAL CAMPUS DR,SALT LAKE CITY,"SALT LAKE CITY, UT 84112",Restaurants: non-plated,friend_slc
RANCHERITOS DRAPER|12250 S STATE ST|DRAPER,RANCHERITOS DRAPER,12250 S STATE ST,DRAPER,"DRAPER, UT 84020",Restaurants: plated,friend_slc
RANCHERITOS HOLLADAY|4735 S HIGHLAND DR|HOLLADAY,RANCHERITOS HOLLADAY,4735 S HIGHLAND DR,HOLLADAY,"HOLLADAY, UT 84117",Restaurants: plated,friend_slc
RANCHERITOS|775 W NORTH TEMPLE|SALT LAKE CITY,RANCHERITOS,775 W NORTH TEMPLE,SALT LAKE CITY,"SALT LAKE CITY, UT 84116",Restaurants: non-plated,friend_slc
RC WILLEY|13300 S 200 W|DRAPER,RC WILLEY,13300 S 200 W,DRAPER,"DRAPER, UT 84020",Restaurants: non-plated,friend_slc
RC WILLEY|2301 S 300 W|SOUTH SALT LAKE,RC WILLEY,2301 S 300 W,SOUTH SALT LAKE,"SOUTH SALT LAKE, UT 84115",Restaurants: non-plated,friend_slc
REAL 100 LIONS CLUB & PANTRY|9256 S STATE ST|SANDY,REAL 100 LIONS CLUB & PANTRY,9256 S STATE ST,SANDY,"SANDY, UT 84070",Restaurants: plated,friend_slc
REAL FOODS|2209 S HIGHLAND DR|SALT LAKE CITY,REAL FOODS,2209 S HIGHLAND DR,SALT LAKE CITY,"SALT LAKE CITY, UT 84106",Restaurants: plated,friend_slc
REAL INTERFORM CLUB|9256 S STATE ST|SANDY,REAL INTERFORM CLUB,9256 S STATE ST,SANDY,"SANDY, UT 84070",Concessions: potentially hazardous foods,friend_slc
REAL SALT LAKE MAIN KITCHEN|9256 S STATE ST|SANDY,REAL SALT LAKE MAIN KITCHEN,9256 S STATE ST,SANDY,"SANDY, UT 84070",Commissary,friend_slc
REAL SUITE PANTRY 4TH FLOOR|9256 S STATE ST|SANDY,REAL SUITE PANTRY 4TH FLOOR,9256 S STATE ST,SANDY,"SANDY, UT 84070",Concessions: potentially hazardous foods,friend_slc
REAL TAQUERIA DOG PATIO|1869 E MURRAY HOLLADAY RD|HOLLADAY,REAL TAQUERIA DOG PATIO,1869 E MURRAY HOLLADAY RD,HOLLADAY,"HOLLADAY, UT 84117",Restaurants: non-plated,friend_slc
REAL TAQUERIA RESTAURANT #1A37B|1869 E MURRAY HOLLADAY RD|HOLLADAY,REAL TAQUERIA RESTAURANT #1A37B,1869 E MURRAY HOLLADAY RD,HOLLADAY,"HOLLADAY, UT 84117",Mobiles: Mobile Food Units (Trucks),friend_slc
REBEL #916|95 W 10600 S|SANDY,REBEL #916,95 W 10600 S,SANDY,"SANDY, UT 84070",Restaurants: non-plated,friend_slc
RED FOOD TRUCK#X258MU|751 W 800 S|SALT LAKE CITY,RED FOOD TRUCK#X258MU,751 W 800 S,SALT LAKE CITY,"SALT LAKE CITY, UT 84104",Mobiles: Mobile Food Units (Trucks),friend_slc
RED IGUANA 2 RED TREE ROOM|866 W SOUTHTEMPLE ST|SALT LAKE CITY,RED IGUANA 2 RED TREE ROOM,866 W SOUTHTEMPLE ST,SALT LAKE CITY,"SALT LAKE CITY, UT 84104",Restaurants: plated,friend_slc
RED LOBSTER|2294 S 1300 E|SALT LAKE CITY,RED LOBSTER,2294 S 1300 E,SALT LAKE CITY,"SALT LAKE CITY, UT 84106",Restaurants: plated,friend_slc
RED LOBSTER|298 E WINCHESTER ST|MURRAY,RED LOBSTER,298 E WINCHESTER ST,MURRAY,"MURRAY, UT 84107",Restaurants: plated,friend_slc
RED ROBIN #410|316 E WINCHESTER ST|MURRAY,RED ROBIN #410,316 E WINCHESTER ST,MURRAY,"MURRAY, UT 84107",Restaurants: plated,friend_slc
RED ROCK PLACE DOG PATIO|6227 S STATE ST|MURRAY,RED ROCK PLACE DOG PATIO,6227 S STATE ST,MURRAY,"MURRAY, UT 84107",Restaurants: plated,friend_slc
REDWOOD FOOD SERVICE - PIZZA STATION|4600 S REDWOOD RD|SALT LAKE CITY,REDWOOD FOOD SERVICE - PIZZA STATION,4600 S REDWOOD RD,SALT LAKE CITY,"SALT LAKE CITY, UT 84123",Restaurants: non-plated,friend_slc
REGAL CINEMAS 14 & RPX|5516 S REDWOOD RD|TAYLORSVILLE,REGAL CINEMAS 14 & RPX,5516 S REDWOOD RD,TAYLORSVILLE,"TAYLORSVILLE, UT 84123",Concessions: potentially hazardous foods,friend_slc
RENEES CHEESECAKE #F117SZ|2037 W 13800 S|RIVERTON,RENEES CHEESECAKE #F117SZ,2037 W 13800 S,RIVERTON,"RIVERTON, UT 84065",Mobiles: Mobile Food Units (Trucks),friend_slc
RENEES CHEESECAKE|2037 W 13800 S|RIVERTON,RENEES CHEESECAKE,2037 W 13800 S,RIVERTON,"RIVERTON, UT 84065",Commissary,friend_slc
REPEAL|19 E 200 S|SALT LAKE CITY,REPEAL,19 E 200 S,SALT LAKE CITY,"SALT LAKE CITY, UT 84111",Restaurants: non-plated,friend_slc
RESIDENCE INN SLC COTTONWOOD|6425 S 3000 E|SALT LAKE CITY,RESIDENCE INN SLC COTTONWOOD,6425 S 3000 E,SALT LAKE CITY,"SALT LAKE CITY, UT 84121",Public Lodging: full breakfast,friend_slc
RESTAURANT & FAMILY MART 1|3435 S MAIN ST|SOUTH SALT LAKE,RESTAURANT & FAMILY MART 1,3435 S MAIN ST,SOUTH SALT LAKE,"SOUTH SALT LAKE, UT 84115",Restaurants: plated,friend_slc
REVEL SOCIAL|145 W PIERPONT AVE|SALT LAKE CITY,REVEL SOCIAL,145 W PIERPONT AVE,SALT LAKE CITY,"SALT LAKE CITY, UT 84101",Beverage Service: Bars/Lounges,friend_slc
RIO ACAI|14557 S 790 W|BLUFFDALE,RIO ACAI,14557 S 790 W,BLUFFDALE,"BLUFFDALE, UT 84065",Restaurants: non-plated,friend_slc
RIO GRANDE CAFE 1300 EAST|258 S 1300 E|SALT LAKE CITY,RIO GRANDE CAFE 1300 EAST,258 S 1300 E,SALT LAKE CITY,"SALT LAKE CITY, UT 84102",Restaurants: non-plated,friend_slc
RIO TINTO STADIUM EXECUTIVE CLUB|9256 S STATE ST|SANDY,RIO TINTO STADIUM EXECUTIVE CLUB,9256 S STATE ST,SANDY,"SANDY, UT 84070",Restaurants: plated,friend_slc
RITAS ITALIAN ICE|4608 W PARTRIDGE HILL LN|RIVERTON,RITAS ITALIAN ICE,4608 W PARTRIDGE HILL LN,RIVERTON,"RIVERTON, UT 84096",Restaurants: non-plated,friend_slc
RIVERS BEND SENIOR CENTER|1300 W 300 N|SALT LAKE CITY,RIVERS BEND SENIOR CENTER,1300 W 300 N,SALT LAKE CITY,"SALT LAKE CITY, UT 84116",Restaurants: non-plated,friend_slc
RIVERTON SENIOR CENTER|12914 S REDWOOD|RIVERTON,RIVERTON SENIOR CENTER,12914 S REDWOOD,RIVERTON,"RIVERTON, UT 84065",Restaurants: non-plated,friend_slc
ROBERTSONS|4490 S HIGHLAND DR|MILLCREEK TS,ROBERTSONS,4490 S HIGHLAND DR,MILLCREEK TS,"MILLCREEK TS, UT 84124",Restaurants: non-plated,friend_slc
ROBINS NEST|268 S STATE ST|SALT LAKE CITY,ROBINS NEST,268 S STATE ST,SALT LAKE CITY,"SALT LAKE CITY, UT 84111",Restaurants: non-plated,friend_slc
RODANDO SABORES #7HBZ8|609 E 2100 S|SALT LAKE CITY,RODANDO SABORES #7HBZ8,609 E 2100 S,SALT LAKE CITY,"SALT LAKE CITY, UT 84106",Mobiles: Mobile Food Units (Trucks),friend_slc
ROLLING BISTRO #TRUCK 5|5176 W LIBERATOR DR|KEARNS,ROLLING BISTRO #TRUCK 5,5176 W LIBERATOR DR,KEARNS,"KEARNS, UT 84118",Mobiles: Mobile Food Units (Trucks),friend_slc
ROOTD CAFE DOG PATIO PERMIT|2577 BENGAL BLVD|COTTONWOOD HEIGHTS,ROOTD CAFE DOG PATIO PERMIT,2577 BENGAL BLVD,COTTONWOOD HEIGHTS,"COTTONWOOD HEIGHTS, UT 84121",Restaurants: plated,friend_slc
ROOTS COFFEE & CO SUGARHOUSE|1386 S 1100 E|SALT LAKE CITY,ROOTS COFFEE & CO SUGARHOUSE,1386 S 1100 E,SALT LAKE CITY,"SALT LAKE CITY, UT 84105",Beverage Service: Coffee,friend_slc
ROOTS COFFEE & CO|774 S 300 W|SALT LAKE CITY,ROOTS COFFEE & CO,774 S 300 W,SALT LAKE CITY,"SALT LAKE CITY, UT 84101",Beverage Service: Coffee,friend_slc
ROUNDS PUTT LOUNGE|3939 S WASATCH BLVD|MILLCREEK,ROUNDS PUTT LOUNGE,3939 S WASATCH BLVD,MILLCREEK,"MILLCREEK, UT 84124",Restaurants: non-plated,friend_slc
ROXBERRY JUICE COMPANY|1283 DRAPER PKWY|DRAPER,ROXBERRY JUICE COMPANY,1283 DRAPER PKWY,DRAPER,"DRAPER, UT 84020",Beverage Service: Juice/Smoothies,friend_slc
RSL TRAINING ACADEMY ZBRA CONCESSIONS|14787 S ACADEMY PKWY|HERRIMAN,RSL TRAINING ACADEMY ZBRA CONCESSIONS,14787 S ACADEMY PKWY,HERRIMAN,"HERRIMAN, UT 84096",Concessions: potentially hazardous foods,friend_slc
RSL TRAINING ACADEMY|14787 S ACADEMY PKWY|HERRIMAN,RSL TRAINING ACADEMY,14787 S ACADEMY PKWY,HERRIMAN,"HERRIMAN, UT 84096",Concessions: no potentially hazardous foods,friend_slc
RUNWAY CAFE|2211 W NORTH TEMPLE ST|SALT LAKE CITY,RUNWAY CAFE,2211 W NORTH TEMPLE ST,SALT LAKE CITY,"SALT LAKE CITY, UT 84116",Restaurants: non-plated,friend_slc
SAGATO BAKERY & CAFE|44 W 7200 S|MIDVALE,SAGATO BAKERY & CAFE,44 W 7200 S,MIDVALE,"MIDVALE, UT 84047",Restaurants: plated,friend_slc
SALT CITY BBQ|545 W 700 S|SALT LAKE CITY,SALT CITY BBQ,545 W 700 S,SALT LAKE CITY,"SALT LAKE CITY, UT 84101",Restaurants: non-plated,friend_slc
SALT CITY SMOKEHOUSE 306/DELTA CENTER|301 W SOUTH TEMPLE ST|SALT LAKE CITY,SALT CITY SMOKEHOUSE 306/DELTA CENTER,301 W SOUTH TEMPLE ST,SALT LAKE CITY,"SALT LAKE CITY, UT 84101",Concessions: potentially hazardous foods,friend_slc
SALT LAKE BREWING CO AIRPORT|3920 W TERMINAL DR|SALT LAKE CITY,SALT LAKE BREWING CO AIRPORT,3920 W TERMINAL DR,SALT LAKE CITY,"SALT LAKE CITY, UT 84122",Restaurants: plated,friend_slc
SALT LAKE CLINIC FAULT LINE CAFE|333 S 900 E|SALT LAKE CITY,SALT LAKE CLINIC FAULT LINE CAFE,333 S 900 E,SALT LAKE CITY,"SALT LAKE CITY, UT 84102",Restaurants: non-plated,friend_slc
SALT LAKE COUNTRY CLUB - MAIN KITCHEN|2400 E COUNTRY CLUB DR|SALT LAKE CITY,SALT LAKE COUNTRY CLUB - MAIN KITCHEN,2400 E COUNTRY CLUB DR,SALT LAKE CITY,"SALT LAKE CITY, UT 84109",Restaurants: plated,friend_slc
SALT LAKE MARRIOTT DOWNTOWN AT CITY CREEK - BUFFET|75 S WEST TEMPLE ST|SALT LAKE CITY,SALT LAKE MARRIOTT DOWNTOWN AT CITY CREEK - BUFFET,75 S WEST TEMPLE ST,SALT LAKE CITY,"SALT LAKE CITY, UT 84101",Restaurants: plated,friend_slc
SALT LAKE MARRIOTT DOWNTOWN AT CITY CREEK-STARBUCK|75 S WEST TEMPLE ST|SALT LAKE CITY,SALT LAKE MARRIOTT DOWNTOWN AT CITY CREEK-STARBUCK,75 S WEST TEMPLE ST,SALT LAKE CITY,"SALT LAKE CITY, UT 84101",Beverage Service: Coffee,friend_slc
SALT LAKE MARRIOTT/CONCIERGE LOUNGE|220 S STATE ST|SALT LAKE CITY,SALT LAKE MARRIOTT/CONCIERGE LOUNGE,220 S STATE ST,SALT LAKE CITY,"SALT LAKE CITY, UT 84111",Public Lodging: continental breakfast,friend_slc
SALTAIR SKY SOUTH EAST BAR|12408 W SALTAIR DR|MAGNA,SALTAIR SKY SOUTH EAST BAR,12408 W SALTAIR DR,MAGNA,"MAGNA, UT 84044",Beverage Service: Bars/Lounges,friend_slc
SALTAIR SKY SOUTH WEST BAR|12408 W SALTAIR DR|MAGNA,SALTAIR SKY SOUTH WEST BAR,12408 W SALTAIR DR,MAGNA,"MAGNA, UT 84044",Beverage Service: Bars/Lounges,friend_slc
SALTD CATERING CO|67 W 1700 S|SALT LAKE CITY,SALTD CATERING CO,67 W 1700 S,SALT LAKE CITY,"SALT LAKE CITY, UT 84115","Caterers, not restaurant connected",friend_slc
SALTY PINEAPPLE #229019Z|13262 S ROSECREST RD|HERRIMAN,SALTY PINEAPPLE #229019Z,13262 S ROSECREST RD,HERRIMAN,"HERRIMAN, UT 84096",Mobiles: Mobile Food Units (Trucks),friend_slc
SALVATION ARMY #6E6YR|438 S 900 W|SALT LAKE CITY,SALVATION ARMY #6E6YR,438 S 900 W,SALT LAKE CITY,"SALT LAKE CITY, UT 84104",Mobiles: Mobile Food Units (Trucks),friend_slc
SALVATION ARMY|438 S 900 W|SALT LAKE CITY,SALVATION ARMY,438 S 900 W,SALT LAKE CITY,"SALT LAKE CITY, UT 84104",Restaurants: plated,friend_slc
SAMS CLUB #6686 DELI|1905 S 300 W|SALT LAKE CITY,SAMS CLUB #6686 Deli,1905 S 300 W,SALT LAKE CITY,"SALT LAKE CITY, UT 84115",Restaurants: non-plated,friend_slc
SAMS CLUB FOOD COURT #4730|7571 S 3800 W|WEST JORDAN,SAMS CLUB FOOD COURT #4730,7571 S 3800 W,WEST JORDAN,"WEST JORDAN, UT 84084",Restaurants: non-plated,friend_slc
SANDY STOP SHELL|7820 S 700 E|SANDY,SANDY STOP SHELL,7820 S 700 E,SANDY,"SANDY, UT 84070",Restaurants: non-plated,friend_slc
SANTORINIS AND SWIG|9256 S STATE ST|SANDY,SANTORINIS AND SWIG,9256 S STATE ST,SANDY,"SANDY, UT 84070",Concessions: potentially hazardous foods,friend_slc
SAOLA|7307 S CANYON CENTER PKWY|COTTONWOOD HEIGHTS,SAOLA,7307 S CANYON CENTER PKWY,COTTONWOOD HEIGHTS,"COTTONWOOD HEIGHTS, UT 84121",Restaurants: plated,friend_slc
SAPA FOOD HUB #T78 8YS|722 S STATE ST|SALT LAKE CITY,SAPA FOOD HUB #T78 8YS,722 S STATE ST,SALT LAKE CITY,"SALT LAKE CITY, UT 84111",Mobiles: Mobile Food Units (Trucks),friend_slc
SAPORI ITALIAN BAKERY & CAFE|3667 S HIGHLAND DR|MILLCREEK,SAPORI ITALIAN BAKERY & CAFE,3667 S HIGHLAND DR,MILLCREEK,"MILLCREEK, UT 84106",Restaurants: non-plated,friend_slc
SAPP BROS -- C STORE|1953 W CALIFORNIA AVE|SALT LAKE CITY,SAPP BROS -- C STORE,1953 W CALIFORNIA AVE,SALT LAKE CITY,"SALT LAKE CITY, UT 84104",Restaurants: non-plated,friend_slc
SAVAGE FISH|970 E 3300 S|MILLCREEK,SAVAGE FISH,970 E 3300 S,MILLCREEK,"MILLCREEK, UT 84106",Restaurants: non-plated,friend_slc
SCION CIDER DOG PATIO|916 S JEFFERSON ST|SALT LAKE CITY,SCION CIDER DOG PATIO,916 S JEFFERSON ST,SALT LAKE CITY,"SALT LAKE CITY, UT 84101",Restaurants: non-plated,friend_slc
SCOOTERS COFFEE|3479 W 12600 S|RIVERTON,SCOOTERS COFFEE,3479 W 12600 S,RIVERTON,"RIVERTON, UT 84065",Beverage Service: Coffee,friend_slc
SCOVILLES - DOG PATIO|2121 S MCCLELLAND ST|SALT LAKE CITY,SCOVILLES - DOG PATIO,2121 S MCCLELLAND ST,SALT LAKE CITY,"SALT LAKE CITY, UT 84106",Restaurants: non-plated,friend_slc
SECOND SUMMIT HARD CIDER DOG PATIO|4010 S MAIN ST|MILLCREEK,SECOND SUMMIT HARD CIDER DOG PATIO,4010 S MAIN ST,MILLCREEK,"MILLCREEK, UT 84107",Restaurants: plated,friend_slc
SECRET PIZZA CLUB SLC|1000 S MAIN ST|SALT LAKE CITY,SECRET PIZZA CLUB SLC,1000 S MAIN ST,SALT LAKE CITY,"SALT LAKE CITY, UT 84101",Restaurants: non-plated,friend_slc
SELMA FOOD|7520 S 2700 E|COTTONWOOD HEIGHTS,SELMA FOOD,7520 S 2700 E,COTTONWOOD HEIGHTS,"COTTONWOOD HEIGHTS, UT 84121",Restaurants: non-plated,friend_slc
SENOR POLLO MEXICAN GRILL|2121 S MCCLELLAND ST|SALT LAKE CITY,SENOR POLLO MEXICAN GRILL,2121 S MCCLELLAND ST,SALT LAKE CITY,"SALT LAKE CITY, UT 84106",Restaurants: non-plated,friend_slc
SEVEN ELEVEN # 45957A|524 W 4500 S|MURRAY,SEVEN ELEVEN # 45957A,524 W 4500 S,MURRAY,"MURRAY, UT 84123",Restaurants: non-plated,friend_slc
SEVEN ELEVEN #12957A|6852 S STATE ST|MIDVALE,SEVEN ELEVEN #12957A,6852 S STATE ST,MIDVALE,"MIDVALE, UT 84047",Restaurants: non-plated,friend_slc
SEVEN ELEVEN #18147C|501 E 2100 S|SALT LAKE CITY,SEVEN ELEVEN #18147C,501 E 2100 S,SALT LAKE CITY,"SALT LAKE CITY, UT 84106",Restaurants: non-plated,friend_slc
SEVEN ELEVEN #18633A|776 S 1300 E|SALT LAKE CITY,SEVEN ELEVEN #18633A,776 S 1300 E,SALT LAKE CITY,"SALT LAKE CITY, UT 84102",Restaurants: non-plated,friend_slc
SEVEN ELEVEN #21858D|904 E 3900 S|MILLCREEK,SEVEN ELEVEN #21858D,904 E 3900 S,MILLCREEK,"MILLCREEK, UT 84124",Restaurants: non-plated,friend_slc
SEVEN ELEVEN #21888C|911 E 3300 S|MILLCREEK,SEVEN ELEVEN #21888C,911 E 3300 S,MILLCREEK,"MILLCREEK, UT 84106",Restaurants: non-plated,friend_slc
SEVEN ELEVEN #22965B|3180 W 5400 S|TAYLORSVILLE,SEVEN ELEVEN #22965B,3180 W 5400 S,TAYLORSVILLE,"TAYLORSVILLE, UT 84129",Restaurants: non-plated,friend_slc
SEVEN ELEVEN #22967B|2296 E FORT UNION BLVD|COTTONWOOD HEIGHTS,SEVEN ELEVEN #22967B,2296 E FORT UNION BLVD,COTTONWOOD HEIGHTS,"COTTONWOOD HEIGHTS, UT 84121",Restaurants: non-plated,friend_slc
SEVEN ELEVEN #23387C|5894 S STATE ST|MURRAY,SEVEN ELEVEN #23387C,5894 S STATE ST,MURRAY,"MURRAY, UT 84107",Restaurants: non-plated,friend_slc
SEVEN ELEVEN #25791B|4110 S REDWOOD RD|TAYLORSVILLE,SEVEN ELEVEN #25791B,4110 S REDWOOD RD,TAYLORSVILLE,"TAYLORSVILLE, UT 84123",Restaurants: non-plated,friend_slc
SEVEN ELEVEN #26357C|3898 W 4700 S|WEST VALLEY CITY,SEVEN ELEVEN #26357C,3898 W 4700 S,WEST VALLEY CITY,"WEST VALLEY CITY, UT 84118",Restaurants: non-plated,friend_slc
SEVEN ELEVEN #26999C|175 E 800 S|SALT LAKE CITY,SEVEN ELEVEN #26999C,175 E 800 S,SALT LAKE CITY,"SALT LAKE CITY, UT 84111",Restaurants: non-plated,friend_slc
SEVEN ELEVEN #27126D|114 W 1300 S|SALT LAKE CITY,SEVEN ELEVEN #27126D,114 W 1300 S,SALT LAKE CITY,"SALT LAKE CITY, UT 84115",Restaurants: non-plated,friend_slc
SEVEN ELEVEN #27330B|1285 N REDWOOD RD|SALT LAKE CITY,SEVEN ELEVEN #27330B,1285 N REDWOOD RD,SALT LAKE CITY,"SALT LAKE CITY, UT 84116",Restaurants: non-plated,friend_slc
SEVEN ELEVEN #33977 B|4750 S HOLLADAY BLVD|HOLLADAY,SEVEN ELEVEN #33977 B,4750 S HOLLADAY BLVD,HOLLADAY,"HOLLADAY, UT 84117",Restaurants: non-plated,friend_slc
SEVEN ELEVEN #34472B|9657 S STATE ST|SANDY,SEVEN ELEVEN #34472B,9657 S STATE ST,SANDY,"SANDY, UT 84070",Restaurants: non-plated,friend_slc
SEVEN ELEVEN #41131A|3486 S 8400 W|MAGNA,SEVEN ELEVEN #41131A,3486 S 8400 W,MAGNA,"MAGNA, UT 84044",Restaurants: non-plated,friend_slc
SEVEN ELEVEN #42140A|15835 S REDWOOD RD|BLUFFDALE,SEVEN ELEVEN #42140A,15835 S REDWOOD RD,BLUFFDALE,"BLUFFDALE, UT 84065",Restaurants: non-plated,friend_slc
SEVEN ELEVEN 25424|2287 E 3300 S|MILLCREEK TS,SEVEN ELEVEN 25424,2287 E 3300 S,MILLCREEK TS,"MILLCREEK TS, UT 84109",Restaurants: non-plated,friend_slc
SEVEN ELEVEN 26348A|2694 S STATE ST|SOUTH SALT LAKE,SEVEN ELEVEN 26348A,2694 S STATE ST,SOUTH SALT LAKE,"SOUTH SALT LAKE, UT 84115",Restaurants: non-plated,friend_slc
SEVEN ELEVEN STORE #23850C|4811 S STATE ST|MURRAY,SEVEN ELEVEN STORE #23850C,4811 S STATE ST,MURRAY,"MURRAY, UT 84107",Restaurants: non-plated,friend_slc
SEVEN ELEVEN STORE #26838C|4807 W 3500 S|WEST VALLEY CITY,SEVEN ELEVEN STORE #26838C,4807 W 3500 S,WEST VALLEY CITY,"WEST VALLEY CITY, UT 84120",Restaurants: non-plated,friend_slc
SEVEN ELEVEN STORE #35627B|2471 S 7200 W|WEST VALLEY CITY,SEVEN ELEVEN STORE #35627B,2471 S 7200 W,WEST VALLEY CITY,"WEST VALLEY CITY, UT 84127",Restaurants: non-plated,friend_slc
SEVEN ELEVEN|1157 W CALIFORNIA AVE|SALT LAKE CITY,SEVEN ELEVEN,1157 W CALIFORNIA AVE,SALT LAKE CITY,"SALT LAKE CITY, UT 84104",Restaurants: non-plated,friend_slc
SEVEN ELEVEN|4682 S 5600 W|WEST VALLEY CITY,SEVEN ELEVEN,4682 S 5600 W,WEST VALLEY CITY,"WEST VALLEY CITY, UT 84128",Restaurants: non-plated,friend_slc
SEVEN ELEVEN|5696 W 3500 S|WEST VALLEY CITY,SEVEN ELEVEN,5696 W 3500 S,WEST VALLEY CITY,"WEST VALLEY CITY, UT 84120",Restaurants: non-plated,friend_slc
SEVEN ELEVEN|887 E 400 S|SALT LAKE CITY,SEVEN ELEVEN,887 E 400 S,SALT LAKE CITY,"SALT LAKE CITY, UT 84102",Restaurants: non-plated,friend_slc
SHA MUU|23 N 900 W|SALT LAKE CITY,SHA MUU,23 N 900 W,SALT LAKE CITY,"SALT LAKE CITY, UT 84116",Restaurants: non-plated,friend_slc
SHACK SHAVE ICE|7061 S REDWOOD RD|WEST JORDAN,SHACK SHAVE ICE,7061 S REDWOOD RD,WEST JORDAN,"WEST JORDAN, UT 84084",Concessions: shaved ice only,friend_slc
SHAHRAZAD|1615 W 2100 S|SALT LAKE CITY,SHAHRAZAD,1615 W 2100 S,SALT LAKE CITY,"SALT LAKE CITY, UT 84119",Restaurants: plated,friend_slc
SHAKE SHACK|11020 S STATE ST|SANDY,SHAKE SHACK,11020 S STATE ST,SANDY,"SANDY, UT 84070",Restaurants: non-plated,friend_slc
SHAKE SHACK|1314 S FOOTHILL DR|SALT LAKE CITY,SHAKE SHACK,1314 S FOOTHILL DR,SALT LAKE CITY,"SALT LAKE CITY, UT 84108",Restaurants: non-plated,friend_slc
SHAKE SHACK|28 S STATE ST|SALT LAKE CITY,SHAKE SHACK,28 S STATE ST,SALT LAKE CITY,"SALT LAKE CITY, UT 84111",Restaurants: non-plated,friend_slc
SHAKE SHACK|3920 W TERMINAL DR|SALT LAKE CITY,SHAKE SHACK,3920 W TERMINAL DR,SALT LAKE CITY,"SALT LAKE CITY, UT 84122",Restaurants: plated,friend_slc
SHAKESMART|1836 E STUDENT LIFE AVE|SALT LAKE CITY,SHAKESMART,1836 E STUDENT LIFE AVE,SALT LAKE CITY,"SALT LAKE CITY, UT 84112",Restaurants: non-plated,friend_slc
SHELL RONI CATERING #|5150 S WEST RIDGE BLVD|WEST VALLEY CITY,SHELL RONI CATERING #,5150 S WEST RIDGE BLVD,WEST VALLEY CITY,"WEST VALLEY CITY, UT 84118",Mobiles: Mobile Food Units (Trucks),friend_slc
SHELL RONI CUSTOMER CATERING|1337 S MAIN ST|SALT LAKE CITY,SHELL RONI CUSTOMER CATERING,1337 S MAIN ST,SALT LAKE CITY,"SALT LAKE CITY, UT 84115","Caterers, not restaurant connected",friend_slc
SHWELETYAR SUSHI|545 W 700 S|SALT LAKE CITY,SHWELETYAR SUSHI,545 W 700 S,SALT LAKE CITY,"SALT LAKE CITY, UT 84101",Restaurants: non-plated,friend_slc
SIDEWINDER @ BRIGHTON|8517 S SNAKE CREEK RD|SALT LAKE COUNTY,SIDEWINDER @ BRIGHTON,8517 S SNAKE CREEK RD,SALT LAKE COUNTY,"SALT LAKE COUNTY, UT 84121",Restaurants: plated,friend_slc
SIEGFRIED DELICATESSEN|20 W 200 S|SALT LAKE CITY,SIEGFRIED DELICATESSEN,20 W 200 S,SALT LAKE CITY,"SALT LAKE CITY, UT 84101",Restaurants: non-plated,friend_slc
SILVERSIDE DELI|2121 S MCCLELLAND ST|SALT LAKE CITY,SILVERSIDE DELI,2121 S MCCLELLAND ST,SALT LAKE CITY,"SALT LAKE CITY, UT 84106",Restaurants: non-plated,friend_slc
SKILLETS DOG PATIO|282 E 900 S|SALT LAKE CITY,SKILLETS DOG PATIO,282 E 900 S,SALT LAKE CITY,"SALT LAKE CITY, UT 84111",Restaurants: plated,friend_slc
SKY VENUE|149 W PIERPONT AVE|SALT LAKE CITY,SKY VENUE,149 W PIERPONT AVE,SALT LAKE CITY,"SALT LAKE CITY, UT 84101",Beverage Service: Bars/Lounges,friend_slc
SL BEES 1ST BASE GRILL|11111 S BALLPARK DR|SOUTH JORDAN,SL BEES 1ST BASE GRILL,11111 S BALLPARK DR,SOUTH JORDAN,"SOUTH JORDAN, UT 84009",Restaurants: non-plated,friend_slc
SL BEES 3RD BASE MARKET|11111 S BALLPARK DR|SOUTH JORDAN,SL BEES 3RD BASE MARKET,11111 S BALLPARK DR,SOUTH JORDAN,"SOUTH JORDAN, UT 84009",Restaurants: non-plated,friend_slc
SL BEES CLUB BAR AND STAGING|11111 S BALLPARK DR|SOUTH JORDAN,SL BEES CLUB BAR AND STAGING,11111 S BALLPARK DR,SOUTH JORDAN,"SOUTH JORDAN, UT 84009",Beverage Service: Bars/Lounges,friend_slc
SL BEES CLUB KITCHEN|11111 S BALLPARK DR|SOUTH JORDAN,SL BEES CLUB KITCHEN,11111 S BALLPARK DR,SOUTH JORDAN,"SOUTH JORDAN, UT 84009",Restaurants: non-plated,friend_slc
SL BEES HOME PLATE CHICKEN SHACK|11111 S BALLPARK DR|SOUTH JORDAN,SL BEES HOME PLATE CHICKEN SHACK,11111 S BALLPARK DR,SOUTH JORDAN,"SOUTH JORDAN, UT 84009",Concessions: potentially hazardous foods,friend_slc
SL BEES HOMEPLATE CANTINA|11111 S BALLPARK DR|SOUTH JORDAN,SL BEES HOMEPLATE CANTINA,11111 S BALLPARK DR,SOUTH JORDAN,"SOUTH JORDAN, UT 84009",Concessions: potentially hazardous foods,friend_slc
SL BEES RIGHT FIELD BARBECUE|11111 S BALLPARK DR|SOUTH JORDAN,SL BEES RIGHT FIELD BARBECUE,11111 S BALLPARK DR,SOUTH JORDAN,"SOUTH JORDAN, UT 84009",Concessions: potentially hazardous foods,friend_slc
SL COMMUNITY COLLEGE CULINARY ARTS|9750 S 300 W|SANDY,SL COMMUNITY COLLEGE CULINARY ARTS,9750 S 300 W,SANDY,"SANDY, UT 84070",Restaurants: plated,friend_slc
SLACKWATER SLC|684 S 500 W|SALT LAKE CITY,SLACKWATER SLC,684 S 500 W,SALT LAKE CITY,"SALT LAKE CITY, UT 84101",Restaurants: plated,friend_slc
SLC EATERY|1017 S MAIN ST|SALT LAKE CITY,SLC EATERY,1017 S MAIN ST,SALT LAKE CITY,"SALT LAKE CITY, UT 84111",Restaurants: plated,friend_slc
SLCC CONCESSIONS JORDAN CAMPUS|3491 W 9000 S|WEST JORDAN,SLCC CONCESSIONS JORDAN CAMPUS,3491 W 9000 S,WEST JORDAN,"WEST JORDAN, UT 84088",Concessions: no potentially hazardous foods,friend_slc
SLCC REDWOOD FOOD SERVICE|4600 S REDWOOD RD|SALT LAKE CITY,SLCC REDWOOD FOOD SERVICE,4600 S REDWOOD RD,SALT LAKE CITY,"SALT LAKE CITY, UT 84123",Restaurants: non-plated,friend_slc
SLCC VISITING RESTAURANT SPACE #103 B|4600 S REDWOOD RD|SALT LAKE CITY,SLCC VISITING RESTAURANT SPACE #103 B,4600 S REDWOOD RD,SALT LAKE CITY,"SALT LAKE CITY, UT 84123",Restaurants: non-plated,friend_slc
SLCO MEALS ON WHEELS|2001 S STATE ST|SALT LAKE CITY,SLCO MEALS ON WHEELS,2001 S STATE ST,SALT LAKE CITY,"SALT LAKE CITY, UT 84115",Restaurants: non-plated,friend_slc
SLICE HOUSE BY TONY GEMIGNANI|1332 S FOOTHILL DR|SALT LAKE CITY,SLICE HOUSE BY TONY GEMIGNANI,1332 S FOOTHILL DR,SALT LAKE CITY,"SALT LAKE CITY, UT 84108",Restaurants: non-plated,friend_slc
SLOPESIDE SMOKE SHACK #BARBCUE|1391 S 300 W|SALT LAKE CITY,SLOPESIDE SMOKE SHACK #BARBCUE,1391 S 300 W,SALT LAKE CITY,"SALT LAKE CITY, UT 84115",Mobiles: Mobile Food Units (Trucks),friend_slc
SLUICE BOX|12000 BIG COTTONWOOD CANYON RD|SALT LAKE CITY,SLUICE BOX,12000 BIG COTTONWOOD CANYON RD,SALT LAKE CITY,"SALT LAKE CITY, UT 84121",Restaurants: plated,friend_slc
SMASHBURGER 1788|1028 E 2100 S|SALT LAKE CITY,SMASHBURGER 1788,1028 E 2100 S,SALT LAKE CITY,"SALT LAKE CITY, UT 84106",Restaurants: non-plated,friend_slc
SMITHS #132|212 E 12300 S|DRAPER,SMITHS #132,212 E 12300 S,DRAPER,"DRAPER, UT 84020",Restaurants: non-plated,friend_slc
SMITHS #138|1634 W SOUTH JORDAN PKWY|SOUTH JORDAN,SMITHS #138,1634 W SOUTH JORDAN PKWY,SOUTH JORDAN,"SOUTH JORDAN, UT 84095",Restaurants: non-plated,friend_slc
SMITHS #44|876 E 800 S|SALT LAKE CITY,SMITHS #44,876 E 800 S,SALT LAKE CITY,"SALT LAKE CITY, UT 84102",Restaurants: non-plated,friend_slc
SMITHS #47|2039 E 9400 S|SANDY,SMITHS #47,2039 E 9400 S,SANDY,"SANDY, UT 84093",Restaurants: non-plated,friend_slc
SMITHS #77|402 E SIXTH AVE|SALT LAKE CITY,SMITHS #77,402 E SIXTH AVE,SALT LAKE CITY,"SALT LAKE CITY, UT 84103",Restaurants: non-plated,friend_slc
SMITHS - STARBUCKS|5710 W 7800 S|WEST JORDAN,SMITHS - STARBUCKS,5710 W 7800 S,WEST JORDAN,"WEST JORDAN, UT 84081",Beverage Service: Coffee,friend_slc
SMITHS COFFEE SHOP #147|5620 W 4100 S|WEST VALLEY CITY,SMITHS COFFEE SHOP #147,5620 W 4100 S,WEST VALLEY CITY,"WEST VALLEY CITY, UT 84128",Beverage Service: Coffee,friend_slc
SMITHS EXPRESS|873 E SOUTHTEMPLE ST|SALT LAKE CITY,SMITHS EXPRESS,873 E SOUTHTEMPLE ST,SALT LAKE CITY,"SALT LAKE CITY, UT 84102",Restaurants: non-plated,friend_slc
SMITHS FOOD AND DRUG #212|13893 S REDWOOD RD|BLUFFDALE,SMITHS FOOD AND DRUG #212,13893 S REDWOOD RD,BLUFFDALE,"BLUFFDALE, UT 84065",Restaurants: non-plated,friend_slc
SNOW AND MILK|45 W 3300 S|MILLCREEK,SNOW AND MILK,45 W 3300 S,MILLCREEK,"MILLCREEK, UT 84124","Caterers, not restaurant connected",friend_slc
SNOWBIRD RESORT - AERIE LOUNGE|9320 S CLIFF LODGE DR|SANDY,SNOWBIRD RESORT - AERIE LOUNGE,9320 S CLIFF LODGE DR,SANDY,"SANDY, UT 84092",Beverage Service: Bars/Lounges,friend_slc
SNOWBIRD RESORT - BAKED & BREWED CAFE|9385 S SNOWBIRD CENTER DR|SANDY,SNOWBIRD RESORT - BAKED & BREWED CAFE,9385 S SNOWBIRD CENTER DR,SANDY,"SANDY, UT 84092",Restaurants: plated,friend_slc
SNOWBIRD RESORT - BIRD FEEDER|9320 S CLIFF LODGE DR|SANDY,SNOWBIRD RESORT - BIRD FEEDER,9320 S CLIFF LODGE DR,SANDY,"SANDY, UT 84092",Restaurants: plated,friend_slc
SNOWBIRD RESORT - CENTER COMMISSARY|9385 S SNOWBIRD CENTER DR|SANDY,SNOWBIRD RESORT - CENTER COMMISSARY,9385 S SNOWBIRD CENTER DR,SANDY,"SANDY, UT 84092",Commissary,friend_slc
SNOWBIRD RESORT - CLIFF COMMISSARY|9320 S CLIFF LODGE DR|SANDY,SNOWBIRD RESORT - CLIFF COMMISSARY,9320 S CLIFF LODGE DR,SANDY,"SANDY, UT 84092",Commissary,friend_slc
SNOWBIRD RESORT - COMMISSARY 3D|9320 S CLIFF LODGE DR|SANDY,SNOWBIRD RESORT - COMMISSARY 3D,9320 S CLIFF LODGE DR,SANDY,"SANDY, UT 84092",Commissary,friend_slc
SNOWBIRD RESORT - FORKLIFT RESTAURANT|9320 S CLIFF LODGE DR|SANDY,SNOWBIRD RESORT - FORKLIFT RESTAURANT,9320 S CLIFF LODGE DR,SANDY,"SANDY, UT 84092",Restaurants: plated,friend_slc
SNOWBIRD RESORT - LODGE BISTRO|9260 E LODGE DR|SANDY,SNOWBIRD RESORT - LODGE BISTRO,9260 E LODGE DR,SANDY,"SANDY, UT 84092",Restaurants: plated,friend_slc
SNOWBIRD RESORT - ROOM SERVICE KITCHEN|9320 S CLIFF LODGE DR|SANDY,SNOWBIRD RESORT - ROOM SERVICE KITCHEN,9320 S CLIFF LODGE DR,SANDY,"SANDY, UT 84092",Restaurants: plated,friend_slc
SNOWBIRD RESORT - STEAK PIT|9385 S SNOWBIRD CENTER DR|SANDY,SNOWBIRD RESORT - STEAK PIT,9385 S SNOWBIRD CENTER DR,SANDY,"SANDY, UT 84092",Restaurants: plated,friend_slc
SNOWBIRD RESORT - TWIN PEAKS|9320 S CLIFF LODGE DR|SANDY,SNOWBIRD RESORT - TWIN PEAKS,9320 S CLIFF LODGE DR,SANDY,"SANDY, UT 84092",Restaurants: non-plated,friend_slc
SNOWBIRD RESORT - WILDFLOWER RESTAURANT|9121 E SNOWBIRD CENTER DR|SANDY,SNOWBIRD RESORT - WILDFLOWER RESTAURANT,9121 E SNOWBIRD CENTER DR,SANDY,"SANDY, UT 84092",Restaurants: plated,friend_slc
SOBE EATS CULINARY CONCEPTS #SOBE 1|167 W 4500 S|MURRAY,SOBE EATS CULINARY CONCEPTS #SOBE 1,167 W 4500 S,MURRAY,"MURRAY, UT 84107",Mobiles: Mobile Food Units (Trucks),friend_slc
SOBE EATS CULINARY CONCEPTS 3 #SOBE 2|167 W 4500 S|MURRAY,SOBE EATS CULINARY CONCEPTS 3 #SOBE 2,167 W 4500 S,MURRAY,"MURRAY, UT 84107",Mobiles: Food Carts,friend_slc
SODEXO AT BROADCOM|25 E SCENIC POINTE DR|DRAPER,SODEXO AT BROADCOM,25 E SCENIC POINTE DR,DRAPER,"DRAPER, UT 84020",Restaurants: non-plated,friend_slc
SODEXO DOMINION ENERGY SLC|1140 W 200 S|SALT LAKE CITY,SODEXO DOMINION ENERGY SLC,1140 W 200 S,SALT LAKE CITY,"SALT LAKE CITY, UT 84104",Restaurants: plated,friend_slc
SODEXO LIVE @ MAEC AUTONOMOUS STORE|9575 S STATE ST|SANDY,SODEXO LIVE @ MAEC AUTONOMOUS STORE,9575 S STATE ST,SANDY,"SANDY, UT 84070",Concessions: no potentially hazardous foods,friend_slc
SODEXO LIVE @ MAEC KITCHEN|9575 S STATE ST|SANDY,SODEXO LIVE @ MAEC KITCHEN,9575 S STATE ST,SANDY,"SANDY, UT 84070",Commissary,friend_slc
SODEXO LIVE @ MAEC STAND 1|9575 S STATE ST|SANDY,SODEXO LIVE @ MAEC STAND 1,9575 S STATE ST,SANDY,"SANDY, UT 84070",Concessions: potentially hazardous foods,friend_slc
SODEXO LIVE @ MAEC STAND 2|9575 S STATE ST|SANDY,SODEXO LIVE @ MAEC STAND 2,9575 S STATE ST,SANDY,"SANDY, UT 84070",Concessions: potentially hazardous foods,friend_slc
SODEXO LIVE @ MAEC STAND 3/4|9575 S STATE ST|SANDY,SODEXO LIVE @ MAEC STAND 3/4,9575 S STATE ST,SANDY,"SANDY, UT 84070",Concessions: potentially hazardous foods,friend_slc
SODEXO LIVE @ MAEC STAND 5|9575 S STATE ST|SANDY,SODEXO LIVE @ MAEC STAND 5,9575 S STATE ST,SANDY,"SANDY, UT 84070",Concessions: potentially hazardous foods,friend_slc
SODEXO LIVE @ SALT PALACE GRAB AND GO STORE|100 S WEST TEMPLE ST|SALT LAKE CITY,SODEXO LIVE @ SALT PALACE GRAB AND GO STORE,100 S WEST TEMPLE ST,SALT LAKE CITY,"SALT LAKE CITY, UT 84101",Restaurants: non-plated,friend_slc
SODEXO LIVE @ SALT PALACE HALL 1|100 S WEST TEMPLE ST|SALT LAKE CITY,SODEXO LIVE @ SALT PALACE HALL 1,100 S WEST TEMPLE ST,SALT LAKE CITY,"SALT LAKE CITY, UT 84101",Concessions: potentially hazardous foods,friend_slc
SODEXO LIVE @ SALT PALACE SATELLITE|100 S WEST TEMPLE ST|SALT LAKE CITY,SODEXO LIVE @ SALT PALACE SATELLITE,100 S WEST TEMPLE ST,SALT LAKE CITY,"SALT LAKE CITY, UT 84101",Commissary,friend_slc
SODEXO LIVE @ SALT PALACE STAND C|100 S WEST TEMPLE ST|SALT LAKE CITY,SODEXO LIVE @ SALT PALACE STAND C,100 S WEST TEMPLE ST,SALT LAKE CITY,"SALT LAKE CITY, UT 84101",Concessions: potentially hazardous foods,friend_slc
SODEXO LIVE @ SALT PALACE STAND D|100 S WEST TEMPLE ST|SALT LAKE CITY,SODEXO LIVE @ SALT PALACE STAND D,100 S WEST TEMPLE ST,SALT LAKE CITY,"SALT LAKE CITY, UT 84101",Concessions: potentially hazardous foods,friend_slc
SODEXO LIVE @ SALT PALACE STAND E|100 S WEST TEMPLE ST|SALT LAKE CITY,SODEXO LIVE @ SALT PALACE STAND E,100 S WEST TEMPLE ST,SALT LAKE CITY,"SALT LAKE CITY, UT 84101",Concessions: potentially hazardous foods,friend_slc
SOI GOT HANDS @ SALT LAKE CITY COMMISSARY|3678 W 2100 S|SALT LAKE CITY,SOI GOT HANDS @ SALT LAKE CITY COMMISSARY,3678 W 2100 S,SALT LAKE CITY,"SALT LAKE CITY, UT 84120","Caterers, not restaurant connected",friend_slc
SONIC DRIVE IN|10225 S STATE ST|SANDY,SONIC DRIVE IN,10225 S STATE ST,SANDY,"SANDY, UT 84070",Restaurants: non-plated,friend_slc
SONIC DRIVE IN|4561 S 4000 W|WEST VALLEY CITY,SONIC DRIVE IN,4561 S 4000 W,WEST VALLEY CITY,"WEST VALLEY CITY, UT 84120",Restaurants: non-plated,friend_slc
SONIC DRIVE IN|849 E FORT UNION BLVD|MIDVALE,SONIC DRIVE IN,849 E FORT UNION BLVD,MIDVALE,"MIDVALE, UT 84047",Restaurants: non-plated,friend_slc
SOUND BREW COFFEE|202 E 500 S|SALT LAKE CITY,SOUND BREW COFFEE,202 E 500 S,SALT LAKE CITY,"SALT LAKE CITY, UT 84111",Beverage Service: Coffee,friend_slc
SOUNDWELL/BACK BAR|149 W 200 S|SALT LAKE CITY,SOUNDWELL/BACK BAR,149 W 200 S,SALT LAKE CITY,"SALT LAKE CITY, UT 84101",Beverage Service: Bars/Lounges,friend_slc
SOUTH TOWNE CENTER TRAY WASH|10450 S STATE ST|SANDY,SOUTH TOWNE CENTER TRAY WASH,10450 S STATE ST,SANDY,"SANDY, UT 84070",Commissary,friend_slc
SOUTHERN XPOSURE|1737 N BECK ST|SALT LAKE CITY,SOUTHERN XPOSURE,1737 N BECK ST,SALT LAKE CITY,"SALT LAKE CITY, UT 84116",Beverage Service: Bars/Lounges,friend_slc
SPEEDWAY #9419|2112 E 2100 S|SALT LAKE CITY,SPEEDWAY #9419,2112 E 2100 S,SALT LAKE CITY,"SALT LAKE CITY, UT 84109",Restaurants: non-plated,friend_slc
SPEEDWAY #9420|2187 W 4700 S|TAYLORSVILLE,SPEEDWAY #9420,2187 W 4700 S,TAYLORSVILLE,"TAYLORSVILLE, UT 84129",Restaurants: non-plated,friend_slc
SPEEDWAY #9424|3301 S 2300 E|MILLCREEK,SPEEDWAY #9424,3301 S 2300 E,MILLCREEK,"MILLCREEK, UT 84109",Restaurants: non-plated,friend_slc
SPEEDWAY #9425|3587 W 4700 S|TAYLORSVILLE,SPEEDWAY #9425,3587 W 4700 S,TAYLORSVILLE,"TAYLORSVILLE, UT 84129",Restaurants: non-plated,friend_slc
SPEEDWAY #9430|4841 S REDWOOD RD|TAYLORSVILLE,SPEEDWAY #9430,4841 S REDWOOD RD,TAYLORSVILLE,"TAYLORSVILLE, UT 84123",Restaurants: non-plated,friend_slc
SPEEDWAY #9437|680 E 400 S|SALT LAKE CITY,SPEEDWAY #9437,680 E 400 S,SALT LAKE CITY,"SALT LAKE CITY, UT 84102",Restaurants: non-plated,friend_slc
SPEEDWAY #9445|897 E 6600 S|MURRAY,SPEEDWAY #9445,897 E 6600 S,MURRAY,"MURRAY, UT 84107",Restaurants: non-plated,friend_slc
SPRINGHILL SUITES MARRIOTT SALT LAKE CITY|625 S 300 W|SALT LAKE CITY,SPRINGHILL SUITES MARRIOTT SALT LAKE CITY,625 S 300 W,SALT LAKE CITY,"SALT LAKE CITY, UT 84101",Public Lodging: continental breakfast,friend_slc
SPRINGHILL SUITES|2206 S 1300 E|SALT LAKE CITY,SPRINGHILL SUITES,2206 S 1300 E,SALT LAKE CITY,"SALT LAKE CITY, UT 84106",Public Lodging: continental breakfast,friend_slc
SPRITZ!|110 W BROADWAY ST|SALT LAKE CITY,SPRITZ!,110 W BROADWAY ST,SALT LAKE CITY,"SALT LAKE CITY, UT 84101",Beverage Service: Bars/Lounges,friend_slc
SPROUTS FARMERS MARKET|1785 E MURRAY HOLLADAY RD|MILLCREEK TS,SPROUTS FARMERS MARKET,1785 E MURRAY HOLLADAY RD,MILLCREEK TS,"MILLCREEK TS, UT 84117",Restaurants: non-plated,friend_slc
SPROUTS FARMERS MARKET|216 S 700 E|SALT LAKE CITY,SPROUTS FARMERS MARKET,216 S 700 E,SALT LAKE CITY,"SALT LAKE CITY, UT 84102",Restaurants: non-plated,friend_slc
SQUATTERS PUB BREWERY - DOG PATIO|147 W BROADWAY ST|SALT LAKE CITY,SQUATTERS PUB BREWERY - DOG PATIO,147 W BROADWAY ST,SALT LAKE CITY,"SALT LAKE CITY, UT 84101",Restaurants: plated,friend_slc
STAR OF INDIA|1000 S MAIN ST|SALT LAKE CITY,STAR OF INDIA,1000 S MAIN ST,SALT LAKE CITY,"SALT LAKE CITY, UT 84101",Restaurants: plated,friend_slc
STARBUCKS #17957|80 S MAIN ST|SALT LAKE CITY,STARBUCKS #17957,80 S MAIN ST,SALT LAKE CITY,"SALT LAKE CITY, UT 84101",Beverage Service: Coffee,friend_slc
STARBUCKS 24HR|3920 W TERMINAL DR|SALT LAKE CITY,STARBUCKS 24HR,3920 W TERMINAL DR,SALT LAKE CITY,"SALT LAKE CITY, UT 84122",Beverage Service: Coffee,friend_slc
STARBUCKS @ MACEYS|2040 S 2300 E|SALT LAKE CITY,STARBUCKS @ MACEYS,2040 S 2300 E,SALT LAKE CITY,"SALT LAKE CITY, UT 84108",Beverage Service: Coffee,friend_slc
STARBUCKS @ MACEYS|5632 S 900 E|MURRAY,STARBUCKS @ MACEYS,5632 S 900 E,MURRAY,"MURRAY, UT 84121",Beverage Service: Coffee,friend_slc
STARBUCKS @ SMITHS FOOD & DRUG|5560 W 13400 S|HERRIMAN,STARBUCKS @ SMITHS FOOD & DRUG,5560 W 13400 S,HERRIMAN,"HERRIMAN, UT 84096",Beverage Service: Coffee,friend_slc
STARBUCKS @ SMITHS MARKETPLACE|3215 S VALLEY ST|MILLCREEK TS,STARBUCKS @ SMITHS MARKETPLACE,3215 S VALLEY ST,MILLCREEK TS,"MILLCREEK TS, UT 84109",Beverage Service: Coffee,friend_slc
STARBUCKS @ SMITHS|5448 W DAYBREAK PKWY|SOUTH JORDAN,STARBUCKS @ SMITHS,5448 W DAYBREAK PKWY,SOUTH JORDAN,"SOUTH JORDAN, UT 84009",Beverage Service: Coffee,friend_slc
STARBUCKS @ TARGET|10130 S STATE ST|SANDY,STARBUCKS @ TARGET,10130 S STATE ST,SANDY,"SANDY, UT 84070",Beverage Service: Coffee,friend_slc
STARBUCKS @ WESTMINSTER UNIVERSITY|1840 S 1300 E|SALT LAKE CITY,STARBUCKS @ WESTMINSTER UNIVERSITY,1840 S 1300 E,SALT LAKE CITY,"SALT LAKE CITY, UT 84105",Restaurants: non-plated,friend_slc
STARBUCKS AT SMITHS #495|1820 W 9000 S|WEST JORDAN,STARBUCKS AT SMITHS #495,1820 W 9000 S,WEST JORDAN,"WEST JORDAN, UT 84088",Beverage Service: Coffee,friend_slc
STARBUCKS COFFEE #5890|7184 S UNION PARK AVE|MIDVALE,STARBUCKS COFFEE #5890,7184 S UNION PARK AVE,MIDVALE,"MIDVALE, UT 84047",Beverage Service: Coffee,friend_slc
STARBUCKS COFFEE #82726|14672 S SENTINEL RIDGE BLVD|HERRIMAN,STARBUCKS COFFEE #82726,14672 S SENTINEL RIDGE BLVD,HERRIMAN,"HERRIMAN, UT 84096",Beverage Service: Coffee,friend_slc
STARBUCKS COFFEE #9580|1960 E 9400 S|SANDY,STARBUCKS COFFEE #9580,1960 E 9400 S,SANDY,"SANDY, UT 84092",Beverage Service: Coffee,friend_slc
STARBUCKS COFFEE 70468|5546 S 5600 W|WEST VALLEY CITY,STARBUCKS COFFEE 70468,5546 S 5600 W,WEST VALLEY CITY,"WEST VALLEY CITY, UT 84118",Beverage Service: Coffee,friend_slc
STARBUCKS COFFEE COMPANY|1440 S FOOTHILL DR|SALT LAKE CITY,STARBUCKS COFFEE COMPANY,1440 S FOOTHILL DR,SALT LAKE CITY,"SALT LAKE CITY, UT 84108",Beverage Service: Coffee,friend_slc
STARBUCKS COFFEE COMPANY|1589 W 11400 S|SOUTH JORDAN,STARBUCKS COFFEE COMPANY,1589 W 11400 S,SOUTH JORDAN,"SOUTH JORDAN, UT 84095",Beverage Service: Coffee,friend_slc
STARBUCKS COFFEE COMPANY|2053 W 12600 S|RIVERTON,STARBUCKS COFFEE COMPANY,2053 W 12600 S,RIVERTON,"RIVERTON, UT 84065",Beverage Service: Coffee,friend_slc
STARBUCKS COFFEE COMPANY|4056 S REDWOOD RD|TAYLORSVILLE,STARBUCKS COFFEE COMPANY,4056 S REDWOOD RD,TAYLORSVILLE,"TAYLORSVILLE, UT 84123",Beverage Service: Coffee,friend_slc
STARBUCKS COFFEE COMPANY|5049 W 13400 S|RIVERTON,STARBUCKS COFFEE COMPANY,5049 W 13400 S,RIVERTON,"RIVERTON, UT 84096",Beverage Service: Coffee,friend_slc
STARBUCKS COFFEE COMPANY|7025 S HIGHLAND DR|COTTONWOOD HEIGHTS,STARBUCKS COFFEE COMPANY,7025 S HIGHLAND DR,COTTONWOOD HEIGHTS,"COTTONWOOD HEIGHTS, UT 84121",Beverage Service: Coffee,friend_slc
STARBUCKS COFFEE COMPANY|8971 S 3400 W|WEST JORDAN,STARBUCKS COFFEE COMPANY,8971 S 3400 W,WEST JORDAN,"WEST JORDAN, UT 84088",Beverage Service: Coffee,friend_slc
STARBUCKS COFFEE|13629 S 600 W|DRAPER,STARBUCKS COFFEE,13629 S 600 W,DRAPER,"DRAPER, UT 84020",Beverage Service: Coffee,friend_slc
STARBUCKS COFFEE|14716 S 568 W|BLUFFDALE,STARBUCKS COFFEE,14716 S 568 W,BLUFFDALE,"BLUFFDALE, UT 84065",Beverage Service: Coffee,friend_slc
STARBUCKS COFFEE|2723 W 3500 S|WEST VALLEY CITY,STARBUCKS COFFEE,2723 W 3500 S,WEST VALLEY CITY,"WEST VALLEY CITY, UT 84119",Beverage Service: Coffee,friend_slc
STARBUCKS COFFEE|2993 S 5600 W|WEST VALLEY CITY,STARBUCKS COFFEE,2993 S 5600 W,WEST VALLEY CITY,"WEST VALLEY CITY, UT 84120",Beverage Service: Coffee,friend_slc
STARBUCKS COFFEE|3898 S 900 E|MILLCREEK TS,STARBUCKS COFFEE,3898 S 900 E,MILLCREEK TS,"MILLCREEK TS, UT 84106",Beverage Service: Coffee,friend_slc
STARBUCKS COFFEE|50 N MEDICAL DR|SALT LAKE CITY,STARBUCKS COFFEE,50 N MEDICAL DR,SALT LAKE CITY,"SALT LAKE CITY, UT 84132",Beverage Service: Coffee,friend_slc
STARBUCKS COFFEE|5500 S REDWOOD RD|TAYLORSVILLE,STARBUCKS COFFEE,5500 S REDWOOD RD,TAYLORSVILLE,"TAYLORSVILLE, UT 84123",Beverage Service: Coffee,friend_slc
STARBUCKS COFFEE|922 E 2100 S|SALT LAKE CITY,STARBUCKS COFFEE,922 E 2100 S,SALT LAKE CITY,"SALT LAKE CITY, UT 84106",Beverage Service: Coffee,friend_slc
STARBUCKS COFFEE|9354 S VILLAGE SHOP DR|SANDY,STARBUCKS COFFEE,9354 S VILLAGE SHOP DR,SANDY,"SANDY, UT 84094",Beverage Service: Coffee,friend_slc
STARBUCKS CONCOURSE A|3920 W TERMINAL DR|SALT LAKE CITY,STARBUCKS CONCOURSE A,3920 W TERMINAL DR,SALT LAKE CITY,"SALT LAKE CITY, UT 84122",Beverage Service: Coffee,friend_slc
STARBUCKS PRE SECURITY|3920 W TERMINAL DR|SALT LAKE CITY,STARBUCKS PRE SECURITY,3920 W TERMINAL DR,SALT LAKE CITY,"SALT LAKE CITY, UT 84122",Beverage Service: Coffee,friend_slc
STARBUCKS@ SMITHS 212|13893 S REDWOOD RD|BLUFFDALE,STARBUCKS@ SMITHS 212,13893 S REDWOOD RD,BLUFFDALE,"BLUFFDALE, UT 84065",Beverage Service: Coffee,friend_slc
STARBUCKS|11505 S 4000 W|SOUTH JORDAN,STARBUCKS,11505 S 4000 W,SOUTH JORDAN,"SOUTH JORDAN, UT 84009",Beverage Service: Coffee,friend_slc
STARBUCKS|2039 E 9400 S|SANDY,STARBUCKS,2039 E 9400 S,SANDY,"SANDY, UT 84093",Beverage Service: Coffee,friend_slc
STARBUCKS|3981 S WASATCH BLVD|SALT LAKE CITY,STARBUCKS,3981 S WASATCH BLVD,SALT LAKE CITY,"SALT LAKE CITY, UT 84124",Beverage Service: Coffee,friend_slc
STARBUCKS|4065 S 5600 W|WEST VALLEY CITY,STARBUCKS,4065 S 5600 W,WEST VALLEY CITY,"WEST VALLEY CITY, UT 84120",Beverage Service: Coffee,friend_slc
STARBUCKS|6223 S DIXIE DR|WEST JORDAN,STARBUCKS,6223 S DIXIE DR,WEST JORDAN,"WEST JORDAN, UT 84084",Beverage Service: Coffee,friend_slc
STARLEY COMMONS CAFE|72 S CENTRAL CAMPUS DR|SALT LAKE CITY,STARLEY COMMONS CAFE,72 S CENTRAL CAMPUS DR,SALT LAKE CITY,"SALT LAKE CITY, UT 84112",Restaurants: non-plated,friend_slc
STELLA GRILL|4291 S 900 E|MILLCREEK TS,STELLA GRILL,4291 S 900 E,MILLCREEK TS,"MILLCREEK TS, UT 84124",Restaurants: plated,friend_slc
SUBWAY #12739|4926 W 6200 S|KEARNS TS,SUBWAY #12739,4926 W 6200 S,KEARNS TS,"KEARNS TS, UT 84118",Restaurants: non-plated,friend_slc
SUBWAY #1288|5932 S STATE ST|MURRAY,SUBWAY #1288,5932 S STATE ST,MURRAY,"MURRAY, UT 84107",Restaurants: non-plated,friend_slc
SUBWAY #13784|1704 W NORTHTEMPLE ST|SALT LAKE CITY,SUBWAY #13784,1704 W NORTHTEMPLE ST,SALT LAKE CITY,"SALT LAKE CITY, UT 84116",Restaurants: non-plated,friend_slc
SUBWAY #3790|9015 S REDWOOD RD|WEST JORDAN,SUBWAY #3790,9015 S REDWOOD RD,WEST JORDAN,"WEST JORDAN, UT 84088",Restaurants: non-plated,friend_slc
SUBWAY|18 W 100 S|SALT LAKE CITY,SUBWAY,18 W 100 S,SALT LAKE CITY,"SALT LAKE CITY, UT 84101",Restaurants: non-plated,friend_slc
SUBWAY|2885 S HIGHLAND DR|SALT LAKE CITY,SUBWAY,2885 S HIGHLAND DR,SALT LAKE CITY,"SALT LAKE CITY, UT 84106",Restaurants: non-plated,friend_slc
SUBWAY|311 W 600 S|SALT LAKE CITY,SUBWAY,311 W 600 S,SALT LAKE CITY,"SALT LAKE CITY, UT 84101",Restaurants: non-plated,friend_slc
SUBWAY|3187 W 5400 S|TAYLORSVILLE,SUBWAY,3187 W 5400 S,TAYLORSVILLE,"TAYLORSVILLE, UT 84129",Restaurants: non-plated,friend_slc
SUBWAY|3307 S STATE ST|SOUTH SALT LAKE,SUBWAY,3307 S STATE ST,SOUTH SALT LAKE,"SOUTH SALT LAKE, UT 84115",Restaurants: non-plated,friend_slc
SUBWAY|625 W 5300 S|MURRAY,SUBWAY,625 W 5300 S,MURRAY,"MURRAY, UT 84123",Restaurants: non-plated,friend_slc
SUBWAY|7157 S BINGHAM JUNCTION BLVD|MIDVALE,SUBWAY,7157 S BINGHAM JUNCTION BLVD,MIDVALE,"MIDVALE, UT 84047",Restaurants: non-plated,friend_slc
SUDANESE FOOD TRUCK #8A5LZ|3232 S 400 E|SOUTH SALT LAKE,SUDANESE FOOD TRUCK #8A5LZ,3232 S 400 E,SOUTH SALT LAKE,"SOUTH SALT LAKE, UT 84115",Mobiles: Mobile Food Units (Trucks),friend_slc
SUGAR HOUSE COFFEE|2011 S 1100 E|SALT LAKE CITY,SUGAR HOUSE COFFEE,2011 S 1100 E,SALT LAKE CITY,"SALT LAKE CITY, UT 84106",Beverage Service: Coffee,friend_slc
SUGAR HOUSE HEALTH CENTER DELI|1280 E STRINGHAM AVE|SALT LAKE CITY,SUGAR HOUSE HEALTH CENTER DELI,1280 E STRINGHAM AVE,SALT LAKE CITY,"SALT LAKE CITY, UT 84106",Restaurants: non-plated,friend_slc
SUGAR HOUSE PIZZA|1063 E 2100 S|SALT LAKE CITY,SUGAR HOUSE PIZZA,1063 E 2100 S,SALT LAKE CITY,"SALT LAKE CITY, UT 84106",Restaurants: plated,friend_slc
SUGAR SPACE/DOG PATIO|132 S 800 W|SALT LAKE CITY,SUGAR SPACE/DOG PATIO,132 S 800 W,SALT LAKE CITY,"SALT LAKE CITY, UT 84104",Commissary,friend_slc
SUITES PANTRY/DELTA CENTER|301 W SOUTH TEMPLE ST|SALT LAKE CITY,SUITES PANTRY/DELTA CENTER,301 W SOUTH TEMPLE ST,SALT LAKE CITY,"SALT LAKE CITY, UT 84101",Restaurants: non-plated,friend_slc
SUMMIT SNACKS 537/DELTA CENTER|301 W SOUTH TEMPLE ST|SALT LAKE CITY,SUMMIT SNACKS 537/DELTA CENTER,301 W SOUTH TEMPLE ST,SALT LAKE CITY,"SALT LAKE CITY, UT 84101",Restaurants: non-plated,friend_slc
SUMMIT VISTA - COTTONWOOD CAFE/COPPERVIEW TERRACE|3390 W SIGNAL PEAK DR|TAYLORSVILLE,SUMMIT VISTA - COTTONWOOD CAFE/COPPERVIEW TERRACE,3390 W SIGNAL PEAK DR,TAYLORSVILLE,"TAYLORSVILLE, UT 84129",Restaurants: plated,friend_slc
SUNROOM COFFEE|470 W 200 N|SALT LAKE CITY,SUNROOM COFFEE,470 W 200 N,SALT LAKE CITY,"SALT LAKE CITY, UT 84103",Beverage Service: Coffee,friend_slc
SUPER CHIX|10431 S STATE ST|SANDY,SUPER CHIX,10431 S STATE ST,SANDY,"SANDY, UT 84070",Restaurants: non-plated,friend_slc
SWEET HAZEL AND CO BAKESHOP AND  BISTRO|1000 S MAIN ST|SALT LAKE CITY,SWEET HAZEL AND CO BAKESHOP AND  BISTRO,1000 S MAIN ST,SALT LAKE CITY,"SALT LAKE CITY, UT 84101",Restaurants: non-plated,friend_slc
SWEET SHOPS|10450 S STATE ST|SANDY,SWEET SHOPS,10450 S STATE ST,SANDY,"SANDY, UT 84070",Restaurants: non-plated,friend_slc
SWIG 319/DELTA CENTER|301 W SOUTH TEMPLE ST|SALT LAKE CITY,SWIG 319/DELTA CENTER,301 W SOUTH TEMPLE ST,SALT LAKE CITY,"SALT LAKE CITY, UT 84101",Concessions: no potentially hazardous foods,friend_slc
SWIG 521/DELTA CENTER|301 W SOUTH TEMPLE ST|SALT LAKE CITY,SWIG 521/DELTA CENTER,301 W SOUTH TEMPLE ST,SALT LAKE CITY,"SALT LAKE CITY, UT 84101",Concessions: no potentially hazardous foods,friend_slc
SWIG N SWEETS|196 W 12300 S|DRAPER,SWIG N SWEETS,196 W 12300 S,DRAPER,"DRAPER, UT 84020",Beverage Service: Juice/Smoothies,friend_slc
SWIG|1855 S 700 E|SALT LAKE CITY,SWIG,1855 S 700 E,SALT LAKE CITY,"SALT LAKE CITY, UT 84115",Restaurants: non-plated,friend_slc
SWIG|2057 E FORT UNION BLVD|COTTONWOOD HEIGHTS,SWIG,2057 E FORT UNION BLVD,COTTONWOOD HEIGHTS,"COTTONWOOD HEIGHTS, UT 84121",Restaurants: non-plated,friend_slc
SWIG|5575 S 900 E|MURRAY,SWIG,5575 S 900 E,MURRAY,"MURRAY, UT 84107",Restaurants: non-plated,friend_slc
SWIG|8382 W ARBOR PAR DR|MAGNA,SWIG,8382 W ARBOR PAR DR,MAGNA,"MAGNA, UT 84044",Restaurants: non-plated,friend_slc
TABLE X|1457 E 3350 S|MILLCREEK TS,TABLE X,1457 E 3350 S,MILLCREEK TS,"MILLCREEK TS, UT 84106",Restaurants: plated,friend_slc
TACO BELL # 040483|1826 W 4100 S|WEST VALLEY CITY,TACO BELL # 040483,1826 W 4100 S,WEST VALLEY CITY,"WEST VALLEY CITY, UT 84119",Restaurants: non-plated,friend_slc
TACO BELL #040973|5786 W 7800 S|WEST JORDAN,TACO BELL #040973,5786 W 7800 S,WEST JORDAN,"WEST JORDAN, UT 84081",Restaurants: non-plated,friend_slc
TACO BELL #25389|1287 E DRAPER PKWY|DRAPER,TACO BELL #25389,1287 E DRAPER PKWY,DRAPER,"DRAPER, UT 84020",Restaurants: non-plated,friend_slc
TACO BELL #29608|11456 S DISTRICT DR|SOUTH JORDAN,TACO BELL #29608,11456 S DISTRICT DR,SOUTH JORDAN,"SOUTH JORDAN, UT 84095",Restaurants: non-plated,friend_slc
TACO BELL 33154|1966 E FORT UNION BLVD|COTTONWOOD HEIGHTS,TACO BELL 33154,1966 E FORT UNION BLVD,COTTONWOOD HEIGHTS,"COTTONWOOD HEIGHTS, UT 84121",Restaurants: non-plated,friend_slc
TACO BELL 33165|3447 S 5600 W|WEST VALLEY CITY,TACO BELL 33165,3447 S 5600 W,WEST VALLEY CITY,"WEST VALLEY CITY, UT 84120",Restaurants: non-plated,friend_slc
TACO BELL 33167|3475 W 3500 S|WEST VALLEY CITY,TACO BELL 33167,3475 W 3500 S,WEST VALLEY CITY,"WEST VALLEY CITY, UT 84119",Restaurants: non-plated,friend_slc
TACO BELL 33170|1685 W 7000 S|WEST JORDAN,TACO BELL 33170,1685 W 7000 S,WEST JORDAN,"WEST JORDAN, UT 84084",Restaurants: non-plated,friend_slc
TACO BELL 33171|2212 S 1300 E|SALT LAKE CITY,TACO BELL 33171,2212 S 1300 E,SALT LAKE CITY,"SALT LAKE CITY, UT 84106",Restaurants: non-plated,friend_slc
TACO BELL 33176|5534 W 6200 S|KEARNS TS,TACO BELL 33176,5534 W 6200 S,KEARNS TS,"KEARNS TS, UT 84118",Restaurants: non-plated,friend_slc
TACO BELL 33179|3545 S 8400 W|MAGNA TS,TACO BELL 33179,3545 S 8400 W,MAGNA TS,"MAGNA TS, UT 84044",Restaurants: non-plated,friend_slc
TACO MANIA #7AAH5|7786 S 5600 W|WEST JORDAN,TACO MANIA #7AAH5,7786 S 5600 W,WEST JORDAN,"WEST JORDAN, UT 84081",Mobiles: Mobile Food Units (Trucks),friend_slc
TACO TIME|810 S STATE ST|SALT LAKE CITY,TACO TIME,810 S STATE ST,SALT LAKE CITY,"SALT LAKE CITY, UT 84111",Restaurants: non-plated,friend_slc
TACONTENTO 2 #T408N|2134 E 2100 S|SALT LAKE CITY,TACONTENTO 2 #T408N,2134 E 2100 S,SALT LAKE CITY,"SALT LAKE CITY, UT 84106",Mobiles: Mobile Food Units (Trucks),friend_slc
TACONTENTO 3 #6N3NE|6785 S STATE ST|MURRAY,TACONTENTO 3 #6N3NE,6785 S STATE ST,MURRAY,"MURRAY, UT 84107",Mobiles: Mobile Food Units (Trucks),friend_slc
TACONTENTO 5 #6CAY6|3551 S WEST TEMPLE|SOUTH SALT LAKE,TACONTENTO 5 #6CAY6,3551 S WEST TEMPLE,SOUTH SALT LAKE,"SOUTH SALT LAKE, UT 84115",Mobiles: Mobile Food Units (Trucks),friend_slc
TACOS 801|1290 S 300 W|SALT LAKE CITY,TACOS 801,1290 S 300 W,SALT LAKE CITY,"SALT LAKE CITY, UT 84101",Restaurants: non-plated,friend_slc
TACOS AL VAPOR #2G897YX|728 S REDWOOD RD|SALT LAKE CITY,TACOS AL VAPOR #2G897YX,728 S REDWOOD RD,SALT LAKE CITY,"SALT LAKE CITY, UT 84104",Mobiles: Mobile Food Units (Trucks),friend_slc
TACOS COSTA GRANDE #051942Z|229 W 4800 S|MURRAY,TACOS COSTA GRANDE #051942Z,229 W 4800 S,MURRAY,"MURRAY, UT 84117",Mobiles: Mobile Food Units (Trucks),friend_slc
TACOS COSTA GRANDE #302060Z|4503 S STATE ST|MURRAY,TACOS COSTA GRANDE #302060Z,4503 S STATE ST,MURRAY,"MURRAY, UT 84107",Mobiles: Mobile Food Units (Trucks),friend_slc
TACOS EL CONDE #U564RY|751 W 800 S|SALT LAKE CITY,TACOS EL CONDE #U564RY,751 W 800 S,SALT LAKE CITY,"SALT LAKE CITY, UT 84104",Mobiles: Mobile Food Units (Trucks),friend_slc
TACOS EL CUNADO #3|676 W CENTER ST|MIDVALE,TACOS EL CUNADO #3,676 W CENTER ST,MIDVALE,"MIDVALE, UT 84047",Mobiles: Food Carts,friend_slc
TACOS EL MORENO|630 W CENTER ST|MIDVALE,TACOS EL MORENO,630 W CENTER ST,MIDVALE,"MIDVALE, UT 84047",Mobiles: Food Carts,friend_slc
TACOS EL PARIENTE III|683 W CENTER ST|MIDVALE,TACOS EL PARIENTE III,683 W CENTER ST,MIDVALE,"MIDVALE, UT 84047",Mobiles: Food Carts,friend_slc
TACOS EL PARIENTE II|7273 S STATE ST|MIDVALE,TACOS EL PARIENTE II,7273 S STATE ST,MIDVALE,"MIDVALE, UT 84047",Mobiles: Food Carts,friend_slc
TACOS EL TORO ROJO #237601A|1820 W 9000 S|WEST JORDAN,TACOS EL TORO ROJO #237601A,1820 W 9000 S,WEST JORDAN,"WEST JORDAN, UT 84084",Mobiles: Mobile Food Units (Trucks),friend_slc
TACOS EMILIANOS|4663 S 2700 W|TAYLORSVILLE,TACOS EMILIANOS,4663 S 2700 W,TAYLORSVILLE,"TAYLORSVILLE, UT 84129",Mobiles: Food Carts,friend_slc
TACOS GUANAJUATO #414171Z|5404 S 4220 W|KEARNS TS,TACOS GUANAJUATO #414171Z,5404 S 4220 W,KEARNS TS,"KEARNS TS, UT 84118",Mobiles: Mobile Food Units (Trucks),friend_slc
TACOS HAY PAPA #1CHH7|728 S REDWOOD RD|SALT LAKE CITY,TACOS HAY PAPA #1CHH7,728 S REDWOOD RD,SALT LAKE CITY,"SALT LAKE CITY, UT 84104",Mobiles: Mobile Food Units (Trucks),friend_slc
TACOS TRES HERMANOS #026056Z|1027 E PIONEER RD|DRAPER,TACOS TRES HERMANOS #026056Z,1027 E PIONEER RD,DRAPER,"DRAPER, UT 84020",Mobiles: Mobile Food Units (Trucks),friend_slc
TACOS Y MAR EL PAISA|850 S STATE ST|SALT LAKE CITY,TACOS Y MAR EL PAISA,850 S State ST,SALT LAKE CITY,"SALT LAKE CITY, UT 84104",Mobiles: Food Carts,friend_slc
TACOS YA MERITO #0539172|6785 S STATE ST|MURRAY,TACOS YA MERITO #0539172,6785 S STATE ST,MURRAY,"MURRAY, UT 84107",Mobiles: Mobile Food Units (Trucks),friend_slc
TAILGATE TAVERN|3550 S STATE ST|SALT LAKE CITY,TAILGATE TAVERN,3550 S STATE ST,SALT LAKE CITY,"SALT LAKE CITY, UT 84115",Beverage Service: Bars/Lounges,friend_slc
TANDOORI TAQUERIA|156 E 900 S|SALT LAKE CITY,TANDOORI TAQUERIA,156 E 900 S,SALT LAKE CITY,"SALT LAKE CITY, UT 84111",Restaurants: plated,friend_slc
TAQUERIA 27 DOWNTOWN - DOG PATIO|149 E 200 S|SALT LAKE CITY,TAQUERIA 27 DOWNTOWN - DOG PATIO,149 E 200 S,SALT LAKE CITY,"SALT LAKE CITY, UT 84111",Restaurants: non-plated,friend_slc
TAQUERIA 27 FASHION PLACE - DOG PATIO|6154 S FASHION BLVD|MURRAY,TAQUERIA 27 FASHION PLACE - DOG PATIO,6154 S FASHION BLVD,MURRAY,"MURRAY, UT 84107",Restaurants: non-plated,friend_slc
TAQUERIA 27 HOLLADAY - DOG PATIO|4670 S HOLLADAY VILLAGE PLZ|HOLLADAY,TAQUERIA 27 HOLLADAY - DOG PATIO,4670 S HOLLADAY VILLAGE PLZ,HOLLADAY,"HOLLADAY, UT 84117",Restaurants: non-plated,friend_slc
TAQUERIA 27 HOLLADAY|4670 S HOLLADAY VILLAGE PLZ|HOLLADAY,TAQUERIA 27 HOLLADAY,4670 S HOLLADAY VILLAGE PLZ,HOLLADAY,"HOLLADAY, UT 84117",Restaurants: non-plated,friend_slc
TAQUERIA EL ANGEL COMMISSARY|877 W 400 S|SALT LAKE CITY,TAQUERIA EL ANGEL COMMISSARY,877 W 400 S,SALT LAKE CITY,"SALT LAKE CITY, UT 84104",Commissary,friend_slc
TAQUERIA EL GUICHO|247 W 1700 S|SALT LAKE CITY,TAQUERIA EL GUICHO,247 W 1700 S,SALT LAKE CITY,"SALT LAKE CITY, UT 84115",Mobiles: Food Carts,friend_slc
TAQUERIA EL POLLO ROYO #7R1CU|3232 S 400 E|SALT LAKE CITY,TAQUERIA EL POLLO ROYO #7R1CU,3232 S 400 E,SALT LAKE CITY,"SALT LAKE CITY, UT 84115",Mobiles: Mobile Food Units (Trucks),friend_slc
TAQUERIA FAMILIAR|3356 S 5600 W|WEST VALLEY CITY,TAQUERIA FAMILIAR,3356 S 5600 W,WEST VALLEY CITY,"WEST VALLEY CITY, UT 84120",Restaurants: plated,friend_slc
TAQUERIA LOS LEE|2056 E 2100 S|SALT LAKE CITY,TAQUERIA LOS LEE,2056 E 2100 S,SALT LAKE CITY,"SALT LAKE CITY, UT 84108",Mobiles: Food Carts,friend_slc
TAQUIZAS EL COMPADRE #426824Z|3135 W 5400 S|TAYLORSVILLE,TAQUIZAS EL COMPADRE #426824Z,3135 W 5400 S,TAYLORSVILLE,"TAYLORSVILLE, UT 84129",Mobiles: Mobile Food Units (Trucks),friend_slc
TARGET DELI|10130 S STATE ST|SANDY,TARGET DELI,10130 S STATE ST,SANDY,"SANDY, UT 84070",Restaurants: non-plated,friend_slc
TARGET STORE T-2609|5518 W HIGH MARKET DR|WEST VALLEY CITY,TARGET STORE T-2609,5518 W HIGH MARKET DR,WEST VALLEY CITY,"WEST VALLEY CITY, UT 84120",Concessions: potentially hazardous foods,friend_slc
TARGET STORE T-3376|5800 S REDWOOD RD|TAYLORSVILLE,TARGET STORE T-3376,5800 S REDWOOD RD,TAYLORSVILLE,"TAYLORSVILLE, UT 84123",Restaurants: non-plated,friend_slc
TARGET T1751 STARBUCKS|7025 S PARK CENTRE DR|COTTONWOOD HEIGHTS,TARGET T1751 STARBUCKS,7025 S PARK CENTRE DR,COTTONWOOD HEIGHTS,"COTTONWOOD HEIGHTS, UT 84121",Beverage Service: Coffee,friend_slc
TASTE OF HAITI #66447Z|67 W 1700 S|SALT LAKE CITY,TASTE OF HAITI #66447Z,67 W 1700 S,SALT LAKE CITY,"SALT LAKE CITY, UT 84115",Mobiles: Mobile Food Units (Trucks),friend_slc
TASTE OF THE CARIBBEAN #C369FX|2943 E 3300 S|SALT LAKE CITY,TASTE OF THE CARIBBEAN #C369FX,2943 E 3300 S,SALT LAKE CITY,"SALT LAKE CITY, UT 84109",Mobiles: Mobile Food Units (Trucks),friend_slc
TASTE OF THE CARIBBEAN|2943 E 3300 S|SALT LAKE CITY,TASTE OF THE CARIBBEAN,2943 E 3300 S,SALT LAKE CITY,"SALT LAKE CITY, UT 84109",Commissary,friend_slc
TASTEES CAFE & TRUCK CATERING #10|728 S REDWOOD RD|SALT LAKE CITY,TASTEES CAFE & TRUCK CATERING #10,728 S REDWOOD RD,SALT LAKE CITY,"SALT LAKE CITY, UT 84104",Mobiles: Mobile Food Units (Trucks),friend_slc
TASTEES CAFE & TRUCK CATERING #11|728 S REDWOOD RD|SALT LAKE CITY,TASTEES CAFE & TRUCK CATERING #11,728 S REDWOOD RD,SALT LAKE CITY,"SALT LAKE CITY, UT 84104",Mobiles: Mobile Food Units (Trucks),friend_slc
TASTEES CAFE & TRUCK CATERING #1|728 S REDWOOD RD|SALT LAKE CITY,TASTEES CAFE & TRUCK CATERING #1,728 S REDWOOD RD,SALT LAKE CITY,"SALT LAKE CITY, UT 84104",Mobiles: Mobile Food Units (Trucks),friend_slc
TASTEES CAFE & TRUCK CATERING #2|728 S REDWOOD RD|SALT LAKE CITY,TASTEES CAFE & TRUCK CATERING #2,728 S REDWOOD RD,SALT LAKE CITY,"SALT LAKE CITY, UT 84104",Mobiles: Mobile Food Units (Trucks),friend_slc
TASTEES CAFE & TRUCK CATERING #3|728 S REDWOOD RD|SALT LAKE CITY,TASTEES CAFE & TRUCK CATERING #3,728 S REDWOOD RD,SALT LAKE CITY,"SALT LAKE CITY, UT 84104",Mobiles: Mobile Food Units (Trucks),friend_slc
TASTEES CAFE & TRUCK CATERING #4|728 S REDWOOD RD|SALT LAKE CITY,TASTEES CAFE & TRUCK CATERING #4,728 S REDWOOD RD,SALT LAKE CITY,"SALT LAKE CITY, UT 84104",Mobiles: Mobile Food Units (Trucks),friend_slc
TASTEES CAFE & TRUCK CATERING #5|728 S REDWOOD RD|SALT LAKE CITY,TASTEES CAFE & TRUCK CATERING #5,728 S REDWOOD RD,SALT LAKE CITY,"SALT LAKE CITY, UT 84104",Mobiles: Mobile Food Units (Trucks),friend_slc
TASTEES CAFE & TRUCK CATERING #6|728 S REDWOOD RD|SALT LAKE CITY,TASTEES CAFE & TRUCK CATERING #6,728 S REDWOOD RD,SALT LAKE CITY,"SALT LAKE CITY, UT 84104",Mobiles: Mobile Food Units (Trucks),friend_slc
TAVERNACLE SOCIAL CLUB|50 W BROADWAY ST|SALT LAKE CITY,TAVERNACLE SOCIAL CLUB,50 W BROADWAY ST,SALT LAKE CITY,"SALT LAKE CITY, UT 84101",Beverage Service: Bars/Lounges,friend_slc
TAYGA CAFE|215 S STATE ST|SALT LAKE CITY,TAYGA CAFE,215 S STATE ST,SALT LAKE CITY,"SALT LAKE CITY, UT 84111",Restaurants: non-plated,friend_slc
TAYLORSVILLE SENIOR CENTER|4743 S PLYMOUTH VIEW DR|TAYLORSVILLE,TAYLORSVILLE SENIOR CENTER,4743 S PLYMOUTH VIEW DR,TAYLORSVILLE,"TAYLORSVILLE, UT 84129",Restaurants: plated,friend_slc
TDR #TACO ONE|1332 S STATE ST|SALT LAKE CITY,TDR #TACO ONE,1332 S STATE ST,SALT LAKE CITY,"SALT LAKE CITY, UT 84115",Mobiles: Mobile Food Units (Trucks),friend_slc
TDR CATERING #JESRC|1332 S STATE ST|SALT LAKE CITY,TDR CATERING #JESRC,1332 S STATE ST,SALT LAKE CITY,"SALT LAKE CITY, UT 84115",Mobiles: Mobile Food Units (Trucks),friend_slc
TDR TRUCK #TACOTWO|1332 S STATE ST|SALT LAKE CITY,TDR TRUCK #TACOTWO,1332 S STATE ST,SALT LAKE CITY,"SALT LAKE CITY, UT 84115",Mobiles: Mobile Food Units (Trucks),friend_slc
TEA BAR|1201 E WILMINGTON AVE|SALT LAKE CITY,TEA BAR,1201 E WILMINGTON AVE,SALT LAKE CITY,"SALT LAKE CITY, UT 84106",Restaurants: non-plated,friend_slc
TEA ZAANTI DOG PATIO|1944 S 1100 E|SALT LAKE CITY,TEA ZAANTI DOG PATIO,1944 S 1100 E,SALT LAKE CITY,"SALT LAKE CITY, UT 84106",Beverage Service: Coffee,friend_slc
TENET CAFE|1074 E 2100 S|SALT LAKE CITY,TENET CAFE,1074 E 2100 S,SALT LAKE CITY,"SALT LAKE CITY, UT 84106",Restaurants: non-plated,friend_slc
TENET CAFE|242 E 300 S|SALT LAKE CITY,TENET CAFE,242 E 300 S,SALT LAKE CITY,"SALT LAKE CITY, UT 84111",Restaurants: non-plated,friend_slc
TERIYAKI GRILL|7194 S UNION PARK AVE|MIDVALE,TERIYAKI GRILL,7194 S UNION PARK AVE,MIDVALE,"MIDVALE, UT 84047",Restaurants: non-plated,friend_slc
TEXAS ROADHOUSE|1904 W 5400 S|TAYLORSVILLE,TEXAS ROADHOUSE,1904 W 5400 S,TAYLORSVILLE,"TAYLORSVILLE, UT 84129",Restaurants: plated,friend_slc
THAI ISSAN RESTAURANT|2644 W 4700 S|TAYLORSVILLE,THAI ISSAN RESTAURANT,2644 W 4700 S,TAYLORSVILLE,"TAYLORSVILLE, UT 84129",Restaurants: plated,friend_slc
THE STORE|2050 E 6200 S|HOLLADAY,THE STORE,2050 E 6200 S,HOLLADAY,"HOLLADAY, UT 84121",Restaurants: non-plated,friend_slc
THIRST @ MAVERIK CENTER|3200 S DECKER LAKE DR|WEST VALLEY CITY,THIRST @ MAVERIK CENTER,3200 S DECKER LAKE DR,WEST VALLEY CITY,"WEST VALLEY CITY, UT 84119",Beverage Service: Juice/Smoothies,friend_slc
THIS IS THE PLACE HERITAGE PARK HUNTSMAN HOTEL|2601 E SUNNYSIDE AVE|SALT LAKE CITY,THIS IS THE PLACE HERITAGE PARK HUNTSMAN HOTEL,2601 E SUNNYSIDE AVE,SALT LAKE CITY,"SALT LAKE CITY, UT 84108",Restaurants: plated,friend_slc
THIS IS THE PLACE HERITAGE PARK|2601 E SUNNYSIDE AVE|SALT LAKE CITY,THIS IS THE PLACE HERITAGE PARK,2601 E SUNNYSIDE AVE,SALT LAKE CITY,"SALT LAKE CITY, UT 84108",Concessions: potentially hazardous foods,friend_slc
THOMAS CUISINE @ BIOFIRE DIAGNOSTICS|1201 S 4800 W|SALT LAKE CITY,THOMAS CUISINE @ BIOFIRE DIAGNOSTICS,1201 S 4800 W,SALT LAKE CITY,"SALT LAKE CITY, UT 84104",Restaurants: plated,friend_slc
THOMAS CUISINE @ BIOFIRE|1001 S 4800 W|SALT LAKE CITY,THOMAS CUISINE @ BIOFIRE,1001 S 4800 W,SALT LAKE CITY,"SALT LAKE CITY, UT 84104",Restaurants: plated,friend_slc
TIN ANGEL AT THE ECCLES THEATER|131 S MAIN ST|SALT LAKE CITY,TIN ANGEL AT THE ECCLES THEATER,131 S MAIN ST,SALT LAKE CITY,"SALT LAKE CITY, UT 84111",Restaurants: non-plated,friend_slc
TO DINE FOR CATERING|166 W BERGER LN|MURRAY,TO DINE FOR CATERING,166 W BERGER LN,MURRAY,"MURRAY, UT 84107","Caterers, not restaurant connected",friend_slc
TOASTERS MILLCREEK|1560 E 3300 S|SALT LAKE CITY,TOASTERS MILLCREEK,1560 E 3300 S,SALT LAKE CITY,"SALT LAKE CITY, UT 84106",Restaurants: non-plated,friend_slc
TONY CAPUTOS MARKET & DELI|314 W 300 S|SALT LAKE CITY,TONY CAPUTOS MARKET & DELI,314 W 300 S,SALT LAKE CITY,"SALT LAKE CITY, UT 84101",Restaurants: non-plated,friend_slc
TONYBURGERS|1685 S TOWNE CENTER DR|SOUTH JORDAN,TONYBURGERS,1685 S TOWNE CENTER DR,SOUTH JORDAN,"SOUTH JORDAN, UT 84095",Restaurants: non-plated,friend_slc
TONYBURGERS|2731 S 5600 W|WEST VALLEY CITY,TONYBURGERS,2731 S 5600 W,WEST VALLEY CITY,"WEST VALLEY CITY, UT 84120",Restaurants: non-plated,friend_slc
TOP STOP #C-23|2360 S FOOTHILL DR|SALT LAKE CITY,TOP STOP #C-23,2360 S FOOTHILL DR,SALT LAKE CITY,"SALT LAKE CITY, UT 84109",Restaurants: non-plated,friend_slc
TOP STOP C-61|1284 E VINE ST|MURRAY,TOP STOP C-61,1284 E VINE ST,MURRAY,"MURRAY, UT 84121",Restaurants: non-plated,friend_slc
TORO TACOS (MOBILE)|50 E 800 S|SALT LAKE CITY,TORO TACOS (MOBILE),50 E 800 S,SALT LAKE CITY,"SALT LAKE CITY, UT 84111",Mobiles: Food Carts,friend_slc
TOUCH COFFEE|5415 W 3100 S|WEST VALLEY CITY,TOUCH COFFEE,5415 W 3100 S,WEST VALLEY CITY,"WEST VALLEY CITY, UT 84119",Beverage Service: Coffee,friend_slc
TOUCH N GO|375 N TERMINAL DR|SALT LAKE CITY,TOUCH N GO,375 N TERMINAL DR,SALT LAKE CITY,"SALT LAKE CITY, UT 84122",Restaurants: non-plated,friend_slc
TOWN & COUNTRY MARKET|2840 S MAIN ST|SOUTH SALT LAKE,TOWN & COUNTRY MARKET,2840 S MAIN ST,SOUTH SALT LAKE,"SOUTH SALT LAKE, UT 84115",Restaurants: non-plated,friend_slc
TOWNEPLACE SUITES|13690 S 100 E|DRAPER,TOWNEPLACE SUITES,13690 S 100 E,DRAPER,"DRAPER, UT 84020",Public Lodging: continental breakfast,friend_slc
TRAEGER PELLET GRILLS|533 S 400 W|SALT LAKE CITY,TRAEGER PELLET GRILLS,533 S 400 W,SALT LAKE CITY,"SALT LAKE CITY, UT 84101",Restaurants: non-plated,friend_slc
TRAM CLUB|9385 S SNOWBIRD CENTER DR|SALT LAKE COUNTY,TRAM CLUB,9385 S SNOWBIRD CENTER DR,SALT LAKE COUNTY,"SALT LAKE COUNTY, UT 84092",Beverage Service: Bars/Lounges,friend_slc
TROPICAL SMOOTHIE CAFE|9645 S STATE ST|SANDY,TROPICAL SMOOTHIE CAFE,9645 S STATE ST,SANDY,"SANDY, UT 84070",Restaurants: non-plated,friend_slc
TVILLE NUTRITION|5674 W REDWOOD RD|TAYLORSVILLE,TVILLE NUTRITION,5674 W REDWOOD RD,TAYLORSVILLE,"TAYLORSVILLE, UT 84123",Beverage Service: Juice/Smoothies,friend_slc
U MED STARBUCKS - LOWER LEVEL|50 N MEDICAL DR|SALT LAKE CITY,U MED STARBUCKS - LOWER LEVEL,50 N MEDICAL DR,SALT LAKE CITY,"SALT LAKE CITY, UT 84132",Restaurants: non-plated,friend_slc
U OF U INSTITUTE DELI|1780 E SOUTH CAMPUS DR|SALT LAKE CITY,U OF U INSTITUTE DELI,1780 E SOUTH CAMPUS DR,SALT LAKE CITY,"SALT LAKE CITY, UT 84112",Restaurants: non-plated,friend_slc
U OF U REHAB HOSPITAL COFFEE COUNTER|85 MEDICAL DRIVE N|SALT LAKE CITY,U OF U REHAB HOSPITAL COFFEE COUNTER,85 MEDICAL DRIVE N,SALT LAKE CITY,"SALT LAKE CITY, UT 84112",Restaurants: non-plated,friend_slc
U OF U REHABILITATION EATERY|85 N MEDICAL DR|SALT LAKE CITY,U OF U REHABILITATION EATERY,85 N MEDICAL DR,SALT LAKE CITY,"SALT LAKE CITY, UT 84112",Restaurants: plated,friend_slc
U OF U RICE ECCLES STADIUM - #11|451 S 1400 E|SALT LAKE CITY,U OF U RICE ECCLES STADIUM - #11,451 S 1400 E,SALT LAKE CITY,"SALT LAKE CITY, UT 84112",Concessions: potentially hazardous foods,friend_slc
U OF U RICE ECCLES STADIUM - #15|451 S 1400 E|SALT LAKE CITY,U OF U RICE ECCLES STADIUM - #15,451 S 1400 E,SALT LAKE CITY,"SALT LAKE CITY, UT 84112",Concessions: potentially hazardous foods,friend_slc
U OF U RICE ECCLES STADIUM - #33|451 S 1400 E|SALT LAKE CITY,U OF U RICE ECCLES STADIUM - #33,451 S 1400 E,SALT LAKE CITY,"SALT LAKE CITY, UT 84112",Concessions: potentially hazardous foods,friend_slc
U OF U RICE ECCLES STADIUM - #36|451 S 1400 E|SALT LAKE CITY,U OF U RICE ECCLES STADIUM - #36,451 S 1400 E,SALT LAKE CITY,"SALT LAKE CITY, UT 84112",Concessions: potentially hazardous foods,friend_slc
U OF U RICE ECCLES STADIUM - 35S|451 S 1400 E|SALT LAKE CITY,U OF U RICE ECCLES STADIUM - 35S,451 S 1400 E,SALT LAKE CITY,"SALT LAKE CITY, UT 84112",Concessions: potentially hazardous foods,friend_slc
U OF U RICE ECCLES STADIUM - C32|451 S 1400 E|SALT LAKE CITY,U OF U RICE ECCLES STADIUM - C32,451 S 1400 E,SALT LAKE CITY,"SALT LAKE CITY, UT 84112",Concessions: potentially hazardous foods,friend_slc
U OF U RICE ECCLES STADIUM EAST VENDING|451 S 1400 E|SALT LAKE CITY,U OF U RICE ECCLES STADIUM EAST VENDING,451 S 1400 E,SALT LAKE CITY,"SALT LAKE CITY, UT 84112",Commissary,friend_slc
U OF U RICE ECCLES STADIUM WEST VENDING|451 S 1400 E|SALT LAKE CITY,U OF U RICE ECCLES STADIUM WEST VENDING,451 S 1400 E,SALT LAKE CITY,"SALT LAKE CITY, UT 84112",Commissary,friend_slc
U OF U RICE ECCLES STAND # 38|451 S 1400 E|SALT LAKE CITY,U OF U RICE ECCLES STAND # 38,451 S 1400 E,SALT LAKE CITY,"SALT LAKE CITY, UT 84112",Concessions: no potentially hazardous foods,friend_slc
U OF U RICE ECCLES STAND # 9|451 S 1400 E|SALT LAKE CITY,U OF U RICE ECCLES STAND # 9,451 S 1400 E,SALT LAKE CITY,"SALT LAKE CITY, UT 84112",Concessions: no potentially hazardous foods,friend_slc
U OF U STADIUM AND ARENA|451 S 1400 E|SALT LAKE CITY,U OF U STADIUM AND ARENA,451 S 1400 E,SALT LAKE CITY,"SALT LAKE CITY, UT 84112",Concessions: potentially hazardous foods,friend_slc
U OF U UNION MAIN KITCHEN - CATERING|200 S CENTRAL CAMPUS DR|SALT LAKE CITY,U OF U UNION MAIN KITCHEN - CATERING,200 S CENTRAL CAMPUS DR,SALT LAKE CITY,"SALT LAKE CITY, UT 84112","Caterers, not restaurant connected",friend_slc
UINTA BREWHOUSE PUB - DOG PATIO|1722 S FREMONT DR|SALT LAKE CITY,UINTA BREWHOUSE PUB - DOG PATIO,1722 S FREMONT DR,SALT LAKE CITY,"SALT LAKE CITY, UT 84104",Beverage Service: Bars/Lounges,friend_slc
UINTA BREWHOUSE PUB|1722 S FREMONT DR|SALT LAKE CITY,UINTA BREWHOUSE PUB,1722 S FREMONT DR,SALT LAKE CITY,"SALT LAKE CITY, UT 84104",Restaurants: plated,friend_slc
UINTA BREWING|3920 W TERMINAL DR|SALT LAKE CITY,UINTA BREWING,3920 W TERMINAL DR,SALT LAKE CITY,"SALT LAKE CITY, UT 84122",Restaurants: plated,friend_slc
UNIVERSITY OF UTAH ATHLETIC TRAINING|580 E GUARDSMAN WY|SALT LAKE CITY,UNIVERSITY OF UTAH ATHLETIC TRAINING,580 E GUARDSMAN WY,SALT LAKE CITY,"SALT LAKE CITY, UT 84108",Restaurants: non-plated,friend_slc
UNIVERSITY OF UTAH ATHLETICS FUELING STATION|290 S 1850 E|SALT LAKE CITY,UNIVERSITY OF UTAH ATHLETICS FUELING STATION,290 S 1850 E,SALT LAKE CITY,"SALT LAKE CITY, UT 84112",Concessions: no potentially hazardous foods,friend_slc
UNIVERSITY OF UTAH HELIX TOWER|30 N MARIO CAPECCI|SALT LAKE CITY,UNIVERSITY OF UTAH HELIX TOWER,30 N MARIO CAPECCI,SALT LAKE CITY,"SALT LAKE CITY, UT 84112",Restaurants: plated,friend_slc
URBAN HILL - DOG PATIO|510 S 300 W|SALT LAKE CITY,URBAN HILL - DOG PATIO,510 S 300 W,SALT LAKE CITY,"SALT LAKE CITY, UT 84101",Restaurants: plated,friend_slc
URBAN LOUNGE|241 S 500 E|SALT LAKE CITY,URBAN LOUNGE,241 S 500 E,SALT LAKE CITY,"SALT LAKE CITY, UT 84102",Beverage Service: Bars/Lounges,friend_slc
USANA DIAMOND CONCESSIONS-TREJO TACOS NORTH|5151 S 6055 W|WEST VALLEY CITY,USANA DIAMOND CONCESSIONS-TREJO TACOS NORTH,5151 S 6055 W,WEST VALLEY CITY,"WEST VALLEY CITY, UT 84118",Concessions: potentially hazardous foods,friend_slc
UTAH BASEBALL CONCESSIONS|725 S GUARDSMAN WY|SALT LAKE CITY,UTAH BASEBALL CONCESSIONS,725 S GUARDSMAN WY,SALT LAKE CITY,"SALT LAKE CITY, UT 84108",Concessions: no potentially hazardous foods,friend_slc
UTAH CHILDRENS THEATRE|3605 S STATE ST|SOUTH SALT LAKE,UTAH CHILDRENS THEATRE,3605 S STATE ST,SOUTH SALT LAKE,"SOUTH SALT LAKE, UT 84115",Concessions: no potentially hazardous foods,friend_slc
UTAH COMMISSARY CLUB EAST|728 S REDWOOD RD|SALT LAKE CITY,UTAH COMMISSARY CLUB EAST,728 S REDWOOD RD,SALT LAKE CITY,"SALT LAKE CITY, UT 84104",Commissary,friend_slc
UTAH COMMUNITY ACTION HEAD START|2825 S 200 E|SOUTH SALT LAKE,UTAH COMMUNITY ACTION HEAD START,2825 S 200 E,SOUTH SALT LAKE,"SOUTH SALT LAKE, UT 84115",Restaurants: non-plated,friend_slc
UTAH COMMUNITY ACTION HEAD START|328 W 8000 S|MIDVALE,UTAH COMMUNITY ACTION HEAD START,328 W 8000 S,MIDVALE,"MIDVALE, UT 84047",Restaurants: plated,friend_slc
UTAH COMMUNITY ACTION HEAD START|8446 S HARRISON ST|MIDVALE,UTAH COMMUNITY ACTION HEAD START,8446 S HARRISON ST,MIDVALE,"MIDVALE, UT 84047",Commissary,friend_slc
UTAH CULTURAL CELEBRATION CENTER - KITCHEN|3100 S 1400 W|WEST VALLEY CITY,UTAH CULTURAL CELEBRATION CENTER - KITCHEN,3100 S 1400 W,WEST VALLEY CITY,"WEST VALLEY CITY, UT 84119",Restaurants: plated,friend_slc
UTAH FOOD BANK|3150 S 900 W|SOUTH SALT LAKE,UTAH FOOD BANK,3150 S 900 W,SOUTH SALT LAKE,"SOUTH SALT LAKE, UT 84119",Commissary,friend_slc
UTAH FOOD SERVICES @ ECCLES THEATER|131 MAIN ST|SALT LAKE CITY,UTAH FOOD SERVICES @ ECCLES THEATER,131 MAIN ST,SALT LAKE CITY,"SALT LAKE CITY, UT 84101",Restaurants: non-plated,friend_slc
UTAH MEDICAL ASSOCIATION|6820 S 900 E|MIDVALE,UTAH MEDICAL ASSOCIATION,6820 S 900 E,MIDVALE,"MIDVALE, UT 84047",Restaurants: non-plated,friend_slc
UTAH MUSEUM OF FINE ARTS|410 S CAMPUSCENTER DR|SALT LAKE CITY,UTAH MUSEUM OF FINE ARTS,410 S CAMPUSCENTER DR,SALT LAKE CITY,"SALT LAKE CITY, UT 84112",Restaurants: non-plated,friend_slc
UTAH SCHOOLS FOR THE DEAF AND THE BLIND|1655 E 3300 S|MILLCREEK TS,UTAH SCHOOLS FOR THE DEAF AND THE BLIND,1655 E 3300 S,MILLCREEK TS,"MILLCREEK TS, UT 84106",Restaurants: non-plated,friend_slc
UTAH STADIUM CLUB/SUITE LEVEL KITCHEN|451 S 1400 E|SALT LAKE CITY,UTAH STADIUM CLUB/SUITE LEVEL KITCHEN,451 S 1400 E,SALT LAKE CITY,"SALT LAKE CITY, UT 84112",Restaurants: non-plated,friend_slc
VALLEY BOWLING BAR|3951 W 5400 S|TAYLORSVILLE,VALLEY BOWLING BAR,3951 W 5400 S,TAYLORSVILLE,"TAYLORSVILLE, UT 84118",Restaurants: plated,friend_slc
VALLEY REGIONAL PARK SOFTBALL COMPLEX|5100 S 2700 W|TAYLORSVILLE,VALLEY REGIONAL PARK SOFTBALL COMPLEX,5100 S 2700 W,TAYLORSVILLE,"TAYLORSVILLE, UT 84129",Concessions: no potentially hazardous foods,friend_slc
VESSEL KITCHEN DOG PATIO|905 E 900 S|SALT LAKE CITY,VESSEL KITCHEN DOG PATIO,905 E 900 S,SALT LAKE CITY,"SALT LAKE CITY, UT 84105",Restaurants: plated,friend_slc
VESSEL KITCHEN|11052 S STATE ST|SANDY,VESSEL KITCHEN,11052 S STATE ST,SANDY,"SANDY, UT 84070",Restaurants: plated,friend_slc
VESSEL KITCHEN|1146 E FORT UNION BLVD|MIDVALE,VESSEL KITCHEN,1146 E FORT UNION BLVD,MIDVALE,"MIDVALE, UT 84047",Restaurants: plated,friend_slc
VIA 313 PIZZERIA|150 W 10600 S|SANDY,VIA 313 PIZZERIA,150 W 10600 S,SANDY,"SANDY, UT 84070",Restaurants: plated,friend_slc
VIA 313|13322 S TREE SPARROW DR|RIVERTON,VIA 313,13322 S TREE SPARROW DR,RIVERTON,"RIVERTON, UT 84096",Restaurants: plated,friend_slc
VILLAGE BAKER|11192 S AUTO MALL DR|SANDY,VILLAGE BAKER,11192 S AUTO MALL DR,SANDY,"SANDY, UT 84070",Restaurants: non-plated,friend_slc
VILLAGE INN RESTAURANT|4834 W 3500 S|WEST VALLEY CITY,VILLAGE INN RESTAURANT,4834 W 3500 S,WEST VALLEY CITY,"WEST VALLEY CITY, UT 84120",Restaurants: plated,friend_slc
VOLUNTEERS OF AMERICA RECOVERY ON RDWD|1875 S REDWOOD RD|SALT LAKE CITY,VOLUNTEERS OF AMERICA RECOVERY ON RDWD,1875 S REDWOOD RD,SALT LAKE CITY,"SALT LAKE CITY, UT 84104",Restaurants: non-plated,friend_slc
WALMART #4208|2705 E PARLEYS WY|SALT LAKE CITY,WALMART #4208,2705 E PARLEYS WY,SALT LAKE CITY,"SALT LAKE CITY, UT 84109",Restaurants: non-plated,friend_slc
WALMART NEIGHBORHOOD MARKET #5110|1360 E DRAPER PKWY|DRAPER,WALMART NEIGHBORHOOD MARKET #5110,1360 E DRAPER PKWY,DRAPER,"DRAPER, UT 84020",Restaurants: non-plated,friend_slc
WALMART NEIGHBORHOOD MARKET|1202 W 12600 S|RIVERTON,WALMART NEIGHBORHOOD MARKET,1202 W 12600 S,RIVERTON,"RIVERTON, UT 84065",Restaurants: non-plated,friend_slc
WALMART NEIGHBORHOOD MARKET|3555 S 8400 W|MAGNA TS,WALMART NEIGHBORHOOD MARKET,3555 S 8400 W,MAGNA TS,"MAGNA TS, UT 84044",Restaurants: non-plated,friend_slc
WALMART SUPERCENTER #5350|4627 S 900 E|MILLCREEK TS,WALMART SUPERCENTER #5350,4627 S 900 E,MILLCREEK TS,"MILLCREEK TS, UT 84117",Restaurants: non-plated,friend_slc
WALMART SUPERCENTER DELI #3568|3180 S 5600 W|WEST VALLEY CITY,WALMART SUPERCENTER DELI #3568,3180 S 5600 W,WEST VALLEY CITY,"WEST VALLEY CITY, UT 84128",Restaurants: non-plated,friend_slc
WALMART SUPERCENTER DELI #3620|13502 S HAMILTON VIEW RD|RIVERTON,WALMART SUPERCENTER DELI #3620,13502 S HAMILTON VIEW RD,RIVERTON,"RIVERTON, UT 84065",Restaurants: non-plated,friend_slc
WALMART|3590 W SOUTH JORDAN PKWY|SOUTH JORDAN,WALMART,3590 W SOUTH JORDAN PKWY,SOUTH JORDAN,"SOUTH JORDAN, UT 84095",Restaurants: non-plated,friend_slc
WASATCH BREW PUB SUGARHOUSE- DOG PATIO|2110 S HIGHLAND DR|SALT LAKE CITY,WASATCH BREW PUB SUGARHOUSE- DOG PATIO,2110 S HIGHLAND DR,SALT LAKE CITY,"SALT LAKE CITY, UT 84106",Restaurants: plated,friend_slc
WASATCH COMMUNITY GARDENS|629 E 800 S|SALT LAKE CITY,WASATCH COMMUNITY GARDENS,629 E 800 S,SALT LAKE CITY,"SALT LAKE CITY, UT 84102",Restaurants: non-plated,friend_slc
WASATCH RECOVERY|8388 S WASATCH BLVD|COTTONWOOD HEIGHTS,WASATCH RECOVERY,8388 S WASATCH BLVD,COTTONWOOD HEIGHTS,"COTTONWOOD HEIGHTS, UT 84121",Restaurants: plated,friend_slc
WATERSHED DOG PATIO|7176 S 900 E|MIDVALE,WATERSHED DOG PATIO,7176 S 900 E,MIDVALE,"MIDVALE, UT 84047",Restaurants: plated,friend_slc
WENDYS #6064|3490 S 8000 W|MAGNA,WENDYS #6064,3490 S 8000 W,MAGNA,"MAGNA, UT 84044",Restaurants: non-plated,friend_slc
WENDYS #6065|7035 S 900 E|MIDVALE,WENDYS #6065,7035 S 900 E,MIDVALE,"MIDVALE, UT 84047",Restaurants: non-plated,friend_slc
WENDYS #6066|5648 S 900 E|MURRAY,WENDYS #6066,5648 S 900 E,MURRAY,"MURRAY, UT 84121",Restaurants: non-plated,friend_slc
WENDYS #6078|1938 W 12600 S|RIVERTON,WENDYS #6078,1938 W 12600 S,RIVERTON,"RIVERTON, UT 84065",Restaurants: non-plated,friend_slc
WENDYS #6081|562 E 400 S|SALT LAKE CITY,WENDYS #6081,562 E 400 S,SALT LAKE CITY,"SALT LAKE CITY, UT 84102",Restaurants: non-plated,friend_slc
WENDYS #6082|2240 S 1300 E|SALT LAKE CITY,WENDYS #6082,2240 S 1300 E,SALT LAKE CITY,"SALT LAKE CITY, UT 84106",Restaurants: non-plated,friend_slc
WENDYS #6088|3259 E 3300 S|SALT LAKE CITY,WENDYS #6088,3259 E 3300 S,SALT LAKE CITY,"SALT LAKE CITY, UT 84109",Restaurants: non-plated,friend_slc
WENDYS #6089|1714 E 4500 S|MILLCREEK,WENDYS #6089,1714 E 4500 S,MILLCREEK,"MILLCREEK, UT 84117",Restaurants: non-plated,friend_slc
WENDYS #6092|10665 S AUTO MALL DR|SANDY,WENDYS #6092,10665 S AUTO MALL DR,SANDY,"SANDY, UT 84070",Restaurants: non-plated,friend_slc
WENDYS #6093|2025 E 9400 S|SANDY,WENDYS #6093,2025 E 9400 S,SANDY,"SANDY, UT 84093",Restaurants: non-plated,friend_slc
WENDYS #6097|4114 W 9000 S|WEST JORDAN,WENDYS #6097,4114 W 9000 S,WEST JORDAN,"WEST JORDAN, UT 84088",Restaurants: non-plated,friend_slc
WENDYS #6098|6828 S REDWOOD RD|WEST JORDAN,WENDYS #6098,6828 S REDWOOD RD,WEST JORDAN,"WEST JORDAN, UT 84084",Restaurants: non-plated,friend_slc
WENDYS #6099|7729 S CAMPUS VIEW DR|WEST JORDAN,WENDYS #6099,7729 S CAMPUS VIEW DR,WEST JORDAN,"WEST JORDAN, UT 84084",Restaurants: non-plated,friend_slc
WENDYS #6100|3367 S 5600 W|WEST VALLEY CITY,WENDYS #6100,3367 S 5600 W,WEST VALLEY CITY,"WEST VALLEY CITY, UT 84120",Restaurants: non-plated,friend_slc
WENDYS #6101|5673 W 6200 S|WEST VALLEY CITY,WENDYS #6101,5673 W 6200 S,WEST VALLEY CITY,"WEST VALLEY CITY, UT 84118",Restaurants: non-plated,friend_slc
WENDYS #6103|3988 W 5400 S|KEARNS,WENDYS #6103,3988 W 5400 S,KEARNS,"KEARNS, UT 84118",Restaurants: non-plated,friend_slc
WENDYS #6105|11503 S 4000 W|SOUTH JORDAN,WENDYS #6105,11503 S 4000 W,SOUTH JORDAN,"SOUTH JORDAN, UT 84009",Restaurants: non-plated,friend_slc
WENDYS|11782 S TRAIL CROSSINGS|SOUTH JORDAN,WENDYS,11782 S TRAIL CROSSINGS,SOUTH JORDAN,"SOUTH JORDAN, UT 84095",Restaurants: non-plated,friend_slc
WENDYS|13883 S REDWOOD RD|BLUFFDALE,WENDYS,13883 S REDWOOD RD,BLUFFDALE,"BLUFFDALE, UT 84065",Restaurants: non-plated,friend_slc
WENDYS|147 E 13800 S|DRAPER,WENDYS,147 E 13800 S,DRAPER,"DRAPER, UT 84020",Restaurants: non-plated,friend_slc
WENDYS|7914 S 5600 W|WEST JORDAN,WENDYS,7914 S 5600 W,WEST JORDAN,"WEST JORDAN, UT 84081",Restaurants: non-plated,friend_slc
WEST HIGH SCHOOL PROSTART|241 N 300 W|SALT LAKE CITY,WEST HIGH SCHOOL PROSTART,241 N 300 W,SALT LAKE CITY,"SALT LAKE CITY, UT 84103",Beverage Service: Juice/Smoothies,friend_slc
WEST JORDAN SENIOR CENTER|8025 S 2200 W|WEST JORDAN,WEST JORDAN SENIOR CENTER,8025 S 2200 W,WEST JORDAN,"WEST JORDAN, UT 84088",Restaurants: non-plated,friend_slc
WEST VALLEY FITNESS - BASEBALL CONCESSION|5415 W 3100 S|WEST VALLEY CITY,WEST VALLEY FITNESS - BASEBALL CONCESSION,5415 W 3100 S,WEST VALLEY CITY,"WEST VALLEY CITY, UT 84120",Concessions: potentially hazardous foods,friend_slc
WEST VALLEY PERFORMING ARTS CENTER|3333 S DECKER LAKE DR|WEST VALLEY CITY,WEST VALLEY PERFORMING ARTS CENTER,3333 S DECKER LAKE DR,WEST VALLEY CITY,"WEST VALLEY CITY, UT 84119",Concessions: no potentially hazardous foods,friend_slc
WETZELS PRETZELS/SCOOPS/CATERING|3180 S 5600 W|WEST VALLEY CITY,WETZELS PRETZELS/SCOOPS/CATERING,3180 S 5600 W,WEST VALLEY CITY,"WEST VALLEY CITY, UT 84120",Restaurants: non-plated,friend_slc
WHATS BRUIN|4600 S REDWOOOD RD|SALT LAKE CITY,WHATS BRUIN,4600 S REDWOOOD RD,SALT LAKE CITY,"SALT LAKE CITY, UT 84123",Restaurants: non-plated,friend_slc
WHITE HORSE BAR & RESTAURANT|325 S MAIN ST|SALT LAKE CITY,WHITE HORSE BAR & RESTAURANT,325 S MAIN ST,SALT LAKE CITY,"SALT LAKE CITY, UT 84111",Restaurants: plated,friend_slc
WHOLE FOODS MARKET|1131 E WILMINGTON AVE|SALT LAKE CITY,WHOLE FOODS MARKET,1131 E WILMINGTON AVE,SALT LAKE CITY,"SALT LAKE CITY, UT 84106",Restaurants: non-plated,friend_slc
WHOLE FOODS MARKET|544 S 700 E|SALT LAKE CITY,WHOLE FOODS MARKET,544 S 700 E,SALT LAKE CITY,"SALT LAKE CITY, UT 84102",Restaurants: non-plated,friend_slc
WILDSIDE BOWLS|12243 S DRAPER GATE DR|DRAPER,WILDSIDE BOWLS,12243 S DRAPER GATE DR,DRAPER,"DRAPER, UT 84020",Beverage Service: Juice/Smoothies,friend_slc
WILLOW CREEK COUNTRY CLUB LOCKER ROOM LOUNGE|8505 S WILLOW CREEK DR|SANDY,WILLOW CREEK COUNTRY CLUB LOCKER ROOM LOUNGE,8505 S WILLOW CREEK DR,SANDY,"SANDY, UT 84093",Restaurants: non-plated,friend_slc
WINCO FOODS #73|7020 S 700 W|MIDVALE,WINCO FOODS #73,7020 S 700 W,MIDVALE,"MIDVALE, UT 84047",Restaurants: non-plated,friend_slc
WINCO FOODS #75|2572 S 5600 W|WEST VALLEY CITY,WINCO FOODS #75,2572 S 5600 W,WEST VALLEY CITY,"WEST VALLEY CITY, UT 84128",Restaurants: non-plated,friend_slc
WINCO|11969 S CARLSBAD WY|HERRIMAN,WINCO,11969 S CARLSBAD WY,HERRIMAN,"HERRIMAN, UT 84096",Restaurants: non-plated,friend_slc
WINGS ON WHEELS @ SPICE KITCHEN|751 W 800 S|SALT LAKE CITY,WINGS ON WHEELS @ SPICE KITCHEN,751 W 800 S,SALT LAKE CITY,"SALT LAKE CITY, UT 84104","Caterers, not restaurant connected",friend_slc
WINGSTOP #081|1826 W 9000 S|WEST JORDAN,WINGSTOP #081,1826 W 9000 S,WEST JORDAN,"WEST JORDAN, UT 84088",Restaurants: non-plated,friend_slc
WINGSTOP 082|5650 S REDWOOD RD|TAYLORSVILLE,WINGSTOP 082,5650 S REDWOOD RD,TAYLORSVILLE,"TAYLORSVILLE, UT 84123",Restaurants: non-plated,friend_slc
WINGSTOP|2900 S 5600 W|WEST VALLEY CITY,WINGSTOP,2900 S 5600 W,WEST VALLEY CITY,"WEST VALLEY CITY, UT 84120",Restaurants: plated,friend_slc
WINGSTOP|3292 S 1300 E|SALT LAKE CITY,WINGSTOP,3292 S 1300 E,SALT LAKE CITY,"SALT LAKE CITY, UT 84106",Restaurants: non-plated,friend_slc
WINGSTOP|5454 W DAYBREAK PKWY|SOUTH JORDAN,WINGSTOP,5454 W DAYBREAK PKWY,SOUTH JORDAN,"SOUTH JORDAN, UT 84009",Restaurants: non-plated,friend_slc
WINGSTOP|5639 W 7800 S|WEST JORDAN,WINGSTOP,5639 W 7800 S,WEST JORDAN,"WEST JORDAN, UT 84081",Restaurants: plated,friend_slc
WINGSTOP|7176 S UNION PARK AVE|MIDVALE,WINGSTOP,7176 S UNION PARK AVE,MIDVALE,"MIDVALE, UT 84047",Restaurants: non-plated,friend_slc
WOODYS DRIVE IN|6172 S 1300 E|MURRAY,WOODYS DRIVE IN,6172 S 1300 E,MURRAY,"MURRAY, UT 84121",Restaurants: non-plated,friend_slc
XIAO BAO BAO|416 E 900 S|SALT LAKE CITY,XIAO BAO BAO,416 E 900 S,SALT LAKE CITY,"SALT LAKE CITY, UT 84111",Restaurants: non-plated,friend_slc
XIMBO 28|422 W 600 N|SALT LAKE CITY,XIMBO 28,422 W 600 N,SALT LAKE CITY,"SALT LAKE CITY, UT 84103",Restaurants: non-plated,friend_slc
YAMILA EVENT CENTER|916 S MAIN ST|SALT LAKE CITY,YAMILA EVENT CENTER,916 S MAIN ST,SALT LAKE CITY,"SALT LAKE CITY, UT 84101",Restaurants: non-plated,friend_slc
YANNIS GREEK EXPRESS|2761 S HIGHLAND DR|SALT LAKE CITY,YANNIS GREEK EXPRESS,2761 S HIGHLAND DR,SALT LAKE CITY,"SALT LAKE CITY, UT 84106",Restaurants: non-plated,friend_slc
YOSHIS JAPANESE GRILL #YOSHIS1|3232 S 400 E|SOUTH SALT LAKE,YOSHIS JAPANESE GRILL #YOSHIS1,3232 S 400 E,SOUTH SALT LAKE,"SOUTH SALT LAKE, UT 84115",Mobiles: Mobile Food Units (Trucks),friend_slc
YOSHIS JAPANESE GRILL @ RICE ECCLES|451 S 1400 E|SALT LAKE CITY,YOSHIS JAPANESE GRILL @ RICE ECCLES,451 S 1400 E,SALT LAKE CITY,"SALT LAKE CITY, UT 84112",Concessions: potentially hazardous foods,friend_slc
YOSHIS RESTAURANT|5692 S 900 E|MURRAY,YOSHIS RESTAURANT,5692 S 900 E,MURRAY,"MURRAY, UT 84121",Restaurants: non-plated,friend_slc
ZAATER AND ZAYTON|751 W 800 S|SALT LAKE CITY,ZAATER AND ZAYTON,751 W 800 S,SALT LAKE CITY,"SALT LAKE CITY, UT 84101","Caterers, not restaurant connected",friend_slc
ZAO 1 FOURTH SOUTH|6969 S 1300 E|COTTONWOOD HEIGHTS,ZAO 1 FOURTH SOUTH,6969 S 1300 E,COTTONWOOD HEIGHTS,"COTTONWOOD HEIGHTS, UT 84047",Restaurants: non-plated,friend_slc
ZAO 1 FOUTH SOUTH|639 E 400 S|SALT LAKE CITY,ZAO 1 FOUTH SOUTH,639 E 400 S,SALT LAKE CITY,"SALT LAKE CITY, UT 84102",Restaurants: non-plated,friend_slc
ZAO ASIAN CAFE|11160 S AUTOMALL DR|SANDY,ZAO ASIAN CAFE,11160 S AUTOMALL DR,SANDY,"SANDY, UT 84070",Restaurants: non-plated,friend_slc
ZAO ASIAN CAFE|11486 S DISTRICT MAIN DR|SOUTH JORDAN,ZAO ASIAN CAFE,11486 S DISTRICT MAIN DR,SOUTH JORDAN,"SOUTH JORDAN, UT 84095",Restaurants: non-plated,friend_slc
ZAO ASIAN CAFE|2227 S HIGHLAND DR|SALT LAKE CITY,ZAO ASIAN CAFE,2227 S HIGHLAND DR,SALT LAKE CITY,"SALT LAKE CITY, UT 84106",Restaurants: non-plated,friend_slc
ZAO ASIAN CAFE|4531 W PARTRIDGE HILL LN|RIVERTON,ZAO ASIAN CAFE,4531 W PARTRIDGE HILL LN,RIVERTON,"RIVERTON, UT 84096",Restaurants: non-plated,friend_slc
ZEST KITCHEN & BAR/DOG PATIO|275 S 200 W|SALT LAKE CITY,ZEST KITCHEN & BAR/DOG PATIO,275 S 200 W,SALT LAKE CITY,"SALT LAKE CITY, UT 84101",Restaurants: non-plated,friend_slc
ZEST KITCHEN & BAR|275 S 200 W|SALT LAKE CITY,ZEST KITCHEN & BAR,275 S 200 W,SALT LAKE CITY,"SALT LAKE CITY, UT 84101",Restaurants: plated,friend_slc
ZIONS BANK STADIUM - NORTH CONCESSIONS|14787 S ACADEMY PKWY|HERRIMAN,ZIONS BANK STADIUM - NORTH CONCESSIONS,14787 S ACADEMY PKWY,HERRIMAN,"HERRIMAN, UT 84096",Concessions: potentially hazardous foods,friend_slc
ZIONS BANK STADIUM - SOUTH CONCESSIONS|14787 S ACADEMY PKWY|HERRIMAN,ZIONS BANK STADIUM - SOUTH CONCESSIONS,14787 S ACADEMY PKWY,HERRIMAN,"HERRIMAN, UT 84096",Concessions: potentially hazardous foods,friend_slc
