slchd_establishment_key,name,address,city,city_state_zip,establishment_type,source,slchd_lat,slchd_lon,geocode_status
100 LIONS BAR|9256 S STATE ST|SANDY,100 LIONS BAR,9256 S STATE ST,SANDY,"SANDY, UT 84070",Mobiles: Food Carts,friend_slc,40.582320140115,-111.89090973933,Match
1800 CONTACTS|261 W DATA DR|DRAPER,1800 CONTACTS,261 W DATA DR,DRAPER,"DRAPER, UT 84020",Restaurants: plated,friend_slc,40.508073326851,-111.902011347971,Match
2 ROW BREWING|73 W 7200 S|MIDVALE,2 ROW BREWING,73 W 7200 S,MIDVALE,"MIDVALE, UT 84047",Beverage Service: Bars/Lounges,friend_slc,40.62055437096,-111.892644892282,Match
23 N 900 W SLC|23 N 900 W|SALT LAKE CITY,23 N 900 W SLC,23 N 900 W,SALT LAKE CITY,"SALT LAKE CITY, UT 84116",Commissary,friend_slc,40.76971512471,-111.916908911422,Match
3 TORITOS TACOS #355146Z|1051 S 300 W|SALT LAKE CITY,3 TORITOS TACOS #355146Z,1051 S 300 W,SALT LAKE CITY,"SALT LAKE CITY, UT 84101",Mobiles: Mobile Food Units (Trucks),friend_slc,40.745848857076,-111.899585639328,Match
4 FORKS CATERING|8684 S SNOW MOUNTAIN DR|SANDY,4 FORKS CATERING,8684 S SNOW MOUNTAIN DR,SANDY,"SANDY, UT 84093","Caterers, not restaurant connected",friend_slc,40.594208210354,-111.826179785625,Match
4111 NUTRITION|4111 S CARRIAGE SQ|TAYLORSVILLE,4111 NUTRITION,4111 S CARRIAGE SQ,TAYLORSVILLE,"TAYLORSVILLE, UT 84129",Beverage Service: Juice/Smoothies,friend_slc,40.681771,-111.9400557,Match_Nominatim
7 BUDDHA TEA HOUSE & DESSERTS|4913 S STATE ST|MURRAY,7 BUDDHA TEA HOUSE & DESSERTS,4913 S STATE ST,MURRAY,"MURRAY, UT 84107",Beverage Service: Juice/Smoothies,friend_slc,40.664848574645,-111.88822233862,Match
801 CATERING|14587 S 790 W|BLUFFDALE,801 CATERING,14587 S 790 W,BLUFFDALE,"BLUFFDALE, UT 84065","Caterers, not restaurant connected",friend_slc,,,No_Match
801 COFFEE ROASTERS|550 N 300 W|SALT LAKE CITY,801 COFFEE ROASTERS,550 N 300 W,SALT LAKE CITY,"SALT LAKE CITY, UT 84103",Restaurants: plated,friend_slc,40.781319106016,-111.899605887558,Match
9UP NIGHT MARKET|3232 S 400 E|SOUTH SALT LAKE,9UP NIGHT MARKET,3232 S 400 E,SOUTH SALT LAKE,"SOUTH SALT LAKE, UT 84115","Caterers, not restaurant connected",friend_slc,40.7220529,-111.8797051,Match_Nominatim
9UP NIGHT MARKET|3390 S STATE ST|SOUTH SALT LAKE,9UP NIGHT MARKET,3390 S STATE ST,SOUTH SALT LAKE,"SOUTH SALT LAKE, UT 84115",Restaurants: non-plated,friend_slc,40.697436671294,-111.888329345074,Match
AB'S DRIVE IN|4591 S 5600 W|WEST VALLEY CITY,AB'S DRIVE IN,4591 S 5600 W,WEST VALLEY CITY,"WEST VALLEY CITY, UT 84120",Restaurants: non-plated,friend_slc,40.670639131741,-112.024611635593,Match
ABBINGTON AT MURRAY|5377 S STATE ST|MURRAY,ABBINGTON AT MURRAY,5377 S STATE ST,MURRAY,"MURRAY, UT 84107",Restaurants: plated,friend_slc,40.65417461639,-111.888269308461,Match
ABOUTEA|3424 S STATE ST|SOUTH SALT LAKE,ABOUTEA,3424 S STATE ST,SOUTH SALT LAKE,"SOUTH SALT LAKE, UT 84115",Beverage Service: Coffee,friend_slc,40.696667356609,-111.88832935573,Match
AFRICAN RESTAURANT|1522 S STATE ST|SALT LAKE CITY,AFRICAN RESTAURANT,1522 S STATE ST,SALT LAKE CITY,"SALT LAKE CITY, UT 84115",Restaurants: plated,friend_slc,40.736429027317,-111.88828438421,Match
ALBION GRILL|10600 E DAYLODGE RD|ALTA,ALBION GRILL,10600 E DAYLODGE RD,ALTA,"ALTA, UT 84092",Restaurants: non-plated,friend_slc,40.591837120625,-111.631357019122,Match
ALFS RESTAURANT|10700 E LITTLE COTTONWOOD CYN|ALTA,ALFS RESTAURANT,10700 E LITTLE COTTONWOOD CYN,ALTA,"ALTA, UT 84092",Restaurants: plated,friend_slc,40.592237595232,-111.630345379471,Match
ALLURE THAI DELISH|67 W 1700 S|SALT LAKE CITY,ALLURE THAI DELISH,67 W 1700 S,SALT LAKE CITY,"SALT LAKE CITY, UT 84115","Caterers, not restaurant connected",friend_slc,40.733450670328,-111.893203108368,Match
ALOHA SURF SHACK|1980 E 2700 S|SALT LAKE CITY,ALOHA SURF SHACK,1980 E 2700 S,SALT LAKE CITY,"SALT LAKE CITY, UT 84109",Concessions: shaved ice only,friend_slc,40.712651668084,-111.834659678039,Match
ALTA CLUB - BAR|100 E SOUTHTEMPLE ST|SALT LAKE CITY,ALTA CLUB - BAR,100 E SOUTHTEMPLE ST,SALT LAKE CITY,"SALT LAKE CITY, UT 84111",Beverage Service: Bars/Lounges,friend_slc,40.769288665932,-111.888151110285,Match
ALTA CLUB - GRILL|100 E SOUTHTEMPLE ST|SALT LAKE CITY,ALTA CLUB - GRILL,100 E SOUTHTEMPLE ST,SALT LAKE CITY,"SALT LAKE CITY, UT 84111",Restaurants: plated,friend_slc,40.769288665932,-111.888151110285,Match
ALTA CLUB - RESTAURANT|100 E SOUTHTEMPLE ST|SALT LAKE CITY,ALTA CLUB - RESTAURANT,100 E SOUTHTEMPLE ST,SALT LAKE CITY,"SALT LAKE CITY, UT 84111",Restaurants: plated,friend_slc,40.769288665932,-111.888151110285,Match
ALTA LODGE - LOUNGE|10230 E LITTLE COTTONWOOD CYN|ALTA,ALTA LODGE - LOUNGE,10230 E LITTLE COTTONWOOD CYN,ALTA,"ALTA, UT 84092",Beverage Service: Bars/Lounges,friend_slc,40.590036411256,-111.63735698613,Match
ALTA LODGE - RESTAURANT|10230 E LITTLE COTTONWOOD CYN|ALTA,ALTA LODGE - RESTAURANT,10230 E LITTLE COTTONWOOD CYN,ALTA,"ALTA, UT 84092",Beverage Service: Bars/Lounges,friend_slc,40.590036411256,-111.63735698613,Match
ALTA VIEW SPECIALTY CLINIC|9450 S 1300 E|SANDY,ALTA VIEW SPECIALTY CLINIC,9450 S 1300 E,SANDY,"SANDY, UT 84094",Restaurants: non-plated,friend_slc,40.57937088456,-111.853202234514,Match
ALTA WATSON SHELTER - BALDY BREWS|10700 E LITTLE COTTONWOOD CYN|ALTA,ALTA WATSON SHELTER - BALDY BREWS,10700 E LITTLE COTTONWOOD CYN,ALTA,"ALTA, UT 84092",Beverage Service: Bars/Lounges,friend_slc,40.592237595232,-111.630345379471,Match
ALTA WATSON SHELTER - COLLINS GRILL|10700 E LITTLE COTTONWOOD CYN|ALTA,ALTA WATSON SHELTER - COLLINS GRILL,10700 E LITTLE COTTONWOOD CYN,ALTA,"ALTA, UT 84092",Restaurants: plated,friend_slc,40.592237595232,-111.630345379471,Match
ALTITUDE TRAMPOLINE PARK|3813 W CENTER VIEW WY|WEST JORDAN,ALTITUDE TRAMPOLINE PARK,3813 W CENTER VIEW WY,WEST JORDAN,"WEST JORDAN, UT 84084",Restaurants: non-plated,friend_slc,40.617607618297,-111.981336528527,Match
AMC WEST JORDAN 12|9200 S REDWOOD|WEST JORDAN,AMC WEST JORDAN 12,9200 S REDWOOD,WEST JORDAN,"WEST JORDAN, UT 84088",Restaurants: non-plated,friend_slc,40.583959350015,-111.938765221908,Match
AMERICAN FOOD & VENDING CORP @ ZIONS BANCORP TECH|7860 S BINGHAM JUNCTION BLVD|MIDVALE,AMERICAN FOOD & VENDING CORP @ ZIONS BANCORP TECH,7860 S BINGHAM JUNCTION BLVD,MIDVALE,"MIDVALE, UT 84047",Restaurants: plated,friend_slc,40.6169977,-111.9163546,Match_Nominatim
AN EXQUISITE AFFAIR CATERING@YOSHIS|3232 S 400 E|SOUTH SALT LAKE,AN EXQUISITE AFFAIR CATERING@YOSHIS,3232 S 400 E,SOUTH SALT LAKE,"SOUTH SALT LAKE, UT 84115","Caterers, not restaurant connected",friend_slc,40.7220529,-111.8797051,Match_Nominatim
ANDES GOURMET #84568|229 W 4800 S|MURRAY,ANDES GOURMET #84568,229 W 4800 S,MURRAY,"MURRAY, UT 84107","Caterers, not restaurant connected",friend_slc,40.66738209556,-111.897423244474,Match
ANGELAS CATERING|3804 S HIGHLAND DR|MILLCREEK TS,ANGELAS CATERING,3804 S HIGHLAND DR,MILLCREEK TS,"MILLCREEK TS, UT 84106","Caterers, not restaurant connected",friend_slc,40.688440502894,-111.845627810659,Match
ANNIVERSARY INN SALT LAKE CITY SOUTH TEMPLE|678 E SOUTH TEMPLE ST|SALT LAKE CITY,ANNIVERSARY INN SALT LAKE CITY SOUTH TEMPLE,678 E SOUTH TEMPLE ST,SALT LAKE CITY,"SALT LAKE CITY, UT 84102",Public Lodging: continental breakfast,friend_slc,40.769297664627,-111.871483113653,Match
ANTOJITOS DEL GORDO #410138Z|1308 W 500 N|SALT LAKE CITY,ANTOJITOS DEL GORDO #410138Z,1308 W 500 N,SALT LAKE CITY,"SALT LAKE CITY, UT 84116",Mobiles: Mobile Food Units (Trucks),friend_slc,40.780257259283,-111.928732553463,Match
ANTOJITOS DONA JULIA|1447 W 1000 N|SALT LAKE CITY,ANTOJITOS DONA JULIA,1447 W 1000 N,SALT LAKE CITY,"SALT LAKE CITY, UT 84116",Restaurants: plated,friend_slc,40.791014666956,-111.932161073674,Match
ANTOJITOS MEXICANOS EL CABRITO|956 W 1000 N|SALT LAKE CITY,ANTOJITOS MEXICANOS EL CABRITO,956 W 1000 N,SALT LAKE CITY,"SALT LAKE CITY, UT 84116",Restaurants: plated,friend_slc,40.791138257323,-111.919190399319,Match
APOLLO BURGER WEST JORDAN|7134 S REDWOOD RD|WEST JORDAN,APOLLO BURGER WEST JORDAN,7134 S REDWOOD RD,WEST JORDAN,"WEST JORDAN, UT 84084",Restaurants: non-plated,friend_slc,40.622856155532,-111.938812177119,Match
APOLLO BURGERS (COMMISSARY)|940 W 1700 S|SALT LAKE CITY,APOLLO BURGERS (COMMISSARY),940 W 1700 S,SALT LAKE CITY,"SALT LAKE CITY, UT 84104",Commissary,friend_slc,40.733556263628,-111.917718313845,Match
APOLLO BURGERS|143 N REDWOOD RD|SALT LAKE CITY,APOLLO BURGERS,143 N REDWOOD RD,SALT LAKE CITY,"SALT LAKE CITY, UT 84116",Restaurants: non-plated,friend_slc,40.772967260925,-111.939341410312,Match
APOLLO BURGERS|256 W 3300 S|SOUTH SALT LAKE,APOLLO BURGERS,256 W 3300 S,SOUTH SALT LAKE,"SOUTH SALT LAKE, UT 84115",Restaurants: non-plated,friend_slc,40.699930723285,-111.898824822155,Match
APOLLO BURGERS|529 W 12300 S|DRAPER,APOLLO BURGERS,529 W 12300 S,DRAPER,"DRAPER, UT 84020",Restaurants: non-plated,friend_slc,40.526756694533,-111.906675671461,Match
APOLLO BURGERS|950 W 1700 S|SALT LAKE CITY,APOLLO BURGERS,950 W 1700 S,SALT LAKE CITY,"SALT LAKE CITY, UT 84104",Restaurants: non-plated,friend_slc,40.733556263644,-111.917927423467,Match
APOLLO BURGER|379 S MAIN ST|SALT LAKE CITY,APOLLO BURGER,379 S MAIN ST,SALT LAKE CITY,"SALT LAKE CITY, UT 84111",Restaurants: plated,friend_slc,40.760976512065,-111.891013120039,Match
APOLLO BURGER|4098 W 13400 S|RIVERTON,APOLLO BURGER,4098 W 13400 S,RIVERTON,"RIVERTON, UT 84096",Restaurants: non-plated,friend_slc,40.507868248384,-111.989186427732,Match
APOLLO FOOD TRUCK #1Z7PW|940 W 1700 S|SALT LAKE CITY,APOLLO FOOD TRUCK #1Z7PW,940 W 1700 S,SALT LAKE CITY,"SALT LAKE CITY, UT 84104",Mobiles: Mobile Food Units (Trucks),friend_slc,40.733556263628,-111.917718313845,Match
APPLE SPICE JUNCTION|6540 S STATE ST|MURRAY,APPLE SPICE JUNCTION,6540 S STATE ST,MURRAY,"MURRAY, UT 84107",Restaurants: non-plated,friend_slc,40.630077891629,-111.889769602786,Match
APPLEBEES WEST VALLEY|2175 W CITY CENTER CT|WEST VALLEY CITY,APPLEBEES WEST VALLEY,2175 W CITY CENTER CT,WEST VALLEY CITY,"WEST VALLEY CITY, UT 84119",Restaurants: plated,friend_slc,40.699250064141,-111.948270965375,Match
APPLEBEES|3736 W 7800 S|WEST JORDAN,APPLEBEES,3736 W 7800 S,WEST JORDAN,"WEST JORDAN, UT 84088",Restaurants: plated,friend_slc,40.609509282322,-111.979748794562,Match
APPLEBEES|5678 S REDWOOD RD|TAYLORSVILLE,APPLEBEES,5678 S REDWOOD RD,TAYLORSVILLE,"TAYLORSVILLE, UT 84123",Restaurants: plated,friend_slc,40.648086676261,-111.93888228548,Match
ARBYS #436|25 N REDWOOD RD|SALT LAKE CITY,ARBYS #436,25 N REDWOOD RD,SALT LAKE CITY,"SALT LAKE CITY, UT 84116",Restaurants: non-plated,friend_slc,40.769912797692,-111.939318602471,Match
ARBYS #5118|741 E FORT UNION BLVD|MIDVALE,ARBYS #5118,741 E FORT UNION BLVD,MIDVALE,"MIDVALE, UT 84047",Restaurants: non-plated,friend_slc,40.621116834391,-111.870667831504,Match
ARBYS #6107|10273 S 1300 E|SANDY,ARBYS #6107,10273 S 1300 E,SANDY,"SANDY, UT 84094",Restaurants: non-plated,friend_slc,40.565105334486,-111.853045852275,Match
ARBYS #8541|7121 S BINGHAM JUNCTION|MIDVALE,ARBYS #8541,7121 S BINGHAM JUNCTION,MIDVALE,"MIDVALE, UT 84047",Restaurants: non-plated,friend_slc,40.622711885151,-111.912997234967,Match
ARBYS 1187|2284 E 3900 S|HOLLADAY,ARBYS 1187,2284 E 3900 S,HOLLADAY,"HOLLADAY, UT 84124",Restaurants: non-plated,friend_slc,40.687024851441,-111.825421001208,Match
ARBYS 1333|2819 W 7800 S|WEST JORDAN,ARBYS 1333,2819 W 7800 S,WEST JORDAN,"WEST JORDAN, UT 84088",Restaurants: non-plated,friend_slc,40.609457689383,-111.95984634998,Match
ARBYS 1517|1870 W 5400 S|TAYLORSVILLE,ARBYS 1517,1870 W 5400 S,TAYLORSVILLE,"TAYLORSVILLE, UT 84129",Restaurants: non-plated,friend_slc,40.653186655084,-111.942273103698,Match
ARBYS 155|4663 S 2700 W|TAYLORSVILLE,ARBYS 155,4663 S 2700 W,TAYLORSVILLE,"TAYLORSVILLE, UT 84129",Restaurants: non-plated,friend_slc,40.668162673955,-111.957893068567,Match
ARBYS 1645|1650 S STATE ST|SALT LAKE CITY,ARBYS 1645,1650 S STATE ST,SALT LAKE CITY,"SALT LAKE CITY, UT 84115",Restaurants: non-plated,friend_slc,40.734222166827,-111.888284382544,Match
ARBYS 5255|4663 S 900 E|MILLCREEK TS,ARBYS 5255,4663 S 900 E,MILLCREEK TS,"MILLCREEK TS, UT 84117",Restaurants: non-plated,friend_slc,40.668906411276,-111.865132652173,Match
ARBYS 5669|3535 S 5600 W|WEST VALLEY CITY,ARBYS 5669,3535 S 5600 W,WEST VALLEY CITY,"WEST VALLEY CITY, UT 84120",Restaurants: non-plated,friend_slc,40.695999698819,-112.024765202591,Match
ARBYS 6700|1731 W 12600 S|RIVERTON,ARBYS 6700,1731 W 12600 S,RIVERTON,"RIVERTON, UT 84065",Restaurants: non-plated,friend_slc,40.522239464303,-111.939373833364,Match
ARBYS 942|3215 W 3500 S|WEST VALLEY CITY,ARBYS 942,3215 W 3500 S,WEST VALLEY CITY,"WEST VALLEY CITY, UT 84119",Restaurants: non-plated,friend_slc,40.696577680311,-111.96835478297,Match
ARBYS|3575 S 8400 W|MAGNA TS,ARBYS,3575 S 8400 W,MAGNA TS,"MAGNA TS, UT 84044",Restaurants: non-plated,friend_slc,40.694781434005,-112.091711379444,Match
ARBYS|6095 S 5600 W|KEARNS TS,ARBYS,6095 S 5600 W,KEARNS TS,"KEARNS TS, UT 84118",Restaurants: non-plated,friend_slc,40.640474034564,-112.024522380239,Match
ARCTIC CIRCLE 111|3365 W 7800 S|WEST JORDAN,ARCTIC CIRCLE 111,3365 W 7800 S,WEST JORDAN,"WEST JORDAN, UT 84088",Restaurants: non-plated,friend_slc,40.609403690188,-111.970123068093,Match
ARCTIC CIRCLE 116|208 E 12300 S|DRAPER,ARCTIC CIRCLE 116,208 E 12300 S,DRAPER,"DRAPER, UT 84020",Restaurants: non-plated,friend_slc,40.526697447377,-111.884395632441,Match
ARCTIC CIRCLE 127|8677 S 5600 W|WEST JORDAN,ARCTIC CIRCLE 127,8677 S 5600 W,WEST JORDAN,"WEST JORDAN, UT 84081",Restaurants: non-plated,friend_slc,40.594196614869,-112.024090596112,Match
ARCTIC CIRCLE 202|3919 S 700 E|MILLCREEK TS,ARCTIC CIRCLE 202,3919 S 700 E,MILLCREEK TS,"MILLCREEK TS, UT 84107",Restaurants: non-plated,friend_slc,40.686566469494,-111.871294218343,Match
AREMPAS #016522Z|220 W 7200 S|MIDVALE,AREMPAS #016522Z,220 W 7200 S,MIDVALE,"MIDVALE, UT 84047",Mobiles: Mobile Food Units (Trucks),friend_slc,40.620619379628,-111.89842335705,Match
AREMPAS SLCC|4600 S REDWOOD RD|SALT LAKE CITY,AREMPAS SLCC,4600 S REDWOOD RD,SALT LAKE CITY,"SALT LAKE CITY, UT 84123",Restaurants: non-plated,friend_slc,40.669180486895,-111.938952698695,Match
ARETE GELATO @ SALT LAKE COMMISSARY|3232 S 400 E|SOUTH SALT LAKE,ARETE GELATO @ SALT LAKE COMMISSARY,3232 S 400 E,SOUTH SALT LAKE,"SOUTH SALT LAKE, UT 84115","Caterers, not restaurant connected",friend_slc,40.7220529,-111.8797051,Match_Nominatim
ARGENTINAS #6EED3|1320 E 500 S|SALT LAKE CITY,ARGENTINAS #6EED3,1320 E 500 S,SALT LAKE CITY,"SALT LAKE CITY, UT 84102",Mobiles: Mobile Food Units (Trucks),friend_slc,40.758434664409,-111.853178018828,Match
ARGENTINAS BEST EMPANADAS|357 S 200 E|SALT LAKE CITY,ARGENTINAS BEST EMPANADAS,357 S 200 E,SALT LAKE CITY,"SALT LAKE CITY, UT 84111",Restaurants: non-plated,friend_slc,40.761593575937,-111.885289120317,Match
ARIGATO SUSHI|1769 W 7000 S|WEST JORDAN,ARIGATO SUSHI,1769 W 7000 S,WEST JORDAN,"WEST JORDAN, UT 84084",Restaurants: plated,friend_slc,40.62399661455,-111.940363484898,Match
ARIVO CAFE|4770 S 5600 W|KEARNS,ARIVO CAFE,4770 S 5600 W,KEARNS,"KEARNS, UT 84118",Restaurants: plated,friend_slc,40.665869172613,-112.024743616404,Match
ARLO RESTAURANT|271 N CENTER ST|SALT LAKE CITY,ARLO RESTAURANT,271 N CENTER ST,SALT LAKE CITY,"SALT LAKE CITY, UT 84103",Restaurants: plated,friend_slc,40.775445742954,-111.892280172717,Match
ART COTTAGE|1100 W 7800 S|WEST JORDAN,ART COTTAGE,1100 W 7800 S,WEST JORDAN,"WEST JORDAN, UT 84088",Restaurants: non-plated,friend_slc,40.6094857,-111.9719689,Match_Nominatim
ASSOCIATED FRESH MARKETS|3865 S 2300 E|MILLCREEK TS,ASSOCIATED FRESH MARKETS,3865 S 2300 E,MILLCREEK TS,"MILLCREEK TS, UT 84109",Restaurants: non-plated,friend_slc,40.687518623655,-111.824410800713,Match
ATOMIC BISCUIT - DOG PATIO|401 E 900 S|SALT LAKE CITY,ATOMIC BISCUIT - DOG PATIO,401 E 900 S,SALT LAKE CITY,"SALT LAKE CITY, UT 84111",Restaurants: non-plated,friend_slc,40.749837258829,-111.879556136923,Match
AUNTIE RAES DESSERT ISLAND|4704 S HOLLADAY BLVD|HOLLADAY,AUNTIE RAES DESSERT ISLAND,4704 S HOLLADAY BLVD,HOLLADAY,"HOLLADAY, UT 84117",Restaurants: non-plated,friend_slc,40.667147052336,-111.823222902518,Match
BABY YETI|9151 S 255 W|SANDY,BABY YETI,9151 S 255 W,SANDY,"SANDY, UT 84070",Concessions: shaved ice only,friend_slc,40.585784632486,-111.899204816989,Match
BABYS BAGELS|204 E 500 S|SALT LAKE CITY,BABYS BAGELS,204 E 500 S,SALT LAKE CITY,"SALT LAKE CITY, UT 84111",Restaurants: non-plated,friend_slc,40.758425666914,-111.885207231558,Match
BAD ASS COFFEE OF HAWAII|7794 S GARDNER STOP WY|WEST JORDAN,BAD ASS COFFEE OF HAWAII,7794 S GARDNER STOP WY,WEST JORDAN,"WEST JORDAN, UT 84084",Beverage Service: Coffee,friend_slc,40.608996752099,-111.92723043175,Match
BAD CADDY GOLF|451 S 300 W|SALT LAKE CITY,BAD CADDY GOLF,451 S 300 W,SALT LAKE CITY,"SALT LAKE CITY, UT 84101",Restaurants: non-plated,friend_slc,40.759537500261,-111.899594619682,Match
BAGEL PROJECT|779 S 500 E|SALT LAKE CITY,BAGEL PROJECT,779 S 500 E,SALT LAKE CITY,"SALT LAKE CITY, UT 84102",Restaurants: non-plated,friend_slc,40.752353618539,-111.876698633712,Match
BALANCE NUTRITION|2246 W 5400 S|TAYLORSVILLE,BALANCE NUTRITION,2246 W 5400 S,TAYLORSVILLE,"TAYLORSVILLE, UT 84129",Beverage Service: Juice/Smoothies,friend_slc,40.65313047604,-111.949101387726,Match
BAMBARA/HOTEL MONACO BANQUET KITCHEN|202 S MAIN ST|SALT LAKE CITY,BAMBARA/HOTEL MONACO BANQUET KITCHEN,202 S MAIN ST,SALT LAKE CITY,"SALT LAKE CITY, UT 84101",Restaurants: plated,friend_slc,40.764899556278,-111.891168912157,Match
BAMBARA/HOTEL MONACO CLUB|15 W 200 S|SALT LAKE CITY,BAMBARA/HOTEL MONACO CLUB,15 W 200 S,SALT LAKE CITY,"SALT LAKE CITY, UT 84101",Beverage Service: Bars/Lounges,friend_slc,40.764941666683,-111.89155551251,Match
BAMBARA/HOTEL MONACO MAIN KITCHEN|202 S MAIN ST|SALT LAKE CITY,BAMBARA/HOTEL MONACO MAIN KITCHEN,202 S MAIN ST,SALT LAKE CITY,"SALT LAKE CITY, UT 84101",Restaurants: plated,friend_slc,40.764899556278,-111.891168912157,Match
BAR AT ASHER ADAMS|2 S 400 W|SALT LAKE CITY,BAR AT ASHER ADAMS,2 S 400 W,SALT LAKE CITY,"SALT LAKE CITY, UT 84101",Restaurants: non-plated,friend_slc,40.769288667063,-111.902607914193,Match
BARBACOA|1335 S 700 W|SALT LAKE CITY,BARBACOA,1335 S 700 W,SALT LAKE CITY,"SALT LAKE CITY, UT 84104",Commissary,friend_slc,40.740904485072,-111.911074141045,Match
BARNES & NOBLE #2137|7157 S PLAZA CENTER DR|WEST JORDAN,BARNES & NOBLE #2137,7157 S PLAZA CENTER DR,WEST JORDAN,"WEST JORDAN, UT 84084",Restaurants: non-plated,friend_slc,40.620714350465,-111.979091844464,Match
BARNES & NOBLE|10433 S STATE ST|SANDY,BARNES & NOBLE,10433 S STATE ST,SANDY,"SANDY, UT 84070",Restaurants: non-plated,friend_slc,40.561788699369,-111.890729235342,Match
BARNES & NOBLE|132 E WINCHESTER ST|MURRAY,BARNES & NOBLE,132 E WINCHESTER ST,MURRAY,"MURRAY, UT 84107",Beverage Service: Coffee,friend_slc,40.633138172532,-111.888359891088,Match
BASKIN ROBBINS|1465 E 2100 S|SALT LAKE CITY,BASKIN ROBBINS,1465 E 2100 S,SALT LAKE CITY,"SALT LAKE CITY, UT 84105",Restaurants: non-plated,friend_slc,40.725904074283,-111.849019812168,Match
BASKIN ROBBINS|9497 S 700 E|SANDY,BASKIN ROBBINS,9497 S 700 E,SANDY,"SANDY, UT 84070",Restaurants: non-plated,friend_slc,40.579366673435,-111.872117854169,Match
BEACON CREST|591 E PIONEER RD|DRAPER,BEACON CREST,591 E PIONEER RD,DRAPER,"DRAPER, UT 84020",Restaurants: plated,friend_slc,40.525188283652,-111.87496970429,Match
BEAN AROUND #Z047MT|67 W 1700 S|SALT LAKE CITY,BEAN AROUND #Z047MT,67 W 1700 S,SALT LAKE CITY,"SALT LAKE CITY, UT 84115",Mobiles: Mobile Food Units (Trucks),friend_slc,40.733450670328,-111.893203108368,Match
BEANS & BREW COFFEE|5373 S 3600 W|TAYLORSVILLE,BEANS & BREW COFFEE,5373 S 3600 W,TAYLORSVILLE,"TAYLORSVILLE, UT 84129",Beverage Service: Coffee,friend_slc,40.653534572904,-111.976864400116,Match
BEANS & BREWS COFFE HOUSE|7157 S BINGHAM JUNCTION BLVD|MIDVALE,BEANS & BREWS COFFE HOUSE,7157 S BINGHAM JUNCTION BLVD,MIDVALE,"MIDVALE, UT 84047",Beverage Service: Coffee,friend_slc,40.622161640844,-111.913657405103,Match
BEANS & BREWS COFFEE HOUSE|3512 W MARADONA DR|HERRIMAN,BEANS & BREWS COFFEE HOUSE,3512 W MARADONA DR,HERRIMAN,"HERRIMAN, UT 84096",Beverage Service: Coffee,friend_slc,,,No_Match
BEANS & BREWS COFFEE HOUSE|906 S 500 E|SALT LAKE CITY,BEANS & BREWS COFFEE HOUSE,906 S 500 E,SALT LAKE CITY,"SALT LAKE CITY, UT 84105",Beverage Service: Coffee,friend_slc,40.749581636603,-111.876849899825,Match
BEANS & BREWS COFFEE|2707 S HIGHLAND DR|SALT LAKE CITY,BEANS & BREWS COFFEE,2707 S HIGHLAND DR,SALT LAKE CITY,"SALT LAKE CITY, UT 84106",Beverage Service: Coffee,friend_slc,40.712531789157,-111.855273078737,Match
BEANS & BREWS|3069 S COLT PLAZA DR|WEST VALLEY CITY,BEANS & BREWS,3069 S COLT PLAZA DR,WEST VALLEY CITY,"WEST VALLEY CITY, UT 84128",Beverage Service: Coffee,friend_slc,40.704354724081,-112.025871461868,Match
BEANS & BREWS|7455 S UNION PARK AVE|MIDVALE,BEANS & BREWS,7455 S UNION PARK AVE,MIDVALE,"MIDVALE, UT 84047",Beverage Service: Coffee,friend_slc,40.615084421393,-111.858601997384,Match
BEANS AND BREWS COFFEE HOUSE|13961 S REDWOOD RD|BLUFFDALE,BEANS AND BREWS COFFEE HOUSE,13961 S REDWOOD RD,BLUFFDALE,"BLUFFDALE, UT 84065",Beverage Service: Coffee,friend_slc,40.497715144815,-111.93861852098,Match
BEANS AND BREWS|1953 W CALIFORNIA AVE|SALT LAKE CITY,BEANS AND BREWS,1953 W CALIFORNIA AVE,SALT LAKE CITY,"SALT LAKE CITY, UT 84104",Beverage Service: Coffee,friend_slc,40.740418754657,-111.946520961452,Match
BEANS AND BREWS|7859 S 3200 W|WEST JORDAN,BEANS AND BREWS,7859 S 3200 W,WEST JORDAN,"WEST JORDAN, UT 84088",Restaurants: non-plated,friend_slc,40.608589234118,-111.96732390205,Match
BEAUCOUP BAKERY|3939 S WASATCH BLVD|MILLCREEK,BEAUCOUP BAKERY,3939 S WASATCH BLVD,MILLCREEK,"MILLCREEK, UT 84124",Restaurants: non-plated,friend_slc,40.686374465525,-111.795928067626,Match
BEECHERS HAND MADE CHEESE|3920 W TERMINAL DR|SALT LAKE CITY,BEECHERS HAND MADE CHEESE,3920 W TERMINAL DR,SALT LAKE CITY,"SALT LAKE CITY, UT 84122",Restaurants: plated,friend_slc,,,No_Match
BERRY DONUTS|3678 W 2100 S|SALT LAKE CITY,BERRY DONUTS,3678 W 2100 S,SALT LAKE CITY,"SALT LAKE CITY, UT 84120",Mobiles: Mobile Food Units (Trucks),friend_slc,40.726377191317,-111.979148833276,Match
BIG T LITTLE TASTE FROM THE EAST COAST|8519 W 3100 S|MAGNA,BIG T LITTLE TASTE FROM THE EAST COAST,8519 W 3100 S,MAGNA,"MAGNA, UT 84120",Restaurants: non-plated,friend_slc,40.703689715777,-112.094839970303,Match
BIRD FEEDER & TRACY AVIARY|589 E 1300 S|SALT LAKE CITY,BIRD FEEDER & TRACY AVIARY,589 E 1300 S,SALT LAKE CITY,"SALT LAKE CITY, UT 84105",Beverage Service: Coffee,friend_slc,40.741683259326,-111.874264040729,Match
BJORNS BREW@YOSHIS|3232 S 400 E|SOUTH SALT LAKE,BJORNS BREW@YOSHIS,3232 S 400 E,SOUTH SALT LAKE,"SOUTH SALT LAKE, UT 84115","Caterers, not restaurant connected",friend_slc,40.7220529,-111.8797051,Match_Nominatim
BLACK SHEEP BAR & GRILL - DOG PATIO|9000 S 1520 W|WEST JORDAN,BLACK SHEEP BAR & GRILL - DOG PATIO,9000 S 1520 W,WEST JORDAN,"WEST JORDAN, UT 84088",Restaurants: plated,friend_slc,40.587828281239,-111.934577812726,Match
BLACK SHEEP BAR AND GRILL FOOTHILL DOG PATIO|1400 S FOOTHILL DR|SALT LAKE CITY,BLACK SHEEP BAR AND GRILL FOOTHILL DOG PATIO,1400 S FOOTHILL DR,SALT LAKE CITY,"SALT LAKE CITY, UT 84108",Restaurants: plated,friend_slc,40.739761900834,-111.825749965687,Match
BLACKSMITH ICE CREAM CO|1295 E MILLER AVE|SALT LAKE CITY,BLACKSMITH ICE CREAM CO,1295 E MILLER AVE,SALT LAKE CITY,"SALT LAKE CITY, UT 84106",Restaurants: non-plated,friend_slc,40.702979498629,-111.853522146488,Match
BLAZE PIZZA|1863 W 5400 S|TAYLORSVILLE,BLAZE PIZZA,1863 W 5400 S,TAYLORSVILLE,"TAYLORSVILLE, UT 84129",Restaurants: non-plated,friend_slc,40.653070666127,-111.942384407234,Match
BLENDED TABLE|282 W LUCY AVE|SALT LAKE CITY,BLENDED TABLE,282 W LUCY AVE,SALT LAKE CITY,"SALT LAKE CITY, UT 84101",Restaurants: plated,friend_slc,40.742597987407,-111.899155552261,Match
BOBA GURU|2927 S 5600 W|WEST VALLEY CITY,BOBA GURU,2927 S 5600 W,WEST VALLEY CITY,"WEST VALLEY CITY, UT 84120",Beverage Service: Juice/Smoothies,friend_slc,40.706877550444,-112.024827492197,Match
BOBBYS BURGERS BY BOBBY FLAY|1895 E RODEO DR|HOLLADAY,BOBBYS BURGERS BY BOBBY FLAY,1895 E RODEO DR,HOLLADAY,"HOLLADAY, UT 84117",Restaurants: non-plated,friend_slc,40.6645039,-111.8367855,Match_Nominatim
BOCADOS VENEZUELEAN FOOD|5089 W HERRIMAN BLVD|HERRIMAN,BOCADOS VENEZUELEAN FOOD,5089 W HERRIMAN BLVD,HERRIMAN,"HERRIMAN, UT 84096",Restaurants: non-plated,friend_slc,40.522356745177,-112.014938831337,Match
BOLT CUTTER/MONKEY WRENCH|57 E GALLIVAN AVE|SALT LAKE CITY,BOLT CUTTER/MONKEY WRENCH,57 E GALLIVAN AVE,SALT LAKE CITY,"SALT LAKE CITY, UT 84111",Restaurants: plated,friend_slc,40.763724258026,-111.88911699954,Match
BON APPETIT @ RECURSION PHARMA|41 S RIO GRANDE ST|SALT LAKE CITY,BON APPETIT @ RECURSION PHARMA,41 S RIO GRANDE ST,SALT LAKE CITY,"SALT LAKE CITY, UT 84101",Restaurants: plated,friend_slc,40.76809038538,-111.903998314815,Match
BON APPETIT @ WGU|4001 S 700 E|MILLCREEK,BON APPETIT @ WGU,4001 S 700 E,MILLCREEK,"MILLCREEK, UT 84107",Restaurants: plated,friend_slc,40.684542878583,-111.871289720953,Match
BONGO LOUNGE|2965 S HIGHLAND DR|SALT LAKE CITY,BONGO LOUNGE,2965 S HIGHLAND DR,SALT LAKE CITY,"SALT LAKE CITY, UT 84106",Beverage Service: Bars/Lounges,friend_slc,40.706532514452,-111.853048531048,Match
BRADFORD AIRPORT LOGISTICS|3619 W 510 N|SALT LAKE CITY,BRADFORD AIRPORT LOGISTICS,3619 W 510 N,SALT LAKE CITY,"SALT LAKE CITY, UT 84122",Commissary,friend_slc,40.780058507886,-111.978887442958,Match
BRICKYARD BAR DOG PATIO|3000 S HIGHLAND DR|MILLCREEK,BRICKYARD BAR DOG PATIO,3000 S HIGHLAND DR,MILLCREEK,"MILLCREEK, UT 84106",Restaurants: plated,friend_slc,40.706212751593,-111.853087981146,Match
BRICKYARD COFFEE|3000 S HIGHLAND DR|MILLCREEK,BRICKYARD COFFEE,3000 S HIGHLAND DR,MILLCREEK,"MILLCREEK, UT 84106",Beverage Service: Coffee,friend_slc,40.706212751593,-111.853087981146,Match
BRIGHTON MOLLY GREEN|12601 E BIG COTTONWOODCYN RD|COTTONWOOD HEIGHTS,BRIGHTON MOLLY GREEN,12601 E BIG COTTONWOODCYN RD,COTTONWOOD HEIGHTS,"COTTONWOOD HEIGHTS, UT 84121",Restaurants: plated,friend_slc,40.622062940183,-111.592612507587,Match
BROOKERS FOUNDING FLAVORS ICE CREAM|191 E 12300 S|DRAPER,BROOKERS FOUNDING FLAVORS ICE CREAM,191 E 12300 S,DRAPER,"DRAPER, UT 84020",Restaurants: non-plated,friend_slc,40.526811546022,-111.884226094842,Match
BROWN BAG BREAKFAST CO|2728 W 5400 S|TAYLORSVILLE,BROWN BAG BREAKFAST CO,2728 W 5400 S,TAYLORSVILLE,"TAYLORSVILLE, UT 84129",Restaurants: non-plated,friend_slc,40.653159275783,-111.958435457888,Match
BRUGES WAFFLES & FRITES|3920 W TERMINAL DR|SALT LAKE CITY,BRUGES WAFFLES & FRITES,3920 W TERMINAL DR,SALT LAKE CITY,"SALT LAKE CITY, UT 84122",Restaurants: non-plated,friend_slc,,,No_Match
BUBBAKOOS BURRITOS|10384 S REDWOOD RD|SOUTH JORDAN,BUBBAKOOS BURRITOS,10384 S REDWOOD RD,SOUTH JORDAN,"SOUTH JORDAN, UT 84095",Restaurants: plated,friend_slc,40.562696705208,-111.938719915301,Match
BURATTINO PIZZA|1172 E BRICKYARD RD|SALT LAKE CITY,BURATTINO PIZZA,1172 E BRICKYARD RD,SALT LAKE CITY,"SALT LAKE CITY, UT 84106",Restaurants: non-plated,friend_slc,40.703639096743,-111.860191936151,Match
BURGER KING #25282|8443 W MAGNA MAIN ST|MAGNA,BURGER KING #25282,8443 W MAGNA MAIN ST,MAGNA,"MAGNA, UT 84044",Restaurants: non-plated,friend_slc,,,No_Match
BURGER KING 31574|1660 W NORTH TEMPLE ST|SALT LAKE CITY,BURGER KING 31574,1660 W NORTH TEMPLE ST,SALT LAKE CITY,"SALT LAKE CITY, UT 84116",Restaurants: non-plated,friend_slc,40.77158126098,-111.938072818836,Match
BURGER KING NO 10522|5610 W 3500 S|WEST VALLEY CITY,BURGER KING NO 10522,5610 W 3500 S,WEST VALLEY CITY,"WEST VALLEY CITY, UT 84128",Restaurants: non-plated,friend_slc,40.696611276128,-112.025014175127,Match
BURGER KING NO 4879|235 E 3300 S|SOUTH SALT LAKE,BURGER KING NO 4879,235 E 3300 S,SOUTH SALT LAKE,"SOUTH SALT LAKE, UT 84115",Restaurants: non-plated,friend_slc,40.699914264754,-111.883986968914,Match
BURGER KING NO 5242|3470 S REDWOOD RD|WEST VALLEY CITY,BURGER KING NO 5242,3470 S REDWOOD RD,WEST VALLEY CITY,"WEST VALLEY CITY, UT 84119",Restaurants: non-plated,friend_slc,40.697191651315,-111.938977563426,Match
BURGER KING|10396 S RIVER HEIGHT DR|SOUTH JORDAN,BURGER KING,10396 S RIVER HEIGHT DR,SOUTH JORDAN,"SOUTH JORDAN, UT 84095",Restaurants: non-plated,friend_slc,40.562185532439,-111.972129113784,Match
BURGER KING|1856 W 12600 S|RIVERTON,BURGER KING,1856 W 12600 S,RIVERTON,"RIVERTON, UT 84065",Restaurants: non-plated,friend_slc,40.522372498568,-111.941813174664,Match
BURGER KING|375 N TERMINAL DR|SALT LAKE CITY,BURGER KING,375 N TERMINAL DR,SALT LAKE CITY,"SALT LAKE CITY, UT 84122",Restaurants: non-plated,friend_slc,40.773283065982,-111.985570757225,Match
BURGER KING|3920 W TERMINAL DR|SALT LAKE CITY,BURGER KING,3920 W TERMINAL DR,SALT LAKE CITY,"SALT LAKE CITY, UT 84116",Restaurants: non-plated,friend_slc,,,No_Match
BURGER KING|4025 W 1820 S|SALT LAKE CITY,BURGER KING,4025 W 1820 S,SALT LAKE CITY,"SALT LAKE CITY, UT 84104",Restaurants: non-plated,friend_slc,40.730822678007,-111.987724548602,Match
BY CHEF LEIDY|3678 W 2100 S|SALT LAKE CITY,BY CHEF LEIDY,3678 W 2100 S,SALT LAKE CITY,"SALT LAKE CITY, UT 84120","Caterers, not restaurant connected",friend_slc,40.726377191317,-111.979148833276,Match
CAFE RIO MEXICAN GRILL|12362 S MINUTEMAN DR|DRAPER,CAFE RIO MEXICAN GRILL,12362 S MINUTEMAN DR,DRAPER,"DRAPER, UT 84020",Restaurants: non-plated,friend_slc,40.525973969248,-111.888588137157,Match
CAFE RIO|1664 W TOWNE CENTER DR|SOUTH JORDAN,CAFE RIO,1664 W TOWNE CENTER DR,SOUTH JORDAN,"SOUTH JORDAN, UT 84095",Restaurants: non-plated,friend_slc,40.558299284676,-111.936208844368,Match
CAFE RIO|1710 S REDWOOD RD|SALT LAKE CITY,CAFE RIO,1710 S REDWOOD RD,SALT LAKE CITY,"SALT LAKE CITY, UT 84104",Restaurants: non-plated,friend_slc,40.732856803492,-111.939042499815,Match
CAFE RIO|3215 E 3300 S|MILLCREEK TS,CAFE RIO,3215 E 3300 S,MILLCREEK TS,"MILLCREEK TS, UT 84109",Restaurants: non-plated,friend_slc,40.699897648531,-111.802660332114,Match
CAFE RIO|5567 W HIGH MARKET DR|WEST VALLEY CITY,CAFE RIO,5567 W HIGH MARKET DR,WEST VALLEY CITY,"WEST VALLEY CITY, UT 84120",Restaurants: non-plated,friend_slc,40.712840682868,-112.024305234118,Match
CAFE ZUPAS|2927 S 5600 W|WEST VALLEY CITY,CAFE ZUPAS,2927 S 5600 W,WEST VALLEY CITY,"WEST VALLEY CITY, UT 84120",Restaurants: plated,friend_slc,40.706877550444,-112.024827492197,Match
CAFE ZUPAS|3599 S 2700 W|WEST VALLEY CITY,CAFE ZUPAS,3599 S 2700 W,WEST VALLEY CITY,"WEST VALLEY CITY, UT 84119",Restaurants: plated,friend_slc,40.694506207592,-111.957915946782,Match
CAFE ZUPAS|613 E 400 S|SALT LAKE CITY,CAFE ZUPAS,613 E 400 S,SALT LAKE CITY,"SALT LAKE CITY, UT 84102",Restaurants: plated,friend_slc,40.760718257141,-111.873509746221,Match
CAFFE MOLISE BTG WINE BAR|404 S WEST TEMPLE ST|SALT LAKE CITY,CAFFE MOLISE BTG WINE BAR,404 S WEST TEMPLE ST,SALT LAKE CITY,"SALT LAKE CITY, UT 84101",Restaurants: plated,friend_slc,40.760510446612,-111.894026407224,Match
CALEYS CATERING|380 W 12300 S|DRAPER,CALEYS CATERING,380 W 12300 S,DRAPER,"DRAPER, UT 84020","Caterers, not restaurant connected",friend_slc,40.526885570498,-111.902524388773,Match
CALIFORNIA PIZZA KITCHEN|3920 W TERMINAL DR|SALT LAKE CITY,CALIFORNIA PIZZA KITCHEN,3920 W TERMINAL DR,SALT LAKE CITY,"SALT LAKE CITY, UT 84122",Restaurants: plated,friend_slc,,,No_Match
CAMILLES KITCHEN|2163 S RICHARDS ST|SOUTH SALT LAKE,CAMILLES KITCHEN,2163 S RICHARDS ST,SOUTH SALT LAKE,"SOUTH SALT LAKE, UT 84115","Caterers, not restaurant connected",friend_slc,40.724427657692,-111.892718665737,Match
CAMP KOSTOPULOS|2500 E EMIGRATION CANYON RD|SALT LAKE CITY,CAMP KOSTOPULOS,2500 E EMIGRATION CANYON RD,SALT LAKE CITY,"SALT LAKE CITY, UT 84108",Restaurants: non-plated,friend_slc,40.7503256,-111.8103302,Match_Nominatim
CAMP TUTTLE|12375 E CAMP TUTTLE RD|COTTONWOOD HEIGHTS,CAMP TUTTLE,12375 E CAMP TUTTLE RD,COTTONWOOD HEIGHTS,"COTTONWOOD HEIGHTS, UT 84121",Restaurants: non-plated,friend_slc,40.608267453576,-111.586585101811,Match
CANYON CAFE @ THE NATURAL HISTORY MUSEUM OF UTAH|301 S WAKARA WY|SALT LAKE CITY,CANYON CAFE @ THE NATURAL HISTORY MUSEUM OF UTAH,301 S WAKARA WY,SALT LAKE CITY,"SALT LAKE CITY, UT 84108",Restaurants: non-plated,friend_slc,40.764630807458,-111.823839085515,Match
CANYONS DISTRICT ADMINISTRATION BUILDING|9361 S 300 E|SANDY,CANYONS DISTRICT ADMINISTRATION BUILDING,9361 S 300 E,SANDY,"SANDY, UT 84070",Restaurants: plated,friend_slc,40.58162258895,-111.881643531118,Match
CANYONS EDGE PUB - DOG PATIO|6522 S BIG COTTONWOOD RD|HOLLADAY,CANYONS EDGE PUB - DOG PATIO,6522 S BIG COTTONWOOD RD,HOLLADAY,"HOLLADAY, UT 84121",Restaurants: non-plated,friend_slc,,,No_Match
CARLS JR #207|10475 S STATE ST|SANDY,CARLS JR #207,10475 S STATE ST,SANDY,"SANDY, UT 84070",Restaurants: non-plated,friend_slc,40.561150972581,-111.890721092742,Match
CARLS JR #208|7033 S PLAZA CENTER DR|WEST JORDAN,CARLS JR #208,7033 S PLAZA CENTER DR,WEST JORDAN,"WEST JORDAN, UT 84084",Restaurants: non-plated,friend_slc,40.623516243876,-111.979024171434,Match
CARLS JR #21|1726 W NORTH TEMPLE|SALT LAKE CITY,CARLS JR #21,1726 W NORTH TEMPLE,SALT LAKE CITY,"SALT LAKE CITY, UT 84116",Restaurants: non-plated,friend_slc,40.771581261131,-111.939995971522,Match
CARLS JR #241|3469 S REDWOOD RD|WEST VALLEY CITY,CARLS JR #241,3469 S REDWOOD RD,WEST VALLEY CITY,"WEST VALLEY CITY, UT 84119",Restaurants: non-plated,friend_slc,40.697228955814,-111.938826562342,Match
CARLS JR #2729|3822 W 5400 S|TAYLORSVILLE,CARLS JR #2729,3822 W 5400 S,TAYLORSVILLE,"TAYLORSVILLE, UT 84129",Restaurants: non-plated,friend_slc,40.653145088005,-111.982238965366,Match
CARLS JR #432|3383 S 5600 W|WEST VALLEY CITY,CARLS JR #432,3383 S 5600 W,WEST VALLEY CITY,"WEST VALLEY CITY, UT 84120",Restaurants: non-plated,friend_slc,40.698337192323,-112.024779782844,Match
CARLS JR #461|6959 S 1300 E|COTTONWOOD HEIGHTS,CARLS JR #461,6959 S 1300 E,COTTONWOOD HEIGHTS,"COTTONWOOD HEIGHTS, UT 84047",Restaurants: non-plated,friend_slc,40.625293441653,-111.854880753855,Match
CARLS JR #552|8011 W 3500 S|MAGNA,CARLS JR #552,8011 W 3500 S,MAGNA,"MAGNA, UT 84044",Restaurants: non-plated,friend_slc,40.696428379095,-112.082709535657,Match
CARLS JR #93|151 E 5300 S|MURRAY,CARLS JR #93,151 E 5300 S,MURRAY,"MURRAY, UT 84107",Restaurants: non-plated,friend_slc,40.656147269873,-111.886824444393,Match
CARLUCCIS BAKERY|314 W 300 S|SALT LAKE CITY,CARLUCCIS BAKERY,314 W 300 S,SALT LAKE CITY,"SALT LAKE CITY, UT 84101",Restaurants: non-plated,friend_slc,40.762468894942,-111.899745908268,Match
CAT WOK CAFE|2600 E SUNNYSIDE AVE|SALT LAKE CITY,CAT WOK CAFE,2600 E SUNNYSIDE AVE,SALT LAKE CITY,"SALT LAKE CITY, UT 84108",Restaurants: non-plated,friend_slc,40.750791673284,-111.816556107765,Match
CATERING BY FOOD TRUCKS # TRUCK 7|5176 W LIBERATOR DR|KEARNS,CATERING BY FOOD TRUCKS # TRUCK 7,5176 W LIBERATOR DR,KEARNS,"KEARNS, UT 84118",Mobiles: Mobile Food Units (Trucks),friend_slc,,,No_Match
CATERING BY FOOD TRUCKS|5176 W LIBERATOR DR|KEARNS,CATERING BY FOOD TRUCKS,5176 W LIBERATOR DR,KEARNS,"KEARNS, UT 84118",Commissary,friend_slc,,,No_Match
CATERING KITCHEN|2600 E SUNNYSIDE AVE|SALT LAKE CITY,CATERING KITCHEN,2600 E SUNNYSIDE AVE,SALT LAKE CITY,"SALT LAKE CITY, UT 84108",Restaurants: non-plated,friend_slc,40.750791673284,-111.816556107765,Match
CELESTE BITE #T057XU|4044 S 2700 E|HOLLADAY,CELESTE BITE #T057XU,4044 S 2700 E,HOLLADAY,"HOLLADAY, UT 84124",Mobiles: Mobile Food Units (Trucks),friend_slc,40.683698147796,-111.815012680364,Match
CENTRAL PARK COMMUNITY CENTER|2797 S 200 E|SOUTH SALT LAKE,CENTRAL PARK COMMUNITY CENTER,2797 S 200 E,SOUTH SALT LAKE,"SOUTH SALT LAKE, UT 84115",Restaurants: non-plated,friend_slc,40.711042601885,-111.885327706093,Match
CENTRO CIVICO MEXICANO|155 S 600 W|SALT LAKE CITY,CENTRO CIVICO MEXICANO,155 S 600 W,SALT LAKE CITY,"SALT LAKE CITY, UT 84101",Restaurants: non-plated,friend_slc,40.765973687618,-111.908176109646,Match
CENTURY 16 THEATERS|7670 S UNION PARK AVE|SANDY,CENTURY 16 THEATERS,7670 S UNION PARK AVE,SANDY,"SANDY, UT 84047",Restaurants: non-plated,friend_slc,40.613060374774,-111.856397274209,Match
CHAIA CUCINA CATERING AND CONSULTING|2163 S RICHARDS ST|SOUTH SALT LAKE,CHAIA CUCINA CATERING AND CONSULTING,2163 S RICHARDS ST,SOUTH SALT LAKE,"SOUTH SALT LAKE, UT 84115","Caterers, not restaurant connected",friend_slc,40.724427657692,-111.892718665737,Match
CHALLENGER SCHOOL|2247 W 8660 S|WEST JORDAN,CHALLENGER SCHOOL,2247 W 8660 S,WEST JORDAN,"WEST JORDAN, UT 84088",Restaurants: non-plated,friend_slc,40.5940404,-111.9485791,Match_Nominatim
CHARLOTTES|1567 E 3900 S|MILLCREEK TS,CHARLOTTES,1567 E 3900 S,MILLCREEK TS,"MILLCREEK TS, UT 84124",Restaurants: plated,friend_slc,40.68716069087,-111.846654827298,Match
CHEERS TO YOU MIDVALE|7642 S STATE ST|MIDVALE,CHEERS TO YOU MIDVALE,7642 S STATE ST,MIDVALE,"MIDVALE, UT 84047",Beverage Service: Bars/Lounges,friend_slc,40.61268002205,-111.890805247827,Match
CHICK FIL A @ HUNTSMAN CENTER STAND 2|1825 E SOUTHCAMPUS DR|SALT LAKE CITY,CHICK FIL A @ HUNTSMAN CENTER STAND 2,1825 E SOUTHCAMPUS DR,SALT LAKE CITY,"SALT LAKE CITY, UT 84112",Restaurants: non-plated,friend_slc,40.760550978484,-111.839212946067,Match
CHICK FIL A @ SLCC TAYLORSVILLE STUDENT CENTER|4600 S REDWOOD RD|TAYLORSVILLE,CHICK FIL A @ SLCC TAYLORSVILLE STUDENT CENTER,4600 S REDWOOD RD,TAYLORSVILLE,"TAYLORSVILLE, UT 84123",Restaurants: non-plated,friend_slc,40.669180486895,-111.938952698695,Match
CHICK FIL A|10090 S STATE ST|SANDY,CHICK FIL A,10090 S STATE ST,SANDY,"SANDY, UT 84070",Restaurants: non-plated,friend_slc,40.568125788352,-111.890880793444,Match
CHICK FIL A|1088 E FORT UNION BLVD|MIDVALE,CHICK FIL A,1088 E FORT UNION BLVD,MIDVALE,"MIDVALE, UT 84047",Restaurants: non-plated,friend_slc,40.623577078969,-111.861767745442,Match
CHICK FIL A|11494 S DISTRICT DR|SOUTH JORDAN,CHICK FIL A,11494 S DISTRICT DR,SOUTH JORDAN,"SOUTH JORDAN, UT 84095",Restaurants: non-plated,friend_slc,40.53851396243,-111.981553275668,Match
CHICK FIL A|1206 E 2100 S|SALT LAKE CITY,CHICK FIL A,1206 E 2100 S,SALT LAKE CITY,"SALT LAKE CITY, UT 84106",Restaurants: non-plated,friend_slc,40.725359668363,-111.856464731591,Match
CHICK FIL A|357 E 12300 S|DRAPER,CHICK FIL A,357 E 12300 S,DRAPER,"DRAPER, UT 84020",Restaurants: non-plated,friend_slc,40.5267987648,-111.880441256323,Match
CHICK FIL A|4627 W PARTRIDGE HILL LN|RIVERTON,CHICK FIL A,4627 W PARTRIDGE HILL LN,RIVERTON,"RIVERTON, UT 84096",Restaurants: non-plated,friend_slc,,,No_Match
CHICK FIL A|5580 S REDWOOD RD|TAYLORSVILLE,CHICK FIL A,5580 S REDWOOD RD,TAYLORSVILLE,"TAYLORSVILLE, UT 84123",Restaurants: non-plated,friend_slc,40.649759951022,-111.938855287644,Match
CHICK FIL A|7676 S CAMPUS VIEW DR|WEST JORDAN,CHICK FIL A,7676 S CAMPUS VIEW DR,WEST JORDAN,"WEST JORDAN, UT 84084",Restaurants: non-plated,friend_slc,40.6290927,-111.9850059,Match_Nominatim
CHILE VERDE|9256 S STATE ST|SANDY,CHILE VERDE,9256 S STATE ST,SANDY,"SANDY, UT 84070",Concessions: potentially hazardous foods,friend_slc,40.582320140115,-111.89090973933,Match
CHILIS SOUTHWEST GRILL #13|10430 S STATE ST|SANDY,CHILIS SOUTHWEST GRILL #13,10430 S STATE ST,SANDY,"SANDY, UT 84070",Restaurants: plated,friend_slc,40.561815215891,-111.890880504586,Match
CHILIS SOUTHWEST GRILL #2|1070 E FORT UNION BLVD|MIDVALE,CHILIS SOUTHWEST GRILL #2,1070 E FORT UNION BLVD,MIDVALE,"MIDVALE, UT 84047",Restaurants: plated,friend_slc,40.623126738696,-111.862443256179,Match
CHILIS SOUTHWEST GRILL|3075 S 5600 W|WEST VALLEY CITY,CHILIS SOUTHWEST GRILL,3075 S 5600 W,WEST VALLEY CITY,"WEST VALLEY CITY, UT 84120",Restaurants: plated,friend_slc,40.70428583336,-112.02481461479,Match
CHIPOTLE MEXICAN GRILL #954|6924 S PARK CENTRE DR|COTTONWOOD HEIGHTS,CHIPOTLE MEXICAN GRILL #954,6924 S PARK CENTRE DR,COTTONWOOD HEIGHTS,"COTTONWOOD HEIGHTS, UT 84121",Restaurants: non-plated,friend_slc,40.625408493743,-111.850994116835,Match
CHIPOTLE MEXICAN GRILL|1796 W 5400 S|TAYLORSVILLE,CHIPOTLE MEXICAN GRILL,1796 W 5400 S,TAYLORSVILLE,"TAYLORSVILLE, UT 84129",Restaurants: non-plated,friend_slc,40.653201814043,-111.940870890014,Match
CHIPOTLE MEXICAN GRILL|1920 E RODEO WALK DR|HOLLADAY,CHIPOTLE MEXICAN GRILL,1920 E RODEO WALK DR,HOLLADAY,"HOLLADAY, UT 84117",Restaurants: non-plated,friend_slc,40.6630984,-111.8370809,Match_Nominatim
CHIPOTLE MEXICAN GRILL|2640 S 5600 W|WEST VALLEY CITY,CHIPOTLE MEXICAN GRILL,2640 S 5600 W,WEST VALLEY CITY,"WEST VALLEY CITY, UT 84120",Restaurants: non-plated,friend_slc,40.712145603507,-112.024993133286,Match
CHIPOTLE MEXICAN GRILL|3561 W 11400 S|SOUTH JORDAN,CHIPOTLE MEXICAN GRILL,3561 W 11400 S,SOUTH JORDAN,"SOUTH JORDAN, UT 84095",Restaurants: non-plated,friend_slc,40.54410664677,-111.976088530862,Match
CHIPOTLE MEXICAN GRILL|3849 W CAMPUS VIEW DR|WEST JORDAN,CHIPOTLE MEXICAN GRILL,3849 W CAMPUS VIEW DR,WEST JORDAN,"WEST JORDAN, UT 84084",Restaurants: non-plated,friend_slc,40.614994818133,-111.98363443601,Match
CHIPOTLE MEXICAN GRILL|4599 W PARTRIDGEHILL LN|RIVERTON,CHIPOTLE MEXICAN GRILL,4599 W PARTRIDGEHILL LN,RIVERTON,"RIVERTON, UT 84096",Restaurants: non-plated,friend_slc,,,No_Match
CHIPOTLE MEXICAN GRILL|5639 W 7800 S|WEST JORDAN,CHIPOTLE MEXICAN GRILL,5639 W 7800 S,WEST JORDAN,"WEST JORDAN, UT 84081",Restaurants: non-plated,friend_slc,40.609385694457,-112.024990624195,Match
CHIPOTLE MEXICAN GRILL|734 E 400 S|SALT LAKE CITY,CHIPOTLE MEXICAN GRILL,734 E 400 S,SALT LAKE CITY,"SALT LAKE CITY, UT 84102",Restaurants: non-plated,friend_slc,40.760596979206,-111.870041085862,Match
CHIPOTLE MEXICAN GRILL|8375 W ARBOR PARK DR|MAGNA,CHIPOTLE MEXICAN GRILL,8375 W ARBOR PARK DR,MAGNA,"MAGNA, UT 84044",Restaurants: non-plated,friend_slc,40.694076545444,-112.091073412226,Match
CHIPOTLE MEXICAN RESTAURANT|2140 S STATE ST|SOUTH SALT LAKE,CHIPOTLE MEXICAN RESTAURANT,2140 S STATE ST,SOUTH SALT LAKE,"SOUTH SALT LAKE, UT 84115",Restaurants: non-plated,friend_slc,40.724636465852,-111.888297855772,Match
CHRIST UNITED METHODIST CHURCH|2375 E 3300 S|MILLCREEK TS,CHRIST UNITED METHODIST CHURCH,2375 E 3300 S,MILLCREEK TS,"MILLCREEK TS, UT 84109",Restaurants: non-plated,friend_slc,40.699919039594,-111.822691980875,Match
CHUNKY & CO|545 W 700 S|SALT LAKE CITY,CHUNKY & CO,545 W 700 S,SALT LAKE CITY,"SALT LAKE CITY, UT 84101",Restaurants: plated,friend_slc,40.754060669107,-111.907017250006,Match
CHURCH AND STATE (COMMISSARY)|370 S 300 E|SALT LAKE CITY,CHURCH AND STATE (COMMISSARY),370 S 300 E,SALT LAKE CITY,"SALT LAKE CITY, UT 84111",Commissary,friend_slc,40.761298652985,-111.882574625882,Match
CHURCH OFFICE BUILDING-BANQUET KITCHEN|50 E NORTH TEMPLE ST|SALT LAKE CITY,CHURCH OFFICE BUILDING-BANQUET KITCHEN,50 E NORTH TEMPLE ST,SALT LAKE CITY,"SALT LAKE CITY, UT 84150",Restaurants: plated,friend_slc,40.771608257413,-111.892526512503,Match
CINDIS SWEETS|12234 S 1840 E|DRAPER,CINDIS SWEETS,12234 S 1840 E,DRAPER,"DRAPER, UT 84020","Caterers, not restaurant connected",friend_slc,40.527369714249,-111.839042010599,Match
CINEMARK DRAPER XD12|12129 S STATE ST|DRAPER,CINEMARK DRAPER XD12,12129 S STATE ST,DRAPER,"DRAPER, UT 84020",Concessions: potentially hazardous foods,friend_slc,40.530397214093,-111.89073337815,Match
CITY CAFE|155 N 400 W|SALT LAKE CITY,CITY CAFE,155 N 400 W,SALT LAKE CITY,"SALT LAKE CITY, UT 84103",Restaurants: non-plated,friend_slc,40.772716401594,-111.90261241672,Match
CLEARVIEW MARKETS AND SERVICES|288 N 1460 W|SALT LAKE CITY,CLEARVIEW MARKETS AND SERVICES,288 N 1460 W,SALT LAKE CITY,"SALT LAKE CITY, UT 84116",Restaurants: non-plated,friend_slc,40.775780921089,-111.933425175534,Match
CLEOS CORNER AND ROONIES|9256 S STATE ST|SANDY,CLEOS CORNER AND ROONIES,9256 S STATE ST,SANDY,"SANDY, UT 84070",Concessions: potentially hazardous foods,friend_slc,40.582320140115,-111.89090973933,Match
CLINICAL CONSULTANTS|1001 N FEATHERSTONE DR|SALT LAKE CITY,CLINICAL CONSULTANTS,1001 N FEATHERSTONE DR,SALT LAKE CITY,"SALT LAKE CITY, UT 84116",Restaurants: plated,friend_slc,40.790886259044,-111.940794928002,Match
COCINA TEPIN|2163 S RICHARDS ST|SALT LAKE CITY,COCINA TEPIN,2163 S RICHARDS ST,SALT LAKE CITY,"SALT LAKE CITY, UT 84115",Commissary,friend_slc,40.724427657692,-111.892718665737,Match
CODSPEED|153 S RIO GRANDE ST|SALT LAKE CITY,CODSPEED,153 S RIO GRANDE ST,SALT LAKE CITY,"SALT LAKE CITY, UT 84101",Restaurants: non-plated,friend_slc,40.766711258094,-111.903967702724,Match
COFFEE GARDEN|878 E 900 S|SALT LAKE CITY,COFFEE GARDEN,878 E 900 S,SALT LAKE CITY,"SALT LAKE CITY, UT 84105",Beverage Service: Coffee,friend_slc,40.749731666379,-111.865935876047,Match
COSTA VIDA BLUFFDALE|13847 S REDWOOD RD|BLUFFDALE,COSTA VIDA BLUFFDALE,13847 S REDWOOD RD,BLUFFDALE,"BLUFFDALE, UT 84065",Restaurants: non-plated,friend_slc,40.498878206742,-111.938597641098,Match
COSTA VIDA GATEWAY|171 S RIO GRANDE ST|SALT LAKE CITY,COSTA VIDA GATEWAY,171 S RIO GRANDE ST,SALT LAKE CITY,"SALT LAKE CITY, UT 84101",Restaurants: non-plated,friend_slc,40.766561388876,-111.903968007896,Match
COSTA VIDA MIDVALE|7101 S BINGHAM JUNCTION BLVD|MIDVALE,COSTA VIDA MIDVALE,7101 S BINGHAM JUNCTION BLVD,MIDVALE,"MIDVALE, UT 84047",Restaurants: non-plated,friend_slc,40.623016236917,-111.912627664924,Match
COSTA VIDA SOUTH JORDAN|10384 S RIVER HEIGHTS DR|SOUTH JORDAN,COSTA VIDA SOUTH JORDAN,10384 S RIVER HEIGHTS DR,SOUTH JORDAN,"SOUTH JORDAN, UT 84095",Restaurants: non-plated,friend_slc,40.562424340409,-111.972109574919,Match
COSTA VIDA|375 N TERMINAL DR|SALT LAKE CITY,COSTA VIDA,375 N TERMINAL DR,SALT LAKE CITY,"SALT LAKE CITY, UT 84122",Restaurants: non-plated,friend_slc,40.773283065982,-111.985570757225,Match
COSTCO WHOLESALE #113|1818 S 300 W|SALT LAKE CITY,COSTCO WHOLESALE #113,1818 S 300 W,SALT LAKE CITY,"SALT LAKE CITY, UT 84115",Restaurants: non-plated,friend_slc,40.730406262574,-111.899727879267,Match
COSTCO WHOLESALE #622|3747 S 2700 W|WEST VALLEY CITY,COSTCO WHOLESALE #622,3747 S 2700 W,WEST VALLEY CITY,"WEST VALLEY CITY, UT 84119",Restaurants: non-plated,friend_slc,40.690836055433,-111.957912218594,Match
COSTCO WHOLESALE #764|5201 S INTERMOUNTAIN DR|MURRAY,COSTCO WHOLESALE #764,5201 S INTERMOUNTAIN DR,MURRAY,"MURRAY, UT 84107",Restaurants: non-plated,friend_slc,40.659291355724,-111.88946844358,Match
COSTCO WHOLESALE CORP #487|11100 S AUTOMALL DR|SANDY,COSTCO WHOLESALE CORP #487,11100 S AUTOMALL DR,SANDY,"SANDY, UT 84070",Restaurants: non-plated,friend_slc,,,Tie
COSTCO WHOLESALE|3571 W 10400 S|SOUTH JORDAN,COSTCO WHOLESALE,3571 W 10400 S,SOUTH JORDAN,"SOUTH JORDAN, UT 84095",Restaurants: non-plated,friend_slc,40.5611808,-111.9765695,Match_Nominatim
COTTON BOTTOM/DOG PATIO|2820 E 6200 S|HOLLADAY,COTTON BOTTOM/DOG PATIO,2820 E 6200 S,HOLLADAY,"HOLLADAY, UT 84121",Restaurants: non-plated,friend_slc,40.635178,-111.8020577,Match_Nominatim
COTTONWOOD COUNTRY CLUB - LOUNGE ACTIVITY|1780 E LAKEWOOD DR|HOLLADAY,COTTONWOOD COUNTRY CLUB - LOUNGE ACTIVITY,1780 E LAKEWOOD DR,HOLLADAY,"HOLLADAY, UT 84117",Beverage Service: Bars/Lounges,friend_slc,40.652580170463,-111.840543260316,Match
COUNTRY INN & SUITES|3422 S DECKER LAKE DR|WEST VALLEY CITY,COUNTRY INN & SUITES,3422 S DECKER LAKE DR,WEST VALLEY CITY,"WEST VALLEY CITY, UT 84119",Public Lodging: full breakfast,friend_slc,40.699074791458,-111.94739576821,Match
COURTYARD SALT LAKE CITY COTTONWOOD|7365 S CANYON CENTRE PKWY|COTTONWOOD HEIGHTS,COURTYARD SALT LAKE CITY COTTONWOOD,7365 S CANYON CENTRE PKWY,COTTONWOOD HEIGHTS,"COTTONWOOD HEIGHTS, UT 84121",Public Lodging: continental breakfast,friend_slc,40.61686594538,-111.790331775534,Match
COWBOY CORNDOGS|451 S 1400 E|SALT LAKE CITY,COWBOY CORNDOGS,451 S 1400 E,SALT LAKE CITY,"SALT LAKE CITY, UT 84112",Restaurants: non-plated,friend_slc,40.759625019833,-111.850160228321,Match
CRACKER BARREL OLD COUNTRY|2283 W CITY CENTER CT|WEST VALLEY CITY,CRACKER BARREL OLD COUNTRY,2283 W CITY CENTER CT,WEST VALLEY CITY,"WEST VALLEY CITY, UT 84119",Restaurants: plated,friend_slc,40.69924345738,-111.949298329162,Match
CRANDALL STYLE @ ST VINCENT DE PAUL|1375 E SPRING LN|HOLLADAY,CRANDALL STYLE @ ST VINCENT DE PAUL,1375 E SPRING LN,HOLLADAY,"HOLLADAY, UT 84117","Caterers, not restaurant connected",friend_slc,40.660487015496,-111.8526374374,Match
CRAVE COOKIES|611 S MAIN ST|SALT LAKE CITY,CRAVE COOKIES,611 S MAIN ST,SALT LAKE CITY,"SALT LAKE CITY, UT 84111",Restaurants: non-plated,friend_slc,40.756033415843,-111.891008626607,Match
CRAZY CHICKEN #439508Z|5505 W AMELIA EARHART DR|SALT LAKE CITY,CRAZY CHICKEN #439508Z,5505 W AMELIA EARHART DR,SALT LAKE CITY,"SALT LAKE CITY, UT 84116",Mobiles: Mobile Food Units (Trucks),friend_slc,40.77632600251,-112.022393482348,Match
CRAZY CROFFLE|158 S RIO GRANDE ST|SALT LAKE CITY,CRAZY CROFFLE,158 S RIO GRANDE ST,SALT LAKE CITY,"SALT LAKE CITY, UT 84101",Restaurants: non-plated,friend_slc,40.766557356491,-111.904119945557,Match
CRESCENT HALL EVENT VENUE|11020 S STATE ST|SANDY,CRESCENT HALL EVENT VENUE,11020 S STATE ST,SANDY,"SANDY, UT 84070","Caterers, not restaurant connected",friend_slc,40.551202975474,-111.890871079457,Match
CROWN BURGERS|4689 S HOLLADAY BLVD|HOLLADAY,CROWN BURGERS,4689 S HOLLADAY BLVD,HOLLADAY,"HOLLADAY, UT 84117",Restaurants: non-plated,friend_slc,40.667308595016,-111.823192316857,Match
CRUNCH FUSION SUSHI|609 S STATE ST|SALT LAKE CITY,CRUNCH FUSION SUSHI,609 S STATE ST,SALT LAKE CITY,"SALT LAKE CITY, UT 84111",Restaurants: non-plated,friend_slc,40.756044565259,-111.888146627135,Match
CRYSTAL INN HOTEL SUITES MIDVALLEY|818 E WINCHESTER DR|MURRAY,CRYSTAL INN HOTEL SUITES MIDVALLEY,818 E WINCHESTER DR,MURRAY,"MURRAY, UT 84107",Restaurants: non-plated,friend_slc,40.631676706043,-111.868682123848,Match
CUBBYS R3/DELTA CENTER|301 W SOUTH TEMPLE ST|SALT LAKE CITY,CUBBYS R3/DELTA CENTER,301 W SOUTH TEMPLE ST,SALT LAKE CITY,"SALT LAKE CITY, UT 84101",Restaurants: non-plated,friend_slc,40.76928866684,-111.899750414772,Match
CUBBYS|1072 E FORT UNION BLVD|MIDVALE,CUBBYS,1072 E FORT UNION BLVD,MIDVALE,"MIDVALE, UT 84047",Restaurants: plated,friend_slc,40.623176776428,-111.862368199573,Match
CUBBYS|759 E 2100 S|SALT LAKE CITY,CUBBYS,759 E 2100 S,SALT LAKE CITY,"SALT LAKE CITY, UT 84106",Restaurants: non-plated,friend_slc,40.72547829322,-111.869553295607,Match
CUBE/SIDE DOOR|9385 S SNOWBIRD TRAIL RD|SALT LAKE CITY,CUBE/SIDE DOOR,9385 S SNOWBIRD TRAIL RD,SALT LAKE CITY,"SALT LAKE CITY, UT 84092",Beverage Service: Bars/Lounges,friend_slc,,,No_Match
CULTURE COFFEE|285 N 900 W|SALT LAKE CITY,CULTURE COFFEE,285 N 900 W,SALT LAKE CITY,"SALT LAKE CITY, UT 84116",Beverage Service: Bars/Lounges,friend_slc,40.775558815333,-111.916913416861,Match
CUPBOP #G726HM|3269 E 5400 S|TAYLORSVILLE,CUPBOP #G726HM,3269 E 5400 S,TAYLORSVILLE,"TAYLORSVILLE, UT 84129",Mobiles: Mobile Food Units (Trucks),friend_slc,40.653029954524,-111.969069891904,Match
CUPBOP|2915 E 3300 S|MILLCREEK,CUPBOP,2915 E 3300 S,MILLCREEK,"MILLCREEK, UT 84109",Restaurants: non-plated,friend_slc,40.699896258973,-111.809819477785,Match
DAVES HOT CHICKEN #1188|777 E 2100 S|SALT LAKE CITY,DAVES HOT CHICKEN #1188,777 E 2100 S,SALT LAKE CITY,"SALT LAKE CITY, UT 84106",Restaurants: non-plated,friend_slc,40.725475942187,-111.869098377667,Match
DAVES HOT CHICKEN #1317|4182 W 13400 S|RIVERTON,DAVES HOT CHICKEN #1317,4182 W 13400 S,RIVERTON,"RIVERTON, UT 84096",Restaurants: non-plated,friend_slc,40.507872335852,-111.990616207061,Match
DAVES HOT CHICKEN|936 E FORT UNION BLVD|MIDVALE,DAVES HOT CHICKEN,936 E FORT UNION BLVD,MIDVALE,"MIDVALE, UT 84047",Restaurants: non-plated,friend_slc,40.622143935156,-111.865202539966,Match
DAYBREAK MEGAPLEX|11068 S GRANDVILLE AVE|SOUTH JORDAN,DAYBREAK MEGAPLEX,11068 S GRANDVILLE AVE,SOUTH JORDAN,"SOUTH JORDAN, UT 84009",Restaurants: non-plated,friend_slc,40.5498483,-112.020363,Match_Nominatim
DEES RESTAURANT|2085 S REDWOOD RD|SALT LAKE CITY,DEES RESTAURANT,2085 S REDWOOD RD,SALT LAKE CITY,"SALT LAKE CITY, UT 84104",Restaurants: plated,friend_slc,40.726134926223,-111.938877137032,Match
DEL TACO #1037|2000 S 3230 W|SALT LAKE CITY,DEL TACO #1037,2000 S 3230 W,SALT LAKE CITY,"SALT LAKE CITY, UT 84104",Restaurants: non-plated,friend_slc,40.728670157301,-111.968241796697,Match
DEL TACO #1107|809 E 400 S|SALT LAKE CITY,DEL TACO #1107,809 E 400 S,SALT LAKE CITY,"SALT LAKE CITY, UT 84102",Restaurants: non-plated,friend_slc,40.760718256698,-111.867847632186,Match
DEL TACO #1174|1731 W BOWLING AVE|TAYLORSVILLE,DEL TACO #1174,1731 W BOWLING AVE,TAYLORSVILLE,"TAYLORSVILLE, UT 84129",Restaurants: non-plated,friend_slc,40.669179522681,-111.940564288678,Match
DEL TACO #273|8580 S 1300 E|SANDY,DEL TACO #273,8580 S 1300 E,SANDY,"SANDY, UT 84094",Restaurants: non-plated,friend_slc,40.595625765739,-111.853220250748,Match
DEL TACO #736|5672 S 900 E|MURRAY,DEL TACO #736,5672 S 900 E,MURRAY,"MURRAY, UT 84121",Restaurants: non-plated,friend_slc,40.647562885816,-111.866013799767,Match
DEL TACO #752|2963 S 5600 W|WEST VALLEY CITY,DEL TACO #752,2963 S 5600 W,WEST VALLEY CITY,"WEST VALLEY CITY, UT 84120",Restaurants: non-plated,friend_slc,40.706247110944,-112.024824820929,Match
DEL TACO #774|96 E 12300 S|DRAPER,DEL TACO #774,96 E 12300 S,DRAPER,"DRAPER, UT 84020",Restaurants: non-plated,friend_slc,40.52671169306,-111.887592116004,Match
DEL TACO #876|6876 S REDWOOD RD|WEST JORDAN,DEL TACO #876,6876 S REDWOOD RD,WEST JORDAN,"WEST JORDAN, UT 84084",Restaurants: non-plated,friend_slc,40.626566531019,-111.938821304724,Match
DEL TACO|1651 W SOUTH JORDAN PKWY|SOUTH JORDAN,DEL TACO,1651 W SOUTH JORDAN PKWY,SOUTH JORDAN,"SOUTH JORDAN, UT 84095",Restaurants: non-plated,friend_slc,40.562306692918,-111.937344946469,Match
DELICIAS FRUTY SNACKS|1739 W CARRIAGE SQUARE|TAYLORSVILLE,DELICIAS FRUTY SNACKS,1739 W CARRIAGE SQUARE,TAYLORSVILLE,"TAYLORSVILLE, UT 84129",Beverage Service: Juice/Smoothies,friend_slc,,,No_Match
DELTA CLUB/DELTA CENTER|301 W SOUTH TEMPLE ST|SALT LAKE CITY,DELTA CLUB/DELTA CENTER,301 W SOUTH TEMPLE ST,SALT LAKE CITY,"SALT LAKE CITY, UT 84101",Restaurants: plated,friend_slc,40.76928866684,-111.899750414772,Match
DENNYS #7480|1701 W NORTH TEMPLE ST|SALT LAKE CITY,DENNYS #7480,1701 W NORTH TEMPLE ST,SALT LAKE CITY,"SALT LAKE CITY, UT 84116",Restaurants: plated,friend_slc,40.771466669695,-111.939341408937,Match
DIAMOND CONCESSIONS @MAVERIK CENTER #430|3200 S DECKER LAKE DR|WEST VALLEY CITY,DIAMOND CONCESSIONS @MAVERIK CENTER #430,3200 S DECKER LAKE DR,WEST VALLEY CITY,"WEST VALLEY CITY, UT 84119",Concessions: potentially hazardous foods,friend_slc,40.70234925589,-111.948678836746,Match
DINING WITH DONNA|3232 S 400 E|SOUTH SALT LAKE,DINING WITH DONNA,3232 S 400 E,SOUTH SALT LAKE,"SOUTH SALT LAKE, UT 84115","Caterers, not restaurant connected",friend_slc,40.7220529,-111.8797051,Match_Nominatim
DINNER TIME MEALS|278 E 12300 S|DRAPER,DINNER TIME MEALS,278 E 12300 S,DRAPER,"DRAPER, UT 84020",Restaurants: non-plated,friend_slc,40.526702304911,-111.882395983372,Match
DIPPIN DOTS#H272GL|3232 S 400 E|SOUTH SALT LAKE,DIPPIN DOTS#H272GL,3232 S 400 E,SOUTH SALT LAKE,"SOUTH SALT LAKE, UT 84115",Mobiles: Mobile Food Units (Trucks),friend_slc,40.7220529,-111.8797051,Match_Nominatim
DODO RESTAURANT|1355 E 2100 S|SALT LAKE CITY,DODO RESTAURANT,1355 E 2100 S,SALT LAKE CITY,"SALT LAKE CITY, UT 84105",Restaurants: plated,friend_slc,40.725725837337,-111.85220390237,Match
DOLLYS SHAVE ICE #410010Z|3232 S 400 E|SOUTH SALT LAKE,DOLLYS SHAVE ICE #410010Z,3232 S 400 E,SOUTH SALT LAKE,"SOUTH SALT LAKE, UT 84115",Mobiles: Mobile Food Units (Trucks),friend_slc,40.7220529,-111.8797051,Match_Nominatim
DOMINOS PIZZA #7509|2282 S REDWOOD RD|WEST VALLEY CITY,DOMINOS PIZZA #7509,2282 S REDWOOD RD,WEST VALLEY CITY,"WEST VALLEY CITY, UT 84119",Restaurants: non-plated,friend_slc,40.721160741088,-111.939042709278,Match
DOMINOS PIZZA #7514|6064 S STATE ST|MURRAY,DOMINOS PIZZA #7514,6064 S STATE ST,MURRAY,"MURRAY, UT 84107",Restaurants: non-plated,friend_slc,40.639219205802,-111.889158775933,Match
DOMINOS PIZZA #7518|4756 S HIGHLAND DR|SALT LAKE CITY,DOMINOS PIZZA #7518,4756 S HIGHLAND DR,SALT LAKE CITY,"SALT LAKE CITY, UT 84117",Restaurants: non-plated,friend_slc,40.7078434,-111.8536153,Match_Nominatim
DOMINOS PIZZA #7531|4790 W 3500 S|SALT LAKE CITY,DOMINOS PIZZA #7531,4790 W 3500 S,SALT LAKE CITY,"SALT LAKE CITY, UT 84120",Restaurants: non-plated,friend_slc,40.696638274598,-112.005465344433,Match
DOMINOS PIZZA #9115|1961 E FORT UNION BLVD|COTTONWOOD HEIGHTS,DOMINOS PIZZA #9115,1961 E FORT UNION BLVD,COTTONWOOD HEIGHTS,"COTTONWOOD HEIGHTS, UT 84121",Restaurants: non-plated,friend_slc,40.624381397565,-111.835262245874,Match
DOMINOS PIZZA 9116|3731 W SOUTH JORDAN PKWY|SOUTH JORDAN,DOMINOS PIZZA 9116,3731 W SOUTH JORDAN PKWY,SOUTH JORDAN,"SOUTH JORDAN, UT 84095",Restaurants: non-plated,friend_slc,40.5600894,-111.9181904,Match_Nominatim
DOMINOS PIZZA|13680 S REDWOOD RD|RIVERTON,DOMINOS PIZZA,13680 S REDWOOD RD,RIVERTON,"RIVERTON, UT 84065",Restaurants: non-plated,friend_slc,40.502567021427,-111.938782951133,Match
DOMINOS PIZZA|14688 S 568 W|BLUFFDALE,DOMINOS PIZZA,14688 S 568 W,BLUFFDALE,"BLUFFDALE, UT 84065",Restaurants: non-plated,friend_slc,,,No_Match
DOMINOS PIZZA|7552 S PLAZA CENTER DR|WEST JORDAN,DOMINOS PIZZA,7552 S PLAZA CENTER DR,WEST JORDAN,"WEST JORDAN, UT 84084",Restaurants: non-plated,friend_slc,40.612940985394,-111.981873347636,Match
DOMINOS|1156 W 600 N|SALT LAKE CITY,DOMINOS,1156 W 600 N,SALT LAKE CITY,"SALT LAKE CITY, UT 84116",Restaurants: non-plated,friend_slc,40.782435258684,-111.924188302012,Match
DOMINOS|1430 S FOOTHILL DR|SALT LAKE CITY,DOMINOS,1430 S FOOTHILL DR,SALT LAKE CITY,"SALT LAKE CITY, UT 84108",Restaurants: non-plated,friend_slc,40.739221118956,-111.825274226452,Match
DOMINOS|2115 S STATE ST|SOUTH SALT LAKE,DOMINOS,2115 S STATE ST,SOUTH SALT LAKE,"SOUTH SALT LAKE, UT 84115",Restaurants: non-plated,friend_slc,40.725059576263,-111.888143535758,Match
DON DANIELS MEXICAN GRILL & CANTINA|1017 N 900 W|SALT LAKE CITY,DON DANIELS MEXICAN GRILL & CANTINA,1017 N 900 W,SALT LAKE CITY,"SALT LAKE CITY, UT 84116",Restaurants: plated,friend_slc,40.791260614854,-111.917354433182,Match
DUMKE SOFTBALL FIELD|102 S WASATCH DR|SALT LAKE CITY,DUMKE SOFTBALL FIELD,102 S WASATCH DR,SALT LAKE CITY,"SALT LAKE CITY, UT 84112",Concessions: potentially hazardous foods,friend_slc,40.768406058841,-111.840272615067,Match
DUTCH BROS|7856 S 700 E|SANDY,DUTCH BROS,7856 S 700 E,SANDY,"SANDY, UT 84070",Beverage Service: Coffee,friend_slc,40.60860883052,-111.872246259708,Match
EAST COAST SUBS|6056 S STATE ST|MURRAY,EAST COAST SUBS,6056 S STATE ST,MURRAY,"MURRAY, UT 84107",Restaurants: non-plated,friend_slc,40.639375035351,-111.88915166581,Match
EDISON HOUSE - 1ST FLOOR KITCHEN/BAR|335 S 200 W|SALT LAKE CITY,EDISON HOUSE - 1ST FLOOR KITCHEN/BAR,335 S 200 W,SALT LAKE CITY,"SALT LAKE CITY, UT 84101",Restaurants: non-plated,friend_slc,40.762945925973,-111.896737116584,Match
EDISON HOUSE - 2ND FLOOR KITCHEN/2 BARS|335 S 200 W|SALT LAKE CITY,EDISON HOUSE - 2ND FLOOR KITCHEN/2 BARS,335 S 200 W,SALT LAKE CITY,"SALT LAKE CITY, UT 84101",Restaurants: non-plated,friend_slc,40.762945925973,-111.896737116584,Match
EIFFEL TOWER CATERING|1753 S 700 E|SALT LAKE CITY,EIFFEL TOWER CATERING,1753 S 700 E,SALT LAKE CITY,"SALT LAKE CITY, UT 84105","Caterers, not restaurant connected",friend_slc,40.732181668734,-111.870988160986,Match
EINSTEIN BROS BAGELS|5542 W 7800 S|WEST JORDAN,EINSTEIN BROS BAGELS,5542 W 7800 S,WEST JORDAN,"WEST JORDAN, UT 84081",Restaurants: plated,friend_slc,40.6095002858,-112.024461073185,Match
EINSTEIN BROTHERS BAGELS #1253|72 E 10600 S|SANDY,EINSTEIN BROTHERS BAGELS #1253,72 E 10600 S,SANDY,"SANDY, UT 84070",Restaurants: non-plated,friend_slc,40.558805213287,-111.889243046447,Match
EINSTEIN BROTHERS BAGELS #724|1520 S 1500 E|SALT LAKE CITY,EINSTEIN BROTHERS BAGELS #724,1520 S 1500 E,SALT LAKE CITY,"SALT LAKE CITY, UT 84105",Restaurants: non-plated,friend_slc,40.736409257867,-111.848036392354,Match
EINSTEIN BROTHERS BAGELS #730|3923 S WASATCH BLVD|MILLCREEK TS,EINSTEIN BROTHERS BAGELS #730,3923 S WASATCH BLVD,MILLCREEK TS,"MILLCREEK TS, UT 84124",Restaurants: non-plated,friend_slc,40.686616019596,-111.795931592263,Match
EINSTEIN BROTHERS BAGELS #732|5588 S REDWOOD RD|TAYLORSVILLE,EINSTEIN BROTHERS BAGELS #732,5588 S REDWOOD RD,TAYLORSVILLE,"TAYLORSVILLE, UT 84123",Restaurants: non-plated,friend_slc,40.649610761535,-111.938855287664,Match
EL CAMINO KITCHEN|752 W CENTER ST|MIDVALE,EL CAMINO KITCHEN,752 W CENTER ST,MIDVALE,"MIDVALE, UT 84047","Caterers, not restaurant connected",friend_slc,40.6109093,-111.9115446,Match_Nominatim
EL JARIPEO 8 #267390A|7235 W 3500 S|MAGNA,EL JARIPEO 8 #267390A,7235 W 3500 S,MAGNA,"MAGNA, UT 84044",Mobiles: Mobile Food Units (Trucks),friend_slc,40.696436029532,-112.063953587997,Match
EL JARIPEO GRILL ON THE WHEEL #3T7LA|1259 S REDWOOD RD|SALT LAKE CITY,EL JARIPEO GRILL ON THE WHEEL #3T7LA,1259 S REDWOOD RD,SALT LAKE CITY,"SALT LAKE CITY, UT 84104",Mobiles: Mobile Food Units (Trucks),friend_slc,40.741921115788,-111.938908222411,Match
EL POLLO LOCO #3821|1120 S 300 W|SALT LAKE CITY,EL POLLO LOCO #3821,1120 S 300 W,SALT LAKE CITY,"SALT LAKE CITY, UT 84101",Restaurants: non-plated,friend_slc,40.744501198486,-111.899736889311,Match
EL POLLO LOCO #3890|3964 W 4700 S|WEST VALLEY CITY,EL POLLO LOCO #3890,3964 W 4700 S,WEST VALLEY CITY,"WEST VALLEY CITY, UT 84120",Restaurants: non-plated,friend_slc,40.667635,-111.9816544,Match_Nominatim
EL RANCHO PEQUENA|1391 S 300 W|SALT LAKE CITY,EL RANCHO PEQUENA,1391 S 300 W,SALT LAKE CITY,"SALT LAKE CITY, UT 84115",Restaurants: non-plated,friend_slc,40.739303796815,-111.899581146097,Match
ELEVATION CATERING|2266 E EVERGREEN AVE|MILLCREEK,ELEVATION CATERING,2266 E EVERGREEN AVE,MILLCREEK,"MILLCREEK, UT 84109",Restaurants: plated,friend_slc,40.696662958284,-111.825159491662,Match
ELLERBECK|140 B ST|SALT LAKE CITY,ELLERBECK,140 B ST,SALT LAKE CITY,"SALT LAKE CITY, UT 84103",Public Lodging: Bed and Breakfast,friend_slc,40.772780665059,-111.881972607345,Match
EMIGRATION CAFE DOG PATIO|1709 E 1300 S|SALT LAKE CITY,EMIGRATION CAFE DOG PATIO,1709 E 1300 S,SALT LAKE CITY,"SALT LAKE CITY, UT 84108",Restaurants: non-plated,friend_slc,40.741701256801,-111.841969465848,Match
EMILIANOS TACO SHOP #HBMG2|56 E 3335 S|SOUTH SALT LAKE,EMILIANOS TACO SHOP #HBMG2,56 E 3335 S,SOUTH SALT LAKE,"SOUTH SALT LAKE, UT 84129",Mobiles: Mobile Food Units (Trucks),friend_slc,40.698926673898,-111.889519844607,Match
EMPANADAS 801 @ COCINA TEPIN|2163 S RICHARDS ST|SOUTH SALT LAKE,EMPANADAS 801 @ COCINA TEPIN,2163 S RICHARDS ST,SOUTH SALT LAKE,"SOUTH SALT LAKE, UT 84115","Caterers, not restaurant connected",friend_slc,40.724427657692,-111.892718665737,Match
ENCANTO EVENTS|1164 S MAIN ST|SALT LAKE CITY,ENCANTO EVENTS,1164 S MAIN ST,SALT LAKE CITY,"SALT LAKE CITY, UT 84101",Restaurants: non-plated,friend_slc,40.743668976757,-111.891150891737,Match
ENTRATA CLUB @ DELTA CENTER|301 W SOUTH TEMPLE ST|SALT LAKE CITY,ENTRATA CLUB @ DELTA CENTER,301 W SOUTH TEMPLE ST,SALT LAKE CITY,"SALT LAKE CITY, UT 84101",Restaurants: non-plated,friend_slc,40.76928866684,-111.899750414772,Match
ESSENTIAL NUTRITION|5486 S 4220 W|KEARNS,ESSENTIAL NUTRITION,5486 S 4220 W,KEARNS,"KEARNS, UT 84118",Beverage Service: Juice/Smoothies,friend_slc,40.651507291425,-111.99176627833,Match
EUREST - SALT LAKE ICB|5201 W AMELIA EARHART DR|SALT LAKE CITY,EUREST - SALT LAKE ICB,5201 W AMELIA EARHART DR,SALT LAKE CITY,"SALT LAKE CITY, UT 84116",Restaurants: non-plated,friend_slc,40.776335675053,-112.014680398578,Match
EUREST - WELLS FARGO COB|260 N CHARLES LINDBERGH DR|SALT LAKE CITY,EUREST - WELLS FARGO COB,260 N CHARLES LINDBERGH DR,SALT LAKE CITY,"SALT LAKE CITY, UT 84116",Restaurants: non-plated,friend_slc,40.775269002525,-112.011935635946,Match
EUREST|533 S 400 W|SALT LAKE CITY,EUREST,533 S 400 W,SALT LAKE CITY,"SALT LAKE CITY, UT 84101",Restaurants: non-plated,friend_slc,40.757736841041,-111.902452121825,Match
EVENTS ON MAIN|9135 W MAGNA MAIN ST|MAGNA,EVENTS ON MAIN,9135 W MAGNA MAIN ST,MAGNA,"MAGNA, UT 84044",Restaurants: non-plated,friend_slc,,,No_Match
FAIRFIELD BY MARRIOTT|6433 S HIGHLAND DR|HOLLADAY,FAIRFIELD BY MARRIOTT,6433 S HIGHLAND DR,HOLLADAY,"HOLLADAY, UT 84121",Restaurants: non-plated,friend_slc,40.634124491502,-111.83415057229,Match
FAIRFIELD INN & SUITES MURRAY|594 W 4500 S|MURRAY,FAIRFIELD INN & SUITES MURRAY,594 W 4500 S,MURRAY,"MURRAY, UT 84123",Public Lodging: continental breakfast,friend_slc,40.674907040226,-111.907770006973,Match
FAIRFIELD INN & SUITES SALT LAKE CITY SOUTHWEST|2878 S 5600 W|WEST VALLEY CITY,FAIRFIELD INN & SUITES SALT LAKE CITY SOUTHWEST,2878 S 5600 W,WEST VALLEY CITY,"WEST VALLEY CITY, UT 84120",Public Lodging: continental breakfast,friend_slc,40.708447613178,-112.024982579759,Match
FAMILY BREAKFAST #015402Z|1055 E DRAPER PKWY|DRAPER,FAMILY BREAKFAST #015402Z,1055 E Draper PKWY,DRAPER,"DRAPER, UT 84020",Mobiles: Mobile Food Units (Trucks),friend_slc,40.528082364739,-111.860450021157,Match
FARRS 523/DELTA CENTER|301 W SOUTH TEMPLE ST|SALT LAKE CITY,FARRS 523/DELTA CENTER,301 W SOUTH TEMPLE ST,SALT LAKE CITY,"SALT LAKE CITY, UT 84101",Restaurants: non-plated,friend_slc,40.76928866684,-111.899750414772,Match
FELDMANS DELI DOG PATIO|2005 E 2700 S|SALT LAKE CITY,FELDMANS DELI DOG PATIO,2005 E 2700 S,SALT LAKE CITY,"SALT LAKE CITY, UT 84109",Restaurants: non-plated,friend_slc,40.712766259408,-111.833886401913,Match
FELT BAR & EATERY|341 S MAIN ST|SALT LAKE CITY,FELT BAR & EATERY,341 S MAIN ST,SALT LAKE CITY,"SALT LAKE CITY, UT 84101",Restaurants: plated,friend_slc,40.761951958465,-111.891013144721,Match
FILLINGS AND EMULSIONS @ GRANATOS|1391 S 300 W|SALT LAKE CITY,FILLINGS AND EMULSIONS @ GRANATOS,1391 S 300 W,SALT LAKE CITY,"SALT LAKE CITY, UT 84115",Restaurants: non-plated,friend_slc,40.739303796815,-111.899581146097,Match
FILLINGS AND EMULSIONS|3920 W TERMINAL DR|SALT LAKE CITY,FILLINGS AND EMULSIONS,3920 W TERMINAL DR,SALT LAKE CITY,"SALT LAKE CITY, UT 84122",Restaurants: non-plated,friend_slc,,,No_Match
FIRE AND SLICE PIZZA @ AM ACADEMY OF INNOVATION|5410 W SOUTH JORDAN PKWY|SOUTH JORDAN,FIRE AND SLICE PIZZA @ AM ACADEMY OF INNOVATION,5410 W SOUTH JORDAN PKWY,SOUTH JORDAN,"SOUTH JORDAN, UT 84009",Commissary,friend_slc,40.5615028,-111.9985732,Match_Nominatim
FIRE PIZZA #TRUCK 6|5176 W LIBERATOR DR|KEARNS,FIRE PIZZA #TRUCK 6,5176 W LIBERATOR DR,KEARNS,"KEARNS, UT 84118",Mobiles: Mobile Food Units (Trucks),friend_slc,,,No_Match
FIREHOUSE BBQ SLC|565 E 2100 S|SALT LAKE CITY,FIREHOUSE BBQ SLC,565 E 2100 S,SALT LAKE CITY,"SALT LAKE CITY, UT 84106","Caterers, not restaurant connected",friend_slc,40.725485594662,-111.874932707641,Match
FIREHOUSE SUBS #1821|1008 E FT UNION BLVD|MIDVALE,FIREHOUSE SUBS #1821,1008 E FT UNION BLVD,MIDVALE,"MIDVALE, UT 84047",Restaurants: non-plated,friend_slc,40.6207755,-111.8822363,Match_Nominatim
FISHER BREWING COMPANY - DOG PATIO|320 W 800 S|SALT LAKE CITY,FISHER BREWING COMPANY - DOG PATIO,320 W 800 S,SALT LAKE CITY,"SALT LAKE CITY, UT 84101",Restaurants: plated,friend_slc,40.752006260207,-111.900293704238,Match
FISHER BREWING COMPANY|320 W 800 S|SALT LAKE CITY,FISHER BREWING COMPANY,320 W 800 S,SALT LAKE CITY,"SALT LAKE CITY, UT 84101",Beverage Service: Bars/Lounges,friend_slc,40.752006260207,-111.900293704238,Match
FIVE GUYS BURGERS AND FRIES|10431 S STATE ST|SANDY,FIVE GUYS BURGERS AND FRIES,10431 S STATE ST,SANDY,"SANDY, UT 84070",Restaurants: non-plated,friend_slc,40.561819077451,-111.89072971753,Match
FIVE GUYS BURGERS AND FRIES|2917 S GLEN EAGLE DR|WEST VALLEY CITY,FIVE GUYS BURGERS AND FRIES,2917 S GLEN EAGLE DR,WEST VALLEY CITY,"WEST VALLEY CITY, UT 84128",Restaurants: non-plated,friend_slc,40.707341683543,-112.025106302078,Match
FIVE GUYS BURGERS AND FRIES|487 E 12300 S|DRAPER,FIVE GUYS BURGERS AND FRIES,487 E 12300 S,DRAPER,"DRAPER, UT 84020",Restaurants: non-plated,friend_slc,40.526754283698,-111.877850919481,Match
FIVE GUYS|1082 E FORT UNION BLVD|MIDVALE,FIVE GUYS,1082 E FORT UNION BLVD,MIDVALE,"MIDVALE, UT 84047",Restaurants: plated,friend_slc,40.623426965357,-111.861992915885,Match
FIVE GUYS|12570 S RHETSKI LN|RIVERTON,FIVE GUYS,12570 S RHETSKI LN,RIVERTON,"RIVERTON, UT 84065",Restaurants: non-plated,friend_slc,40.5227044,-111.9823607,Match_Nominatim
FIVE GUYS|3167 E 3300 S|SALT LAKE CITY,FIVE GUYS,3167 E 3300 S,SALT LAKE CITY,"SALT LAKE CITY, UT 84109",Restaurants: non-plated,friend_slc,40.699896258502,-111.803774935722,Match
FLEMINGS PRIME STEAKHOUSE|20 S 400 W|SALT LAKE CITY,FLEMINGS PRIME STEAKHOUSE,20 S 400 W,SALT LAKE CITY,"SALT LAKE CITY, UT 84101",Restaurants: plated,friend_slc,40.768901777993,-111.902607913948,Match
FLIK @ FIDELITY|49 N 400 W|SALT LAKE CITY,FLIK @ FIDELITY,49 N 400 W,SALT LAKE CITY,"SALT LAKE CITY, UT 84101",Restaurants: non-plated,friend_slc,40.770261173985,-111.902607915014,Match
FLOWER CHILD|1414 S FOOTHILL DR|SALT LAKE CITY,FLOWER CHILD,1414 S FOOTHILL DR,SALT LAKE CITY,"SALT LAKE CITY, UT 84108",Restaurants: plated,friend_slc,40.739509535958,-111.825527954044,Match
FLOWERCHILD RIVERTON|4422 W TREE SPARROW DR|RIVERTON,FLOWERCHILD RIVERTON,4422 W TREE SPARROW DR,RIVERTON,"RIVERTON, UT 84096",Restaurants: non-plated,friend_slc,,,No_Match
FLYING J TRAVEL CENTER #746|2025 S 900 W|SALT LAKE CITY,FLYING J TRAVEL CENTER #746,2025 S 900 W,SALT LAKE CITY,"SALT LAKE CITY, UT 84104",Restaurants: non-plated,friend_slc,40.726869709936,-111.916726159173,Match
FOOD JUSTICE COALITION|751 W 800 S|SALT LAKE CITY,FOOD JUSTICE COALITION,751 W 800 S,SALT LAKE CITY,"SALT LAKE CITY, UT 84104",Restaurants: plated,friend_slc,40.751878026205,-111.912556101444,Match
FORE LAKES GOLF INC|1285 W 4700 S|TAYLORSVILLE,FORE LAKES GOLF INC,1285 W 4700 S,TAYLORSVILLE,"TAYLORSVILLE, UT 84123",Concessions: potentially hazardous foods,friend_slc,40.665747128723,-111.928478305256,Match
FRESHIES LOBSTER|356 E 900 S|SALT LAKE CITY,FRESHIES LOBSTER,356 E 900 S,SALT LAKE CITY,"SALT LAKE CITY, UT 84111",Restaurants: non-plated,friend_slc,40.749722667534,-111.880704687149,Match
GALLIVAN CENTER|239 S MAIN ST|SALT LAKE CITY,GALLIVAN CENTER,239 S MAIN ST,SALT LAKE CITY,"SALT LAKE CITY, UT 84111",Restaurants: non-plated,friend_slc,40.764141569517,-111.89101761584,Match
GARAGE GRILL - DOG PATIO|1122 E DRAPER PKWY|DRAPER,GARAGE GRILL - DOG PATIO,1122 E DRAPER PKWY,DRAPER,"DRAPER, UT 84020",Restaurants: plated,friend_slc,40.528326196095,-111.858365814687,Match
GARDEN ESPRESSO|917 E VINE ST|MURRAY,GARDEN ESPRESSO,917 E VINE ST,MURRAY,"MURRAY, UT 84121",Restaurants: non-plated,friend_slc,40.64204997311,-111.865476530875,Match
GARDEN O VEATEN #V045BS|56 E 3335 S|SOUTH SALT LAKE,GARDEN O VEATEN #V045BS,56 E 3335 S,SOUTH SALT LAKE,"SOUTH SALT LAKE, UT 84115",Mobiles: Mobile Food Units (Trucks),friend_slc,40.698926673898,-111.889519844607,Match
GLOBAL FOOD SERVICES WEST OFFICE BUILDING|120 N 200 W|SALT LAKE CITY,GLOBAL FOOD SERVICES WEST OFFICE BUILDING,120 N 200 W,SALT LAKE CITY,"SALT LAKE CITY, UT 84103",Restaurants: non-plated,friend_slc,40.772022014554,-111.896741605181,Match
GOLDEN GYROS|259 W 900 S|SALT LAKE CITY,GOLDEN GYROS,259 W 900 S,SALT LAKE CITY,"SALT LAKE CITY, UT 84101",Restaurants: non-plated,friend_slc,40.749713668927,-111.898516185013,Match
GOLDMINERS DAUGHTER LODGE - LOUNGE|10160 E HWY 210|ALTA,GOLDMINERS DAUGHTER LODGE - LOUNGE,10160 E HWY 210,ALTA,"ALTA, UT 84092",Beverage Service: Bars/Lounges,friend_slc,40.590135216377,-111.636920267375,Match
GOLDMINERS DAUGHTER LODGE - SLOPESIDE JOES|10160 E HIGHWAY 210 HWY|ALTA,GOLDMINERS DAUGHTER LODGE - SLOPESIDE JOES,10160 E HIGHWAY 210 HWY,ALTA,"ALTA, UT 84092",Beverage Service: Coffee,friend_slc,40.590135216377,-111.636920267375,Match
GOOD 2 GO STORE|4978 W 12600 S|HERRIMAN,GOOD 2 GO STORE,4978 W 12600 S,HERRIMAN,"HERRIMAN, UT 84020",Restaurants: non-plated,friend_slc,40.522565826558,-112.007155129849,Match
GOOD2GO STORES|5075 W HERRIMAN BLVD|HERRIMAN,GOOD2GO STORES,5075 W HERRIMAN BLVD,HERRIMAN,"HERRIMAN, UT 84096",Restaurants: non-plated,friend_slc,40.522357986624,-112.01433422396,Match
GORDOS TACOS #248824A|5470 S 900 E|MURRAY,GORDOS TACOS #248824A,5470 S 900 E,MURRAY,"MURRAY, UT 84117",Mobiles: Mobile Food Units (Trucks),friend_slc,40.652140380211,-111.865994623576,Match
GOURMANDISE THE BAKERY DOG PATIO|250 S 300 E|SALT LAKE CITY,GOURMANDISE THE BAKERY DOG PATIO,250 S 300 E,SALT LAKE CITY,"SALT LAKE CITY, UT 84111",Restaurants: non-plated,friend_slc,40.763893498444,-111.882578413543,Match
GOURMANDISE THE BAKERY DOG PATIO|725 E 12300 S|DRAPER,GOURMANDISE THE BAKERY DOG PATIO,725 E 12300 S,DRAPER,"DRAPER, UT 84020",Restaurants: non-plated,friend_slc,40.527014334304,-111.870281670846,Match
GRANATO FOODS|1391 S 300 W|SALT LAKE CITY,GRANATO FOODS,1391 S 300 W,SALT LAKE CITY,"SALT LAKE CITY, UT 84115",Commissary,friend_slc,40.739303796815,-111.899581146097,Match
GRANATOS GOURMET MARKET|4051 W TERMINAL DR|SALT LAKE CITY,GRANATOS GOURMET MARKET,4051 W TERMINAL DR,SALT LAKE CITY,"SALT LAKE CITY, UT 84122",Restaurants: plated,friend_slc,,,No_Match
GRAND AMERICA HOTEL - GIBSON GIRL LOUNGE|555 S MAIN ST|SALT LAKE CITY,GRAND AMERICA HOTEL - GIBSON GIRL LOUNGE,555 S MAIN ST,SALT LAKE CITY,"SALT LAKE CITY, UT 84111",Beverage Service: Bars/Lounges,friend_slc,40.757284652466,-111.891008624195,Match
GRAND AMERICA HOTEL BUTCHER SHOP BASEMENT|555 S MAIN ST|SALT LAKE CITY,GRAND AMERICA HOTEL BUTCHER SHOP BASEMENT,555 S MAIN ST,SALT LAKE CITY,"SALT LAKE CITY, UT 84111",Commissary,friend_slc,40.757284652466,-111.891008624195,Match
GRAND AMERICA HOTEL EMPLOYEE DINING|555 S MAIN ST|SALT LAKE CITY,GRAND AMERICA HOTEL EMPLOYEE DINING,555 S MAIN ST,SALT LAKE CITY,"SALT LAKE CITY, UT 84111",Restaurants: plated,friend_slc,40.757284652466,-111.891008624195,Match
GRAND AMERICA HOTEL POOL KITCHEN|555 S MAIN ST|SALT LAKE CITY,GRAND AMERICA HOTEL POOL KITCHEN,555 S MAIN ST,SALT LAKE CITY,"SALT LAKE CITY, UT 84111",Concessions: potentially hazardous foods,friend_slc,40.757284652466,-111.891008624195,Match
GRANDMA SWAN SMITH ECLECTIC DELIGHTS #1BFF5|67 W 1700 S|SALT LAKE CITY,GRANDMA SWAN SMITH ECLECTIC DELIGHTS #1BFF5,67 W 1700 S,SALT LAKE CITY,"SALT LAKE CITY, UT 84115",Mobiles: Mobile Food Units (Trucks),friend_slc,40.733450670328,-111.893203108368,Match
GREAT STEAK & POTATO CO|28 S STATE ST|SALT LAKE CITY,GREAT STEAK & POTATO CO,28 S STATE ST,SALT LAKE CITY,"SALT LAKE CITY, UT 84111",Restaurants: non-plated,friend_slc,40.769017451144,-111.888302416873,Match
GREEK ORTHODOX CHURCH|279 S 300 W|SALT LAKE CITY,GREEK ORTHODOX CHURCH,279 S 300 W,SALT LAKE CITY,"SALT LAKE CITY, UT 84101",Commissary,friend_slc,40.76306242394,-111.899594615313,Match
GRILLE|5055 S WEST RIDGE BLVD|KEARNS TS,GRILLE,5055 S WEST RIDGE BLVD,KEARNS TS,"KEARNS TS, UT 84118",Restaurants: plated,friend_slc,,,No_Match
GUADALUPE SCHOOL|1385 N 1200 W|SALT LAKE CITY,GUADALUPE SCHOOL,1385 N 1200 W,SALT LAKE CITY,"SALT LAKE CITY, UT 84116",Restaurants: plated,friend_slc,40.798771179748,-111.925630614154,Match
HABANERO CHILE|1245 S 900 W|SALT LAKE CITY,HABANERO CHILE,1245 S 900 W,SALT LAKE CITY,"SALT LAKE CITY, UT 84104",Mobiles: Food Carts,friend_slc,40.742174263248,-111.91673513852,Match
HABIT BURGER GRILL|11380 S STATE ST|SANDY,HABIT BURGER GRILL,11380 S STATE ST,SANDY,"SANDY, UT 84070",Restaurants: non-plated,friend_slc,40.544852896522,-111.891205013737,Match
HABIT BURGER GRILL|6993 S PARK CENTRE DR|COTTONWOOD HEIGHTS,HABIT BURGER GRILL,6993 S PARK CENTRE DR,COTTONWOOD HEIGHTS,"COTTONWOOD HEIGHTS, UT 84121",Restaurants: non-plated,friend_slc,40.624448324834,-111.851149829101,Match
HADFIELD HOUSE @SLC COMMISSARY|3678 W 2100 S|SALT LAKE CITY,HADFIELD HOUSE @SLC COMMISSARY,3678 W 2100 S,SALT LAKE CITY,"SALT LAKE CITY, UT 84120","Caterers, not restaurant connected",friend_slc,40.726377191317,-111.979148833276,Match
HALL PASS DOG PATIO|153 S RIO GRANDE ST|SALT LAKE CITY,HALL PASS DOG PATIO,153 S RIO GRANDE ST,SALT LAKE CITY,"SALT LAKE CITY, UT 84101",Restaurants: non-plated,friend_slc,40.766711258094,-111.903967702724,Match
HALLOWED GROUNDS CAFE AND GIFTS|370 S 300 E|SALT LAKE CITY,HALLOWED GROUNDS CAFE AND GIFTS,370 S 300 E,SALT LAKE CITY,"SALT LAKE CITY, UT 84111",Beverage Service: Coffee,friend_slc,40.761298652985,-111.882574625882,Match
HAMPTON INN|425 S 300 W|SALT LAKE CITY,HAMPTON INN,425 S 300 W,SALT LAKE CITY,"SALT LAKE CITY, UT 84101",Public Lodging: full breakfast,friend_slc,40.76008254738,-111.899594619609,Match
HANDLEBAR - DOG PATIO|751 N 300 W|SALT LAKE CITY,HANDLEBAR - DOG PATIO,751 N 300 W,SALT LAKE CITY,"SALT LAKE CITY, UT 84103",Beverage Service: Bars/Lounges,friend_slc,40.785792256397,-111.899759431202,Match
HARMONS - COFFEE SHOP|125 E 13800 S|DRAPER,HARMONS - COFFEE SHOP,125 E 13800 S,DRAPER,"DRAPER, UT 84020",Beverage Service: Coffee,friend_slc,40.500735287341,-111.887087705406,Match
HARMONS - UPSTAIRS DELI|4727 W SOUTH JORDAN PKWY|SOUTH JORDAN,HARMONS - UPSTAIRS DELI,4727 W SOUTH JORDAN PKWY,SOUTH JORDAN,"SOUTH JORDAN, UT 84009",Restaurants: non-plated,friend_slc,40.5617185,-112.0032341,Match_Nominatim
HARMONS BANGERTER CROSSING|125 E 13800 S|DRAPER,HARMONS BANGERTER CROSSING,125 E 13800 S,DRAPER,"DRAPER, UT 84020",Restaurants: non-plated,friend_slc,40.500735287341,-111.887087705406,Match
HARMONS CITY CREEK (BARISTA)|135 E 100 S|SALT LAKE CITY,HARMONS CITY CREEK (BARISTA),135 E 100 S,SALT LAKE CITY,"SALT LAKE CITY, UT 84111",Restaurants: non-plated,friend_slc,40.767234257512,-111.887558819934,Match
HARMONS CITY CREEK - JUST BURGERS|135 E 100 S|SALT LAKE CITY,HARMONS CITY CREEK - JUST BURGERS,135 E 100 S,SALT LAKE CITY,"SALT LAKE CITY, UT 84111",Restaurants: non-plated,friend_slc,40.767234257512,-111.887558819934,Match
HARMONS DAY BREAK - JUST BURGERS|4727 W SOUTH JORDAN PKWY|SOUTH JORDAN,HARMONS DAY BREAK - JUST BURGERS,4727 W SOUTH JORDAN PKWY,SOUTH JORDAN,"SOUTH JORDAN, UT 84009",Restaurants: non-plated,friend_slc,40.5617185,-112.0032341,Match_Nominatim
HARMONS TAYLORSVILLE|5454 S REDWOOD RD|TAYLORSVILLE,HARMONS TAYLORSVILLE,5454 S REDWOOD RD,TAYLORSVILLE,"TAYLORSVILLE, UT 84123",Restaurants: non-plated,friend_slc,40.652109361685,-111.938866695743,Match
HARMONS WEST|3955 W 3500 S|WEST VALLEY CITY,HARMONS WEST,3955 W 3500 S,WEST VALLEY CITY,"WEST VALLEY CITY, UT 84120",Restaurants: non-plated,friend_slc,40.696550681658,-111.985573530733,Match
"HARMONS, BASEMENT KITCHEN, GELATO|4727 W SOUTH JORDAN PKWY|SOUTH JORDAN","HARMONS, BASEMENT KITCHEN, GELATO",4727 W SOUTH JORDAN PKWY,SOUTH JORDAN,"SOUTH JORDAN, UT 84095",Restaurants: non-plated,friend_slc,40.5617185,-112.0032341,Match_Nominatim
HASH KITCHEN - DOG PATIO|264 E 12300 S|DRAPER,HASH KITCHEN - DOG PATIO,264 E 12300 S,DRAPER,"DRAPER, UT 84020",Restaurants: non-plated,friend_slc,40.526696493537,-111.882795517425,Match
HAVE PARTY WILL TRAVEL|466 W LAWNDALE DR|SOUTH SALT LAKE,HAVE PARTY WILL TRAVEL,466 W LAWNDALE DR,SOUTH SALT LAKE,"SOUTH SALT LAKE, UT 84115","Caterers, not restaurant connected",friend_slc,40.713848673293,-111.903138571359,Match
HCI WELLNESS & INTERGRATIVE HEALTH CENTER KITCHEN|1950 E CIRCLE OF HOPE DR|SALT LAKE CITY,HCI WELLNESS & INTERGRATIVE HEALTH CENTER KITCHEN,1950 E CIRCLE OF HOPE DR,SALT LAKE CITY,"SALT LAKE CITY, UT 84112",Restaurants: non-plated,friend_slc,40.773359310255,-111.835546496118,Match
HEALTHY VIDA FELIZ|4041 W 4100 S|WEST VALLEY CITY,HEALTHY VIDA FELIZ,4041 W 4100 S,WEST VALLEY CITY,"WEST VALLEY CITY, UT 84120",Beverage Service: Juice/Smoothies,friend_slc,40.682024683424,-111.987442673516,Match
HEARTH AND HILL SUGAR ALLEY|2188 S HIGHLAND DR|SALT LAKE CITY,HEARTH AND HILL SUGAR ALLEY,2188 S HIGHLAND DR,SALT LAKE CITY,"SALT LAKE CITY, UT 84106",Restaurants: plated,friend_slc,40.723517335769,-111.85928070294,Match
HECTORS MEXICAN FOOD #276272A|3551 S WEST TEMPLE ST|SOUTH SALT LAKE,HECTORS MEXICAN FOOD #276272A,3551 S WEST TEMPLE ST,SOUTH SALT LAKE,"SOUTH SALT LAKE, UT 84115",Mobiles: Mobile Food Units (Trucks),friend_slc,40.694037121044,-111.893897704368,Match
HERITAGE CONVENIENCE STORE|151 S CONNOR|SALT LAKE CITY,HERITAGE CONVENIENCE STORE,151 S CONNOR,SALT LAKE CITY,"SALT LAKE CITY, UT 84112",Restaurants: non-plated,friend_slc,40.765309027403,-111.830816669918,Match
HIDDEN OAK  GOURMET CREAMERY|370 S 300 E|SALT LAKE CITY,HIDDEN OAK  GOURMET CREAMERY,370 S 300 E,SALT LAKE CITY,"SALT LAKE CITY, UT 84121",Restaurants: non-plated,friend_slc,40.761298652985,-111.882574625882,Match
HIDDEN VALLEY COUNTRY CLUB CONCESSIONS|11820 S HIGHLAND DR|SANDY,HIDDEN VALLEY COUNTRY CLUB CONCESSIONS,11820 S HIGHLAND DR,SANDY,"SANDY, UT 84092",Restaurants: non-plated,friend_slc,40.536942075602,-111.830750610963,Match
HIDDEN VALLEY COUNTRY CLUB-CABANA|11820 S HIGHLAND DR|SANDY,HIDDEN VALLEY COUNTRY CLUB-CABANA,11820 S HIGHLAND DR,SANDY,"SANDY, UT 84092",Concessions: potentially hazardous foods,friend_slc,40.536942075602,-111.830750610963,Match
HIGHLANDER PUB|6194 S HIGHLAND DR|MURRAY,HIGHLANDER PUB,6194 S HIGHLAND DR,MURRAY,"MURRAY, UT 84121",Beverage Service: Bars/Lounges,friend_slc,40.639363653795,-111.834981993866,Match
HILLS KITCHEN DOG PATIO|2188 S HIGHLAND DR|SALT LAKE CITY,HILLS KITCHEN DOG PATIO,2188 S HIGHLAND DR,SALT LAKE CITY,"SALT LAKE CITY, UT 84106",Restaurants: plated,friend_slc,40.723517335769,-111.85928070294,Match
HILTON SALT LAKE CITY CENTER - LOUNGE|255 S WEST TEMPLE ST|SALT LAKE CITY,HILTON SALT LAKE CITY CENTER - LOUNGE,255 S WEST TEMPLE ST,SALT LAKE CITY,"SALT LAKE CITY, UT 84101",Beverage Service: Bars/Lounges,friend_slc,40.76331574802,-111.893875116367,Match
HKBC TAPROOM & BAR - DOG PATIO|370 W ASPEN AVE|SALT LAKE CITY,HKBC TAPROOM & BAR - DOG PATIO,370 W ASPEN AVE,SALT LAKE CITY,"SALT LAKE CITY, UT 84101",Restaurants: non-plated,friend_slc,40.746507260968,-111.902168780787,Match
HMHI COFFEE KIOSK|501 S CHIPETA WY|SALT LAKE CITY,HMHI COFFEE KIOSK,501 S CHIPETA WY,SALT LAKE CITY,"SALT LAKE CITY, UT 84108",Beverage Service: Coffee,friend_slc,40.759425382814,-111.824409901026,Match
HMHI CRISIS KEM AND CAROLYN GARDNER CRISIS CARE|955 W 3300 S|SOUTH SALT LAKE,HMHI CRISIS KEM AND CAROLYN GARDNER CRISIS CARE,955 W 3300 S,SOUTH SALT LAKE,"SOUTH SALT LAKE, UT 84119",Restaurants: plated,friend_slc,40.699358676112,-111.918518473733,Match
HMS HOST PRODUCTION KITCHEN|474 N 3700 W|SALT LAKE CITY,HMS HOST PRODUCTION KITCHEN,474 N 3700 W,SALT LAKE CITY,"SALT LAKE CITY, UT 84122",Commissary,friend_slc,40.77945552026,-111.979681355746,Match
HOLIDAY INN EXPRESS|7134 S 700 E|MIDVALE,HOLIDAY INN EXPRESS,7134 S 700 E,MIDVALE,"MIDVALE, UT 84047",Public Lodging: continental breakfast,friend_slc,40.621596953339,-111.872170136846,Match
HOLIDAY OIL # 29|2729 W 4700 S|TAYLORSVILLE,HOLIDAY OIL # 29,2729 W 4700 S,TAYLORSVILLE,"TAYLORSVILLE, UT 84129",Restaurants: non-plated,friend_slc,40.667570682767,-111.958327353552,Match
HOLIDAY OIL #30|3215 W 5400 S|TAYLORSVILLE,HOLIDAY OIL #30,3215 W 5400 S,TAYLORSVILLE,"TAYLORSVILLE, UT 84129",Restaurants: non-plated,friend_slc,40.653035685128,-111.967786068467,Match
HOLIDAY OIL #32|3978 W INNOVATION DR|RIVERTON,HOLIDAY OIL #32,3978 W INNOVATION DR,RIVERTON,"RIVERTON, UT 84065",Restaurants: non-plated,friend_slc,40.506827633739,-111.986147456208,Match
HOLIDAY OIL #37|15027 S ACADEMY PKWY|HERRIMAN,HOLIDAY OIL #37,15027 S ACADEMY PKWY,HERRIMAN,"HERRIMAN, UT 84096",Restaurants: non-plated,friend_slc,40.477753673008,-111.975399938496,Match
HOLIDAY OIL #44|3592 S 8400 W|MAGNA TS,HOLIDAY OIL #44,3592 S 8400 W,MAGNA TS,"MAGNA TS, UT 84044",Restaurants: non-plated,friend_slc,40.6945656395,-112.091866168323,Match
HOLIDAY OIL #57|2730 W 7800 S|WEST JORDAN,HOLIDAY OIL #57,2730 W 7800 S,WEST JORDAN,"WEST JORDAN, UT 84084",Restaurants: non-plated,friend_slc,40.609572280668,-111.958571658115,Match
HOLIDAY OIL #62|2474 S 7200 W|MAGNA,HOLIDAY OIL #62,2474 S 7200 W,MAGNA,"MAGNA, UT 84044",Restaurants: non-plated,friend_slc,40.715974772327,-112.063252251676,Match
HOLY CROSS - PROUDLY WE SERVE COFFEE SHOP|1050 E SOUTH TEMPLE ST|SALT LAKE CITY,HOLY CROSS - PROUDLY WE SERVE COFFEE SHOP,1050 E SOUTH TEMPLE ST,SALT LAKE CITY,"SALT LAKE CITY, UT 84102",Beverage Service: Coffee,friend_slc,40.769297663806,-111.860980115783,Match
HOLY CROSS - PROUDLY WE SERVE COFFEE SHOP|3580 W 9000 S|WEST JORDAN,HOLY CROSS - PROUDLY WE SERVE COFFEE SHOP,3580 W 9000 S,WEST JORDAN,"WEST JORDAN, UT 84088",Beverage Service: Juice/Smoothies,friend_slc,40.587877388084,-111.976928546347,Match
HOME 2 SUITES-MURRAY|4927 S STATE ST|MURRAY,HOME 2 SUITES-MURRAY,4927 S STATE ST,MURRAY,"MURRAY, UT 84107",Restaurants: non-plated,friend_slc,40.664541372975,-111.888219203951,Match
HOMEROS TACOS Y MAS #6ECN9|3300 S MAIN ST|SALT LAKE CITY,HOMEROS TACOS Y MAS #6ECN9,3300 S MAIN ST,SALT LAKE CITY,"SALT LAKE CITY, UT 84103",Mobiles: Mobile Food Units (Trucks),friend_slc,40.69972767394,-111.891200346839,Match
HOMEWOOD SUITES SALT LAKE CITY DOWNTOWN|423 W 300 S|SALT LAKE CITY,HOMEWOOD SUITES SALT LAKE CITY DOWNTOWN,423 W 300 S,SALT LAKE CITY,"SALT LAKE CITY, UT 84101",Public Lodging: continental breakfast,friend_slc,40.762763667815,-111.902919984895,Match
HONEST EATERY 317/DELTA CENTER|301 W SOUTH TEMPLE ST|SALT LAKE CITY,HONEST EATERY 317/DELTA CENTER,301 W SOUTH TEMPLE ST,SALT LAKE CITY,"SALT LAKE CITY, UT 84101",Restaurants: plated,friend_slc,40.76928866684,-111.899750414772,Match
HONEY BAKED HAM COMPANY|1915 E MURRAY HOLLADAY RD|HOLLADAY,HONEY BAKED HAM COMPANY,1915 E MURRAY HOLLADAY RD,HOLLADAY,"HOLLADAY, UT 84117",Restaurants: non-plated,friend_slc,40.665921264856,-111.83644996176,Match
HOPKINS BREWING CO DOG PATIO|2121 S MCCLELLAND ST|SALT LAKE CITY,HOPKINS BREWING CO DOG PATIO,2121 S MCCLELLAND ST,SALT LAKE CITY,"SALT LAKE CITY, UT 84106",Restaurants: plated,friend_slc,40.723925636658,-111.861253859194,Match
HOT DOG ON A STICK|2721 W 7800 S|WEST JORDAN,HOT DOG ON A STICK,2721 W 7800 S,WEST JORDAN,"WEST JORDAN, UT 84088",Restaurants: non-plated,friend_slc,40.609457689256,-111.958210574924,Match
HOUSTON TX HOT CHICKEN|4505 W PARTRIDGE HILL LN|RIVERTON,HOUSTON TX HOT CHICKEN,4505 W PARTRIDGE HILL LN,RIVERTON,"RIVERTON, UT 84096",Restaurants: plated,friend_slc,,,No_Match
HOUSTON TX HOT CHICKEN|912 E 900 S|SALT LAKE CITY,HOUSTON TX HOT CHICKEN,912 E 900 S,SALT LAKE CITY,"SALT LAKE CITY, UT 84105",Restaurants: non-plated,friend_slc,40.749731666298,-111.864901211443,Match
HUB & SPOKE DINER/DOG PATIO|1291 S 1100 E|SALT LAKE CITY,HUB & SPOKE DINER/DOG PATIO,1291 S 1100 E,SALT LAKE CITY,"SALT LAKE CITY, UT 84105",Restaurants: non-plated,friend_slc,40.741769416368,-111.859528340547,Match
HUCKLEBERRY GRILL #HUCK 1|335 W 1830 S|SALT LAKE CITY,HUCKLEBERRY GRILL #HUCK 1,335 W 1830 S,SALT LAKE CITY,"SALT LAKE CITY, UT 84115",Mobiles: Mobile Food Units (Trucks),friend_slc,40.730291671242,-111.900395045172,Match
HUGO COFFEE ROASTERS|210 E 400 S|SALT LAKE CITY,HUGO COFFEE ROASTERS,210 E 400 S,SALT LAKE CITY,"SALT LAKE CITY, UT 84111",Beverage Service: Coffee,friend_slc,40.760594666679,-111.885289121937,Match
HUNTS TEXAS BBQ #291571Z|229 W 4800 S|MURRAY,HUNTS TEXAS BBQ #291571Z,229 W 4800 S,MURRAY,"MURRAY, UT 84107",Mobiles: Mobile Food Units (Trucks),friend_slc,40.66738209556,-111.897423244474,Match
HUNTSMAN CANCER HOSPITAL POINT|1950 E CIRCLE OF HOPE DR|SALT LAKE CITY,HUNTSMAN CANCER HOSPITAL POINT,1950 E CIRCLE OF HOPE DR,SALT LAKE CITY,"SALT LAKE CITY, UT 84112",Restaurants: plated,friend_slc,40.773359310255,-111.835546496118,Match
HUNTSMAN CANCER HOSPITAL STARBUCKS|1950 E CIRCLE OF HOPE DR|SALT LAKE CITY,HUNTSMAN CANCER HOSPITAL STARBUCKS,1950 E CIRCLE OF HOPE DR,SALT LAKE CITY,"SALT LAKE CITY, UT 84112",Restaurants: non-plated,friend_slc,40.773359310255,-111.835546496118,Match
HUNTSMAN CANCER HOSPITAL|1950 E CIRCLE OF HOPE|SALT LAKE CITY,HUNTSMAN CANCER HOSPITAL,1950 E CIRCLE OF HOPE,SALT LAKE CITY,"SALT LAKE CITY, UT 84112",Restaurants: plated,friend_slc,40.773359310255,-111.835546496118,Match
HYATT REGENCY SLC - LEVEL 1 CONTRIBUTION|170 S WEST TEMPLE ST|SALT LAKE CITY,HYATT REGENCY SLC - LEVEL 1 CONTRIBUTION,170 S WEST TEMPLE ST,SALT LAKE CITY,"SALT LAKE CITY, UT 84101",Beverage Service: Bars/Lounges,friend_slc,40.765384528483,-111.894026412004,Match
HYATT REGENCY SLC - LEVEL 1 MARKET|170 S WEST TEMPLE ST|SALT LAKE CITY,HYATT REGENCY SLC - LEVEL 1 MARKET,170 S WEST TEMPLE ST,SALT LAKE CITY,"SALT LAKE CITY, UT 84101",Restaurants: non-plated,friend_slc,40.765384528483,-111.894026412004,Match
HYATT REGENCY SLC - LEVEL 2 (4 AREAS)|170 S WEST TEMPLE ST|SALT LAKE CITY,HYATT REGENCY SLC - LEVEL 2 (4 AREAS),170 S WEST TEMPLE ST,SALT LAKE CITY,"SALT LAKE CITY, UT 84101",Restaurants: plated,friend_slc,40.765384528483,-111.894026412004,Match
HYATT REGENCY SLC - LEVEL 3 (3 AREAS)|170 S WEST TEMPLE ST|SALT LAKE CITY,HYATT REGENCY SLC - LEVEL 3 (3 AREAS),170 S WEST TEMPLE ST,SALT LAKE CITY,"SALT LAKE CITY, UT 84101",Restaurants: plated,friend_slc,40.765384528483,-111.894026412004,Match
HYATT REGENCY SLC - LEVEL 5 (2 AREAS)|170 S WEST TEMPLE ST|SALT LAKE CITY,HYATT REGENCY SLC - LEVEL 5 (2 AREAS),170 S WEST TEMPLE ST,SALT LAKE CITY,"SALT LAKE CITY, UT 84101",Restaurants: plated,friend_slc,40.765384528483,-111.894026412004,Match
HYATT REGENCY SLC - LEVEL B (4 AREAS)|170 S WEST TEMPLE ST|SALT LAKE CITY,HYATT REGENCY SLC - LEVEL B (4 AREAS),170 S WEST TEMPLE ST,SALT LAKE CITY,"SALT LAKE CITY, UT 84101",Restaurants: plated,friend_slc,40.765384528483,-111.894026412004,Match
IAC LATIN MARKET MIDVALE|6807 S STATE ST|MIDVALE,IAC LATIN MARKET MIDVALE,6807 S STATE ST,MIDVALE,"MIDVALE, UT 84047",Commissary,friend_slc,40.627751447799,-111.889814430754,Match
IBIZA ULTRA LOUNGE|180 W 400 S|SALT LAKE CITY,IBIZA ULTRA LOUNGE,180 W 400 S,SALT LAKE CITY,"SALT LAKE CITY, UT 84101",Beverage Service: Bars/Lounges,friend_slc,40.760709258919,-111.896239233649,Match
ICE HAUS - DOG PATIO|7 W 4800 S|MURRAY,ICE HAUS - DOG PATIO,7 W 4800 S,MURRAY,"MURRAY, UT 84107",Beverage Service: Bars/Lounges,friend_slc,40.66678767766,-111.891651208835,Match
ICEBERG 313/DELTA CENTER|301 W SOUTH TEMPLE ST|SALT LAKE CITY,ICEBERG 313/DELTA CENTER,301 W SOUTH TEMPLE ST,SALT LAKE CITY,"SALT LAKE CITY, UT 84101",Concessions: no potentially hazardous foods,friend_slc,40.76928866684,-111.899750414772,Match
ICO DISTRICT APTS - OUTDOOR W/P|11100 S RIVER HEIGHTS DR|SOUTH JORDAN,ICO DISTRICT APTS - OUTDOOR W/P,11100 S RIVER HEIGHTS DR,SOUTH JORDAN,"SOUTH JORDAN, UT 84095",Condo/Apartment,own_scrape,40.553918702902,-111.975267018151,Match
ICO FAIRBOURNE II - W/P|2986 W LEHMAN AVE|WEST VALLEY CITY,ICO FAIRBOURNE II - W/P,2986 W LEHMAN AVE,WEST VALLEY CITY,"WEST VALLEY CITY, UT 84119",Condo/Apartment,own_scrape,40.694478271548,-111.963301034547,Match
ICO FAIRBOURNE STATION - POOL|2900 W LEHMAN AVE|WEST VALLEY CITY,ICO FAIRBOURNE STATION - POOL,2900 W LEHMAN AVE,WEST VALLEY CITY,"WEST VALLEY CITY, UT 84119",Condo/Apartment,own_scrape,40.694478271473,-111.962335480888,Match
ICO FAIRBOURNE STATION- W/P|2900 W LEHMAN AVE|WEST VALLEY CITY,ICO FAIRBOURNE STATION- W/P,2900 W LEHMAN AVE,WEST VALLEY CITY,"WEST VALLEY CITY, UT 84119",Condo/Apartment,own_scrape,40.694478271473,-111.962335480888,Match
ICO FORT UNION APTS - POOL|1171 E BROADWING LN|COTTONWOOD HEIGHTS,ICO FORT UNION APTS - POOL,1171 E BROADWING LN,COTTONWOOD HEIGHTS,"COTTONWOOD HEIGHTS, UT 84121",Condo/Apartment,own_scrape,40.6280432,-111.8591083,Match_Nominatim
ICO FORT UNION APTS- W/P|1171 E BROADWING LN|COTTONWOOD HEIGHTS,ICO FORT UNION APTS- W/P,1171 E BROADWING LN,COTTONWOOD HEIGHTS,"COTTONWOOD HEIGHTS, UT 84121",Condo/Apartment,own_scrape,40.6280432,-111.8591083,Match_Nominatim
ICO VISTA STATION NORTH - POOL|13152 S VISTA STATION BLVD|DRAPER,ICO VISTA STATION NORTH - POOL,13152 S VISTA STATION BLVD,DRAPER,"DRAPER, UT 84020",Condo/Apartment,own_scrape,40.5122492,-111.9098741,Match_Nominatim
ICO VISTA STATION NORTH - W/P|13152 S VISTA STATION BLVD|DRAPER,ICO VISTA STATION NORTH - W/P,13152 S VISTA STATION BLVD,DRAPER,"DRAPER, UT 84020",Condo/Apartment,own_scrape,40.5122492,-111.9098741,Match_Nominatim
ICON 9700 APARTMENTS - W/P|9678 S KALINA WY|SANDY,ICON 9700 APARTMENTS - W/P,9678 S KALINA WY,SANDY,"SANDY, UT 84092",Condo/Apartment,own_scrape,40.57571180682,-111.838010096785,Match
ICON 9700 APTS - POOL|9678 S KALINA WY|SANDY,ICON 9700 APTS - POOL,9678 S KALINA WY,SANDY,"SANDY, UT 84092",Condo/Apartment,own_scrape,40.57571180682,-111.838010096785,Match
ICONIC HAIR SALON|13118 S TWISTED OAK DR|HERRIMAN,ICONIC HAIR SALON,13118 S TWISTED OAK DR,HERRIMAN,"HERRIMAN, UT 84096",Home Cosmetology,own_scrape,,,No_Match
ICONIC MD LLC|268 E 12200 S|DRAPER,ICONIC MD LLC,268 E 12200 S,DRAPER,"DRAPER, UT 84088",Regular Cosmetology,own_scrape,40.528583692479,-111.882795965645,Match
ICONIC SKIN LLC|2145 E 2100 S|SALT LAKE CITY,ICONIC SKIN LLC,2145 E 2100 S,SALT LAKE CITY,"SALT LAKE CITY, UT 84108",Regular Esthetician,own_scrape,40.725546257691,-111.830218291206,Match
IFSC CLIMBING WORLD CUP BOULDER SLC 2025|440 W 800 S|SALT LAKE CITY,IFSC CLIMBING WORLD CUP BOULDER SLC 2025,440 W 800 S,SALT LAKE CITY,"SALT LAKE CITY, UT 84101",Mass Gathering,own_scrape,40.751997260475,-111.903703481309,Match
IHOP #1735|3383 S DECKER LAKE DR|WEST VALLEY CITY,IHOP #1735,3383 S DECKER LAKE DR,WEST VALLEY CITY,"WEST VALLEY CITY, UT 84119",Restaurants: plated,friend_slc,40.699186820637,-111.94728355696,Match
IHOP #1744|4550 S HIGHLAND DR|MILLCREEK TS,IHOP #1744,4550 S HIGHLAND DR,MILLCREEK TS,"MILLCREEK TS, UT 84117",Restaurants: plated,friend_slc,40.672795487362,-111.841112059683,Match
IHOP #3031|3122 S 5600 W|WEST VALLEY CITY,IHOP #3031,3122 S 5600 W,WEST VALLEY CITY,"WEST VALLEY CITY, UT 84128",Restaurants: plated,friend_slc,40.703359181158,-112.024960411584,Match
IHOP RESTAURANT|635 E 400 S|SALT LAKE CITY,IHOP RESTAURANT,635 E 400 S,SALT LAKE CITY,"SALT LAKE CITY, UT 84102",Restaurants: plated,friend_slc,40.760715930058,-111.872901706316,Match
IJ AND JEANNE WAGNER JEWISH COMMUNITY (PRE-SCHOOL)|2 N MEDICAL DR|SALT LAKE CITY,IJ AND JEANNE WAGNER JEWISH COMMUNITY (PRE-SCHOOL),2 N MEDICAL DR,SALT LAKE CITY,"SALT LAKE CITY, UT 84113",Child Care Centers: Licensed,own_scrape,40.773030253191,-111.840586115297,Match
IKEA BISTRO|67 W IKEA WY|DRAPER,IKEA BISTRO,67 W IKEA WY,DRAPER,"DRAPER, UT 84020",Restaurants: non-plated,friend_slc,40.511361232043,-111.893012951,Match
IKEA DRAPER|13312 S PONY EXPRESS RD|DRAPER,IKEA DRAPER,13312 S PONY EXPRESS RD,DRAPER,"DRAPER, UT 84020",Restaurants: plated,friend_slc,40.510406490956,-111.891714004253,Match
IKOMA SUSHI|301 W SOUTH TEMPLE|SALT LAKE CITY,IKOMA SUSHI,301 W SOUTH TEMPLE,SALT LAKE CITY,"SALT LAKE CITY, UT 84101",Restaurants: non-plated,own_scrape,40.76928866684,-111.899750414772,Match
ILLUMINATE|350 S 200 E|SALT LAKE CITY,ILLUMINATE,350 S 200 E,SALT LAKE CITY,"SALT LAKE CITY, UT 84111",Mass Gathering,own_scrape,40.761719907074,-111.885440410286,Match
ILLUSION HAIR STUDIO|423 W 800 S|SALT LAKE CITY,ILLUSION HAIR STUDIO,423 W 800 S,SALT LAKE CITY,"SALT LAKE CITY, UT 84101",Regular Cosmetology,own_scrape,40.751882669052,-111.903206418262,Match
ILLUSIONS SALON|3898 W INNOVATION DR|RIVERTON,ILLUSIONS SALON,3898 W INNOVATION DR,RIVERTON,"RIVERTON, UT 84065",Regular Cosmetology,own_scrape,40.506819294197,-111.984549272387,Match
ILUSION CUTZ|3004 W AMHERST AVE|WEST VALLEY CITY,ILUSION CUTZ,3004 W AMHERST AVE,WEST VALLEY CITY,"WEST VALLEY CITY, UT 84119",Home Cosmetology,own_scrape,40.703118270607,-111.963596684848,Match
IMAGO MEDICAL|22 W FIRECLAY AVE|MURRAY,IMAGO MEDICAL,22 W FIRECLAY AVE,MURRAY,"MURRAY, UT 84107",Regular Cosmetology,own_scrape,40.678035267817,-111.891882385184,Match
IMIX COMMISSARY|1802 S ALEXANDER ST|WEST VALLEY CITY,IMIX COMMISSARY,1802 S ALEXANDER ST,WEST VALLEY CITY,"WEST VALLEY CITY, UT 84119",Commissary,own_scrape,40.719108117361,-111.941112075775,Match
IMMACULATE IMAGERY CO.|363 S 500 E|SALT LAKE CITY,IMMACULATE IMAGERY CO.,363 S 500 E,SALT LAKE CITY,"SALT LAKE CITY, UT 84102",Regular Piercing and Tattoo,own_scrape,40.761325080891,-111.876703122422,Match
IMPECCABLE BARBERS|3544 W 6200 S|TAYLORSVILLE,IMPECCABLE BARBERS,3544 W 6200 S,TAYLORSVILLE,"TAYLORSVILLE, UT 84129",Regular Cosmetology,own_scrape,40.638635351917,-111.97529293947,Match
IN N OUT BURGER|12191 S FACTORY OUTLET DR|DRAPER,IN N OUT BURGER,12191 S FACTORY OUTLET DR,DRAPER,"DRAPER, UT 84020",Restaurants: non-plated,friend_slc,40.529142689114,-111.890039132088,Match
IN N OUT BURGER|12569 S CROSSING DR|RIVERTON,IN N OUT BURGER,12569 S CROSSING DR,RIVERTON,"RIVERTON, UT 84096",Restaurants: non-plated,friend_slc,40.523812994183,-111.98525690034,Match
IN N OUT BURGER|3715 S CONSTITUTION BLVD|WEST VALLEY CITY,IN N OUT BURGER,3715 S CONSTITUTION BLVD,WEST VALLEY CITY,"WEST VALLEY CITY, UT 84119",Restaurants: non-plated,friend_slc,40.691696156541,-111.95791455571,Match
IN N OUT BURGER|7206 S UNION PARK AVE|MIDVALE,IN N OUT BURGER,7206 S UNION PARK AVE,MIDVALE,"MIDVALE, UT 84047",Restaurants: non-plated,friend_slc,40.619266038488,-111.857063786637,Match
IN N OUT BURGER|7785 S JORDAN LANDING BLVD|WEST JORDAN,IN N OUT BURGER,7785 S JORDAN LANDING BLVD,WEST JORDAN,"WEST JORDAN, UT 84084",Restaurants: non-plated,friend_slc,40.609515694166,-111.98629736077,Match
IN THE CUT BARBERSHOP LLC|7048 S STATE ST|MIDVALE,IN THE CUT BARBERSHOP LLC,7048 S STATE ST,MIDVALE,"MIDVALE, UT 84047",Regular Cosmetology,own_scrape,40.623187772982,-111.890409337674,Match
INBALANCE BODYWORK &  MASSAGE|4936 W DESERT SAGE DR|HERRIMAN,INBALANCE BODYWORK &  MASSAGE,4936 W DESERT SAGE DR,HERRIMAN,"HERRIMAN, UT 84096",Regular Massage,own_scrape,40.485504641384,-112.008661308918,Match
INCA POTATO/GATEWAY FIREWORKS|10 N RIO GRANDE|SALT LAKE CITY,INCA POTATO/GATEWAY FIREWORKS,10 N RIO GRANDE,SALT LAKE CITY,"SALT LAKE CITY, UT 84111",Food Service,own_scrape,40.7492385,-111.9040111,Match_Nominatim
INCLINE AT ANTHEM APTS - OUTDOOR POOL|11901 S FREEDOM PARK DR|HERRIMAN,INCLINE AT ANTHEM APTS - OUTDOOR POOL,11901 S FREEDOM PARK DR,HERRIMAN,"HERRIMAN, UT 84096",Condo/Apartment,own_scrape,40.534799792033,-112.022504017208,Match
INCLINE AT ANTHEM APTS - OUTDOOR W/P|11901 S FREEDOM PARK DR|HERRIMAN,INCLINE AT ANTHEM APTS - OUTDOOR W/P,11901 S FREEDOM PARK DR,HERRIMAN,"HERRIMAN, UT 84096",Condo/Apartment,own_scrape,40.534799792033,-112.022504017208,Match
INCLINE TERRACE CONDOS - POOL|1032 E 400 S|SALT LAKE CITY,INCLINE TERRACE CONDOS - POOL,1032 E 400 S,SALT LAKE CITY,"SALT LAKE CITY, UT 84102",Condo/Apartment,own_scrape,40.760603664817,-111.861498995996,Match
INDEPENDENCE DAY DRONE SHOW 2025|1060 S 900 W|SALT LAKE CITY,INDEPENDENCE DAY DRONE SHOW 2025,1060 S 900 W,SALT LAKE CITY,"SALT LAKE CITY, UT 84104",Mass Gathering,own_scrape,40.746255262147,-111.916890888352,Match
INDEPENDENCE DAY DRONE SHOW 2026|1060 S 900 W|SALT LAKE CITY,INDEPENDENCE DAY DRONE SHOW 2026,1060 S 900 W,SALT LAKE CITY,"SALT LAKE CITY, UT 84104",Mass Gathering,own_scrape,40.746255262147,-111.916890888352,Match
INDIA HOUSE|8660 S STATE ST|SANDY,INDIA HOUSE,8660 S STATE ST,SANDY,"SANDY, UT 84070",Restaurants: plated,own_scrape,40.594182280121,-111.890910899178,Match
INDIA MELA 2025|1142 W SOUTH JORDAN PKWY|SOUTH JORDAN,INDIA MELA 2025,1142 W SOUTH JORDAN PKWY,SOUTH JORDAN,"SOUTH JORDAN, UT 84095",Mass Gathering,own_scrape,40.561461469307,-111.924063822034,Match
INDIA MELA 2026|1142 W SOUTH JORDAN PKWY|SOUTH JORDAN,INDIA MELA 2026,1142 W SOUTH JORDAN PKWY,SOUTH JORDAN,"SOUTH JORDAN, UT 84095",Mass Gathering,own_scrape,40.561461469307,-111.924063822034,Match
INDIAN HILLS ELEMENTARY SCHOOL|2496 E ST MARYS DR|SALT LAKE CITY,INDIAN HILLS ELEMENTARY SCHOOL,2496 E ST MARYS DR,SALT LAKE CITY,"SALT LAKE CITY, UT 84108",Schools: preparation,own_scrape,40.739091775449,-111.820763454269,Match
INDIAN HILLS MIDDLE SCHOOL|1180 E SANDERS RD|SANDY,INDIAN HILLS MIDDLE SCHOOL,1180 E SANDERS RD,SANDY,"SANDY, UT 84094",Schools: preparation,own_scrape,40.540548814687,-111.858217723584,Match
INDULGE SALON|5524 W 6200 S|KEARNS,INDULGE SALON,5524 W 6200 S,KEARNS,"KEARNS, UT 84118",Cosmetology Trades,own_scrape,40.63861440485,-112.02246213113,Match
INFORMSKIN|7198 S UNION PARK AVE|MIDVALE,INFORMskin,7198 S UNION PARK AVE,MIDVALE,"MIDVALE, UT 84047",Regular Cosmetology,own_scrape,40.619318235182,-111.857022724084,Match
INK GODDESS LLC|1442 E DRAPER PKWY|DRAPER,INK GODDESS LLC,1442 E DRAPER PKWY,DRAPER,"DRAPER, UT 84020",Regular Permanent  Cosmetics,own_scrape,40.52730128421,-111.849955208264,Match
INK HAVEN|59 W 100 S|SALT LAKE CITY,INK HAVEN,59 W 100 S,SALT LAKE CITY,"SALT LAKE CITY, UT 84101",Regular Piercing and Tattoo,own_scrape,40.767119666536,-111.892773204723,Match
INN AT SNOWBIRD - POOL|9202 E LODGE DR|SALT LAKE CITY,INN AT SNOWBIRD - POOL,9202 E LODGE DR,SALT LAKE CITY,"SALT LAKE CITY, UT 84092",Hotel,own_scrape,,,No_Match
INN AT SNOWBIRD - W/P|9202 E LODGE DR|SALT LAKE CITY,INN AT SNOWBIRD - W/P,9202 E LODGE DR,SALT LAKE CITY,"SALT LAKE CITY, UT 84092",Hotel,own_scrape,,,No_Match
INN AT SOLITUDE - POOL|12000 E COTTONWOOD CYN|SALT LAKE CITY,INN AT SOLITUDE - POOL,12000 E COTTONWOOD CYN,SALT LAKE CITY,"SALT LAKE CITY, UT 84121",Hotel,own_scrape,40.613693757406,-111.582723260393,Match
INN AT SOLITUDE - W/P|12000 E COTTONWOOD CYN|SALT LAKE CITY,INN AT SOLITUDE - W/P,12000 E COTTONWOOD CYN,SALT LAKE CITY,"SALT LAKE CITY, UT 84121",Hotel,own_scrape,40.613693757406,-111.582723260393,Match
INN AT SOLITUDE|12000 E BIG COTTONWOOD RD|SALT LAKE COUNTY,INN AT SOLITUDE,12000 E BIG COTTONWOOD RD,SALT LAKE COUNTY,"SALT LAKE COUNTY, UT 84121",HOTEL/MOTEL,own_scrape,40.613693757406,-111.582723260393,Match
INN BETWEEN|1216 E 1300 S|SALT LAKE CITY,INN BETWEEN,1216 E 1300 S,SALT LAKE CITY,"SALT LAKE CITY, UT 84105",Group Homes,own_scrape,40.741577666535,-111.856271577674,Match
INNATE BODYWORK LLC|244 W 300 N|SALT LAKE CITY,INNATE BODYWORK LLC,244 W 300 N,SALT LAKE CITY,"SALT LAKE CITY, UT 84103",Regular Massage,own_scrape,40.775919257369,-111.898109892809,Match
INNER CONNECTIONS MASSAGE|208 E 800 S|SALT LAKE CITY,INNER CONNECTIONS MASSAGE,208 E 800 S,SALT LAKE CITY,"SALT LAKE CITY, UT 84111",Regular Massage,own_scrape,40.751900667631,-111.885056863463,Match
INNER PEACE SKIN|4770 S 900 E|SALT LAKE CITY,INNER PEACE SKIN,4770 S 900 E,SALT LAKE CITY,"SALT LAKE CITY, UT 84117",Regular Esthetician,own_scrape,40.666572140357,-111.865020152888,Match
INNOVATIVE STUDIO LLC|13222 S TREE SPARROW DR|RIVERTON,INNOVATIVE STUDIO LLC,13222 S TREE SPARROW DR,RIVERTON,"RIVERTON, UT 84096",Regular Cosmetology,own_scrape,,,No_Match
INSCRIBED BEAUTY LLC|7378 S PLAZA CENTER DR|WEST JORDAN,INSCRIBED BEAUTY LLC,7378 S PLAZA CENTER DR,WEST JORDAN,"WEST JORDAN, UT 84084",Regular Permanent  Cosmetics,own_scrape,40.616852629601,-111.979290774294,Match
INSOMNIA TATTOOING|363 S 500 E|SALT LAKE CITY,INSOMNIA TATTOOING,363 S 500 E,SALT LAKE CITY,"SALT LAKE CITY, UT 84102",Regular Piercing and Tattoo,own_scrape,40.761325080891,-111.876703122422,Match
INSPIRATION SPA CARE LLC|1628 W 700 N|SALT LAKE CITY,INSPIRATION SPA CARE LLC,1628 W 700 N,SALT LAKE CITY,"SALT LAKE CITY, UT 84116",Cosmetology Trades,own_scrape,40.784766259472,-111.937566636912,Match
INSPIRED BY LUCY LLC|248 E WINCHESTER ST|MURRAY,INSPIRED BY LUCY LLC,248 E WINCHESTER ST,MURRAY,"MURRAY, UT 84107",Cosmetology Trades,own_scrape,40.63288301721,-111.88480337073,Match
INTEGRATED BEAUTY SOLUTION|2480 S MAIN ST|SOUTH SALT LAKE,INTEGRATED BEAUTY SOLUTION,2480 S MAIN ST,SOUTH SALT LAKE,"SOUTH SALT LAKE, UT 84115",Regular Cosmetology,own_scrape,40.716699770608,-111.891191363758,Match
INTEGRATED BODY WORKS|4010 S 2700 E|HOLLADAY,INTEGRATED BODY WORKS,4010 S 2700 E,HOLLADAY,"HOLLADAY, UT 84124",Regular Massage,own_scrape,40.684707933094,-111.81502366367,Match
INTERMOUNTAIN CHRISTIAN SCHOOL|6515 S LION LN|HOLLADAY,INTERMOUNTAIN CHRISTIAN SCHOOL,6515 S LION LN,HOLLADAY,"HOLLADAY, UT 84121",Restaurants: non-plated,friend_slc,,,No_Match
INTERMOUNTAIN HOMECARE OFFICE & WAREHOUSE|11520 S REDWOOD RD|SOUTH JORDAN,INTERMOUNTAIN HOMECARE OFFICE & WAREHOUSE,11520 S REDWOOD RD,SOUTH JORDAN,"SOUTH JORDAN, UT 84095",Restaurants: non-plated,friend_slc,40.542038146498,-111.938761274745,Match
INTERMOUNTAIN MEDICAL CENTER - CAFETERIA|5121 S COTTONWOOD ST|MURRAY,INTERMOUNTAIN MEDICAL CENTER - CAFETERIA,5121 S COTTONWOOD ST,MURRAY,"MURRAY, UT 84107",Restaurants: non-plated,friend_slc,40.659436560709,-111.893985710137,Match
INTERMOUNTAIN MEDICAL CENTER - KITCHEN|5121 S COTTONWOOD ST|MURRAY,INTERMOUNTAIN MEDICAL CENTER - KITCHEN,5121 S COTTONWOOD ST,MURRAY,"MURRAY, UT 84107","Care Facilities: Hospitals, Nursing Homes, etc",own_scrape,40.659436560709,-111.893985710137,Match
INTERMOUNTAIN RIGGING AND HEAVY HAUL|961 S PIONEER RD|SALT LAKE CITY,INTERMOUNTAIN RIGGING AND HEAVY HAUL,961 S PIONEER RD,SALT LAKE CITY,"SALT LAKE CITY, UT 84104",Liquid Waste - Oil & Grease,own_scrape,40.748408572474,-111.95800829733,Match
INTERMOUNTAIN RIVERTON HOSP/HAWAIIAN LUAU|3741 W 12600 S|RIVERTON,INTERMOUNTAIN RIVERTON HOSP/HAWAIIAN LUAU,3741 W 12600 S,RIVERTON,"RIVERTON, UT 84065",Food Service,own_scrape,40.52219370067,-111.979315472072,Match
INTERMOUNTAIN RIVERTON HOSP/OCTOBERFEST|3741 W 12600 S|RIVERTON,INTERMOUNTAIN RIVERTON HOSP/OCTOBERFEST,3741 W 12600 S,RIVERTON,"RIVERTON, UT 84065",Food Service,own_scrape,40.52219370067,-111.979315472072,Match
INTERMOUNTAIN RIVERTON HOSP/PARTY ON THE PATIO|3741 W 12600 S|RIVERTON,INTERMOUNTAIN RIVERTON HOSP/PARTY ON THE PATIO,3741 W 12600 S,RIVERTON,"RIVERTON, UT 84065",Food Service,own_scrape,40.52219370067,-111.979315472072,Match
INTERMOUNTAIN RIVERTON HOSPITAL|3741 W 12600 S|RIVERTON,INTERMOUNTAIN RIVERTON HOSPITAL,3741 W 12600 S,RIVERTON,"RIVERTON, UT 84065","Care Facilities: Hospitals, Nursing Homes, etc",own_scrape,40.52219370067,-111.979315472072,Match
INTERNATIONAL ARTS & CRAFTS FESTIVAL 2025|12500 S 1300 E|DRAPER,INTERNATIONAL ARTS & CRAFTS FESTIVAL 2025,12500 S 1300 E,DRAPER,"DRAPER, UT 84020",Mass Gathering,own_scrape,40.5236547,-111.8600877,Match_Nominatim
INTERNATIONAL CENTER SUBWAY|5480 W AMELIA EARHART DR|SALT LAKE CITY,INTERNATIONAL CENTER SUBWAY,5480 W AMELIA EARHART DR,SALT LAKE CITY,"SALT LAKE CITY, UT 84116",Restaurants: non-plated,friend_slc,40.776440932027,-112.022317336834,Match
INTERNATIONAL PAPER|2590 W 1500 S|SALT LAKE CITY,INTERNATIONAL PAPER,2590 W 1500 S,SALT LAKE CITY,"SALT LAKE CITY, UT 84104",Recycler - Paper,own_scrape,40.737823947227,-111.956577014875,Match
INTERTWINED HAIR EXTENSION CO & SALON|11978 S 700 E|DRAPER,INTERTWINED HAIR EXTENSION CO & SALON,11978 S 700 E,DRAPER,"DRAPER, UT 84020",Regular Cosmetology,own_scrape,40.532932091751,-111.871202185241,Match
INTERWEST PAPER INC.|575 W 3615 S|SALT LAKE CITY,INTERWEST PAPER INC.,575 W 3615 S,SALT LAKE CITY,"SALT LAKE CITY, UT 84115",Recycler - Paper,own_scrape,40.692519666632,-111.906856013828,Match
INTOWN SUITES SALT LAKE|48 W 3300 S|SOUTH SALT LAKE,INTOWN SUITES SALT LAKE,48 W 3300 S,SOUTH SALT LAKE,"SOUTH SALT LAKE, UT 84115",HOTEL/MOTEL,own_scrape,40.699842265385,-111.891978117357,Match
INTOWN SUITES|151 W 7200 S|MIDVALE,INTOWN SUITES,151 W 7200 S,MIDVALE,"MIDVALE, UT 84047",HOTEL/MOTEL,own_scrape,40.620547412002,-111.894837017574,Match
INTUITIVE CENTER LLC|6715 S 1300 E|COTTONWOOD HEIGHTS,INTUITIVE CENTER LLC,6715 S 1300 E,COTTONWOOD HEIGHTS,"COTTONWOOD HEIGHTS, UT 84121",Regular Massage,own_scrape,40.629155515831,-111.854661313739,Match
INTUITIVE TOUCH MASSAGE|6095 S FASHION BLVD|MURRAY,INTUITIVE TOUCH MASSAGE,6095 S FASHION BLVD,MURRAY,"MURRAY, UT 84107",Mobile Massage,own_scrape,40.638487644021,-111.882914396695,Match
INVISIBLE HISTORY INC|175 W 900 S|SALT LAKE CITY,INVISIBLE HISTORY INC,175 W 900 S,SALT LAKE CITY,"SALT LAKE CITY, UT 84101",Regular Piercing and Tattoo,own_scrape,40.74971366874,-111.896117514737,Match
IRENES HAIR SALON|3881 W 3500 S|WEST VALLEY CITY,IRENES HAIR SALON,3881 W 3500 S,WEST VALLEY CITY,"WEST VALLEY CITY, UT 84120",Regular Cosmetology,own_scrape,40.69655068153,-111.983926774906,Match
"IRIS PIERCING, LLC|2431 S HIGHLAND DR|SALT LAKE CITY","IRIS PIERCING, LLC",2431 S HIGHLAND DR,SALT LAKE CITY,"SALT LAKE CITY, UT 84106",Regular Piercing and Tattoo,own_scrape,40.718599170027,-111.856895625384,Match
IRIS SALON AND BEAUTY|715 E 3900 S|MILLCREEK,IRIS SALON AND BEAUTY,715 E 3900 S,MILLCREEK,"MILLCREEK, UT 84107",Regular Cosmetology,own_scrape,40.68712526515,-111.870718525629,Match
IRON BLOSAM LODGE - EAST POOL|9121 E SNOWBIRD CENTER DR|SANDY,IRON BLOSAM LODGE - EAST POOL,9121 E SNOWBIRD CENTER DR,SANDY,"SANDY, UT 84092",Hotel,own_scrape,40.580300144265,-111.664003817995,Match
IRON BLOSAM LODGE - WADER|9121 E SNOWBIRD CENTER DR|SANDY,IRON BLOSAM LODGE - WADER,9121 E SNOWBIRD CENTER DR,SANDY,"SANDY, UT 84092",Hotel,own_scrape,40.580300144265,-111.664003817995,Match
IRON BLOSAM LODGE - WEST POOL|9121 E SNOWBIRD CENTER DR|SANDY,IRON BLOSAM LODGE - WEST POOL,9121 E SNOWBIRD CENTER DR,SANDY,"SANDY, UT 84092",Hotel,own_scrape,40.580300144265,-111.664003817995,Match
IRON BLOSAM LODGE - WEST W/P|9121 E SNOWBIRD CENTER DR|SANDY,IRON BLOSAM LODGE - WEST W/P,9121 E SNOWBIRD CENTER DR,SANDY,"SANDY, UT 84092",Hotel,own_scrape,40.580300144265,-111.664003817995,Match
IRON BLOSAM LODGE|8974 E LITTLE COTTONWOOD CYN RD|SALT LAKE COUNTY,IRON BLOSAM LODGE,8974 E LITTLE COTTONWOOD CYN RD,SALT LAKE COUNTY,"SALT LAKE COUNTY, UT 84092",HOTEL/MOTEL,own_scrape,,,No_Match
IRON PALM MASSAGE THERAPY & MARTIAL ARTS|308 E 4500 S|MURRAY,IRON PALM MASSAGE THERAPY & MARTIAL ARTS,308 E 4500 S,MURRAY,"MURRAY, UT 84107",Regular Massage,own_scrape,40.674258444307,-111.882671816066,Match
IRONWOOD TATTOO COLLECTIVE LLC|282 E 12200 S|DRAPER,IRONWOOD TATTOO COLLECTIVE LLC,282 E 12200 S,DRAPER,"DRAPER, UT 84020",Regular Piercing and Tattoo,own_scrape,40.528583692471,-111.8826930347,Match
IRONWOOD TATTOO COLLECTIVE LLC|7638 S STATE ST|MIDVALE,IRONWOOD TATTOO COLLECTIVE LLC,7638 S STATE ST,MIDVALE,"MIDVALE, UT 84047",Regular Piercing and Tattoo,own_scrape,40.612841683638,-111.890804260221,Match
IRREEZISTABLE NAILS|441 W 12300 S|DRAPER,IRREEZISTABLE NAILS,441 W 12300 S,DRAPER,"DRAPER, UT 84020",Regular Nails,own_scrape,40.526765694284,-111.903476229441,Match
IRVING HEIGHTS APTS - POOL|1963 S 1200 E|SALT LAKE CITY,IRVING HEIGHTS APTS - POOL,1963 S 1200 E,SALT LAKE CITY,"SALT LAKE CITY, UT 84105",Condo/Apartment,own_scrape,40.727677935206,-111.856664669581,Match
IRVING SCHOOL APTS - POOL|1155 E 2100 S|SALT LAKE CITY,IRVING SCHOOL APTS - POOL,1155 E 2100 S,SALT LAKE CITY,"SALT LAKE CITY, UT 84106",Condo/Apartment,own_scrape,40.725474259847,-111.857737894175,Match
IRVING SCHOOL APTS - W/P|1155 E 2100 S|SALT LAKE CITY,IRVING SCHOOL APTS - W/P,1155 E 2100 S,SALT LAKE CITY,"SALT LAKE CITY, UT 84106",Condo/Apartment,own_scrape,40.725474259847,-111.857737894175,Match
ISABELLAS CATERING/CITY OF HOLLADAY BREAKFAST|3330 S 1300 S|HOLLADAY,ISABELLAS CATERING/CITY OF HOLLADAY BREAKFAST,3330 S 1300 S,HOLLADAY,"HOLLADAY, UT 84106",Food Service,own_scrape,,,No_Match
ISHA ESTHETICS LLC DBA ISHA RECOVERY AND SCULPT|6095 S FASHION BLVD|MURRAY,ISHA ESTHETICS LLC dba ISHA RECOVERY AND SCULPT,6095 S FASHION BLVD,MURRAY,"MURRAY, UT 84107",Regular Esthetician,own_scrape,40.638487644021,-111.882914396695,Match
ISLA INK|12336 S 450 E|DRAPER,ISLA INK,12336 S 450 E,DRAPER,"DRAPER, UT 84020",Regular Piercing and Tattoo,own_scrape,40.526312061279,-111.878028646775,Match
ISLAND ROTISSERIE AND GRILL/BUTTLERVILLE DAYS|7500 S 2700 E|COTTONWOOD HEIGHTS,ISLAND ROTISSERIE AND GRILL/BUTTLERVILLE DAYS,7500 S 2700 E,COTTONWOOD HEIGHTS,"COTTONWOOD HEIGHTS, UT 84121",Food Service,own_scrape,40.615498136762,-111.815392541415,Match
ISLAND TYME GRILL/SAMOAN HERITAGE|5051 S 4015 W|TAYLORSVILLE,ISLAND TYME GRILL/SAMOAN HERITAGE,5051 S 4015 W,TAYLORSVILLE,"TAYLORSVILLE, UT 84129",Food Service,own_scrape,40.659209685923,-111.986836230132,Match
ISTANBUL BISTRO/DRAPER DAYS|12500 S 1300 E|DRAPER,ISTANBUL BISTRO/DRAPER DAYS,12500 S 1300 E,DRAPER,"DRAPER, UT 84020",Food Service,own_scrape,40.5236547,-111.8600877,Match_Nominatim
IT'S ALL ABOUT ME|1572 W 7800 S|WEST JORDAN,IT'S ALL ABOUT ME,1572 W 7800 S,WEST JORDAN,"WEST JORDAN, UT 84088",Regular Cosmetology,own_scrape,40.609572278928,-111.936187086065,Match
IT.B STUDIOS|363 S 500 E|SALT LAKE CITY,IT.B STUDIOS,363 S 500 E,SALT LAKE CITY,"SALT LAKE CITY, UT 84102",Regular Cosmetology,own_scrape,40.761325080891,-111.876703122422,Match
ITALIAN OLIVE PIZZA & PASTA|270 S MAIN ST|SALT LAKE CITY,ITALIAN OLIVE PIZZA & PASTA,270 S MAIN ST,SALT LAKE CITY,"SALT LAKE CITY, UT 84101",Restaurants: plated,own_scrape,40.76346780353,-111.891168911859,Match
J DAWGS 513/DELTA CENTER|301 W SOUTH TEMPLE ST|SALT LAKE CITY,J DAWGS 513/DELTA CENTER,301 W SOUTH TEMPLE ST,SALT LAKE CITY,"SALT LAKE CITY, UT 84101",Restaurants: non-plated,friend_slc,40.76928866684,-111.899750414772,Match
J DAWGS @ RICE ECCLES EAST|451 S 1400 E|SALT LAKE CITY,J DAWGS @ RICE ECCLES EAST,451 S 1400 E,SALT LAKE CITY,"SALT LAKE CITY, UT 84112",Concessions: no potentially hazardous foods,friend_slc,40.759625019833,-111.850160228321,Match
J DAWGS @ RICE ECCLES SOUTH|451 S 1400 E|SALT LAKE CITY,J DAWGS @ RICE ECCLES SOUTH,451 S 1400 E,SALT LAKE CITY,"SALT LAKE CITY, UT 84112",Concessions: no potentially hazardous foods,friend_slc,40.759625019833,-111.850160228321,Match
J DAWGS EAST|9256 S STATE ST|SANDY,J DAWGS EAST,9256 S STATE ST,SANDY,"SANDY, UT 84070",Concessions: potentially hazardous foods,friend_slc,40.582320140115,-111.89090973933,Match
J DAWGS R4/DELTA CENTER|301 W SOUTH TEMPLE ST|SALT LAKE CITY,J DAWGS R4/DELTA CENTER,301 W SOUTH TEMPLE ST,SALT LAKE CITY,"SALT LAKE CITY, UT 84101",Restaurants: non-plated,friend_slc,40.76928866684,-111.899750414772,Match
J DAWGS WEST|9256 S STATE ST|SANDY,J DAWGS WEST,9256 S STATE ST,SANDY,"SANDY, UT 84070",Concessions: potentially hazardous foods,friend_slc,40.582320140115,-111.89090973933,Match
J DAWGS|1036 E FORT UNION BLVD|MIDVALE,J DAWGS,1036 E FORT UNION BLVD,MIDVALE,"MIDVALE, UT 84047",Restaurants: non-plated,friend_slc,40.6207755,-111.8822363,Match_Nominatim
JACK IN THE BOX|4380 W 3500 S|WEST VALLEY CITY,JACK IN THE BOX,4380 W 3500 S,WEST VALLEY CITY,"WEST VALLEY CITY, UT 84120",Restaurants: non-plated,friend_slc,40.696647273832,-111.995659409308,Match
JACKSON FOOD STORES #191|1295 E 10600 S|SANDY,JACKSON FOOD STORES #191,1295 E 10600 S,SANDY,"SANDY, UT 84094",Restaurants: non-plated,friend_slc,40.558830278238,-111.853919883955,Match
JACKSONS #150|1704 W NORTH TEMPLE ST|SALT LAKE CITY,JACKSONS #150,1704 W NORTH TEMPLE ST,SALT LAKE CITY,"SALT LAKE CITY, UT 84116",Restaurants: non-plated,friend_slc,40.771581261087,-111.93944211086,Match
JACKSONS #151|278 W 2100 S|SALT LAKE CITY,JACKSONS #151,278 W 2100 S,SALT LAKE CITY,"SALT LAKE CITY, UT 84115",Restaurants: non-plated,friend_slc,40.725465857405,-111.899083030508,Match
JACKSONS FOOD STORES|3728 W 12600 S|RIVERTON,JACKSONS FOOD STORES,3728 W 12600 S,RIVERTON,"RIVERTON, UT 84065",Restaurants: non-plated,friend_slc,40.52230829218,-111.980934652571,Match
JAMBA JUICE|3920 W TERMINAL DR|SALT LAKE CITY,JAMBA JUICE,3920 W TERMINAL DR,SALT LAKE CITY,"SALT LAKE CITY, UT 84122",Restaurants: non-plated,friend_slc,,,No_Match
JAMBA|5590 S VAN WINKLE|MURRAY,JAMBA,5590 S VAN WINKLE,MURRAY,"MURRAY, UT 84117",Restaurants: non-plated,friend_slc,40.649649938287,-111.848865246208,Match
JAVA JOS|847 E 4500 S|MILLCREEK,JAVA JOS,847 E 4500 S,MILLCREEK,"MILLCREEK, UT 84109",Beverage Service: Coffee,friend_slc,40.674363266258,-111.866607430058,Match
JERSEY MIKES SUBS|1295 E MILLER AVE|SALT LAKE CITY,JERSEY MIKES SUBS,1295 E MILLER AVE,SALT LAKE CITY,"SALT LAKE CITY, UT 84106",Restaurants: non-plated,friend_slc,40.702979498629,-111.853522146488,Match
JERSEY MIKES SUBS|1400 S FOOTHILL DR|SALT LAKE CITY,JERSEY MIKES SUBS,1400 S FOOTHILL DR,SALT LAKE CITY,"SALT LAKE CITY, UT 84108",Restaurants: non-plated,friend_slc,40.739761900834,-111.825749965687,Match
JERSEY MIKES SUBS|510 E 400 S|SALT LAKE CITY,JERSEY MIKES SUBS,510 E 400 S,SALT LAKE CITY,"SALT LAKE CITY, UT 84102",Restaurants: non-plated,friend_slc,40.760594665986,-111.876426475981,Match
JERSEY MIKES SUBS|5510 W 13400 S|HERRIMAN,JERSEY MIKES SUBS,5510 W 13400 S,HERRIMAN,"HERRIMAN, UT 84096",Restaurants: non-plated,friend_slc,40.507896889506,-112.021958404545,Match
JERSEY MIKES SUBS|5586 S REDWOOD RD|TAYLORSVILLE,JERSEY MIKES SUBS,5586 S REDWOOD RD,TAYLORSVILLE,"TAYLORSVILLE, UT 84123",Restaurants: non-plated,friend_slc,40.649648058907,-111.938855287659,Match
JERSEY MIKES SUBS|6985 S PARK CENTRE DR|COTTONWOOD HEIGHTS,JERSEY MIKES SUBS,6985 S PARK CENTRE DR,COTTONWOOD HEIGHTS,"COTTONWOOD HEIGHTS, UT 84121",Restaurants: non-plated,friend_slc,40.624564224483,-111.851139480903,Match
JERSEY MIKES SUBS|74 W 11400 S|SANDY,JERSEY MIKES SUBS,74 W 11400 S,SANDY,"SANDY, UT 84070",Restaurants: non-plated,friend_slc,40.54437597787,-111.891873581793,Match
JERSEY MIKES SUBS|9089 S REDWOOD RD|WEST JORDAN,JERSEY MIKES SUBS,9089 S REDWOOD RD,WEST JORDAN,"WEST JORDAN, UT 84088",Restaurants: non-plated,friend_slc,40.586138980502,-111.938629410675,Match
JERSEY MIKES|3163 E 3300 S|MILLCREEK,JERSEY MIKES,3163 E 3300 S,MILLCREEK,"MILLCREEK, UT 84109",Restaurants: non-plated,friend_slc,40.699896258511,-111.803884077927,Match
JIMMY JOHNS #1295|2885 S 5600 W|WEST VALLEY CITY,JIMMY JOHNS #1295,2885 S 5600 W,WEST VALLEY CITY,"WEST VALLEY CITY, UT 84120",Restaurants: non-plated,friend_slc,40.707659501955,-112.02482966138,Match
JIMMY JOHNS #1686|148 E 12300 S|DRAPER,JIMMY JOHNS #1686,148 E 12300 S,DRAPER,"DRAPER, UT 84020",Restaurants: non-plated,friend_slc,40.526702433215,-111.886108222048,Match
JIMMY JOHNS #2117|81 W 3300 S|SOUTH SALT LAKE,JIMMY JOHNS #2117,81 W 3300 S,SOUTH SALT LAKE,"SOUTH SALT LAKE, UT 84115",Restaurants: non-plated,friend_slc,40.699721250268,-111.89363468448,Match
JIMMY JOHNS #3300|3891 W 5400 S|TAYLORSVILLE,JIMMY JOHNS #3300,3891 W 5400 S,TAYLORSVILLE,"TAYLORSVILLE, UT 84129",Restaurants: non-plated,friend_slc,40.653022057917,-111.983413765394,Match
JIMMY JOHNS|3292 S 1300 E|SALT LAKE CITY,JIMMY JOHNS,3292 S 1300 E,SALT LAKE CITY,"SALT LAKE CITY, UT 84106",Restaurants: non-plated,friend_slc,40.700328265872,-111.854094891649,Match
JIMMY JOHNS|3920 W TERMINAL DR|SALT LAKE CITY,JIMMY JOHNS,3920 W TERMINAL DR,SALT LAKE CITY,"SALT LAKE CITY, UT 84116",Restaurants: non-plated,friend_slc,,,No_Match
JIMMY JOHNS|8989 S REDWOOD RD|WEST JORDAN,JIMMY JOHNS,8989 S REDWOOD RD,WEST JORDAN,"WEST JORDAN, UT 84088",Restaurants: non-plated,friend_slc,40.587980804972,-111.938642503007,Match
JIMS FAMILY RESTAURANT|1728 W PARK AVE|RIVERTON,JIMS FAMILY RESTAURANT,1728 W PARK AVE,RIVERTON,"RIVERTON, UT 84065",Restaurants: plated,friend_slc,40.518745117009,-111.939317291921,Match
JKS INDULGENCE CATERING|752 W CENTER ST|MIDVALE,JKS INDULGENCE CATERING,752 W CENTER ST,MIDVALE,"MIDVALE, UT 84047","Caterers, not restaurant connected",friend_slc,40.6109093,-111.9115446,Match_Nominatim
JOHNNYS ON SECOND DOG PATIO|165 E 200 S|SALT LAKE CITY,JOHNNYS ON SECOND DOG PATIO,165 E 200 S,SALT LAKE CITY,"SALT LAKE CITY, UT 84111",Restaurants: plated,friend_slc,40.765056257643,-111.886118257467,Match
JOHNSON PIKE|3683 W 2270 S|SALT LAKE CITY,JOHNSON PIKE,3683 W 2270 S,SALT LAKE CITY,"SALT LAKE CITY, UT 84120",Restaurants: non-plated,friend_slc,40.721528191253,-111.979697654115,Match
JORDAN HIGH SCHOOL LEGACY|95 E BEETDIGGER BLVD|SANDY,JORDAN HIGH SCHOOL LEGACY,95 E BEETDIGGER BLVD,SANDY,"SANDY, UT 84070",Restaurants: plated,friend_slc,40.572762279528,-111.890759307523,Match
JOY POPS|9675 S STATE ST|SANDY,JOY POPS,9675 S STATE ST,SANDY,"SANDY, UT 84070",Beverage Service: Juice/Smoothies,friend_slc,40.575742591954,-111.890747853888,Match
K RECIPE|3390 S STATE ST|SOUTH SALT LAKE,K RECIPE,3390 S STATE ST,SOUTH SALT LAKE,"SOUTH SALT LAKE, UT 84115",Restaurants: non-plated,friend_slc,40.697436671294,-111.888329345074,Match
KAHLERT VILLAGE CAFE/GSE|250 S 1850 E|SALT LAKE CITY,KAHLERT VILLAGE CAFE/GSE,250 S 1850 E,SALT LAKE CITY,"SALT LAKE CITY, UT 84112",Restaurants: plated,friend_slc,40.762833543201,-111.838033609781,Match
KENTE CAFE|751 W 800 S|SALT LAKE CITY,KENTE CAFE,751 W 800 S,SALT LAKE CITY,"SALT LAKE CITY, UT 84104","Caterers, not restaurant connected",friend_slc,40.751878026205,-111.912556101444,Match
KENTUCKY FRIED CHICKEN / TACO BELL|2450 S REDWOOD RD|WEST VALLEY CITY,KENTUCKY FRIED CHICKEN / TACO BELL,2450 S REDWOOD RD,WEST VALLEY CITY,"WEST VALLEY CITY, UT 84119",Restaurants: non-plated,friend_slc,40.717905267041,-111.9390533552,Match
KENTUCKY FRIED CHICKEN / TACO BELL|2930 E 3300 S|MILLCREEK TS,KENTUCKY FRIED CHICKEN / TACO BELL,2930 E 3300 S,MILLCREEK TS,"MILLCREEK TS, UT 84109",Restaurants: non-plated,friend_slc,40.699781667592,-111.809861351828,Match
KENTUCKY FRIED CHICKEN|1765 W 4700 S|TAYLORSVILLE,KENTUCKY FRIED CHICKEN,1765 W 4700 S,TAYLORSVILLE,"TAYLORSVILLE, UT 84129",Restaurants: non-plated,friend_slc,40.667597681341,-111.940057047082,Match
KINETIK|751 W 800 S|SALT LAKE CITY,KINETIK,751 W 800 S,SALT LAKE CITY,"SALT LAKE CITY, UT 84104","Caterers, not restaurant connected",friend_slc,40.751878026205,-111.912556101444,Match
KINGS PEAK COFFEE ROASTERS|592 W 200 S|SALT LAKE CITY,KINGS PEAK COFFEE ROASTERS,592 W 200 S,SALT LAKE CITY,"SALT LAKE CITY, UT 84104",Beverage Service: Coffee,friend_slc,40.765047259359,-111.908046521811,Match
KOKOPELLIS KOFFEE HOUSE|3955 S HIGHLAND DR|HOLLADAY,KOKOPELLIS KOFFEE HOUSE,3955 S HIGHLAND DR,HOLLADAY,"HOLLADAY, UT 84124",Beverage Service: Coffee,friend_slc,40.685812582469,-111.844568150847,Match
KRISPY KREME|3370 S 5600 W|WEST VALLEY CITY,KRISPY KREME,3370 S 5600 W,WEST VALLEY CITY,"WEST VALLEY CITY, UT 84120",Beverage Service: Coffee,friend_slc,40.698855080046,-112.024934740037,Match
KURA REVOLVING SUSHI|675 E 2100 S|SALT LAKE CITY,KURA REVOLVING SUSHI,675 E 2100 S,SALT LAKE CITY,"SALT LAKE CITY, UT 84106",Restaurants: plated,friend_slc,40.725483261049,-111.873144427497,Match
L3 HARRIS|640 N 2200 W|SALT LAKE CITY,L3 HARRIS,640 N 2200 W,SALT LAKE CITY,"SALT LAKE CITY, UT 84116",Restaurants: non-plated,friend_slc,40.782818754818,-111.95345507996,Match
LA BOTANA DE MAMA HILA|4936 W 3500 S|WEST VALLEY CITY,LA BOTANA DE MAMA HILA,4936 W 3500 S,WEST VALLEY CITY,"WEST VALLEY CITY, UT 84120",Restaurants: plated,friend_slc,40.696629274874,-112.008978234732,Match
LA CASA DE LA AREPA #372WX|1391 S 300 W|SALT LAKE CITY,LA CASA DE LA AREPA #372WX,1391 S 300 W,SALT LAKE CITY,"SALT LAKE CITY, UT 84115",Mobiles: Mobile Food Units (Trucks),friend_slc,40.739303796815,-111.899581146097,Match
LA CASA DE LA AREPA|1391 S 300 W|SALT LAKE CITY,LA CASA DE LA AREPA,1391 S 300 W,SALT LAKE CITY,"SALT LAKE CITY, UT 84115","Caterers, not restaurant connected",friend_slc,40.739303796815,-111.899581146097,Match
LA CATRINA FLAVORS OF MEXICO #U564LP|3232 S 400 E|SOUTH SALT LAKE,LA CATRINA FLAVORS OF MEXICO #U564LP,3232 S 400 E,SOUTH SALT LAKE,"SOUTH SALT LAKE, UT 84115",Mobiles: Mobile Food Units (Trucks),friend_slc,40.7220529,-111.8797051,Match_Nominatim
LA COCINA DE CECI|6714 S AIRPORT RD|WEST JORDAN,LA COCINA DE CECI,6714 S AIRPORT RD,WEST JORDAN,"WEST JORDAN, UT 84084","Caterers, not restaurant connected",friend_slc,40.629141792496,-111.999915753867,Match
LA CREME #LACREME|752 W CENTER ST|MIDVALE,LA CREME #LACREME,752 W CENTER ST,MIDVALE,"MIDVALE, UT 84047",Mobiles: Mobile Food Units (Trucks),friend_slc,40.6109093,-111.9115446,Match_Nominatim
LA CREPE DOR #380572Z|894 E 3900 S|MILLCREEK,LA CREPE DOR #380572Z,894 E 3900 S,MILLCREEK,"MILLCREEK, UT 84124",Mobiles: Mobile Food Units (Trucks),friend_slc,40.687017365218,-111.866756216423,Match
LA FOGATA #237992A|13751 S WADSWORTH PARK DR|DRAPER,LA FOGATA #237992A,13751 S WADSWORTH PARK DR,DRAPER,"DRAPER, UT 84020",Mobiles: Mobile Food Units (Trucks),friend_slc,40.501268841429,-111.889096448581,Match
LA LOLA TACO|6356 S STATE ST|MURRAY,LA LOLA TACO,6356 S STATE ST,MURRAY,"MURRAY, UT 84107",Restaurants: plated,friend_slc,40.633866581992,-111.889450252799,Match
LA PANERIA|752 W CENTER ST|MIDVALE,LA PANERIA,752 W CENTER ST,MIDVALE,"MIDVALE, UT 84047","Caterers, not restaurant connected",friend_slc,40.6109093,-111.9115446,Match_Nominatim
LA POBLANA MEXICAN FOOD #231365A|3330 S 5600 W|WEST VALLEY CITY,LA POBLANA MEXICAN FOOD #231365A,3330 S 5600 W,WEST VALLEY CITY,"WEST VALLEY CITY, UT 84120",Mobiles: Mobile Food Units (Trucks),friend_slc,40.699556365894,-112.02493989715,Match
LA SALSAS @ TAQUERIA EL CALOR|2975 S REDWOOD RD|WEST VALLEY CITY,LA SALSAS @ TAQUERIA EL CALOR,2975 S REDWOOD RD,WEST VALLEY CITY,"WEST VALLEY CITY, UT 84119","Caterers, not restaurant connected",friend_slc,40.708257157216,-111.93886167712,Match
LA YAQUESITA #|4848 S REDWOOD RD|TAYLORSVILLE,LA YAQUESITA #,4848 S REDWOOD RD,TAYLORSVILLE,"TAYLORSVILLE, UT 84123",Mobiles: Food Carts,friend_slc,40.663791845057,-111.938911883909,Match
LALAS LEMONADE SHACK @ SALT PALACE|100 S WEST TEMPLE ST|SALT LAKE CITY,LALAS LEMONADE SHACK @ SALT PALACE,100 S WEST TEMPLE ST,SALT LAKE CITY,"SALT LAKE CITY, UT 84101",Mobiles: Food Carts,friend_slc,40.766205051762,-111.894029082909,Match
LARRY H MILLER BALLPARK CONCESSIONS|4350 S 1300 E|MILLCREEK,LARRY H MILLER BALLPARK CONCESSIONS,4350 S 1300 E,MILLCREEK,"MILLCREEK, UT 84124",Concessions: potentially hazardous foods,friend_slc,40.67588153018,-111.854182797792,Match
LAS ELLIES #9W1NV|56 E 3335 S|SOUTH SALT LAKE,LAS ELLIES #9W1NV,56 E 3335 S,SOUTH SALT LAKE,"SOUTH SALT LAKE, UT 84115",Mobiles: Mobile Food Units (Trucks),friend_slc,40.698926673898,-111.889519844607,Match
LAST CHANCE MINING CAMP|1200 BIG COTTONWOOD CANYON RD|COTTONWOOD HEIGHTS,LAST CHANCE MINING CAMP,1200 BIG COTTONWOOD CANYON RD,COTTONWOOD HEIGHTS,"COTTONWOOD HEIGHTS, UT 84121",Restaurants: plated,friend_slc,40.6193072,-111.7875193,Match_Nominatim
LAURA LEES CATERING @ CLASSIC COMMISSARY|3232 S 400 E|SOUTH SALT LAKE,LAURA LEES CATERING @ CLASSIC COMMISSARY,3232 S 400 E,SOUTH SALT LAKE,"SOUTH SALT LAKE, UT 84115","Caterers, not restaurant connected",friend_slc,40.7220529,-111.8797051,Match_Nominatim
LDS FOOD SERVICES PRINTING CENTER CAFETERIA|1980 W INDUSTRIAL CIR|SALT LAKE CITY,LDS FOOD SERVICES PRINTING CENTER CAFETERIA,1980 W INDUSTRIAL CIR,SALT LAKE CITY,"SALT LAKE CITY, UT 84104",Restaurants: plated,friend_slc,40.728308251357,-111.944810009143,Match
LDS HOSPITAL CAFETERIA|400 E EIGHTH AVE|SALT LAKE CITY,LDS HOSPITAL CAFETERIA,400 E EIGHTH AVE,SALT LAKE CITY,"SALT LAKE CITY, UT 84143",Restaurants: plated,friend_slc,40.778450664075,-111.877486100773,Match
LDS RIVERTON OFFICE BUILDING CAFETERIA|3740 W MARKET CENTER DR|RIVERTON,LDS RIVERTON OFFICE BUILDING CAFETERIA,3740 W MARKET CENTER DR,RIVERTON,"RIVERTON, UT 84065",Restaurants: plated,friend_slc,,,No_Match
LE BOEUF|248 W 900 S|SALT LAKE CITY,LE BOEUF,248 W 900 S,SALT LAKE CITY,"SALT LAKE CITY, UT 84101",Restaurants: plated,friend_slc,40.749828260295,-111.898301395423,Match
LEE SUSHI|71 W 10600 S|SANDY,LEE SUSHI,71 W 10600 S,SANDY,"SANDY, UT 84070",Restaurants: plated,friend_slc,40.558857727717,-111.893006594734,Match
LEPRECHAUN PUB AND GRILL|4700 S 900 E|SALT LAKE CITY,LEPRECHAUN PUB AND GRILL,4700 S 900 E,SALT LAKE CITY,"SALT LAKE CITY, UT 84117",Restaurants: plated,friend_slc,40.668240754935,-111.86520572129,Match
LEVEL CROSSING BREWING - DOG PATIO|550 S 300 W|SALT LAKE CITY,LEVEL CROSSING BREWING - DOG PATIO,550 S 300 W,SALT LAKE CITY,"SALT LAKE CITY, UT 84101",Restaurants: non-plated,friend_slc,40.757363915264,-111.899741403521,Match
LEVEL CROSSING BREWING/ DOG PATIO|2496 S WEST TEMPLE|SALT LAKE CITY,LEVEL CROSSING BREWING/ DOG PATIO,2496 S WEST TEMPLE,SALT LAKE CITY,"SALT LAKE CITY, UT 84115",Beverage Service: Bars/Lounges,friend_slc,40.716180458129,-111.89404436323,Match
LEVY @ DELTA CENTER/BLACK DESERT CLUB #268|301 W SOUTH TEMPLE ST|SALT LAKE CITY,LEVY @ DELTA CENTER/BLACK DESERT CLUB #268,301 W SOUTH TEMPLE ST,SALT LAKE CITY,"SALT LAKE CITY, UT 84101",Restaurants: non-plated,friend_slc,40.76928866684,-111.899750414772,Match
LEVY @ DELTA CENTER/INTERFORM CLUB #410|301 W SOUTH TEMPLE ST|SALT LAKE CITY,LEVY @ DELTA CENTER/INTERFORM CLUB #410,301 W SOUTH TEMPLE ST,SALT LAKE CITY,"SALT LAKE CITY, UT 84101",Beverage Service: Bars/Lounges,friend_slc,40.76928866684,-111.899750414772,Match
LEVY @ DELTA CENTER/TOYOTA NORTH #251|301 W SOUTH TEMPLE ST|SALT LAKE CITY,LEVY @ DELTA CENTER/TOYOTA NORTH #251,301 W SOUTH TEMPLE ST,SALT LAKE CITY,"SALT LAKE CITY, UT 84101",Restaurants: non-plated,friend_slc,40.76928866684,-111.899750414772,Match
LEVY FORD ZONE #10|9256 S STATE ST|SANDY,LEVY FORD ZONE #10,9256 S STATE ST,SANDY,"SANDY, UT 84070",Restaurants: non-plated,friend_slc,40.582320140115,-111.89090973933,Match
LEVY GRAB N GOAL #4|9256 S STATE ST|SANDY,LEVY GRAB N GOAL #4,9256 S STATE ST,SANDY,"SANDY, UT 84070",Concessions: potentially hazardous foods,friend_slc,40.582320140115,-111.89090973933,Match
LEVY ROYAL FEAST EAST #7|9256 S STATE ST|SANDY,LEVY ROYAL FEAST EAST #7,9256 S STATE ST,SANDY,"SANDY, UT 84070",Concessions: potentially hazardous foods,friend_slc,40.582320140115,-111.89090973933,Match
LEWIS CAFE & COURTYARD|590 S WAKARA WY|SALT LAKE CITY,LEWIS CAFE & COURTYARD,590 S WAKARA WY,SALT LAKE CITY,"SALT LAKE CITY, UT 84108",Restaurants: non-plated,friend_slc,40.756633566967,-111.831692088849,Match
LIBERTY SENIOR CENTER|251 E 700 S|SALT LAKE CITY,LIBERTY SENIOR CENTER,251 E 700 S,SALT LAKE CITY,"SALT LAKE CITY, UT 84111",Restaurants: non-plated,friend_slc,40.75418425868,-111.883868802122,Match
LIFE CAFE BISTRO|10996 S RIVERFRONT PKWY|SOUTH JORDAN,LIFE CAFE BISTRO,10996 S RIVERFRONT PKWY,SOUTH JORDAN,"SOUTH JORDAN, UT 84095",Restaurants: non-plated,friend_slc,40.551495383339,-111.916877494285,Match
LITTLE CAESARS #511|301 W SOUTH TEMPLE ST|SALT LAKE CITY,LITTLE CAESARS #511,301 W SOUTH TEMPLE ST,SALT LAKE CITY,"SALT LAKE CITY, UT 84101",Concessions: no potentially hazardous foods,friend_slc,40.76928866684,-111.899750414772,Match
LITTLE CAESARS PIZZA|1822 W 12600 S|RIVERTON,LITTLE CAESARS PIZZA,1822 W 12600 S,RIVERTON,"RIVERTON, UT 84065",Restaurants: non-plated,friend_slc,40.522367286242,-111.940995221709,Match
LITTLE CAESARS PIZZA|2120 S 700 E|SALT LAKE CITY,LITTLE CAESARS PIZZA,2120 S 700 E,SALT LAKE CITY,"SALT LAKE CITY, UT 84106",Restaurants: non-plated,friend_slc,40.7249625484,-111.871172466761,Match
LITTLE CAESARS PIZZA|2301 E 2100 S|SALT LAKE CITY,LITTLE CAESARS PIZZA,2301 E 2100 S,SALT LAKE CITY,"SALT LAKE CITY, UT 84109",Restaurants: non-plated,friend_slc,40.725856778159,-111.824769822153,Match
LITTLE CAESARS PIZZA|3380 S 5600 W|WEST VALLEY CITY,LITTLE CAESARS PIZZA,3380 S 5600 W,WEST VALLEY CITY,"WEST VALLEY CITY, UT 84128",Restaurants: non-plated,friend_slc,40.698679758585,-112.024933450933,Match
LITTLE CAESARS PIZZA|4124 S REDWOOD RD|TAYLORSVILLE,LITTLE CAESARS PIZZA,4124 S REDWOOD RD,TAYLORSVILLE,"TAYLORSVILLE, UT 84123",Restaurants: non-plated,friend_slc,40.681584538818,-111.938969161038,Match
LITTLE CAESARS PIZZA|9205 S 700 E|SANDY,LITTLE CAESARS PIZZA,9205 S 700 E,SANDY,"SANDY, UT 84070",Restaurants: non-plated,friend_slc,40.584409292154,-111.872117847467,Match
LITTLE CAESARS|4696 S HOLLADAY BLVD|HOLLADAY,LITTLE CAESARS,4696 S HOLLADAY BLVD,HOLLADAY,"HOLLADAY, UT 84117",Restaurants: non-plated,friend_slc,40.667231064849,-111.823304644397,Match
LITTLE DOLLIE WAFFLES|12000 BIG COTTONWOOD CANYON RD|COTTONWOOD HEIGHTS,LITTLE DOLLIE WAFFLES,12000 BIG COTTONWOOD CANYON RD,COTTONWOOD HEIGHTS,"COTTONWOOD HEIGHTS, UT 84121",Restaurants: non-plated,friend_slc,40.61069545121,-111.578770801263,Match
LOG HAVEN - DOG PATIO|6451 E MILLCREEK CANYON RD|MILLCREEK TS,LOG HAVEN - DOG PATIO,6451 E MILLCREEK CANYON RD,MILLCREEK TS,"MILLCREEK TS, UT 84109",Restaurants: plated,friend_slc,,,No_Match
LONCHERITO CATERING #D891ZM|1051 S 300 W|SALT LAKE CITY,LONCHERITO CATERING #D891ZM,1051 S 300 W,SALT LAKE CITY,"SALT LAKE CITY, UT 84101",Mobiles: Mobile Food Units (Trucks),friend_slc,40.745848857076,-111.899585639328,Match
LONGHORN STEAKHOUSE|963 E FORT UNION BLVD|MIDVALE,LONGHORN STEAKHOUSE,963 E FORT UNION BLVD,MIDVALE,"MIDVALE, UT 84047",Restaurants: plated,friend_slc,40.622313738467,-111.864718407763,Match
LOS TAPATIOS 2|3269 W 5400 S|TAYLORSVILLE,LOS TAPATIOS 2,3269 W 5400 S,TAYLORSVILLE,"TAYLORSVILLE, UT 84123",Restaurants: non-plated,friend_slc,40.653029954524,-111.969069891904,Match
LOS TAPIA KITCHEN #5BVT2|758 S REDWOOD RD|SALT LAKE CITY,LOS TAPIA KITCHEN #5BVT2,758 S REDWOOD RD,SALT LAKE CITY,"SALT LAKE CITY, UT 84104",Mobiles: Mobile Food Units (Trucks),friend_slc,40.752978336229,-111.939080389941,Match
LOVES TRAVEL STOP|25 N REDWOOD RD|SALT LAKE CITY,LOVES TRAVEL STOP,25 N REDWOOD RD,SALT LAKE CITY,"SALT LAKE CITY, UT 84116",Restaurants: non-plated,friend_slc,40.769912797692,-111.939318602471,Match
LUCKY #3197|6936 S REDWOOD RD|WEST JORDAN,LUCKY #3197,6936 S REDWOOD RD,WEST JORDAN,"WEST JORDAN, UT 84084",Restaurants: non-plated,friend_slc,40.625508330816,-111.938813466347,Match
LUCKY|1585 W 3500 S|WEST VALLEY CITY,LUCKY,1585 W 3500 S,WEST VALLEY CITY,"WEST VALLEY CITY, UT 84119",Restaurants: non-plated,friend_slc,40.696653353831,-111.936117675458,Match
LUNAS CATERING|1051 S 300 W|SALT LAKE CITY,LUNAS CATERING,1051 S 300 W,SALT LAKE CITY,"SALT LAKE CITY, UT 84101",Mobiles: Mobile Food Units (Trucks),friend_slc,40.745848857076,-111.899585639328,Match
LUNCH PRO @ VALLEY BEHAVIORAL HEALTH|1020 MAIN ST|SALT LAKE CITY,LUNCH PRO @ VALLEY BEHAVIORAL HEALTH,1020 MAIN ST,SALT LAKE CITY,"SALT LAKE CITY, UT 84101",Restaurants: non-plated,friend_slc,40.746489260109,-111.891150893884,Match
LUX EVENTS INC|1578 S 300 W|SALT LAKE CITY,LUX EVENTS INC,1578 S 300 W,SALT LAKE CITY,"SALT LAKE CITY, UT 84115","Caterers, not restaurant connected",friend_slc,40.735287583177,-111.899732380653,Match
MACEY MARKET SUGAR HOUSE|1638 S 900 E|SALT LAKE CITY,MACEY MARKET SUGAR HOUSE,1638 S 900 E,SALT LAKE CITY,"SALT LAKE CITY, UT 84105",Restaurants: non-plated,friend_slc,40.734422668048,-111.865406386787,Match
MACEYS SUPERMARKET DELI|3981 S WASATCH BLVD|MILLCREEK TS,MACEYS SUPERMARKET DELI,3981 S WASATCH BLVD,MILLCREEK TS,"MILLCREEK TS, UT 84124",Restaurants: non-plated,friend_slc,40.685740123902,-111.79591734213,Match
MACEYS|2040 S 2300 E|SALT LAKE CITY,MACEYS,2040 S 2300 E,SALT LAKE CITY,"SALT LAKE CITY, UT 84108",Restaurants: non-plated,friend_slc,40.726095762456,-111.825014555849,Match
MACEYS|4530 S HIGHLAND DR|MILLCREEK TS,MACEYS,4530 S HIGHLAND DR,MILLCREEK TS,"MILLCREEK TS, UT 84117",Restaurants: non-plated,friend_slc,40.673356921639,-111.841325196669,Match
MAD GREEK EXPRESS|4504 S 900 E|MILLCREEK TS,MAD GREEK EXPRESS,4504 S 900 E,MILLCREEK TS,"MILLCREEK TS, UT 84117",Restaurants: non-plated,friend_slc,40.674083602127,-111.865617826584,Match
MAGNA KENNECOTT SENIOR CENTER|9228 W 2700 S|MAGNA TS,MAGNA KENNECOTT SENIOR CENTER,9228 W 2700 S,MAGNA TS,"MAGNA TS, UT 84044",Restaurants: non-plated,friend_slc,40.710993281186,-112.110215192552,Match
MAGNA MAIN STREET TACOS #|8815 W MAGNA MAIN ST|MAGNA,MAGNA MAIN STREET TACOS #,8815 W MAGNA MAIN ST,MAGNA,"MAGNA, UT 84044",Mobiles: Food Carts,friend_slc,40.710983276362,-112.102984886969,Match
MAGNOLIA EVENT CENTER|1117 W JORDAN PKWY|SOUTH JORDAN,MAGNOLIA EVENT CENTER,1117 W JORDAN PKWY,SOUTH JORDAN,"SOUTH JORDAN, UT 84095",Restaurants: non-plated,friend_slc,40.561292126525,-111.923862611527,Match
MAIN KITCHEN/DELTA CENTER|301 W SOUTH TEMPLE ST|SALT LAKE CITY,MAIN KITCHEN/DELTA CENTER,301 W SOUTH TEMPLE ST,SALT LAKE CITY,"SALT LAKE CITY, UT 84101",Restaurants: non-plated,friend_slc,40.76928866684,-111.899750414772,Match
MAMMOTH PRACTICE FACILITY|10450 S STATE ST|SANDY,MAMMOTH PRACTICE FACILITY,10450 S STATE ST,SANDY,"SANDY, UT 84070",Restaurants: non-plated,friend_slc,40.561530723723,-111.890876209125,Match
MANKA RESTAURANT #3CBFO|3536 S STATE ST|SOUTH SALT LAKE,MANKA RESTAURANT #3CBFO,3536 S STATE ST,SOUTH SALT LAKE,"SOUTH SALT LAKE, UT 84115",Mobiles: Mobile Food Units (Trucks),friend_slc,40.694015047258,-111.888333841961,Match
MANNYS NEIGHBORHOOD BAR|1704 S MAIN ST|SALT LAKE CITY,MANNYS NEIGHBORHOOD BAR,1704 S MAIN ST,SALT LAKE CITY,"SALT LAKE CITY, UT 84115",Beverage Service: Bars/Lounges,friend_slc,40.733362485627,-111.891141880608,Match
MANOLIS|402 E 900 S|SALT LAKE CITY,MANOLIS,402 E 900 S,SALT LAKE CITY,"SALT LAKE CITY, UT 84111",Restaurants: plated,friend_slc,40.749722667437,-111.879468584264,Match
MARCATO KITCHEN|545 W 700 S|SALT LAKE CITY,MARCATO KITCHEN,545 W 700 S,SALT LAKE CITY,"SALT LAKE CITY, UT 84101",Restaurants: plated,friend_slc,40.754060669107,-111.907017250006,Match
MARCOS PIZZA|2778 S 5600 W|WEST VALLEY CITY,MARCOS PIZZA,2778 S 5600 W,WEST VALLEY CITY,"WEST VALLEY CITY, UT 84120",Restaurants: non-plated,friend_slc,40.70958064854,-112.024989573651,Match
MARCOS PIZZA|6910 S REDWOOD RD|WEST JORDAN,MARCOS PIZZA,6910 S REDWOOD RD,WEST JORDAN,"WEST JORDAN, UT 84084",Restaurants: non-plated,friend_slc,40.625966884237,-111.938816862977,Match
MARIOTT LIBRARY STARBUCKS|255 S 1500 E|SALT LAKE CITY,MARIOTT LIBRARY STARBUCKS,255 S 1500 E,SALT LAKE CITY,"SALT LAKE CITY, UT 84112",Beverage Service: Coffee,friend_slc,40.761820270005,-111.847133628271,Match
MARK MILLER TOYOTA|730 S WESTTEMPLE ST|SALT LAKE CITY,MARK MILLER TOYOTA,730 S WESTTEMPLE ST,SALT LAKE CITY,"SALT LAKE CITY, UT 84101",Restaurants: non-plated,friend_slc,40.7534317769,-111.894021900256,Match
MARKET CATERING|1578 S 300 W|SALT LAKE CITY,MARKET CATERING,1578 S 300 W,SALT LAKE CITY,"SALT LAKE CITY, UT 84115",Restaurants: non-plated,friend_slc,40.735287583177,-111.899732380653,Match
MATTEO RISTORANTE ITALIANO|77 W 200 S|SALT LAKE CITY,MATTEO RISTORANTE ITALIANO,77 W 200 S,SALT LAKE CITY,"SALT LAKE CITY, UT 84101",Restaurants: plated,friend_slc,40.764941666817,-111.893267599812,Match
MAVERIK 5384|13639 S 200 W|DRAPER,MAVERIK 5384,13639 S 200 W,DRAPER,"DRAPER, UT 84020",Restaurants: non-plated,friend_slc,40.5036545,-111.8966127,Match_Nominatim
MAVERIK 5385|9780 S REDWOOD RD|SOUTH JORDAN,MAVERIK 5385,9780 S REDWOOD RD,SOUTH JORDAN,"SOUTH JORDAN, UT 84095",Restaurants: non-plated,friend_slc,40.573541782778,-111.938715337749,Match
MCDONALDS #11456|3497 S 5600 W|WEST VALLEY CITY,MCDONALDS #11456,3497 S 5600 W,WEST VALLEY CITY,"WEST VALLEY CITY, UT 84120",Restaurants: non-plated,friend_slc,40.696641028092,-112.024771174478,Match
MCDONALDS #11855|5571 S REDWOOD RD|TAYLORSVILLE,MCDONALDS #11855,5571 S REDWOOD RD,TAYLORSVILLE,"TAYLORSVILLE, UT 84123",Restaurants: non-plated,friend_slc,40.649946437869,-111.938704251451,Match
MCDONALDS #14285|10381 S REDWOOD RD|SOUTH JORDAN,MCDONALDS #14285,10381 S REDWOOD RD,SOUTH JORDAN,"SOUTH JORDAN, UT 84095",Restaurants: non-plated,friend_slc,40.562808913685,-111.938570490719,Match
MCDONALDS #18187|1265 W 9000 S|WEST JORDAN,MCDONALDS #18187,1265 W 9000 S,WEST JORDAN,"WEST JORDAN, UT 84088",Restaurants: non-plated,friend_slc,40.587731689367,-111.928322995095,Match
MCDONALDS #20553|4601 W 6200 S|WEST JORDAN,MCDONALDS #20553,4601 W 6200 S,WEST JORDAN,"WEST JORDAN, UT 84118",Restaurants: non-plated,friend_slc,40.638516810701,-112.00055220399,Match
MCDONALDS #2108|242 S 700 E|SALT LAKE CITY,MCDONALDS #2108,242 S 700 E,SALT LAKE CITY,"SALT LAKE CITY, UT 84102",Restaurants: non-plated,friend_slc,40.764432775742,-111.871134915995,Match
MCDONALDS #22758|3963 W 9000 S|WEST JORDAN,MCDONALDS #22758,3963 W 9000 S,WEST JORDAN,"WEST JORDAN, UT 84088",Restaurants: non-plated,friend_slc,40.587807431983,-111.985527125838,Match
MCDONALDS #23894|2002 W 12600 S|RIVERTON,MCDONALDS #23894,2002 W 12600 S,RIVERTON,"RIVERTON, UT 84065",Restaurants: non-plated,friend_slc,40.522368553807,-111.944585805802,Match
MCDONALDS #24042|3540 S 8400 W|MAGNA TS,MCDONALDS #24042,3540 S 8400 W,MAGNA TS,"MAGNA TS, UT 84044",Restaurants: non-plated,friend_slc,40.695621905314,-112.091848365949,Match
MCDONALDS #31437|11374 S RIVER HEIGHTS|SOUTH JORDAN,MCDONALDS #31437,11374 S RIVER HEIGHTS,SOUTH JORDAN,"SOUTH JORDAN, UT 84095",Restaurants: non-plated,friend_slc,40.553256146277,-111.975713858736,Match
MCDONALDS #32093|13628 S 200 W|DRAPER,MCDONALDS #32093,13628 S 200 W,DRAPER,"DRAPER, UT 84020",Restaurants: non-plated,friend_slc,40.5037981,-111.8975282,Match_Nominatim
MCDONALDS #3320|3464 W 3500 S|WEST VALLEY CITY,MCDONALDS #3320,3464 W 3500 S,WEST VALLEY CITY,"WEST VALLEY CITY, UT 84119",Restaurants: non-plated,friend_slc,40.696683272128,-111.97387996901,Match
MCDONALDS #33425|5018 W 13400 S|HERRIMAN,MCDONALDS #33425,5018 W 13400 S,HERRIMAN,"HERRIMAN, UT 84096",Restaurants: non-plated,friend_slc,,,No_Match
MCDONALDS #37150|5338 S 5600 W|WEST VALLEY CITY,MCDONALDS #37150,5338 S 5600 W,WEST VALLEY CITY,"WEST VALLEY CITY, UT 84118",Restaurants: non-plated,friend_slc,40.653940257766,-112.024653875373,Match
MCDONALDS #37265|5706 W 7800 S|WEST JORDAN,MCDONALDS #37265,5706 W 7800 S,WEST JORDAN,"WEST JORDAN, UT 84081",Restaurants: non-plated,friend_slc,40.609500286062,-112.027830113138,Match
MCDONALDS #4010|3289 E VALLEY ST|MILLCREEK TS,MCDONALDS #4010,3289 E VALLEY ST,MILLCREEK TS,"MILLCREEK TS, UT 84109",Restaurants: non-plated,friend_slc,40.700075067326,-111.800590215833,Match
MCDONALDS #5688|3900 W 5400 S|TAYLORSVILLE,MCDONALDS #5688,3900 W 5400 S,TAYLORSVILLE,"TAYLORSVILLE, UT 84129",Restaurants: non-plated,friend_slc,40.653132089074,-111.984131500487,Match
MCDONALDS #6396|916 W NORTH TEMPLE ST|SALT LAKE CITY,MCDONALDS #6396,916 W NORTH TEMPLE ST,SALT LAKE CITY,"SALT LAKE CITY, UT 84116",Restaurants: non-plated,friend_slc,40.771590259359,-111.917375976106,Match
MCDONALDS #6408|935 E 2100 S|SALT LAKE CITY,MCDONALDS #6408,935 E 2100 S,SALT LAKE CITY,"SALT LAKE CITY, UT 84106",Restaurants: non-plated,friend_slc,40.725474260369,-111.864421963377,Match
MCDONALDS #6805|1655 S REDWOOD RD|SALT LAKE CITY,MCDONALDS #6805,1655 S REDWOOD RD,SALT LAKE CITY,"SALT LAKE CITY, UT 84104",Restaurants: non-plated,friend_slc,40.733980353554,-111.93889314491,Match
MCDONALDS #8209|303 E 12300 S|DRAPER,MCDONALDS #8209,303 E 12300 S,DRAPER,"DRAPER, UT 84020",Restaurants: non-plated,friend_slc,40.526823447764,-111.881629592152,Match
MCDONALDS|11229 S AUTOMALL DR|SANDY,MCDONALDS,11229 S AUTOMALL DR,SANDY,"SANDY, UT 84070",Restaurants: non-plated,friend_slc,,,Tie
MCDONALDS|1533 S STATE ST|SALT LAKE CITY,MCDONALDS,1533 S STATE ST,SALT LAKE CITY,"SALT LAKE CITY, UT 84115",Restaurants: non-plated,friend_slc,40.73623659913,-111.888133152084,Match
MCDONALDS|1879 E 4800 S|HOLLADAY,MCDONALDS,1879 E 4800 S,HOLLADAY,"HOLLADAY, UT 84117",Restaurants: non-plated,friend_slc,,,No_Match
MCDONALDS|1896 E 9400 S|SANDY,MCDONALDS,1896 E 9400 S,SANDY,"SANDY, UT 84093",Restaurants: non-plated,friend_slc,40.580396683091,-111.836832940378,Match
MCDONALDS|28 S STATE ST|SALT LAKE CITY,MCDONALDS,28 S STATE ST,SALT LAKE CITY,"SALT LAKE CITY, UT 84111",Restaurants: non-plated,friend_slc,40.769017451144,-111.888302416873,Match
MCDONALDS|3890 S 1100 E|MILLCREEK TS,MCDONALDS,3890 S 1100 E,MILLCREEK TS,"MILLCREEK TS, UT 84106",Restaurants: non-plated,friend_slc,40.687236376303,-111.859883363008,Match
MCDONALDS|425 W 7200 S|MIDVALE,MCDONALDS,425 W 7200 S,MIDVALE,"MIDVALE, UT 84047",Restaurants: non-plated,friend_slc,40.620602960048,-111.901754943601,Match
MCDONALDS|7024 S HIGHLAND DR|COTTONWOOD HEIGHTS,MCDONALDS,7024 S HIGHLAND DR,COTTONWOOD HEIGHTS,"COTTONWOOD HEIGHTS, UT 84121",Restaurants: non-plated,friend_slc,40.623720588527,-111.834374110213,Match
MCDONALDS|895 E FORT UNION BLVD|MIDVALE,MCDONALDS,895 E FORT UNION BLVD,MIDVALE,"MIDVALE, UT 84047",Restaurants: non-plated,friend_slc,40.622244272066,-111.866169280249,Match
MCDONALDS|9376 S 700 E|SANDY,MCDONALDS,9376 S 700 E,SANDY,"SANDY, UT 84070",Restaurants: non-plated,friend_slc,40.581082607421,-111.87226873367,Match
MEGAPLEX 17 - SNAPPY/MAYAN/OBRIENS|9351 S STATE ST|SANDY,MEGAPLEX 17 - SNAPPY/MAYAN/OBRIENS,9351 S STATE ST,SANDY,"SANDY, UT 84070",Concessions: potentially hazardous foods,friend_slc,40.581703907603,-111.890777603121,Match
MEGAPLEX 20 - WEST CONCESSIONS|3761 W PARKWAY PLAZA DR|SOUTH JORDAN,MEGAPLEX 20 - WEST CONCESSIONS,3761 W PARKWAY PLAZA DR,SOUTH JORDAN,"SOUTH JORDAN, UT 84095",Concessions: potentially hazardous foods,friend_slc,40.54016142093,-111.980249661132,Match
MEMOS FRUITS #098468A|1039 S REDWOOD RD|SALT LAKE CITY,MEMOS FRUITS #098468A,1039 S REDWOOD RD,SALT LAKE CITY,"SALT LAKE CITY, UT 84104",Mobiles: Food Carts,friend_slc,40.746030509993,-111.938915955081,Match
MEMOS FRUITS #2 #E543FD|1039 S REDWOOD RD|SALT LAKE CITY,MEMOS FRUITS #2 #E543FD,1039 S REDWOOD RD,SALT LAKE CITY,"SALT LAKE CITY, UT 84104",Mobiles: Mobile Food Units (Trucks),friend_slc,40.746030509993,-111.938915955081,Match
MEMOS FRUITS COMMISSARY|1899 S REDWOOD RD|SALT LAKE CITY,MEMOS FRUITS COMMISSARY,1899 S REDWOOD RD,SALT LAKE CITY,"SALT LAKE CITY, UT 84104",Commissary,friend_slc,40.728690014637,-111.93888370538,Match
MENCHIES FROZEN YOGURT|2682 S HIGH COMMONS WY|WEST VALLEY CITY,MENCHIES FROZEN YOGURT,2682 S HIGH COMMONS WY,WEST VALLEY CITY,"WEST VALLEY CITY, UT 84120",Restaurants: non-plated,friend_slc,40.711376552365,-112.023546997763,Match
MENCHIES|3165 E 3300 S|MILLCREEK TS,MENCHIES,3165 E 3300 S,MILLCREEK TS,"MILLCREEK TS, UT 84109",Restaurants: non-plated,friend_slc,40.699896258506,-111.803829506825,Match
MENCHIES|541 E 12300 S|DRAPER,MENCHIES,541 E 12300 S,DRAPER,"DRAPER, UT 84020",Beverage Service: Juice/Smoothies,friend_slc,40.526758293719,-111.876454408528,Match
METRO CAFE|9750 S 300 W|SANDY,METRO CAFE,9750 S 300 W,SANDY,"SANDY, UT 84070",Restaurants: non-plated,friend_slc,40.574468573066,-111.900844647583,Match
METRO MUSIC HALL|615 W 100 S|SALT LAKE CITY,METRO MUSIC HALL,615 W 100 S,SALT LAKE CITY,"SALT LAKE CITY, UT 84101",Restaurants: non-plated,friend_slc,40.767110667795,-111.908853856971,Match
MEXICAN PURE FLAVOR #019309Z|728 S REDWOOD RD|SALT LAKE CITY,MEXICAN PURE FLAVOR #019309Z,728 S REDWOOD RD,SALT LAKE CITY,"SALT LAKE CITY, UT 84104",Mobiles: Mobile Food Units (Trucks),friend_slc,40.75348418854,-111.939083660349,Match
MILK|49 E 900 S|SALT LAKE CITY,MILK,49 E 900 S,SALT LAKE CITY,"SALT LAKE CITY, UT 84111",Restaurants: non-plated,friend_slc,40.749832613437,-111.889676949092,Match
MILLCREEK CITY 1ST FLOOR PREP/6TH FLR CATERING|1330 E CHAMBERS AVE|MILLCREEK,MILLCREEK CITY 1ST FLOOR PREP/6TH FLR CATERING,1330 E CHAMBERS AVE,MILLCREEK,"MILLCREEK, UT 84106",Restaurants: plated,friend_slc,40.7010321,-111.8535737,Match_Nominatim
MILLCREEK COFFEE ROASTERS - COMMISSARY|651 S MAIN ST|SALT LAKE CITY,MILLCREEK COFFEE ROASTERS - COMMISSARY,651 S MAIN ST,SALT LAKE CITY,"SALT LAKE CITY, UT 84111",Restaurants: non-plated,friend_slc,40.755104667739,-111.891008627767,Match
MILLCREEK PIZZA HOUSE|1357 E 3300 S|MILLCREEK,MILLCREEK PIZZA HOUSE,1357 E 3300 S,MILLCREEK,"MILLCREEK, UT 84106",Restaurants: non-plated,friend_slc,40.699963759502,-111.852148792471,Match
MILLIES BURGER|2092 S 1000 E|SALT LAKE CITY,MILLIES BURGER,2092 S 1000 E,SALT LAKE CITY,"SALT LAKE CITY, UT 84106",Restaurants: non-plated,friend_slc,40.725542474897,-111.862535378719,Match
MO BETTAHS|11052 S STATE ST|SANDY,MO BETTAHS,11052 S STATE ST,SANDY,"SANDY, UT 84095",Restaurants: plated,friend_slc,40.550655573594,-111.89090123188,Match
MO BETTAHS|1400 S FOOTHILL DR|SALT LAKE CITY,MO BETTAHS,1400 S FOOTHILL DR,SALT LAKE CITY,"SALT LAKE CITY, UT 84108",Restaurants: non-plated,friend_slc,40.739761900834,-111.825749965687,Match
MO BETTAHS|1646 W 14000 S|BLUFFDALE,MO BETTAHS,1646 W 14000 S,BLUFFDALE,"BLUFFDALE, UT 84065",Restaurants: non-plated,friend_slc,40.49718550008,-111.93285691201,Match
MO BETTAHS|5430 S 900 E|MURRAY,MO BETTAHS,5430 S 900 E,MURRAY,"MURRAY, UT 84107",Restaurants: non-plated,friend_slc,40.652924584634,-111.865995805866,Match
MOAB BREWERY|3920 W TERMINAL DR|SALT LAKE CITY,MOAB BREWERY,3920 W TERMINAL DR,SALT LAKE CITY,"SALT LAKE CITY, UT 84122",Restaurants: non-plated,friend_slc,,,No_Match
MOD PIZZA|1010 E 2100 S|SALT LAKE CITY,MOD PIZZA,1010 E 2100 S,SALT LAKE CITY,"SALT LAKE CITY, UT 84106",Restaurants: non-plated,friend_slc,40.725359668805,-111.862123173277,Match
MOD PIZZA|1148 E FORT UNION BLVD|MIDVALE,MOD PIZZA,1148 E FORT UNION BLVD,MIDVALE,"MIDVALE, UT 84047",Restaurants: non-plated,friend_slc,40.624349357325,-111.860435022371,Match
MOD PIZZA|1598 W SOUTH JORDAN PKWY|SOUTH JORDAN,MOD PIZZA,1598 W SOUTH JORDAN PKWY,SOUTH JORDAN,"SOUTH JORDAN, UT 84095",Restaurants: non-plated,friend_slc,40.562421284397,-111.938564862297,Match
MOMOMARU HANDROLL|636 S 200 W|SALT LAKE CITY,MOMOMARU HANDROLL,636 S 200 W,SALT LAKE CITY,"SALT LAKE CITY, UT 84101",Restaurants: plated,friend_slc,40.755480681322,-111.896883901877,Match
MONKEY WRENCH|1845 S 700 E|SALT LAKE CITY,MONKEY WRENCH,1845 S 700 E,SALT LAKE CITY,"SALT LAKE CITY, UT 84105",Restaurants: non-plated,friend_slc,40.730210668956,-111.87099716349,Match
MONUMENT HEALTHCARE MILLCREEK|1201 E 4500 S|MILLCREEK,MONUMENT HEALTHCARE MILLCREEK,1201 E 4500 S,MILLCREEK,"MILLCREEK, UT 84117",Restaurants: plated,friend_slc,40.67435426551,-111.856984237361,Match
MOONBEAM RESTAURANT AN ARGENTA PUB|1200 BIG COTTONWOOD CANYON RD|COTTONWOOD HEIGHTS,MOONBEAM RESTAURANT AN ARGENTA PUB,1200 BIG COTTONWOOD CANYON RD,COTTONWOOD HEIGHTS,"COTTONWOOD HEIGHTS, UT 84121",Restaurants: plated,friend_slc,40.6193072,-111.7875193,Match_Nominatim
MOONCHEESE BURGERS #1MOON|3232 S 400 E|SOUTH SALT LAKE,MOONCHEESE BURGERS #1MOON,3232 S 400 E,SOUTH SALT LAKE,"SOUTH SALT LAKE, UT 84115",Mobiles: Mobile Food Units (Trucks),friend_slc,40.7220529,-111.8797051,Match_Nominatim
MOUNTAIN AMERICA CREDIT UNION CAIRNS CAFE|9800 S MONROE ST|SANDY,MOUNTAIN AMERICA CREDIT UNION CAIRNS CAFE,9800 S MONROE ST,SANDY,"SANDY, UT 84070",Restaurants: non-plated,friend_slc,40.58412972573,-111.899290637815,Match
MOUNTAIN WEST HARD CIDER CO DOG PATIO|425 N 400 W|SALT LAKE CITY,MOUNTAIN WEST HARD CIDER CO DOG PATIO,425 N 400 W,SALT LAKE CITY,"SALT LAKE CITY, UT 84103",Restaurants: non-plated,friend_slc,40.778600377897,-111.902612423365,Match
MOZZ ARTISAN PIZZA|10420 S RUBICON RD|SOUTH JORDAN,MOZZ ARTISAN PIZZA,10420 S RUBICON RD,SOUTH JORDAN,"SOUTH JORDAN, UT 84095",Restaurants: non-plated,friend_slc,40.5617873,-112.0025716,Match_Nominatim
MOZZ ARTISAN PIZZA|545 W 700 S|SALT LAKE CITY,MOZZ ARTISAN PIZZA,545 W 700 S,SALT LAKE CITY,"SALT LAKE CITY, UT 84101",Restaurants: non-plated,friend_slc,40.754060669107,-111.907017250006,Match
MT OLYMPUS SENIOR CENTER|1635 E MURRAY HOLLADAY|MILLCREEK TS,MT OLYMPUS SENIOR CENTER,1635 E MURRAY HOLLADAY,MILLCREEK TS,"MILLCREEK TS, UT 84117",Restaurants: non-plated,friend_slc,40.666834799968,-111.84533952466,Match
MURPHY EXPRESS|3853 W CAMPUS VIEW DR|WEST JORDAN,MURPHY EXPRESS,3853 W CAMPUS VIEW DR,WEST JORDAN,"WEST JORDAN, UT 84084",Restaurants: non-plated,friend_slc,40.614985524507,-111.983597534865,Match
MURPHY EXPRESS|6135 S 5600 W|KEARNS TS,MURPHY EXPRESS,6135 S 5600 W,KEARNS TS,"KEARNS TS, UT 84118",Restaurants: non-plated,friend_slc,40.639755223605,-112.024536380486,Match
MURPHYS CAFE 126|12575 S RHETSKI LN|RIVERTON,MURPHYS CAFE 126,12575 S RHETSKI LN,RIVERTON,"RIVERTON, UT 84065",Restaurants: plated,friend_slc,40.5226096,-111.9818364,Match_Nominatim
MURRAY THEATER|4961 S STATE ST|MURRAY,MURRAY THEATER,4961 S STATE ST,MURRAY,"MURRAY, UT 84107",Concessions: no potentially hazardous foods,friend_slc,40.663869007789,-111.888211955865,Match
MURRAY WINGERS DOG PATIO|4790 S STATE ST|MURRAY,MURRAY WINGERS DOG PATIO,4790 S STATE ST,MURRAY,"MURRAY, UT 84107",Restaurants: plated,friend_slc,40.667191829738,-111.888351814971,Match
MY ARTS PLACE|8987 W MAGNA MAIN ST|MAGNA,MY ARTS PLACE,8987 W MAGNA MAIN ST,MAGNA,"MAGNA, UT 84044",Beverage Service: Bars/Lounges,friend_slc,40.710938833737,-112.10576532398,Match
MY PIE PIZZA|4655 S 2300 E|HOLLADAY,MY PIE PIZZA,4655 S 2300 E,HOLLADAY,"HOLLADAY, UT 84117",Restaurants: non-plated,friend_slc,40.669393931814,-111.82447221748,Match
NANOS BAGELS @ MADDERTAZ|668 E UNION SQUARE|SANDY,NANOS BAGELS @ MADDERTAZ,668 E UNION SQUARE,SANDY,"SANDY, UT 84070","Caterers, not restaurant connected",friend_slc,40.579214414301,-111.872977539205,Match
NAVAJO HOGAN|447 E 3300 S|SOUTH SALT LAKE,NAVAJO HOGAN,447 E 3300 S,SOUTH SALT LAKE,"SOUTH SALT LAKE, UT 84115",Restaurants: non-plated,friend_slc,40.699914264317,-111.878393759749,Match
NEIGHBORHOOD HIVE|2065 E 2100 S|SALT LAKE CITY,NEIGHBORHOOD HIVE,2065 E 2100 S,SALT LAKE CITY,"SALT LAKE CITY, UT 84109",Beverage Service: Coffee,friend_slc,40.725554101062,-111.831539681418,Match
NEIGHBORHOOD HOUSE UTAH|1050 W 500 S|SALT LAKE CITY,NEIGHBORHOOD HOUSE UTAH,1050 W 500 S,SALT LAKE CITY,"SALT LAKE CITY, UT 84104",Restaurants: plated,friend_slc,40.758513261101,-111.92099939953,Match
NEWYORKS|56 E 3335 S|SOUTH SALT LAKE,NEWYORKS,56 E 3335 S,SOUTH SALT LAKE,"SOUTH SALT LAKE, UT 84115",Mobiles: Food Carts,friend_slc,40.698926673898,-111.889519844607,Match
NICOS RESTAURANT|1458 W NORTH TEMPLE ST|SALT LAKE CITY,NICOS RESTAURANT,1458 W NORTH TEMPLE ST,SALT LAKE CITY,"SALT LAKE CITY, UT 84116",Restaurants: plated,friend_slc,40.771581260531,-111.932339403143,Match
NOMAD EATERY|1722 S FREMONT DR|SALT LAKE CITY,NOMAD EATERY,1722 S FREMONT DR,SALT LAKE CITY,"SALT LAKE CITY, UT 84104",Restaurants: plated,friend_slc,40.732707187446,-111.953453367259,Match
NOODLES & COMPANY|11429 S DISTRICT MAIN DR|SOUTH JORDAN,NOODLES & COMPANY,11429 S DISTRICT MAIN DR,SOUTH JORDAN,"SOUTH JORDAN, UT 84095",Restaurants: plated,friend_slc,40.542553403709,-111.981547485155,Match
NOODLES & COMPANY|1152 E 2100 S|SALT LAKE CITY,NOODLES & COMPANY,1152 E 2100 S,SALT LAKE CITY,"SALT LAKE CITY, UT 84106",Restaurants: non-plated,friend_slc,40.72535966844,-111.857444525865,Match
NOODLES & COMPANY|2682 S HIGH COMMONS WY|WEST VALLEY CITY,NOODLES & COMPANY,2682 S HIGH COMMONS WY,WEST VALLEY CITY,"WEST VALLEY CITY, UT 84120",Restaurants: plated,friend_slc,40.711376552365,-112.023546997763,Match
NOODLES & COMPANY|6901 S 1300 E|MIDVALE,NOODLES & COMPANY,6901 S 1300 E,MIDVALE,"MIDVALE, UT 84047",Restaurants: non-plated,friend_slc,40.626002837095,-111.854729376367,Match
NOOR AL SHAM|728 S REDWOOD RD|SALT LAKE CITY,NOOR AL SHAM,728 S REDWOOD RD,SALT LAKE CITY,"SALT LAKE CITY, UT 84104","Caterers, not restaurant connected",friend_slc,40.75348418854,-111.939083660349,Match
NORDSTROM EBAR|6191 S STATE ST|MURRAY,NORDSTROM EBAR,6191 S STATE ST,MURRAY,"MURRAY, UT 84107",Restaurants: non-plated,friend_slc,40.636411996778,-111.889154906784,Match
NORMAL ICE CREAM|3300 S 1300 E|MILLCREEK,NORMAL ICE CREAM,3300 S 1300 E,MILLCREEK,"MILLCREEK, UT 84106",Restaurants: non-plated,friend_slc,40.698422671192,-111.854088853056,Match
NOTOM|926 E 5600 S|SALT LAKE CITY,NOTOM,926 E 5600 S,SALT LAKE CITY,"SALT LAKE CITY, UT 84121",Beverage Service: Coffee,friend_slc,40.649507677507,-111.864825802028,Match
NUANS THAI KITCHEN|1871 E FORT UNION BLVD|COTTONWOOD HEIGHTS,NUANS THAI KITCHEN,1871 E FORT UNION BLVD,COTTONWOOD HEIGHTS,"COTTONWOOD HEIGHTS, UT 84121",Restaurants: non-plated,friend_slc,40.62469174662,-111.838688541251,Match
NUR KITCHEN|1391 S 300 W|SALT LAKE CITY,NUR KITCHEN,1391 S 300 W,SALT LAKE CITY,"SALT LAKE CITY, UT 84115","Caterers, not restaurant connected",friend_slc,40.739303796815,-111.899581146097,Match
NUTRICION 33|262 E 3300 S|SALT LAKE CITY,NUTRICION 33,262 E 3300 S,SALT LAKE CITY,"SALT LAKE CITY, UT 84115",Beverage Service: Juice/Smoothies,friend_slc,40.699799673339,-111.883603421913,Match
NUTRITION A & Z|3952 W 3500 S|WEST VALLEY CITY,NUTRITION A & Z,3952 W 3500 S,WEST VALLEY CITY,"WEST VALLEY CITY, UT 84129",Restaurants: non-plated,friend_slc,40.696665273039,-111.985529023804,Match
OASIS CAFE|2600 E SUNNYSIDE AVE|SALT LAKE CITY,OASIS CAFE,2600 E SUNNYSIDE AVE,SALT LAKE CITY,"SALT LAKE CITY, UT 84108",Restaurants: non-plated,friend_slc,40.750791673284,-111.816556107765,Match
OLD TOWNE TAVERN|7662 S MAIN ST|MIDVALE,OLD TOWNE TAVERN,7662 S MAIN ST,MIDVALE,"MIDVALE, UT 84047",Beverage Service: Bars/Lounges,friend_slc,40.610993024191,-111.910343811552,Match
OLIVE GARDEN #1306|2272 S 1300 E|SALT LAKE CITY,OLIVE GARDEN #1306,2272 S 1300 E,SALT LAKE CITY,"SALT LAKE CITY, UT 84106",Restaurants: plated,friend_slc,40.721660551966,-111.853720962585,Match
OLIVE GARDEN #1565|10590 S STATE ST|SANDY,OLIVE GARDEN #1565,10590 S STATE ST,SANDY,"SANDY, UT 84070",Restaurants: plated,friend_slc,40.559080623926,-111.890876206744,Match
OLIVE GARDEN|11364 S RIVER HEIGHTS DR|SOUTH JORDAN,OLIVE GARDEN,11364 S RIVER HEIGHTS DR,SOUTH JORDAN,"SOUTH JORDAN, UT 84095",Restaurants: plated,friend_slc,40.553280327176,-111.975697550686,Match
ON THE HOOK FISH & CHIPS # CHIPS28|570 TAYLOR WY|OUT OF COUNTY,ON THE HOOK FISH & CHIPS # CHIPS28,570 TAYLOR WY,OUT OF COUNTY,"OUT OF COUNTY, UT 84054",Mobiles: Mobile Food Units (Trucks),friend_slc,40.853025480341,-111.915932630873,Match
ON THE HOOK FISH & CHIPS #FISH14|570 TAYLOR WY|OUT OF COUNTY,ON THE HOOK FISH & CHIPS #FISH14,570 TAYLOR WY,OUT OF COUNTY,"OUT OF COUNTY, UT 84054",Mobiles: Mobile Food Units (Trucks),friend_slc,40.853025480341,-111.915932630873,Match
ON TIME COMMISSARY|1051 S 300 W|SALT LAKE CITY,ON TIME COMMISSARY,1051 S 300 W,SALT LAKE CITY,"SALT LAKE CITY, UT 84101",Commissary,friend_slc,40.745848857076,-111.899585639328,Match
ONTOP LOUNGE & GRILL|328 S STATE ST|SALT LAKE CITY,ONTOP LOUNGE & GRILL,328 S STATE ST,SALT LAKE CITY,"SALT LAKE CITY, UT 84111",Beverage Service: Bars/Lounges,friend_slc,40.762068666642,-111.888302410325,Match
ORIGINAL PANCAKE HOUSE|7044 S UNION PARK AVE|MIDVALE,ORIGINAL PANCAKE HOUSE,7044 S UNION PARK AVE,MIDVALE,"MIDVALE, UT 84047",Restaurants: plated,friend_slc,40.623510722049,-111.858714064832,Match
OTHERSIDE DONUTS 2 #U446KV|50 S 700 E|SALT LAKE CITY,OTHERSIDE DONUTS 2 #U446KV,50 S 700 E,SALT LAKE CITY,"SALT LAKE CITY, UT 84102",Mobiles: Mobile Food Units (Trucks),friend_slc,40.768265960414,-111.871134919708,Match
OVG ALUMNI HOLDINGS - LEVEL 4 PANTRY|451 S 1400 E|SALT LAKE CITY,OVG ALUMNI HOLDINGS - LEVEL 4 PANTRY,451 S 1400 E,SALT LAKE CITY,"SALT LAKE CITY, UT 84112",Concessions: no potentially hazardous foods,friend_slc,40.759625019833,-111.850160228321,Match
OVG ALUMNI HOLDINGS - LEVEL 5 PANTRY|451 S 1400 E|SALT LAKE CITY,OVG ALUMNI HOLDINGS - LEVEL 5 PANTRY,451 S 1400 E,SALT LAKE CITY,"SALT LAKE CITY, UT 84112",Concessions: no potentially hazardous foods,friend_slc,40.759625019833,-111.850160228321,Match
OVG ALUMNI HOLDINGS - LEVEL 6 PANTRY|451 S 1400 E|SALT LAKE CITY,OVG ALUMNI HOLDINGS - LEVEL 6 PANTRY,451 S 1400 E,SALT LAKE CITY,"SALT LAKE CITY, UT 84112",Concessions: no potentially hazardous foods,friend_slc,40.759625019833,-111.850160228321,Match
PADDOCK LOUNGE|725 E 10600 S|SANDY,PADDOCK LOUNGE,725 E 10600 S,SANDY,"SANDY, UT 84094",Restaurants: non-plated,friend_slc,40.558842599087,-111.87059007191,Match
PANDA EXPRESS #1011|3051 S COLT PLAZA DR|WEST VALLEY CITY,PANDA EXPRESS #1011,3051 S COLT PLAZA DR,WEST VALLEY CITY,"WEST VALLEY CITY, UT 84128",Restaurants: non-plated,friend_slc,40.704551532338,-112.025726154307,Match
PANDA EXPRESS #3088|11513 S 4000 W|SOUTH JORDAN,PANDA EXPRESS #3088,11513 S 4000 W,SOUTH JORDAN,"SOUTH JORDAN, UT 84009",Restaurants: non-plated,friend_slc,40.542690216742,-111.986214035614,Match
PANDA EXPRESS #611|5594 S REDWOOD RD|TAYLORSVILLE,PANDA EXPRESS #611,5594 S REDWOOD RD,TAYLORSVILLE,"TAYLORSVILLE, UT 84123",Restaurants: non-plated,friend_slc,40.649498869419,-111.938855287679,Match
PANDA EXPRESS #749|64 E 12300 S|DRAPER,PANDA EXPRESS #749,64 E 12300 S,DRAPER,"DRAPER, UT 84020",Restaurants: non-plated,friend_slc,40.526705092223,-111.888578549704,Match
PANDA EXPRESS #848|10555 S REDWOOD RD|SOUTH JORDAN,PANDA EXPRESS #848,10555 S REDWOOD RD,SOUTH JORDAN,"SOUTH JORDAN, UT 84095",Restaurants: non-plated,friend_slc,40.559447844369,-111.938573865419,Match
PANDA EXPRESS #856|4645 S 4000 W|WEST VALLEY CITY,PANDA EXPRESS #856,4645 S 4000 W,WEST VALLEY CITY,"WEST VALLEY CITY, UT 84120",Restaurants: non-plated,friend_slc,40.668990881842,-111.986513280451,Match
PANDA EXPRESS|10450 S STATE ST|SANDY,PANDA EXPRESS,10450 S STATE ST,SANDY,"SANDY, UT 84070",Restaurants: non-plated,friend_slc,40.561530723723,-111.890876209125,Match
PANDA EXPRESS|1126 E 2100 S|SALT LAKE CITY,PANDA EXPRESS,1126 E 2100 S,SALT LAKE CITY,"SALT LAKE CITY, UT 84106",Restaurants: non-plated,friend_slc,40.725359668467,-111.85779984775,Match
PANDA EXPRESS|12051 S HERRIMAN MAIN ST|HERRIMAN,PANDA EXPRESS,12051 S HERRIMAN MAIN ST,HERRIMAN,"HERRIMAN, UT 84096",Restaurants: non-plated,friend_slc,40.5215448,-112.0109914,Match_Nominatim
PANDA EXPRESS|188 S RIO GRANDE ST|SALT LAKE CITY,PANDA EXPRESS,188 S RIO GRANDE ST,SALT LAKE CITY,"SALT LAKE CITY, UT 84101",Restaurants: non-plated,friend_slc,40.766465722327,-111.904125274044,Match
PANDA EXPRESS|200 S CENTRAL CAMPUS DR|SALT LAKE CITY,PANDA EXPRESS,200 S CENTRAL CAMPUS DR,SALT LAKE CITY,"SALT LAKE CITY, UT 84112",Restaurants: non-plated,friend_slc,40.7670393,-111.8442724,Match_Nominatim
PANDA EXPRESS|3509 S 8150 W|MAGNA,PANDA EXPRESS,3509 S 8150 W,MAGNA,"MAGNA, UT 84044",Restaurants: non-plated,friend_slc,40.696263996871,-112.085941599643,Match
PANDA EXPRESS|3717 S CONSTITUTION BLVD|WEST VALLEY CITY,PANDA EXPRESS,3717 S CONSTITUTION BLVD,WEST VALLEY CITY,"WEST VALLEY CITY, UT 84119",Restaurants: non-plated,friend_slc,40.691642400222,-111.95791440964,Match
PANDA EXPRESS|3920 W TERMINAL DR|SALT LAKE CITY,PANDA EXPRESS,3920 W TERMINAL DR,SALT LAKE CITY,"SALT LAKE CITY, UT 84122",Restaurants: non-plated,friend_slc,,,No_Match
PANDA EXPRESS|5503 W 7800 S|WEST JORDAN,PANDA EXPRESS,5503 W 7800 S,WEST JORDAN,"WEST JORDAN, UT 84081",Restaurants: non-plated,friend_slc,40.609394694151,-112.021066823079,Match
PANDA EXPRESS|5888 S STATE ST|MURRAY,PANDA EXPRESS,5888 S STATE ST,MURRAY,"MURRAY, UT 84107",Restaurants: non-plated,friend_slc,40.643273045591,-111.888940867175,Match
PANDA EXPRESS|6910 S REDWOOD RD|WEST JORDAN,PANDA EXPRESS,6910 S REDWOOD RD,WEST JORDAN,"WEST JORDAN, UT 84084",Restaurants: non-plated,friend_slc,40.625966884237,-111.938816862977,Match
PANDA EXPRESS|6927 S PARK CENTRE DR|COTTONWOOD HEIGHTS,PANDA EXPRESS,6927 S PARK CENTRE DR,COTTONWOOD HEIGHTS,"COTTONWOOD HEIGHTS, UT 84121",Restaurants: non-plated,friend_slc,40.625341548287,-111.850862953687,Match
PAPA JOHNS PIZZA #1367|753 E 3300 S|MILLCREEK TS,PAPA JOHNS PIZZA #1367,753 E 3300 S,MILLCREEK TS,"MILLCREEK TS, UT 84106",Restaurants: non-plated,friend_slc,40.699926900343,-111.86941238615,Match
PAPA JOHNS PIZZA #1524|3510 S 4400 W|WEST VALLEY CITY,PAPA JOHNS PIZZA #1524,3510 S 4400 W,WEST VALLEY CITY,"WEST VALLEY CITY, UT 84120",Restaurants: non-plated,friend_slc,40.696391795802,-111.99625222397,Match
PAPA JOHNS PIZZA #1565|1844 E FORT UNION BLVD|COTTONWOOD HEIGHTS,PAPA JOHNS PIZZA #1565,1844 E FORT UNION BLVD,COTTONWOOD HEIGHTS,"COTTONWOOD HEIGHTS, UT 84121",Restaurants: non-plated,friend_slc,40.624615634004,-111.839093162752,Match
PAPA JOHNS PIZZA #2074|1230 W 600 N|SALT LAKE CITY,PAPA JOHNS PIZZA #2074,1230 W 600 N,SALT LAKE CITY,"SALT LAKE CITY, UT 84116",Restaurants: non-plated,friend_slc,40.782435258897,-111.926909585808,Match
PAPA JOHNS PIZZA #2715|767 E 12300 S|DRAPER,PAPA JOHNS PIZZA #2715,767 E 12300 S,DRAPER,"DRAPER, UT 84020",Restaurants: non-plated,friend_slc,40.527008363992,-111.869439866098,Match
PAPA JOHNS PIZZA|124 E 900 S|SALT LAKE CITY,PAPA JOHNS PIZZA,124 E 900 S,SALT LAKE CITY,"SALT LAKE CITY, UT 84111",Restaurants: non-plated,friend_slc,40.749722668048,-111.88728597691,Match
PAPA JOHNS PIZZA|1811 W 9000 S|WEST JORDAN,PAPA JOHNS PIZZA,1811 W 9000 S,WEST JORDAN,"WEST JORDAN, UT 84088",Restaurants: non-plated,friend_slc,40.587686690382,-111.94132643813,Match
PAREA|320 E 900 S|SALT LAKE CITY,PAREA,320 E 900 S,SALT LAKE CITY,"SALT LAKE CITY, UT 84111",Restaurants: non-plated,friend_slc,40.749722667621,-111.881813528439,Match
PATRICKS PUB|163 W 200 S|SALT LAKE CITY,PATRICKS PUB,163 W 200 S,SALT LAKE CITY,"SALT LAKE CITY, UT 84101",Beverage Service: Bars/Lounges,friend_slc,40.764941667011,-111.895741345812,Match
PATTY SHACK|1207 W 4800 S|TAYLORSVILLE,PATTY SHACK,1207 W 4800 S,TAYLORSVILLE,"TAYLORSVILLE, UT 84123",Restaurants: non-plated,friend_slc,40.664109125524,-111.926418821505,Match
PAXTON PUB|365 W PAXTON AVE|SALT LAKE CITY,PAXTON PUB,365 W PAXTON AVE,SALT LAKE CITY,"SALT LAKE CITY, UT 84101",Restaurants: plated,friend_slc,40.743422669863,-111.901504236743,Match
PENNY ANNS CAFE|1810 S MAIN ST|SALT LAKE CITY,PENNY ANNS CAFE,1810 S MAIN ST,SALT LAKE CITY,"SALT LAKE CITY, UT 84115",Restaurants: plated,friend_slc,40.731085737913,-111.891137378503,Match
PERCH COFFEE|1295 E MILLER AVE|MILLCREEK,PERCH COFFEE,1295 E MILLER AVE,MILLCREEK,"MILLCREEK, UT 84106",Beverage Service: Coffee,friend_slc,40.702979498629,-111.853522146488,Match
PF CHANGS|3920 W TERMINAL DR|SALT LAKE CITY,PF CHANGS,3920 W TERMINAL DR,SALT LAKE CITY,"SALT LAKE CITY, UT 84122",Restaurants: plated,friend_slc,,,No_Match
PIE PARTY|3130 S HIGHLAND DR|SALT LAKE CITY,PIE PARTY,3130 S HIGHLAND DR,SALT LAKE CITY,"SALT LAKE CITY, UT 84102",Restaurants: non-plated,friend_slc,40.702812255137,-111.851870574537,Match
PIG BOYS TRUCK 1 #A992FB|1567 E 3900 S|MILLCREEK TS,PIG BOYS TRUCK 1 #A992FB,1567 E 3900 S,MILLCREEK TS,"MILLCREEK TS, UT 84124",Mobiles: Mobile Food Units (Trucks),friend_slc,40.68716069087,-111.846654827298,Match
PIG BOYS TRUCK 2 #568MHE|1567 E 3900 S|MILLCREEK TS,PIG BOYS TRUCK 2 #568MHE,1567 E 3900 S,MILLCREEK TS,"MILLCREEK TS, UT 84124",Mobiles: Mobile Food Units (Trucks),friend_slc,40.68716069087,-111.846654827298,Match
PIKO MEXICAN GRILL|511 S 500 E|SALT LAKE CITY,PIKO MEXICAN GRILL,511 S 500 E,SALT LAKE CITY,"SALT LAKE CITY, UT 84102",Restaurants: plated,friend_slc,40.758137949947,-111.876703126775,Match
PIN HIGH CAFE - ROSE PARK|1386 N REDWOOD RD|SALT LAKE CITY,PIN HIGH CAFE - ROSE PARK,1386 N REDWOOD RD,SALT LAKE CITY,"SALT LAKE CITY, UT 84116",Restaurants: non-plated,friend_slc,40.799510600316,-111.939072214313,Match
PIT CAFE|3951 W 5400 S|WEST VALLEY CITY,PIT CAFE,3951 W 5400 S,WEST VALLEY CITY,"WEST VALLEY CITY, UT 84120",Restaurants: non-plated,friend_slc,,,No_Match
PIZZA HUT #39581|5526 W 7800 S|WEST JORDAN,PIZZA HUT #39581,5526 W 7800 S,WEST JORDAN,"WEST JORDAN, UT 84081",Restaurants: plated,friend_slc,40.609503414091,-112.023614613458,Match
PIZZA HUT 788272|3304 S 2300 E|SALT LAKE CITY,PIZZA HUT 788272,3304 S 2300 E,SALT LAKE CITY,"SALT LAKE CITY, UT 84109",Restaurants: non-plated,friend_slc,40.699724522251,-111.824541860447,Match
PIZZA HUT|731 E 2100 S|SALT LAKE CITY,PIZZA HUT,731 E 2100 S,SALT LAKE CITY,"SALT LAKE CITY, UT 84106",Restaurants: non-plated,friend_slc,40.725481950382,-111.870260945735,Match
PIZZA STAND NORTH SIDE|9256 S STATE ST|SANDY,PIZZA STAND NORTH SIDE,9256 S STATE ST,SANDY,"SANDY, UT 84070",Concessions: potentially hazardous foods,friend_slc,40.582320140115,-111.89090973933,Match
PIZZERIA TASSO #173945A|4734 S HOLLADAY BLVD|HOLLADAY,PIZZERIA TASSO #173945A,4734 S HOLLADAY BLVD,HOLLADAY,"HOLLADAY, UT 84117",Mobiles: Mobile Food Units (Trucks),friend_slc,40.666859875653,-111.822854038714,Match
POINT AFTER - DOG PATIO|5445 S 900 E|MURRAY,POINT AFTER - DOG PATIO,5445 S 900 E,MURRAY,"MURRAY, UT 84117",Restaurants: plated,friend_slc,40.652650223277,-111.865844539568,Match
PONCHINS FOOD ON WHEELS #T127HC|877 W 400 S|SALT LAKE CITY,PONCHINS FOOD ON WHEELS #T127HC,877 W 400 S,SALT LAKE CITY,"SALT LAKE CITY, UT 84104",Mobiles: Mobile Food Units (Trucks),friend_slc,40.760576669113,-111.91639127351,Match
PORCUPINE PUB & GRILL|3698 E 7000 S|COTTONWOOD HEIGHTS,PORCUPINE PUB & GRILL,3698 E 7000 S,COTTONWOOD HEIGHTS,"COTTONWOOD HEIGHTS, UT 84121",Restaurants: plated,friend_slc,40.619263208444,-111.78974853976,Match
PORT OF SUBS #207|1320 S SWANER RD|SALT LAKE CITY,PORT OF SUBS #207,1320 S SWANER RD,SALT LAKE CITY,"SALT LAKE CITY, UT 84104",Restaurants: non-plated,friend_slc,40.741779111176,-111.951358070492,Match
PORT OF SUBS #210|5215 W WILEY POST WY|SALT LAKE CITY,PORT OF SUBS #210,5215 W WILEY POST WY,SALT LAKE CITY,"SALT LAKE CITY, UT 84116",Restaurants: non-plated,friend_slc,40.773682168682,-112.015020921141,Match
PRETTY BIRD|146 S REGENT ST|SALT LAKE CITY,PRETTY BIRD,146 S REGENT ST,SALT LAKE CITY,"SALT LAKE CITY, UT 84111",Restaurants: non-plated,friend_slc,40.765057597617,-111.889884601554,Match
PRETZEL CART @ HOGLE ZOO - BRIDGE|2600 E SUNNYSIDE AVE|SALT LAKE CITY,PRETZEL CART @ HOGLE ZOO - BRIDGE,2600 E SUNNYSIDE AVE,SALT LAKE CITY,"SALT LAKE CITY, UT 84108",Mobiles: Food Carts,friend_slc,40.750791673284,-111.816556107765,Match
PRETZEL CART @ HOGLE ZOO - ENTRY|2600 E SUNNYSIDE AVE|SALT LAKE CITY,PRETZEL CART @ HOGLE ZOO - ENTRY,2600 E SUNNYSIDE AVE,SALT LAKE CITY,"SALT LAKE CITY, UT 84108",Mobiles: Food Carts,friend_slc,40.750791673284,-111.816556107765,Match
PRIMARY CHILDRENS HOSPITAL - MOUNTAINSIDE CAFE|100 N MARIO CAPECCHI DR|SALT LAKE CITY,PRIMARY CHILDRENS HOSPITAL - MOUNTAINSIDE CAFE,100 N MARIO CAPECCHI DR,SALT LAKE CITY,"SALT LAKE CITY, UT 84113",Restaurants: plated,friend_slc,40.7725351,-111.840676,Match_Nominatim
PRIMARY CHILDRENS HOSPITAL - TREE HOUSE CAFE|100 N MARIO CAPECCHI DR|SALT LAKE CITY,PRIMARY CHILDRENS HOSPITAL - TREE HOUSE CAFE,100 N MARIO CAPECCHI DR,SALT LAKE CITY,"SALT LAKE CITY, UT 84113",Restaurants: plated,friend_slc,40.7725351,-111.840676,Match_Nominatim
PRIME CORN @ SQUARE KITCHEN|751 W 800 S|SALT LAKE CITY,PRIME CORN @ SQUARE KITCHEN,751 W 800 S,SALT LAKE CITY,"SALT LAKE CITY, UT 84104","Caterers, not restaurant connected",friend_slc,40.751878026205,-111.912556101444,Match
PROPER BURGER COMPANY - DOG PATIO|865 S MAIN ST|SALT LAKE CITY,PROPER BURGER COMPANY - DOG PATIO,865 S MAIN ST,SALT LAKE CITY,"SALT LAKE CITY, UT 84111",Restaurants: non-plated,friend_slc,40.750544136098,-111.891004132531,Match
PUBLIK COFFEE|502 E 3RD AVE|SALT LAKE CITY,PUBLIK COFFEE,502 E 3RD AVE,SALT LAKE CITY,"SALT LAKE CITY, UT 84103",Beverage Service: Coffee,friend_slc,40.772780664468,-111.874419288403,Match
QUALITY QUICK STOP|938 N 900 W|SALT LAKE CITY,QUALITY QUICK STOP,938 N 900 W,SALT LAKE CITY,"SALT LAKE CITY, UT 84116",Restaurants: non-plated,friend_slc,40.789787905518,-111.916771078897,Match
QUIZNOS|1775 S 4130 W|SALT LAKE CITY,QUIZNOS,1775 S 4130 W,SALT LAKE CITY,"SALT LAKE CITY, UT 84104",Restaurants: non-plated,friend_slc,40.731386107399,-111.989663630268,Match
RADISSON HOTEL SLC DOWNTOWN - CAFETERIA|215 W SOUTH TEMPLE ST|SALT LAKE CITY,RADISSON HOTEL SLC DOWNTOWN - CAFETERIA,215 W SOUTH TEMPLE ST,SALT LAKE CITY,"SALT LAKE CITY, UT 84101",Restaurants: plated,friend_slc,40.769288666646,-111.897275657154,Match
RADISSON SLC DOWNTOWN - COPPER CANYON GRILL HOUSE|215 W SOUTH TEMPLE ST|SALT LAKE CITY,RADISSON SLC DOWNTOWN - COPPER CANYON GRILL HOUSE,215 W SOUTH TEMPLE ST,SALT LAKE CITY,"SALT LAKE CITY, UT 84101",Restaurants: plated,friend_slc,40.769288666646,-111.897275657154,Match
RAISING CANES CHICKEN FINGERS|10986 S STATE ST|SANDY,RAISING CANES CHICKEN FINGERS,10986 S STATE ST,SANDY,"SANDY, UT 84070",Restaurants: plated,friend_slc,40.554002985944,-111.890849201597,Match
RAISING CANES CHICKEN FINGERS|2150 S STATE ST|SOUTH SALT LAKE,RAISING CANES CHICKEN FINGERS,2150 S STATE ST,SOUTH SALT LAKE,"SOUTH SALT LAKE, UT 84115",Restaurants: plated,friend_slc,40.724369670959,-111.888302372079,Match
RAISING CANES CHICKEN FINGERS|3788 W 11400 S|SOUTH JORDAN,RAISING CANES CHICKEN FINGERS,3788 W 11400 S,SOUTH JORDAN,"SOUTH JORDAN, UT 84095",Restaurants: non-plated,friend_slc,40.544510013338,-111.98077169091,Match
RAISING CANES CHICKEN FINGERS|890 E FORT UNION BLVD|MIDVALE,RAISING CANES CHICKEN FINGERS,890 E FORT UNION BLVD,MIDVALE,"MIDVALE, UT 84047",Restaurants: non-plated,friend_slc,40.622129680689,-111.866266372751,Match
RAISING CANES|3346 S 5600 W|WEST VALLEY CITY,RAISING CANES,3346 S 5600 W,WEST VALLEY CITY,"WEST VALLEY CITY, UT 84120",Restaurants: non-plated,friend_slc,40.699275851556,-112.024937834583,Match
RAMEN ICHIZU|915 S WASHINGTON ST|SALT LAKE CITY,RAMEN ICHIZU,915 S WASHINGTON ST,SALT LAKE CITY,"SALT LAKE CITY, UT 84101",Restaurants: plated,friend_slc,40.749458753412,-111.898150133215,Match
RAMEN MONSTER|151 S CONNOR ST|SALT LAKE CITY,RAMEN MONSTER,151 S CONNOR ST,SALT LAKE CITY,"SALT LAKE CITY, UT 84112",Restaurants: non-plated,friend_slc,40.767501326721,-111.832744124303,Match
RAMEN MONSTER|1701 S STUDENT LIFE WY|SALT LAKE CITY,RAMEN MONSTER,1701 S STUDENT LIFE WY,SALT LAKE CITY,"SALT LAKE CITY, UT 84112",Restaurants: non-plated,friend_slc,40.7652285,-111.8392336,Match_Nominatim
RAMEN MONSTER|200 S CENTRAL CAMPUS DR|SALT LAKE CITY,RAMEN MONSTER,200 S CENTRAL CAMPUS DR,SALT LAKE CITY,"SALT LAKE CITY, UT 84112",Restaurants: non-plated,friend_slc,40.7670393,-111.8442724,Match_Nominatim
RANCHERITOS DRAPER|12250 S STATE ST|DRAPER,RANCHERITOS DRAPER,12250 S STATE ST,DRAPER,"DRAPER, UT 84020",Restaurants: plated,friend_slc,40.527590474284,-111.888707386219,Match
RANCHERITOS HOLLADAY|4735 S HIGHLAND DR|HOLLADAY,RANCHERITOS HOLLADAY,4735 S HIGHLAND DR,HOLLADAY,"HOLLADAY, UT 84117",Restaurants: plated,friend_slc,40.666974626529,-111.839260277162,Match
RANCHERITOS|775 W NORTH TEMPLE|SALT LAKE CITY,RANCHERITOS,775 W NORTH TEMPLE,SALT LAKE CITY,"SALT LAKE CITY, UT 84116",Restaurants: non-plated,friend_slc,40.771484667655,-111.913300178759,Match
RC WILLEY|13300 S 200 W|DRAPER,RC WILLEY,13300 S 200 W,DRAPER,"DRAPER, UT 84020",Restaurants: non-plated,friend_slc,40.5021662,-111.8974812,Match_Nominatim
RC WILLEY|2301 S 300 W|SOUTH SALT LAKE,RC WILLEY,2301 S 300 W,SOUTH SALT LAKE,"SOUTH SALT LAKE, UT 84115",Restaurants: non-plated,friend_slc,40.720553672269,-111.899617169962,Match
REAL 100 LIONS CLUB & PANTRY|9256 S STATE ST|SANDY,REAL 100 LIONS CLUB & PANTRY,9256 S STATE ST,SANDY,"SANDY, UT 84070",Restaurants: plated,friend_slc,40.582320140115,-111.89090973933,Match
REAL FOODS|2209 S HIGHLAND DR|SALT LAKE CITY,REAL FOODS,2209 S HIGHLAND DR,SALT LAKE CITY,"SALT LAKE CITY, UT 84106",Restaurants: plated,friend_slc,40.722682845188,-111.858721370007,Match
REAL INTERFORM CLUB|9256 S STATE ST|SANDY,REAL INTERFORM CLUB,9256 S STATE ST,SANDY,"SANDY, UT 84070",Concessions: potentially hazardous foods,friend_slc,40.582320140115,-111.89090973933,Match
REAL SALT LAKE MAIN KITCHEN|9256 S STATE ST|SANDY,REAL SALT LAKE MAIN KITCHEN,9256 S STATE ST,SANDY,"SANDY, UT 84070",Commissary,friend_slc,40.582320140115,-111.89090973933,Match
REAL SUITE PANTRY 4TH FLOOR|9256 S STATE ST|SANDY,REAL SUITE PANTRY 4TH FLOOR,9256 S STATE ST,SANDY,"SANDY, UT 84070",Concessions: potentially hazardous foods,friend_slc,40.582320140115,-111.89090973933,Match
REAL TAQUERIA DOG PATIO|1869 E MURRAY HOLLADAY RD|HOLLADAY,REAL TAQUERIA DOG PATIO,1869 E MURRAY HOLLADAY RD,HOLLADAY,"HOLLADAY, UT 84117",Restaurants: non-plated,friend_slc,40.665921264942,-111.837547231159,Match
REAL TAQUERIA RESTAURANT #1A37B|1869 E MURRAY HOLLADAY RD|HOLLADAY,REAL TAQUERIA RESTAURANT #1A37B,1869 E MURRAY HOLLADAY RD,HOLLADAY,"HOLLADAY, UT 84117",Mobiles: Mobile Food Units (Trucks),friend_slc,40.665921264942,-111.837547231159,Match
REBEL #916|95 W 10600 S|SANDY,REBEL #916,95 W 10600 S,SANDY,"SANDY, UT 84070",Restaurants: non-plated,friend_slc,40.55886520131,-111.893716997474,Match
RED FOOD TRUCK#X258MU|751 W 800 S|SALT LAKE CITY,RED FOOD TRUCK#X258MU,751 W 800 S,SALT LAKE CITY,"SALT LAKE CITY, UT 84104",Mobiles: Mobile Food Units (Trucks),friend_slc,40.751878026205,-111.912556101444,Match
RED IGUANA 2 RED TREE ROOM|866 W SOUTHTEMPLE ST|SALT LAKE CITY,RED IGUANA 2 RED TREE ROOM,866 W SOUTHTEMPLE ST,SALT LAKE CITY,"SALT LAKE CITY, UT 84104",Restaurants: plated,friend_slc,40.769394259498,-111.916016065672,Match
RED LOBSTER|2294 S 1300 E|SALT LAKE CITY,RED LOBSTER,2294 S 1300 E,SALT LAKE CITY,"SALT LAKE CITY, UT 84106",Restaurants: plated,friend_slc,40.721081117395,-111.853726205821,Match
RED LOBSTER|298 E WINCHESTER ST|MURRAY,RED LOBSTER,298 E WINCHESTER ST,MURRAY,"MURRAY, UT 84107",Restaurants: plated,friend_slc,40.632614585354,-111.881832422505,Match
RED ROBIN #410|316 E WINCHESTER ST|MURRAY,RED ROBIN #410,316 E WINCHESTER ST,MURRAY,"MURRAY, UT 84107",Restaurants: plated,friend_slc,40.632571698779,-111.88121138662,Match
RED ROCK PLACE DOG PATIO|6227 S STATE ST|MURRAY,RED ROCK PLACE DOG PATIO,6227 S STATE ST,MURRAY,"MURRAY, UT 84107",Restaurants: plated,friend_slc,40.635628630047,-111.889195079489,Match
REDWOOD FOOD SERVICE - PIZZA STATION|4600 S REDWOOD RD|SALT LAKE CITY,REDWOOD FOOD SERVICE - PIZZA STATION,4600 S REDWOOD RD,SALT LAKE CITY,"SALT LAKE CITY, UT 84123",Restaurants: non-plated,friend_slc,40.669180486895,-111.938952698695,Match
REGAL CINEMAS 14 & RPX|5516 S REDWOOD RD|TAYLORSVILLE,REGAL CINEMAS 14 & RPX,5516 S REDWOOD RD,TAYLORSVILLE,"TAYLORSVILLE, UT 84123",Concessions: potentially hazardous foods,friend_slc,40.650953264447,-111.938859022169,Match
RENEES CHEESECAKE #F117SZ|2037 W 13800 S|RIVERTON,RENEES CHEESECAKE #F117SZ,2037 W 13800 S,RIVERTON,"RIVERTON, UT 84065",Mobiles: Mobile Food Units (Trucks),friend_slc,40.50042373373,-111.945110665136,Match
RENEES CHEESECAKE|2037 W 13800 S|RIVERTON,RENEES CHEESECAKE,2037 W 13800 S,RIVERTON,"RIVERTON, UT 84065",Commissary,friend_slc,40.50042373373,-111.945110665136,Match
REPEAL|19 E 200 S|SALT LAKE CITY,REPEAL,19 E 200 S,SALT LAKE CITY,"SALT LAKE CITY, UT 84111",Restaurants: non-plated,friend_slc,40.765056257937,-111.889886412396,Match
RESIDENCE INN SLC COTTONWOOD|6425 S 3000 E|SALT LAKE CITY,RESIDENCE INN SLC COTTONWOOD,6425 S 3000 E,SALT LAKE CITY,"SALT LAKE CITY, UT 84121",Public Lodging: full breakfast,friend_slc,40.634186279356,-111.80598413558,Match
RESTAURANT & FAMILY MART 1|3435 S MAIN ST|SOUTH SALT LAKE,RESTAURANT & FAMILY MART 1,3435 S MAIN ST,SOUTH SALT LAKE,"SOUTH SALT LAKE, UT 84115",Restaurants: plated,friend_slc,40.696614678733,-111.891053701473,Match
REVEL SOCIAL|145 W PIERPONT AVE|SALT LAKE CITY,REVEL SOCIAL,145 W PIERPONT AVE,SALT LAKE CITY,"SALT LAKE CITY, UT 84101",Beverage Service: Bars/Lounges,friend_slc,40.763852667094,-111.895243461699,Match
RIO ACAI|14557 S 790 W|BLUFFDALE,RIO ACAI,14557 S 790 W,BLUFFDALE,"BLUFFDALE, UT 84065",Restaurants: non-plated,friend_slc,,,No_Match
RIO GRANDE CAFE 1300 EAST|258 S 1300 E|SALT LAKE CITY,RIO GRANDE CAFE 1300 EAST,258 S 1300 E,SALT LAKE CITY,"SALT LAKE CITY, UT 84102",Restaurants: non-plated,friend_slc,40.763729462869,-111.85395841938,Match
RIO TINTO STADIUM EXECUTIVE CLUB|9256 S STATE ST|SANDY,RIO TINTO STADIUM EXECUTIVE CLUB,9256 S STATE ST,SANDY,"SANDY, UT 84070",Restaurants: plated,friend_slc,40.582320140115,-111.89090973933,Match
RITAS ITALIAN ICE|4608 W PARTRIDGE HILL LN|RIVERTON,RITAS ITALIAN ICE,4608 W PARTRIDGE HILL LN,RIVERTON,"RIVERTON, UT 84096",Restaurants: non-plated,friend_slc,,,No_Match
RIVERS BEND SENIOR CENTER|1300 W 300 N|SALT LAKE CITY,RIVERS BEND SENIOR CENTER,1300 W 300 N,SALT LAKE CITY,"SALT LAKE CITY, UT 84116",Restaurants: non-plated,friend_slc,40.775910259537,-111.925793490929,Match
RIVERTON SENIOR CENTER|12914 S REDWOOD|RIVERTON,RIVERTON SENIOR CENTER,12914 S REDWOOD,RIVERTON,"RIVERTON, UT 84065",Restaurants: non-plated,friend_slc,40.516638289553,-111.938792155937,Match
ROBERTSONS|4490 S HIGHLAND DR|MILLCREEK TS,ROBERTSONS,4490 S HIGHLAND DR,MILLCREEK TS,"MILLCREEK TS, UT 84124",Restaurants: non-plated,friend_slc,40.674595573408,-111.841785693288,Match
ROBINS NEST|268 S STATE ST|SALT LAKE CITY,ROBINS NEST,268 S STATE ST,SALT LAKE CITY,"SALT LAKE CITY, UT 84111",Restaurants: non-plated,friend_slc,40.763274262621,-111.888302411442,Match
RODANDO SABORES #7HBZ8|609 E 2100 S|SALT LAKE CITY,RODANDO SABORES #7HBZ8,609 E 2100 S,SALT LAKE CITY,"SALT LAKE CITY, UT 84106",Mobiles: Mobile Food Units (Trucks),friend_slc,40.725483261097,-111.873757818616,Match
ROLLING BISTRO #TRUCK 5|5176 W LIBERATOR DR|KEARNS,ROLLING BISTRO #TRUCK 5,5176 W LIBERATOR DR,KEARNS,"KEARNS, UT 84118",Mobiles: Mobile Food Units (Trucks),friend_slc,,,No_Match
ROOTD CAFE DOG PATIO PERMIT|2577 BENGAL BLVD|COTTONWOOD HEIGHTS,ROOTD CAFE DOG PATIO PERMIT,2577 BENGAL BLVD,COTTONWOOD HEIGHTS,"COTTONWOOD HEIGHTS, UT 84121",Restaurants: plated,friend_slc,40.610889495507,-111.818615202377,Match
ROOTS COFFEE & CO SUGARHOUSE|1386 S 1100 E|SALT LAKE CITY,ROOTS COFFEE & CO SUGARHOUSE,1386 S 1100 E,SALT LAKE CITY,"SALT LAKE CITY, UT 84105",Beverage Service: Coffee,friend_slc,40.739552606607,-111.859682393229,Match
ROOTS COFFEE & CO|774 S 300 W|SALT LAKE CITY,ROOTS COFFEE & CO,774 S 300 W,SALT LAKE CITY,"SALT LAKE CITY, UT 84101",Beverage Service: Coffee,friend_slc,40.752429350747,-111.899741398035,Match
ROUNDS PUTT LOUNGE|3939 S WASATCH BLVD|MILLCREEK,ROUNDS PUTT LOUNGE,3939 S WASATCH BLVD,MILLCREEK,"MILLCREEK, UT 84124",Restaurants: non-plated,friend_slc,40.686374465525,-111.795928067626,Match
ROXBERRY JUICE COMPANY|1283 DRAPER PKWY|DRAPER,ROXBERRY JUICE COMPANY,1283 DRAPER PKWY,DRAPER,"DRAPER, UT 84020",Beverage Service: Juice/Smoothies,friend_slc,40.528310845663,-111.855114076768,Match
RSL TRAINING ACADEMY ZBRA CONCESSIONS|14787 S ACADEMY PKWY|HERRIMAN,RSL TRAINING ACADEMY ZBRA CONCESSIONS,14787 S ACADEMY PKWY,HERRIMAN,"HERRIMAN, UT 84096",Concessions: potentially hazardous foods,friend_slc,40.482395268706,-111.980195117862,Match
RSL TRAINING ACADEMY|14787 S ACADEMY PKWY|HERRIMAN,RSL TRAINING ACADEMY,14787 S ACADEMY PKWY,HERRIMAN,"HERRIMAN, UT 84096",Concessions: no potentially hazardous foods,friend_slc,40.482395268706,-111.980195117862,Match
RUNWAY CAFE|2211 W NORTH TEMPLE ST|SALT LAKE CITY,RUNWAY CAFE,2211 W NORTH TEMPLE ST,SALT LAKE CITY,"SALT LAKE CITY, UT 84116",Restaurants: non-plated,friend_slc,40.771448670832,-111.953842991247,Match
SAGATO BAKERY & CAFE|44 W 7200 S|MIDVALE,SAGATO BAKERY & CAFE,44 W 7200 S,MIDVALE,"MIDVALE, UT 84047",Restaurants: plated,friend_slc,40.62070304252,-111.892231193314,Match
SALT CITY BBQ|545 W 700 S|SALT LAKE CITY,SALT CITY BBQ,545 W 700 S,SALT LAKE CITY,"SALT LAKE CITY, UT 84101",Restaurants: non-plated,friend_slc,40.754060669107,-111.907017250006,Match
SALT CITY SMOKEHOUSE 306/DELTA CENTER|301 W SOUTH TEMPLE ST|SALT LAKE CITY,SALT CITY SMOKEHOUSE 306/DELTA CENTER,301 W SOUTH TEMPLE ST,SALT LAKE CITY,"SALT LAKE CITY, UT 84101",Concessions: potentially hazardous foods,friend_slc,40.76928866684,-111.899750414772,Match
SALT LAKE BREWING CO AIRPORT|3920 W TERMINAL DR|SALT LAKE CITY,SALT LAKE BREWING CO AIRPORT,3920 W TERMINAL DR,SALT LAKE CITY,"SALT LAKE CITY, UT 84122",Restaurants: plated,friend_slc,,,No_Match
SALT LAKE CLINIC FAULT LINE CAFE|333 S 900 E|SALT LAKE CITY,SALT LAKE CLINIC FAULT LINE CAFE,333 S 900 E,SALT LAKE CITY,"SALT LAKE CITY, UT 84102",Restaurants: non-plated,friend_slc,40.762101837645,-111.865255123317,Match
SALT LAKE COUNTRY CLUB - MAIN KITCHEN|2400 E COUNTRY CLUB DR|SALT LAKE CITY,SALT LAKE COUNTRY CLUB - MAIN KITCHEN,2400 E COUNTRY CLUB DR,SALT LAKE CITY,"SALT LAKE CITY, UT 84109",Restaurants: plated,friend_slc,40.718551120429,-111.823624361571,Match
SALT LAKE MARRIOTT DOWNTOWN AT CITY CREEK - BUFFET|75 S WEST TEMPLE ST|SALT LAKE CITY,SALT LAKE MARRIOTT DOWNTOWN AT CITY CREEK - BUFFET,75 S WEST TEMPLE ST,SALT LAKE CITY,"SALT LAKE CITY, UT 84101",Restaurants: plated,friend_slc,40.767737378425,-111.893879609825,Match
SALT LAKE MARRIOTT DOWNTOWN AT CITY CREEK-STARBUCK|75 S WEST TEMPLE ST|SALT LAKE CITY,SALT LAKE MARRIOTT DOWNTOWN AT CITY CREEK-STARBUCK,75 S WEST TEMPLE ST,SALT LAKE CITY,"SALT LAKE CITY, UT 84101",Beverage Service: Coffee,friend_slc,40.767737378425,-111.893879609825,Match
SALT LAKE MARRIOTT/CONCIERGE LOUNGE|220 S STATE ST|SALT LAKE CITY,SALT LAKE MARRIOTT/CONCIERGE LOUNGE,220 S STATE ST,SALT LAKE CITY,"SALT LAKE CITY, UT 84111",Public Lodging: continental breakfast,friend_slc,40.764332962196,-111.888302412323,Match
SALTAIR SKY SOUTH EAST BAR|12408 W SALTAIR DR|MAGNA,SALTAIR SKY SOUTH EAST BAR,12408 W SALTAIR DR,MAGNA,"MAGNA, UT 84044",Beverage Service: Bars/Lounges,friend_slc,,,No_Match
SALTAIR SKY SOUTH WEST BAR|12408 W SALTAIR DR|MAGNA,SALTAIR SKY SOUTH WEST BAR,12408 W SALTAIR DR,MAGNA,"MAGNA, UT 84044",Beverage Service: Bars/Lounges,friend_slc,,,No_Match
SALTD CATERING CO|67 W 1700 S|SALT LAKE CITY,SALTD CATERING CO,67 W 1700 S,SALT LAKE CITY,"SALT LAKE CITY, UT 84115","Caterers, not restaurant connected",friend_slc,40.733450670328,-111.893203108368,Match
SALTY PINEAPPLE #229019Z|13262 S ROSECREST RD|HERRIMAN,SALTY PINEAPPLE #229019Z,13262 S ROSECREST RD,HERRIMAN,"HERRIMAN, UT 84096",Mobiles: Mobile Food Units (Trucks),friend_slc,40.484077968334,-112.06497039148,Match
SALVATION ARMY #6E6YR|438 S 900 W|SALT LAKE CITY,SALVATION ARMY #6E6YR,438 S 900 W,SALT LAKE CITY,"SALT LAKE CITY, UT 84104",Mobiles: Mobile Food Units (Trucks),friend_slc,40.759602260659,-111.916899901698,Match
SALVATION ARMY|438 S 900 W|SALT LAKE CITY,SALVATION ARMY,438 S 900 W,SALT LAKE CITY,"SALT LAKE CITY, UT 84104",Restaurants: plated,friend_slc,40.759602260659,-111.916899901698,Match
SAMS CLUB #6686 DELI|1905 S 300 W|SALT LAKE CITY,SAMS CLUB #6686 Deli,1905 S 300 W,SALT LAKE CITY,"SALT LAKE CITY, UT 84115",Restaurants: non-plated,friend_slc,40.727841262849,-111.899576657925,Match
SAMS CLUB FOOD COURT #4730|7571 S 3800 W|WEST JORDAN,SAMS CLUB FOOD COURT #4730,7571 S 3800 W,WEST JORDAN,"WEST JORDAN, UT 84084",Restaurants: non-plated,friend_slc,40.5965977,-111.9854772,Match_Nominatim
SANDY STOP SHELL|7820 S 700 E|SANDY,SANDY STOP SHELL,7820 S 700 E,SANDY,"SANDY, UT 84070",Restaurants: non-plated,friend_slc,40.609132163339,-111.872249409284,Match
SANTORINIS AND SWIG|9256 S STATE ST|SANDY,SANTORINIS AND SWIG,9256 S STATE ST,SANDY,"SANDY, UT 84070",Concessions: potentially hazardous foods,friend_slc,40.582320140115,-111.89090973933,Match
SAOLA|7307 S CANYON CENTER PKWY|COTTONWOOD HEIGHTS,SAOLA,7307 S CANYON CENTER PKWY,COTTONWOOD HEIGHTS,"COTTONWOOD HEIGHTS, UT 84121",Restaurants: plated,friend_slc,40.6183292667,-111.791428945261,Match
SAPA FOOD HUB #T78 8YS|722 S STATE ST|SALT LAKE CITY,SAPA FOOD HUB #T78 8YS,722 S STATE ST,SALT LAKE CITY,"SALT LAKE CITY, UT 84111",Mobiles: Mobile Food Units (Trucks),friend_slc,40.752563101501,-111.888293400849,Match
SAPORI ITALIAN BAKERY & CAFE|3667 S HIGHLAND DR|MILLCREEK,SAPORI ITALIAN BAKERY & CAFE,3667 S HIGHLAND DR,MILLCREEK,"MILLCREEK, UT 84106",Restaurants: non-plated,friend_slc,40.691625341072,-111.847374281292,Match
SAPP BROS -- C STORE|1953 W CALIFORNIA AVE|SALT LAKE CITY,SAPP BROS -- C STORE,1953 W CALIFORNIA AVE,SALT LAKE CITY,"SALT LAKE CITY, UT 84104",Restaurants: non-plated,friend_slc,40.740418754657,-111.946520961452,Match
SAVAGE FISH|970 E 3300 S|MILLCREEK,SAVAGE FISH,970 E 3300 S,MILLCREEK,"MILLCREEK, UT 84106",Restaurants: non-plated,friend_slc,40.699835671758,-111.863375426218,Match
SCION CIDER DOG PATIO|916 S JEFFERSON ST|SALT LAKE CITY,SCION CIDER DOG PATIO,916 S JEFFERSON ST,SALT LAKE CITY,"SALT LAKE CITY, UT 84101",Restaurants: non-plated,friend_slc,40.749444933392,-111.895502719724,Match
SCOOTERS COFFEE|3479 W 12600 S|RIVERTON,SCOOTERS COFFEE,3479 W 12600 S,RIVERTON,"RIVERTON, UT 84065",Beverage Service: Coffee,friend_slc,40.522202653675,-111.97387708523,Match
SCOVILLES - DOG PATIO|2121 S MCCLELLAND ST|SALT LAKE CITY,SCOVILLES - DOG PATIO,2121 S MCCLELLAND ST,SALT LAKE CITY,"SALT LAKE CITY, UT 84106",Restaurants: non-plated,friend_slc,40.723925636658,-111.861253859194,Match
SECOND SUMMIT HARD CIDER DOG PATIO|4010 S MAIN ST|MILLCREEK,SECOND SUMMIT HARD CIDER DOG PATIO,4010 S MAIN ST,MILLCREEK,"MILLCREEK, UT 84107",Restaurants: plated,friend_slc,40.684767443119,-111.891244088381,Match
SECRET PIZZA CLUB SLC|1000 S MAIN ST|SALT LAKE CITY,SECRET PIZZA CLUB SLC,1000 S MAIN ST,SALT LAKE CITY,"SALT LAKE CITY, UT 84101",Restaurants: non-plated,friend_slc,40.747949051847,-111.891154572228,Match
SELMA FOOD|7520 S 2700 E|COTTONWOOD HEIGHTS,SELMA FOOD,7520 S 2700 E,COTTONWOOD HEIGHTS,"COTTONWOOD HEIGHTS, UT 84121",Restaurants: non-plated,friend_slc,40.615352413125,-111.81539623064,Match
SENOR POLLO MEXICAN GRILL|2121 S MCCLELLAND ST|SALT LAKE CITY,SENOR POLLO MEXICAN GRILL,2121 S MCCLELLAND ST,SALT LAKE CITY,"SALT LAKE CITY, UT 84106",Restaurants: non-plated,friend_slc,40.723925636658,-111.861253859194,Match
SEVEN ELEVEN # 45957A|524 W 4500 S|MURRAY,SEVEN ELEVEN # 45957A,524 W 4500 S,MURRAY,"MURRAY, UT 84123",Restaurants: non-plated,friend_slc,40.674708045765,-111.906097331795,Match
SEVEN ELEVEN #12957A|6852 S STATE ST|MIDVALE,SEVEN ELEVEN #12957A,6852 S STATE ST,MIDVALE,"MIDVALE, UT 84047",Restaurants: non-plated,friend_slc,40.626858686885,-111.890048705008,Match
SEVEN ELEVEN #18147C|501 E 2100 S|SALT LAKE CITY,SEVEN ELEVEN #18147C,501 E 2100 S,SALT LAKE CITY,"SALT LAKE CITY, UT 84106",Restaurants: non-plated,friend_slc,40.725492261327,-111.876721168457,Match
SEVEN ELEVEN #18633A|776 S 1300 E|SALT LAKE CITY,SEVEN ELEVEN #18633A,776 S 1300 E,SALT LAKE CITY,"SALT LAKE CITY, UT 84102",Restaurants: non-plated,friend_slc,40.752487470709,-111.853962908527,Match
SEVEN ELEVEN #21858D|904 E 3900 S|MILLCREEK,SEVEN ELEVEN #21858D,904 E 3900 S,MILLCREEK,"MILLCREEK, UT 84124",Restaurants: non-plated,friend_slc,40.687001673346,-111.865316530836,Match
SEVEN ELEVEN #21888C|911 E 3300 S|MILLCREEK,SEVEN ELEVEN #21888C,911 E 3300 S,MILLCREEK,"MILLCREEK, UT 84106",Restaurants: non-plated,friend_slc,40.699943484822,-111.865101642708,Match
SEVEN ELEVEN #22965B|3180 W 5400 S|TAYLORSVILLE,SEVEN ELEVEN #22965B,3180 W 5400 S,TAYLORSVILLE,"TAYLORSVILLE, UT 84129",Restaurants: non-plated,friend_slc,40.653150276461,-111.967122851842,Match
SEVEN ELEVEN #22967B|2296 E FORT UNION BLVD|COTTONWOOD HEIGHTS,SEVEN ELEVEN #22967B,2296 E FORT UNION BLVD,COTTONWOOD HEIGHTS,"COTTONWOOD HEIGHTS, UT 84121",Restaurants: non-plated,friend_slc,40.623920677273,-111.82488332813,Match
SEVEN ELEVEN #23387C|5894 S STATE ST|MURRAY,SEVEN ELEVEN #23387C,5894 S STATE ST,MURRAY,"MURRAY, UT 84107",Restaurants: non-plated,friend_slc,40.643093296534,-111.888950118988,Match
SEVEN ELEVEN #25791B|4110 S REDWOOD RD|TAYLORSVILLE,SEVEN ELEVEN #25791B,4110 S REDWOOD RD,TAYLORSVILLE,"TAYLORSVILLE, UT 84123",Restaurants: non-plated,friend_slc,40.681863062096,-111.938960591055,Match
SEVEN ELEVEN #26357C|3898 W 4700 S|WEST VALLEY CITY,SEVEN ELEVEN #26357C,3898 W 4700 S,WEST VALLEY CITY,"WEST VALLEY CITY, UT 84118",Restaurants: non-plated,friend_slc,40.667635,-111.9816544,Match_Nominatim
SEVEN ELEVEN #26999C|175 E 800 S|SALT LAKE CITY,SEVEN ELEVEN #26999C,175 E 800 S,SALT LAKE CITY,"SALT LAKE CITY, UT 84111",Restaurants: non-plated,friend_slc,40.75200625907,-111.885746912134,Match
SEVEN ELEVEN #27126D|114 W 1300 S|SALT LAKE CITY,SEVEN ELEVEN #27126D,114 W 1300 S,SALT LAKE CITY,"SALT LAKE CITY, UT 84115",Restaurants: non-plated,friend_slc,40.741674260884,-111.894190579869,Match
SEVEN ELEVEN #27330B|1285 N REDWOOD RD|SALT LAKE CITY,SEVEN ELEVEN #27330B,1285 N REDWOOD RD,SALT LAKE CITY,"SALT LAKE CITY, UT 84116",Restaurants: non-plated,friend_slc,40.797400083011,-111.939235285805,Match
SEVEN ELEVEN #33977 B|4750 S HOLLADAY BLVD|HOLLADAY,SEVEN ELEVEN #33977 B,4750 S HOLLADAY BLVD,HOLLADAY,"HOLLADAY, UT 84117",Restaurants: non-plated,friend_slc,40.666344742242,-111.822320618973,Match
SEVEN ELEVEN #34472B|9657 S STATE ST|SANDY,SEVEN ELEVEN #34472B,9657 S STATE ST,SANDY,"SANDY, UT 84070",Restaurants: non-plated,friend_slc,40.575946540535,-111.890749567714,Match
SEVEN ELEVEN #41131A|3486 S 8400 W|MAGNA,SEVEN ELEVEN #41131A,3486 S 8400 W,MAGNA,"MAGNA, UT 84044",Restaurants: non-plated,friend_slc,40.696733764797,-112.091861152588,Match
SEVEN ELEVEN #42140A|15835 S REDWOOD RD|BLUFFDALE,SEVEN ELEVEN #42140A,15835 S REDWOOD RD,BLUFFDALE,"BLUFFDALE, UT 84065",Restaurants: non-plated,friend_slc,40.4577969,-111.9405613,Match_Nominatim
SEVEN ELEVEN 25424|2287 E 3300 S|MILLCREEK TS,SEVEN ELEVEN 25424,2287 E 3300 S,MILLCREEK TS,"MILLCREEK TS, UT 84109",Restaurants: non-plated,friend_slc,40.699915328613,-111.824899469274,Match
SEVEN ELEVEN 26348A|2694 S STATE ST|SOUTH SALT LAKE,SEVEN ELEVEN 26348A,2694 S STATE ST,SOUTH SALT LAKE,"SOUTH SALT LAKE, UT 84115",Restaurants: non-plated,friend_slc,40.712769378188,-111.888328292666,Match
SEVEN ELEVEN STORE #23850C|4811 S STATE ST|MURRAY,SEVEN ELEVEN STORE #23850C,4811 S STATE ST,MURRAY,"MURRAY, UT 84107",Restaurants: non-plated,friend_slc,40.666723672943,-111.888204287964,Match
SEVEN ELEVEN STORE #26838C|4807 W 3500 S|WEST VALLEY CITY,SEVEN ELEVEN STORE #26838C,4807 W 3500 S,WEST VALLEY CITY,"WEST VALLEY CITY, UT 84120",Restaurants: non-plated,friend_slc,40.696521305257,-112.006192209783,Match
SEVEN ELEVEN STORE #35627B|2471 S 7200 W|WEST VALLEY CITY,SEVEN ELEVEN STORE #35627B,2471 S 7200 W,WEST VALLEY CITY,"WEST VALLEY CITY, UT 84127",Restaurants: non-plated,friend_slc,40.6845172,-112.063077,Match_Nominatim
SEVEN ELEVEN|1157 W CALIFORNIA AVE|SALT LAKE CITY,SEVEN ELEVEN,1157 W CALIFORNIA AVE,SALT LAKE CITY,"SALT LAKE CITY, UT 84104",Restaurants: non-plated,friend_slc,40.740389671985,-111.924325117301,Match
SEVEN ELEVEN|4682 S 5600 W|WEST VALLEY CITY,SEVEN ELEVEN,4682 S 5600 W,WEST VALLEY CITY,"WEST VALLEY CITY, UT 84128",Restaurants: non-plated,friend_slc,40.667726712392,-112.024746885223,Match
SEVEN ELEVEN|5696 W 3500 S|WEST VALLEY CITY,SEVEN ELEVEN,5696 W 3500 S,WEST VALLEY CITY,"WEST VALLEY CITY, UT 84120",Restaurants: non-plated,friend_slc,40.696611276297,-112.027184596582,Match
SEVEN ELEVEN|887 E 400 S|SALT LAKE CITY,SEVEN ELEVEN,887 E 400 S,SALT LAKE CITY,"SALT LAKE CITY, UT 84102",Restaurants: non-plated,friend_slc,40.760718256485,-111.865124411824,Match
SHA MUU|23 N 900 W|SALT LAKE CITY,SHA MUU,23 N 900 W,SALT LAKE CITY,"SALT LAKE CITY, UT 84116",Restaurants: non-plated,friend_slc,40.76971512471,-111.916908911422,Match
SHACK SHAVE ICE|7061 S REDWOOD RD|WEST JORDAN,SHACK SHAVE ICE,7061 S REDWOOD RD,WEST JORDAN,"WEST JORDAN, UT 84084",Concessions: shaved ice only,friend_slc,40.622753591842,-111.938661621136,Match
SHAHRAZAD|1615 W 2100 S|SALT LAKE CITY,SHAHRAZAD,1615 W 2100 S,SALT LAKE CITY,"SALT LAKE CITY, UT 84119",Restaurants: plated,friend_slc,40.725834104764,-111.936605048218,Match
SHAKE SHACK|11020 S STATE ST|SANDY,SHAKE SHACK,11020 S STATE ST,SANDY,"SANDY, UT 84070",Restaurants: non-plated,friend_slc,40.551202975474,-111.890871079457,Match
SHAKE SHACK|1314 S FOOTHILL DR|SALT LAKE CITY,SHAKE SHACK,1314 S FOOTHILL DR,SALT LAKE CITY,"SALT LAKE CITY, UT 84108",Restaurants: non-plated,friend_slc,40.741312142217,-111.827113751493,Match
SHAKE SHACK|28 S STATE ST|SALT LAKE CITY,SHAKE SHACK,28 S STATE ST,SALT LAKE CITY,"SALT LAKE CITY, UT 84111",Restaurants: non-plated,friend_slc,40.769017451144,-111.888302416873,Match
SHAKE SHACK|3920 W TERMINAL DR|SALT LAKE CITY,SHAKE SHACK,3920 W TERMINAL DR,SALT LAKE CITY,"SALT LAKE CITY, UT 84122",Restaurants: plated,friend_slc,,,No_Match
SHAKESMART|1836 E STUDENT LIFE AVE|SALT LAKE CITY,SHAKESMART,1836 E STUDENT LIFE AVE,SALT LAKE CITY,"SALT LAKE CITY, UT 84112",Restaurants: non-plated,friend_slc,,,No_Match
SHELL RONI CATERING #|5150 S WEST RIDGE BLVD|WEST VALLEY CITY,SHELL RONI CATERING #,5150 S WEST RIDGE BLVD,WEST VALLEY CITY,"WEST VALLEY CITY, UT 84118",Mobiles: Mobile Food Units (Trucks),friend_slc,,,No_Match
SHELL RONI CUSTOMER CATERING|1337 S MAIN ST|SALT LAKE CITY,SHELL RONI CUSTOMER CATERING,1337 S MAIN ST,SALT LAKE CITY,"SALT LAKE CITY, UT 84115","Caterers, not restaurant connected",friend_slc,40.740775170288,-111.890995145408,Match
SHWELETYAR SUSHI|545 W 700 S|SALT LAKE CITY,SHWELETYAR SUSHI,545 W 700 S,SALT LAKE CITY,"SALT LAKE CITY, UT 84101",Restaurants: non-plated,friend_slc,40.754060669107,-111.907017250006,Match
SIDEWINDER @ BRIGHTON|8517 S SNAKE CREEK RD|SALT LAKE COUNTY,SIDEWINDER @ BRIGHTON,8517 S SNAKE CREEK RD,SALT LAKE COUNTY,"SALT LAKE COUNTY, UT 84121",Restaurants: plated,friend_slc,40.594536751238,-111.576797004742,Match
SIEGFRIED DELICATESSEN|20 W 200 S|SALT LAKE CITY,SIEGFRIED DELICATESSEN,20 W 200 S,SALT LAKE CITY,"SALT LAKE CITY, UT 84101",Restaurants: non-plated,friend_slc,40.765056258077,-111.891676325106,Match
SILVERSIDE DELI|2121 S MCCLELLAND ST|SALT LAKE CITY,SILVERSIDE DELI,2121 S MCCLELLAND ST,SALT LAKE CITY,"SALT LAKE CITY, UT 84106",Restaurants: non-plated,friend_slc,40.723925636658,-111.861253859194,Match
SKILLETS DOG PATIO|282 E 900 S|SALT LAKE CITY,SKILLETS DOG PATIO,282 E 900 S,SALT LAKE CITY,"SALT LAKE CITY, UT 84111",Restaurants: plated,friend_slc,40.749722667712,-111.882984494613,Match
SKY VENUE|149 W PIERPONT AVE|SALT LAKE CITY,SKY VENUE,149 W PIERPONT AVE,SALT LAKE CITY,"SALT LAKE CITY, UT 84101",Beverage Service: Bars/Lounges,friend_slc,40.763852667102,-111.895354102719,Match
SL BEES 1ST BASE GRILL|11111 S BALLPARK DR|SOUTH JORDAN,SL BEES 1ST BASE GRILL,11111 S BALLPARK DR,SOUTH JORDAN,"SOUTH JORDAN, UT 84009",Restaurants: non-plated,friend_slc,40.5482245,-112.0221394,Match_Nominatim
SL BEES 3RD BASE MARKET|11111 S BALLPARK DR|SOUTH JORDAN,SL BEES 3RD BASE MARKET,11111 S BALLPARK DR,SOUTH JORDAN,"SOUTH JORDAN, UT 84009",Restaurants: non-plated,friend_slc,40.5482245,-112.0221394,Match_Nominatim
SL BEES CLUB BAR AND STAGING|11111 S BALLPARK DR|SOUTH JORDAN,SL BEES CLUB BAR AND STAGING,11111 S BALLPARK DR,SOUTH JORDAN,"SOUTH JORDAN, UT 84009",Beverage Service: Bars/Lounges,friend_slc,40.5482245,-112.0221394,Match_Nominatim
SL BEES CLUB KITCHEN|11111 S BALLPARK DR|SOUTH JORDAN,SL BEES CLUB KITCHEN,11111 S BALLPARK DR,SOUTH JORDAN,"SOUTH JORDAN, UT 84009",Restaurants: non-plated,friend_slc,40.5482245,-112.0221394,Match_Nominatim
SL BEES HOME PLATE CHICKEN SHACK|11111 S BALLPARK DR|SOUTH JORDAN,SL BEES HOME PLATE CHICKEN SHACK,11111 S BALLPARK DR,SOUTH JORDAN,"SOUTH JORDAN, UT 84009",Concessions: potentially hazardous foods,friend_slc,40.5482245,-112.0221394,Match_Nominatim
SL BEES HOMEPLATE CANTINA|11111 S BALLPARK DR|SOUTH JORDAN,SL BEES HOMEPLATE CANTINA,11111 S BALLPARK DR,SOUTH JORDAN,"SOUTH JORDAN, UT 84009",Concessions: potentially hazardous foods,friend_slc,40.5482245,-112.0221394,Match_Nominatim
SL BEES RIGHT FIELD BARBECUE|11111 S BALLPARK DR|SOUTH JORDAN,SL BEES RIGHT FIELD BARBECUE,11111 S BALLPARK DR,SOUTH JORDAN,"SOUTH JORDAN, UT 84009",Concessions: potentially hazardous foods,friend_slc,40.5482245,-112.0221394,Match_Nominatim
SL COMMUNITY COLLEGE CULINARY ARTS|9750 S 300 W|SANDY,SL COMMUNITY COLLEGE CULINARY ARTS,9750 S 300 W,SANDY,"SANDY, UT 84070",Restaurants: plated,friend_slc,40.574468573066,-111.900844647583,Match
SLACKWATER SLC|684 S 500 W|SALT LAKE CITY,SLACKWATER SLC,684 S 500 W,SALT LAKE CITY,"SALT LAKE CITY, UT 84101",Restaurants: plated,friend_slc,40.754777087811,-111.905460900224,Match
SLC EATERY|1017 S MAIN ST|SALT LAKE CITY,SLC EATERY,1017 S MAIN ST,SALT LAKE CITY,"SALT LAKE CITY, UT 84111",Restaurants: plated,friend_slc,40.746685436843,-111.890999638478,Match
SLCC CONCESSIONS JORDAN CAMPUS|3491 W 9000 S|WEST JORDAN,SLCC CONCESSIONS JORDAN CAMPUS,3491 W 9000 S,WEST JORDAN,"WEST JORDAN, UT 84088",Concessions: no potentially hazardous foods,friend_slc,40.58776769292,-111.974118657457,Match
SLCC REDWOOD FOOD SERVICE|4600 S REDWOOD RD|SALT LAKE CITY,SLCC REDWOOD FOOD SERVICE,4600 S REDWOOD RD,SALT LAKE CITY,"SALT LAKE CITY, UT 84123",Restaurants: non-plated,friend_slc,40.669180486895,-111.938952698695,Match
SLCC VISITING RESTAURANT SPACE #103 B|4600 S REDWOOD RD|SALT LAKE CITY,SLCC VISITING RESTAURANT SPACE #103 B,4600 S REDWOOD RD,SALT LAKE CITY,"SALT LAKE CITY, UT 84123",Restaurants: non-plated,friend_slc,40.669180486895,-111.938952698695,Match
SLCO MEALS ON WHEELS|2001 S STATE ST|SALT LAKE CITY,SLCO MEALS ON WHEELS,2001 S STATE ST,SALT LAKE CITY,"SALT LAKE CITY, UT 84115",Restaurants: non-plated,friend_slc,40.727420349043,-111.888128663574,Match
SLICE HOUSE BY TONY GEMIGNANI|1332 S FOOTHILL DR|SALT LAKE CITY,SLICE HOUSE BY TONY GEMIGNANI,1332 S FOOTHILL DR,SALT LAKE CITY,"SALT LAKE CITY, UT 84108",Restaurants: non-plated,friend_slc,40.74098767309,-111.826828307952,Match
SLOPESIDE SMOKE SHACK #BARBCUE|1391 S 300 W|SALT LAKE CITY,SLOPESIDE SMOKE SHACK #BARBCUE,1391 S 300 W,SALT LAKE CITY,"SALT LAKE CITY, UT 84115",Mobiles: Mobile Food Units (Trucks),friend_slc,40.739303796815,-111.899581146097,Match
SLUICE BOX|12000 BIG COTTONWOOD CANYON RD|SALT LAKE CITY,SLUICE BOX,12000 BIG COTTONWOOD CANYON RD,SALT LAKE CITY,"SALT LAKE CITY, UT 84121",Restaurants: plated,friend_slc,40.61069545121,-111.578770801263,Match
SMASHBURGER 1788|1028 E 2100 S|SALT LAKE CITY,SMASHBURGER 1788,1028 E 2100 S,SALT LAKE CITY,"SALT LAKE CITY, UT 84106",Restaurants: non-plated,friend_slc,40.725359668768,-111.861653376651,Match
SMITHS #132|212 E 12300 S|DRAPER,SMITHS #132,212 E 12300 S,DRAPER,"DRAPER, UT 84020",Restaurants: non-plated,friend_slc,40.526697114988,-111.884281459801,Match
SMITHS #138|1634 W SOUTH JORDAN PKWY|SOUTH JORDAN,SMITHS #138,1634 W SOUTH JORDAN PKWY,SOUTH JORDAN,"SOUTH JORDAN, UT 84095",Restaurants: non-plated,friend_slc,40.562421284271,-111.936938307839,Match
SMITHS #44|876 E 800 S|SALT LAKE CITY,SMITHS #44,876 E 800 S,SALT LAKE CITY,"SALT LAKE CITY, UT 84102",Restaurants: non-plated,friend_slc,40.751909666116,-111.865691670778,Match
SMITHS #47|2039 E 9400 S|SANDY,SMITHS #47,2039 E 9400 S,SANDY,"SANDY, UT 84093",Restaurants: non-plated,friend_slc,40.580513608178,-111.832760982102,Match
SMITHS #77|402 E SIXTH AVE|SALT LAKE CITY,SMITHS #77,402 E SIXTH AVE,SALT LAKE CITY,"SALT LAKE CITY, UT 84103",Restaurants: non-plated,friend_slc,40.776182664222,-111.876129926478,Match
SMITHS - STARBUCKS|5710 W 7800 S|WEST JORDAN,SMITHS - STARBUCKS,5710 W 7800 S,WEST JORDAN,"WEST JORDAN, UT 84081",Beverage Service: Coffee,friend_slc,40.609500286069,-112.027912284844,Match
SMITHS COFFEE SHOP #147|5620 W 4100 S|WEST VALLEY CITY,SMITHS COFFEE SHOP #147,5620 W 4100 S,WEST VALLEY CITY,"WEST VALLEY CITY, UT 84128",Beverage Service: Coffee,friend_slc,40.682130277753,-112.025175366328,Match
SMITHS EXPRESS|873 E SOUTHTEMPLE ST|SALT LAKE CITY,SMITHS EXPRESS,873 E SOUTHTEMPLE ST,SALT LAKE CITY,"SALT LAKE CITY, UT 84102",Restaurants: non-plated,friend_slc,40.769406683171,-111.866236593385,Match
SMITHS FOOD AND DRUG #212|13893 S REDWOOD RD|BLUFFDALE,SMITHS FOOD AND DRUG #212,13893 S REDWOOD RD,BLUFFDALE,"BLUFFDALE, UT 84065",Restaurants: non-plated,friend_slc,40.498430641084,-111.938586724923,Match
SNOW AND MILK|45 W 3300 S|MILLCREEK,SNOW AND MILK,45 W 3300 S,MILLCREEK,"MILLCREEK, UT 84124","Caterers, not restaurant connected",friend_slc,40.6998652,-111.8169033,Match_Nominatim
SNOWBIRD RESORT - AERIE LOUNGE|9320 S CLIFF LODGE DR|SANDY,SNOWBIRD RESORT - AERIE LOUNGE,9320 S CLIFF LODGE DR,SANDY,"SANDY, UT 84092",Beverage Service: Bars/Lounges,friend_slc,,,No_Match
SNOWBIRD RESORT - BAKED & BREWED CAFE|9385 S SNOWBIRD CENTER DR|SANDY,SNOWBIRD RESORT - BAKED & BREWED CAFE,9385 S SNOWBIRD CENTER DR,SANDY,"SANDY, UT 84092",Restaurants: plated,friend_slc,40.581004555248,-111.657808056847,Match
SNOWBIRD RESORT - BIRD FEEDER|9320 S CLIFF LODGE DR|SANDY,SNOWBIRD RESORT - BIRD FEEDER,9320 S CLIFF LODGE DR,SANDY,"SANDY, UT 84092",Restaurants: plated,friend_slc,,,No_Match
SNOWBIRD RESORT - CENTER COMMISSARY|9385 S SNOWBIRD CENTER DR|SANDY,SNOWBIRD RESORT - CENTER COMMISSARY,9385 S SNOWBIRD CENTER DR,SANDY,"SANDY, UT 84092",Commissary,friend_slc,40.581004555248,-111.657808056847,Match
SNOWBIRD RESORT - CLIFF COMMISSARY|9320 S CLIFF LODGE DR|SANDY,SNOWBIRD RESORT - CLIFF COMMISSARY,9320 S CLIFF LODGE DR,SANDY,"SANDY, UT 84092",Commissary,friend_slc,,,No_Match
SNOWBIRD RESORT - COMMISSARY 3D|9320 S CLIFF LODGE DR|SANDY,SNOWBIRD RESORT - COMMISSARY 3D,9320 S CLIFF LODGE DR,SANDY,"SANDY, UT 84092",Commissary,friend_slc,,,No_Match
SNOWBIRD RESORT - FORKLIFT RESTAURANT|9320 S CLIFF LODGE DR|SANDY,SNOWBIRD RESORT - FORKLIFT RESTAURANT,9320 S CLIFF LODGE DR,SANDY,"SANDY, UT 84092",Restaurants: plated,friend_slc,,,No_Match
SNOWBIRD RESORT - LODGE BISTRO|9260 E LODGE DR|SANDY,SNOWBIRD RESORT - LODGE BISTRO,9260 E LODGE DR,SANDY,"SANDY, UT 84092",Restaurants: plated,friend_slc,,,No_Match
SNOWBIRD RESORT - ROOM SERVICE KITCHEN|9320 S CLIFF LODGE DR|SANDY,SNOWBIRD RESORT - ROOM SERVICE KITCHEN,9320 S CLIFF LODGE DR,SANDY,"SANDY, UT 84092",Restaurants: plated,friend_slc,,,No_Match
SNOWBIRD RESORT - STEAK PIT|9385 S SNOWBIRD CENTER DR|SANDY,SNOWBIRD RESORT - STEAK PIT,9385 S SNOWBIRD CENTER DR,SANDY,"SANDY, UT 84092",Restaurants: plated,friend_slc,40.581004555248,-111.657808056847,Match
SNOWBIRD RESORT - TWIN PEAKS|9320 S CLIFF LODGE DR|SANDY,SNOWBIRD RESORT - TWIN PEAKS,9320 S CLIFF LODGE DR,SANDY,"SANDY, UT 84092",Restaurants: non-plated,friend_slc,,,No_Match
SNOWBIRD RESORT - WILDFLOWER RESTAURANT|9121 E SNOWBIRD CENTER DR|SANDY,SNOWBIRD RESORT - WILDFLOWER RESTAURANT,9121 E SNOWBIRD CENTER DR,SANDY,"SANDY, UT 84092",Restaurants: plated,friend_slc,40.580300144265,-111.664003817995,Match
SOBE EATS CULINARY CONCEPTS #SOBE 1|167 W 4500 S|MURRAY,SOBE EATS CULINARY CONCEPTS #SOBE 1,167 W 4500 S,MURRAY,"MURRAY, UT 84107",Mobiles: Mobile Food Units (Trucks),friend_slc,40.674374336512,-111.886747102341,Match
SOBE EATS CULINARY CONCEPTS 3 #SOBE 2|167 W 4500 S|MURRAY,SOBE EATS CULINARY CONCEPTS 3 #SOBE 2,167 W 4500 S,MURRAY,"MURRAY, UT 84107",Mobiles: Food Carts,friend_slc,40.674374336512,-111.886747102341,Match
SODEXO AT BROADCOM|25 E SCENIC POINTE DR|DRAPER,SODEXO AT BROADCOM,25 E SCENIC POINTE DR,DRAPER,"DRAPER, UT 84020",Restaurants: non-plated,friend_slc,40.481445318272,-111.891445522778,Match
SODEXO DOMINION ENERGY SLC|1140 W 200 S|SALT LAKE CITY,SODEXO DOMINION ENERGY SLC,1140 W 200 S,SALT LAKE CITY,"SALT LAKE CITY, UT 84104",Restaurants: plated,friend_slc,40.765039938072,-111.923679129565,Match
SODEXO LIVE @ MAEC AUTONOMOUS STORE|9575 S STATE ST|SANDY,SODEXO LIVE @ MAEC AUTONOMOUS STORE,9575 S STATE ST,SANDY,"SANDY, UT 84070",Concessions: no potentially hazardous foods,friend_slc,40.578068362478,-111.890764430492,Match
SODEXO LIVE @ MAEC KITCHEN|9575 S STATE ST|SANDY,SODEXO LIVE @ MAEC KITCHEN,9575 S STATE ST,SANDY,"SANDY, UT 84070",Commissary,friend_slc,40.578068362478,-111.890764430492,Match
SODEXO LIVE @ MAEC STAND 1|9575 S STATE ST|SANDY,SODEXO LIVE @ MAEC STAND 1,9575 S STATE ST,SANDY,"SANDY, UT 84070",Concessions: potentially hazardous foods,friend_slc,40.578068362478,-111.890764430492,Match
SODEXO LIVE @ MAEC STAND 2|9575 S STATE ST|SANDY,SODEXO LIVE @ MAEC STAND 2,9575 S STATE ST,SANDY,"SANDY, UT 84070",Concessions: potentially hazardous foods,friend_slc,40.578068362478,-111.890764430492,Match
SODEXO LIVE @ MAEC STAND 3/4|9575 S STATE ST|SANDY,SODEXO LIVE @ MAEC STAND 3/4,9575 S STATE ST,SANDY,"SANDY, UT 84070",Concessions: potentially hazardous foods,friend_slc,40.578068362478,-111.890764430492,Match
SODEXO LIVE @ MAEC STAND 5|9575 S STATE ST|SANDY,SODEXO LIVE @ MAEC STAND 5,9575 S STATE ST,SANDY,"SANDY, UT 84070",Concessions: potentially hazardous foods,friend_slc,40.578068362478,-111.890764430492,Match
SODEXO LIVE @ SALT PALACE GRAB AND GO STORE|100 S WEST TEMPLE ST|SALT LAKE CITY,SODEXO LIVE @ SALT PALACE GRAB AND GO STORE,100 S WEST TEMPLE ST,SALT LAKE CITY,"SALT LAKE CITY, UT 84101",Restaurants: non-plated,friend_slc,40.766205051762,-111.894029082909,Match
SODEXO LIVE @ SALT PALACE HALL 1|100 S WEST TEMPLE ST|SALT LAKE CITY,SODEXO LIVE @ SALT PALACE HALL 1,100 S WEST TEMPLE ST,SALT LAKE CITY,"SALT LAKE CITY, UT 84101",Concessions: potentially hazardous foods,friend_slc,40.766205051762,-111.894029082909,Match
SODEXO LIVE @ SALT PALACE SATELLITE|100 S WEST TEMPLE ST|SALT LAKE CITY,SODEXO LIVE @ SALT PALACE SATELLITE,100 S WEST TEMPLE ST,SALT LAKE CITY,"SALT LAKE CITY, UT 84101",Commissary,friend_slc,40.766205051762,-111.894029082909,Match
SODEXO LIVE @ SALT PALACE STAND C|100 S WEST TEMPLE ST|SALT LAKE CITY,SODEXO LIVE @ SALT PALACE STAND C,100 S WEST TEMPLE ST,SALT LAKE CITY,"SALT LAKE CITY, UT 84101",Concessions: potentially hazardous foods,friend_slc,40.766205051762,-111.894029082909,Match
SODEXO LIVE @ SALT PALACE STAND D|100 S WEST TEMPLE ST|SALT LAKE CITY,SODEXO LIVE @ SALT PALACE STAND D,100 S WEST TEMPLE ST,SALT LAKE CITY,"SALT LAKE CITY, UT 84101",Concessions: potentially hazardous foods,friend_slc,40.766205051762,-111.894029082909,Match
SODEXO LIVE @ SALT PALACE STAND E|100 S WEST TEMPLE ST|SALT LAKE CITY,SODEXO LIVE @ SALT PALACE STAND E,100 S WEST TEMPLE ST,SALT LAKE CITY,"SALT LAKE CITY, UT 84101",Concessions: potentially hazardous foods,friend_slc,40.766205051762,-111.894029082909,Match
SOI GOT HANDS @ SALT LAKE CITY COMMISSARY|3678 W 2100 S|SALT LAKE CITY,SOI GOT HANDS @ SALT LAKE CITY COMMISSARY,3678 W 2100 S,SALT LAKE CITY,"SALT LAKE CITY, UT 84120","Caterers, not restaurant connected",friend_slc,40.726377191317,-111.979148833276,Match
SONIC DRIVE IN|10225 S STATE ST|SANDY,SONIC DRIVE IN,10225 S STATE ST,SANDY,"SANDY, UT 84070",Restaurants: non-plated,friend_slc,40.565069740979,-111.890712400799,Match
SONIC DRIVE IN|4561 S 4000 W|WEST VALLEY CITY,SONIC DRIVE IN,4561 S 4000 W,WEST VALLEY CITY,"WEST VALLEY CITY, UT 84120",Restaurants: non-plated,friend_slc,40.671119650462,-111.986519672863,Match
SONIC DRIVE IN|849 E FORT UNION BLVD|MIDVALE,SONIC DRIVE IN,849 E FORT UNION BLVD,MIDVALE,"MIDVALE, UT 84047",Restaurants: non-plated,friend_slc,40.622184518717,-111.867339214946,Match
SOUND BREW COFFEE|202 E 500 S|SALT LAKE CITY,SOUND BREW COFFEE,202 E 500 S,SALT LAKE CITY,"SALT LAKE CITY, UT 84111",Beverage Service: Coffee,friend_slc,40.758425666917,-111.885248178128,Match
SOUNDWELL/BACK BAR|149 W 200 S|SALT LAKE CITY,SOUNDWELL/BACK BAR,149 W 200 S,SALT LAKE CITY,"SALT LAKE CITY, UT 84101",Beverage Service: Bars/Lounges,friend_slc,40.764941666981,-111.895354102597,Match
SOUTH TOWNE CENTER TRAY WASH|10450 S STATE ST|SANDY,SOUTH TOWNE CENTER TRAY WASH,10450 S STATE ST,SANDY,"SANDY, UT 84070",Commissary,friend_slc,40.561530723723,-111.890876209125,Match
SOUTHERN XPOSURE|1737 N BECK ST|SALT LAKE CITY,SOUTHERN XPOSURE,1737 N BECK ST,SALT LAKE CITY,"SALT LAKE CITY, UT 84116",Beverage Service: Bars/Lounges,friend_slc,40.804640179267,-111.916452599416,Match
SPEEDWAY #9419|2112 E 2100 S|SALT LAKE CITY,SPEEDWAY #9419,2112 E 2100 S,SALT LAKE CITY,"SALT LAKE CITY, UT 84109",Restaurants: non-plated,friend_slc,40.725431666335,-111.83058475414,Match
SPEEDWAY #9420|2187 W 4700 S|TAYLORSVILLE,SPEEDWAY #9420,2187 W 4700 S,TAYLORSVILLE,"TAYLORSVILLE, UT 84129",Restaurants: non-plated,friend_slc,40.667570681974,-111.948151343017,Match
SPEEDWAY #9424|3301 S 2300 E|MILLCREEK,SPEEDWAY #9424,3301 S 2300 E,MILLCREEK,"MILLCREEK, UT 84109",Restaurants: non-plated,friend_slc,40.699808668722,-111.824390711559,Match
SPEEDWAY #9425|3587 W 4700 S|TAYLORSVILLE,SPEEDWAY #9425,3587 W 4700 S,TAYLORSVILLE,"TAYLORSVILLE, UT 84129",Restaurants: non-plated,friend_slc,40.667489684205,-111.976661130398,Match
SPEEDWAY #9430|4841 S REDWOOD RD|TAYLORSVILLE,SPEEDWAY #9430,4841 S REDWOOD RD,TAYLORSVILLE,"TAYLORSVILLE, UT 84123",Restaurants: non-plated,friend_slc,40.664305464592,-111.938762855809,Match
SPEEDWAY #9437|680 E 400 S|SALT LAKE CITY,SPEEDWAY #9437,680 E 400 S,SALT LAKE CITY,"SALT LAKE CITY, UT 84102",Restaurants: non-plated,friend_slc,40.760594673345,-111.871632502996,Match
SPEEDWAY #9445|897 E 6600 S|MURRAY,SPEEDWAY #9445,897 E 6600 S,MURRAY,"MURRAY, UT 84107",Restaurants: non-plated,friend_slc,40.6316391,-111.8661355,Match_Nominatim
SPRINGHILL SUITES MARRIOTT SALT LAKE CITY|625 S 300 W|SALT LAKE CITY,SPRINGHILL SUITES MARRIOTT SALT LAKE CITY,625 S 300 W,SALT LAKE CITY,"SALT LAKE CITY, UT 84101",Public Lodging: continental breakfast,friend_slc,40.755733343784,-111.899590125144,Match
SPRINGHILL SUITES|2206 S 1300 E|SALT LAKE CITY,SPRINGHILL SUITES,2206 S 1300 E,SALT LAKE CITY,"SALT LAKE CITY, UT 84106",Public Lodging: continental breakfast,friend_slc,40.723090296606,-111.85372414062,Match
SPRITZ!|110 W BROADWAY ST|SALT LAKE CITY,SPRITZ!,110 W BROADWAY ST,SALT LAKE CITY,"SALT LAKE CITY, UT 84101",Beverage Service: Bars/Lounges,friend_slc,40.76287825852,-111.894230396555,Match
SPROUTS FARMERS MARKET|1785 E MURRAY HOLLADAY RD|MILLCREEK TS,SPROUTS FARMERS MARKET,1785 E MURRAY HOLLADAY RD,MILLCREEK TS,"MILLCREEK TS, UT 84117",Restaurants: non-plated,friend_slc,40.665974745076,-111.841122659632,Match
SPROUTS FARMERS MARKET|216 S 700 E|SALT LAKE CITY,SPROUTS FARMERS MARKET,216 S 700 E,SALT LAKE CITY,"SALT LAKE CITY, UT 84102",Restaurants: non-plated,friend_slc,40.764753373907,-111.871134916249,Match
SQUATTERS PUB BREWERY - DOG PATIO|147 W BROADWAY ST|SALT LAKE CITY,SQUATTERS PUB BREWERY - DOG PATIO,147 W BROADWAY ST,SALT LAKE CITY,"SALT LAKE CITY, UT 84101",Restaurants: plated,friend_slc,40.762763667287,-111.896158373943,Match
STAR OF INDIA|1000 S MAIN ST|SALT LAKE CITY,STAR OF INDIA,1000 S MAIN ST,SALT LAKE CITY,"SALT LAKE CITY, UT 84101",Restaurants: plated,friend_slc,40.747949051847,-111.891154572228,Match
STARBUCKS #17957|80 S MAIN ST|SALT LAKE CITY,STARBUCKS #17957,80 S MAIN ST,SALT LAKE CITY,"SALT LAKE CITY, UT 84101",Beverage Service: Coffee,friend_slc,40.767619310533,-111.891168952188,Match
STARBUCKS 24HR|3920 W TERMINAL DR|SALT LAKE CITY,STARBUCKS 24HR,3920 W TERMINAL DR,SALT LAKE CITY,"SALT LAKE CITY, UT 84122",Beverage Service: Coffee,friend_slc,,,No_Match
STARBUCKS @ MACEYS|2040 S 2300 E|SALT LAKE CITY,STARBUCKS @ MACEYS,2040 S 2300 E,SALT LAKE CITY,"SALT LAKE CITY, UT 84108",Beverage Service: Coffee,friend_slc,40.726095762456,-111.825014555849,Match
STARBUCKS @ MACEYS|5632 S 900 E|MURRAY,STARBUCKS @ MACEYS,5632 S 900 E,MURRAY,"MURRAY, UT 84121",Beverage Service: Coffee,friend_slc,40.648624093612,-111.866002888633,Match
STARBUCKS @ SMITHS FOOD & DRUG|5560 W 13400 S|HERRIMAN,STARBUCKS @ SMITHS FOOD & DRUG,5560 W 13400 S,HERRIMAN,"HERRIMAN, UT 84096",Beverage Service: Coffee,friend_slc,40.50789159704,-112.023334473425,Match
STARBUCKS @ SMITHS MARKETPLACE|3215 S VALLEY ST|MILLCREEK TS,STARBUCKS @ SMITHS MARKETPLACE,3215 S VALLEY ST,MILLCREEK TS,"MILLCREEK TS, UT 84109",Beverage Service: Coffee,friend_slc,40.701198312685,-111.800587414667,Match
STARBUCKS @ SMITHS|5448 W DAYBREAK PKWY|SOUTH JORDAN,STARBUCKS @ SMITHS,5448 W DAYBREAK PKWY,SOUTH JORDAN,"SOUTH JORDAN, UT 84009",Beverage Service: Coffee,friend_slc,40.537319531625,-112.020518338792,Match
STARBUCKS @ TARGET|10130 S STATE ST|SANDY,STARBUCKS @ TARGET,10130 S STATE ST,SANDY,"SANDY, UT 84070",Beverage Service: Coffee,friend_slc,40.568007748621,-111.890880715674,Match
STARBUCKS @ WESTMINSTER UNIVERSITY|1840 S 1300 E|SALT LAKE CITY,STARBUCKS @ WESTMINSTER UNIVERSITY,1840 S 1300 E,SALT LAKE CITY,"SALT LAKE CITY, UT 84105",Restaurants: non-plated,friend_slc,40.729331597234,-111.85396738421,Match
STARBUCKS AT SMITHS #495|1820 W 9000 S|WEST JORDAN,STARBUCKS AT SMITHS #495,1820 W 9000 S,WEST JORDAN,"WEST JORDAN, UT 84088",Beverage Service: Coffee,friend_slc,40.587802642346,-111.940831263189,Match
STARBUCKS COFFEE #5890|7184 S UNION PARK AVE|MIDVALE,STARBUCKS COFFEE #5890,7184 S UNION PARK AVE,MIDVALE,"MIDVALE, UT 84047",Beverage Service: Coffee,friend_slc,40.620972085563,-111.855861251265,Match
STARBUCKS COFFEE #82726|14672 S SENTINEL RIDGE BLVD|HERRIMAN,STARBUCKS COFFEE #82726,14672 S SENTINEL RIDGE BLVD,HERRIMAN,"HERRIMAN, UT 84096",Beverage Service: Coffee,friend_slc,,,No_Match
STARBUCKS COFFEE #9580|1960 E 9400 S|SANDY,STARBUCKS COFFEE #9580,1960 E 9400 S,SANDY,"SANDY, UT 84092",Beverage Service: Coffee,friend_slc,40.580396682956,-111.835092579002,Match
STARBUCKS COFFEE 70468|5546 S 5600 W|WEST VALLEY CITY,STARBUCKS COFFEE 70468,5546 S 5600 W,WEST VALLEY CITY,"WEST VALLEY CITY, UT 84118",Beverage Service: Coffee,friend_slc,40.649961051102,-112.024694181288,Match
STARBUCKS COFFEE COMPANY|1440 S FOOTHILL DR|SALT LAKE CITY,STARBUCKS COFFEE COMPANY,1440 S FOOTHILL DR,SALT LAKE CITY,"SALT LAKE CITY, UT 84108",Beverage Service: Coffee,friend_slc,40.73904085833,-111.825115646707,Match
STARBUCKS COFFEE COMPANY|1589 W 11400 S|SOUTH JORDAN,STARBUCKS COFFEE COMPANY,1589 W 11400 S,SOUTH JORDAN,"SOUTH JORDAN, UT 84095",Beverage Service: Coffee,friend_slc,40.544100128951,-111.936235842861,Match
STARBUCKS COFFEE COMPANY|2053 W 12600 S|RIVERTON,STARBUCKS COFFEE COMPANY,2053 W 12600 S,RIVERTON,"RIVERTON, UT 84065",Beverage Service: Coffee,friend_slc,40.522246462554,-111.945252185992,Match
STARBUCKS COFFEE COMPANY|4056 S REDWOOD RD|TAYLORSVILLE,STARBUCKS COFFEE COMPANY,4056 S REDWOOD RD,TAYLORSVILLE,"TAYLORSVILLE, UT 84123",Beverage Service: Coffee,friend_slc,40.683100624286,-111.938954320708,Match
STARBUCKS COFFEE COMPANY|5049 W 13400 S|RIVERTON,STARBUCKS COFFEE COMPANY,5049 W 13400 S,RIVERTON,"RIVERTON, UT 84096",Beverage Service: Coffee,friend_slc,40.5079234,-111.9906298,Match_Nominatim
STARBUCKS COFFEE COMPANY|7025 S HIGHLAND DR|COTTONWOOD HEIGHTS,STARBUCKS COFFEE COMPANY,7025 S HIGHLAND DR,COTTONWOOD HEIGHTS,"COTTONWOOD HEIGHTS, UT 84121",Beverage Service: Coffee,friend_slc,40.623716785482,-111.834223215803,Match
STARBUCKS COFFEE COMPANY|8971 S 3400 W|WEST JORDAN,STARBUCKS COFFEE COMPANY,8971 S 3400 W,WEST JORDAN,"WEST JORDAN, UT 84088",Beverage Service: Coffee,friend_slc,40.5888483261,-111.972203305887,Match
STARBUCKS COFFEE|13629 S 600 W|DRAPER,STARBUCKS COFFEE,13629 S 600 W,DRAPER,"DRAPER, UT 84020",Beverage Service: Coffee,friend_slc,40.504119537673,-111.907353624058,Match
STARBUCKS COFFEE|14716 S 568 W|BLUFFDALE,STARBUCKS COFFEE,14716 S 568 W,BLUFFDALE,"BLUFFDALE, UT 84065",Beverage Service: Coffee,friend_slc,,,No_Match
STARBUCKS COFFEE|2723 W 3500 S|WEST VALLEY CITY,STARBUCKS COFFEE,2723 W 3500 S,WEST VALLEY CITY,"WEST VALLEY CITY, UT 84119",Beverage Service: Coffee,friend_slc,40.696595679525,-111.958302084044,Match
STARBUCKS COFFEE|2993 S 5600 W|WEST VALLEY CITY,STARBUCKS COFFEE,2993 S 5600 W,WEST VALLEY CITY,"WEST VALLEY CITY, UT 84120",Beverage Service: Coffee,friend_slc,40.705721744694,-112.024822594872,Match
STARBUCKS COFFEE|3898 S 900 E|MILLCREEK TS,STARBUCKS COFFEE,3898 S 900 E,MILLCREEK TS,"MILLCREEK TS, UT 84106",Beverage Service: Coffee,friend_slc,40.689529527702,-111.865575638347,Match
STARBUCKS COFFEE|50 N MEDICAL DR|SALT LAKE CITY,STARBUCKS COFFEE,50 N MEDICAL DR,SALT LAKE CITY,"SALT LAKE CITY, UT 84132",Beverage Service: Coffee,friend_slc,40.768884612099,-111.837491944828,Match
STARBUCKS COFFEE|5500 S REDWOOD RD|TAYLORSVILLE,STARBUCKS COFFEE,5500 S REDWOOD RD,TAYLORSVILLE,"TAYLORSVILLE, UT 84123",Beverage Service: Coffee,friend_slc,40.651251534206,-111.938860697065,Match
STARBUCKS COFFEE|922 E 2100 S|SALT LAKE CITY,STARBUCKS COFFEE,922 E 2100 S,SALT LAKE CITY,"SALT LAKE CITY, UT 84106",Beverage Service: Coffee,friend_slc,40.725359669001,-111.864639017428,Match
STARBUCKS COFFEE|9354 S VILLAGE SHOP DR|SANDY,STARBUCKS COFFEE,9354 S VILLAGE SHOP DR,SANDY,"SANDY, UT 84094",Beverage Service: Coffee,friend_slc,40.581879571446,-111.861626273873,Match
STARBUCKS CONCOURSE A|3920 W TERMINAL DR|SALT LAKE CITY,STARBUCKS CONCOURSE A,3920 W TERMINAL DR,SALT LAKE CITY,"SALT LAKE CITY, UT 84122",Beverage Service: Coffee,friend_slc,,,No_Match
STARBUCKS PRE SECURITY|3920 W TERMINAL DR|SALT LAKE CITY,STARBUCKS PRE SECURITY,3920 W TERMINAL DR,SALT LAKE CITY,"SALT LAKE CITY, UT 84122",Beverage Service: Coffee,friend_slc,,,No_Match
STARBUCKS@ SMITHS 212|13893 S REDWOOD RD|BLUFFDALE,STARBUCKS@ SMITHS 212,13893 S REDWOOD RD,BLUFFDALE,"BLUFFDALE, UT 84065",Beverage Service: Coffee,friend_slc,40.498430641084,-111.938586724923,Match
STARBUCKS|11505 S 4000 W|SOUTH JORDAN,STARBUCKS,11505 S 4000 W,SOUTH JORDAN,"SOUTH JORDAN, UT 84009",Beverage Service: Coffee,friend_slc,40.543677754649,-111.986205117425,Match
STARBUCKS|2039 E 9400 S|SANDY,STARBUCKS,2039 E 9400 S,SANDY,"SANDY, UT 84093",Beverage Service: Coffee,friend_slc,40.580513608178,-111.832760982102,Match
STARBUCKS|3981 S WASATCH BLVD|SALT LAKE CITY,STARBUCKS,3981 S WASATCH BLVD,SALT LAKE CITY,"SALT LAKE CITY, UT 84124",Beverage Service: Coffee,friend_slc,40.685740123902,-111.79591734213,Match
STARBUCKS|4065 S 5600 W|WEST VALLEY CITY,STARBUCKS,4065 S 5600 W,WEST VALLEY CITY,"WEST VALLEY CITY, UT 84120",Beverage Service: Coffee,friend_slc,40.682883541414,-112.024674518661,Match
STARBUCKS|6223 S DIXIE DR|WEST JORDAN,STARBUCKS,6223 S DIXIE DR,WEST JORDAN,"WEST JORDAN, UT 84084",Beverage Service: Coffee,friend_slc,40.638015054888,-111.978151258677,Match
STARLEY COMMONS CAFE|72 S CENTRAL CAMPUS DR|SALT LAKE CITY,STARLEY COMMONS CAFE,72 S CENTRAL CAMPUS DR,SALT LAKE CITY,"SALT LAKE CITY, UT 84112",Restaurants: non-plated,friend_slc,40.768407505007,-111.844538783171,Match
STELLA GRILL|4291 S 900 E|MILLCREEK TS,STELLA GRILL,4291 S 900 E,MILLCREEK TS,"MILLCREEK TS, UT 84124",Restaurants: plated,friend_slc,40.678252996028,-111.865451032472,Match
SUBWAY #12739|4926 W 6200 S|KEARNS TS,SUBWAY #12739,4926 W 6200 S,KEARNS TS,"KEARNS TS, UT 84118",Restaurants: non-plated,friend_slc,40.638660281321,-112.008746404831,Match
SUBWAY #1288|5932 S STATE ST|MURRAY,SUBWAY #1288,5932 S STATE ST,MURRAY,"MURRAY, UT 84107",Restaurants: non-plated,friend_slc,40.642076004507,-111.889010156546,Match
SUBWAY #13784|1704 W NORTHTEMPLE ST|SALT LAKE CITY,SUBWAY #13784,1704 W NORTHTEMPLE ST,SALT LAKE CITY,"SALT LAKE CITY, UT 84116",Restaurants: non-plated,friend_slc,40.771581261087,-111.93944211086,Match
SUBWAY #3790|9015 S REDWOOD RD|WEST JORDAN,SUBWAY #3790,9015 S REDWOOD RD,WEST JORDAN,"WEST JORDAN, UT 84088",Restaurants: non-plated,friend_slc,40.58744824563,-111.93863942484,Match
SUBWAY|18 W 100 S|SALT LAKE CITY,SUBWAY,18 W 100 S,SALT LAKE CITY,"SALT LAKE CITY, UT 84101",Restaurants: non-plated,friend_slc,40.76723425783,-111.891620697245,Match
SUBWAY|2885 S HIGHLAND DR|SALT LAKE CITY,SUBWAY,2885 S HIGHLAND DR,SALT LAKE CITY,"SALT LAKE CITY, UT 84106",Restaurants: non-plated,friend_slc,40.708628884861,-111.853820640991,Match
SUBWAY|311 W 600 S|SALT LAKE CITY,SUBWAY,311 W 600 S,SALT LAKE CITY,"SALT LAKE CITY, UT 84101",Restaurants: non-plated,friend_slc,40.756238668311,-111.899946356946,Match
SUBWAY|3187 W 5400 S|TAYLORSVILLE,SUBWAY,3187 W 5400 S,TAYLORSVILLE,"TAYLORSVILLE, UT 84129",Restaurants: non-plated,friend_slc,40.653035685079,-111.967159211622,Match
SUBWAY|3307 S STATE ST|SOUTH SALT LAKE,SUBWAY,3307 S STATE ST,SOUTH SALT LAKE,"SOUTH SALT LAKE, UT 84115",Restaurants: non-plated,friend_slc,40.699630471369,-111.888178198832,Match
SUBWAY|625 W 5300 S|MURRAY,SUBWAY,625 W 5300 S,MURRAY,"MURRAY, UT 84123",Restaurants: non-plated,friend_slc,40.653953021538,-111.908271913724,Match
SUBWAY|7157 S BINGHAM JUNCTION BLVD|MIDVALE,SUBWAY,7157 S BINGHAM JUNCTION BLVD,MIDVALE,"MIDVALE, UT 84047",Restaurants: non-plated,friend_slc,40.622161640844,-111.913657405103,Match
SUDANESE FOOD TRUCK #8A5LZ|3232 S 400 E|SOUTH SALT LAKE,SUDANESE FOOD TRUCK #8A5LZ,3232 S 400 E,SOUTH SALT LAKE,"SOUTH SALT LAKE, UT 84115",Mobiles: Mobile Food Units (Trucks),friend_slc,40.7220529,-111.8797051,Match_Nominatim
SUGAR HOUSE COFFEE|2011 S 1100 E|SALT LAKE CITY,SUGAR HOUSE COFFEE,2011 S 1100 E,SALT LAKE CITY,"SALT LAKE CITY, UT 84106",Beverage Service: Coffee,friend_slc,40.726744353259,-111.859531170015,Match
SUGAR HOUSE HEALTH CENTER DELI|1280 E STRINGHAM AVE|SALT LAKE CITY,SUGAR HOUSE HEALTH CENTER DELI,1280 E STRINGHAM AVE,SALT LAKE CITY,"SALT LAKE CITY, UT 84106",Restaurants: non-plated,friend_slc,40.721066668911,-111.857334766218,Match
SUGAR HOUSE PIZZA|1063 E 2100 S|SALT LAKE CITY,SUGAR HOUSE PIZZA,1063 E 2100 S,SALT LAKE CITY,"SALT LAKE CITY, UT 84106",Restaurants: plated,friend_slc,40.725474260064,-111.860512354535,Match
SUGAR SPACE/DOG PATIO|132 S 800 W|SALT LAKE CITY,SUGAR SPACE/DOG PATIO,132 S 800 W,SALT LAKE CITY,"SALT LAKE CITY, UT 84104",Commissary,friend_slc,40.766689453194,-111.91404690943,Match
SUITES PANTRY/DELTA CENTER|301 W SOUTH TEMPLE ST|SALT LAKE CITY,SUITES PANTRY/DELTA CENTER,301 W SOUTH TEMPLE ST,SALT LAKE CITY,"SALT LAKE CITY, UT 84101",Restaurants: non-plated,friend_slc,40.76928866684,-111.899750414772,Match
SUMMIT SNACKS 537/DELTA CENTER|301 W SOUTH TEMPLE ST|SALT LAKE CITY,SUMMIT SNACKS 537/DELTA CENTER,301 W SOUTH TEMPLE ST,SALT LAKE CITY,"SALT LAKE CITY, UT 84101",Restaurants: non-plated,friend_slc,40.76928866684,-111.899750414772,Match
SUMMIT VISTA - COTTONWOOD CAFE/COPPERVIEW TERRACE|3390 W SIGNAL PEAK DR|TAYLORSVILLE,SUMMIT VISTA - COTTONWOOD CAFE/COPPERVIEW TERRACE,3390 W SIGNAL PEAK DR,TAYLORSVILLE,"TAYLORSVILLE, UT 84129",Restaurants: plated,friend_slc,40.640184864724,-111.972069997581,Match
SUNROOM COFFEE|470 W 200 N|SALT LAKE CITY,SUNROOM COFFEE,470 W 200 N,SALT LAKE CITY,"SALT LAKE CITY, UT 84103",Beverage Service: Coffee,friend_slc,40.773748475273,-111.903206727968,Match
SUPER CHIX|10431 S STATE ST|SANDY,SUPER CHIX,10431 S STATE ST,SANDY,"SANDY, UT 84070",Restaurants: non-plated,friend_slc,40.561819077451,-111.89072971753,Match
SWEET HAZEL AND CO BAKESHOP AND  BISTRO|1000 S MAIN ST|SALT LAKE CITY,SWEET HAZEL AND CO BAKESHOP AND  BISTRO,1000 S MAIN ST,SALT LAKE CITY,"SALT LAKE CITY, UT 84101",Restaurants: non-plated,friend_slc,40.747949051847,-111.891154572228,Match
SWEET SHOPS|10450 S STATE ST|SANDY,SWEET SHOPS,10450 S STATE ST,SANDY,"SANDY, UT 84070",Restaurants: non-plated,friend_slc,40.561530723723,-111.890876209125,Match
SWIG 319/DELTA CENTER|301 W SOUTH TEMPLE ST|SALT LAKE CITY,SWIG 319/DELTA CENTER,301 W SOUTH TEMPLE ST,SALT LAKE CITY,"SALT LAKE CITY, UT 84101",Concessions: no potentially hazardous foods,friend_slc,40.76928866684,-111.899750414772,Match
SWIG 521/DELTA CENTER|301 W SOUTH TEMPLE ST|SALT LAKE CITY,SWIG 521/DELTA CENTER,301 W SOUTH TEMPLE ST,SALT LAKE CITY,"SALT LAKE CITY, UT 84101",Concessions: no potentially hazardous foods,friend_slc,40.76928866684,-111.899750414772,Match
SWIG N SWEETS|196 W 12300 S|DRAPER,SWIG N SWEETS,196 W 12300 S,DRAPER,"DRAPER, UT 84020",Beverage Service: Juice/Smoothies,friend_slc,40.526896301879,-111.89808965628,Match
SWIG|1855 S 700 E|SALT LAKE CITY,SWIG,1855 S 700 E,SALT LAKE CITY,"SALT LAKE CITY, UT 84115",Restaurants: non-plated,friend_slc,40.729946665676,-111.87099716371,Match
SWIG|2057 E FORT UNION BLVD|COTTONWOOD HEIGHTS,SWIG,2057 E FORT UNION BLVD,COTTONWOOD HEIGHTS,"COTTONWOOD HEIGHTS, UT 84121",Restaurants: non-plated,friend_slc,40.624146472552,-111.832864281142,Match
SWIG|5575 S 900 E|MURRAY,SWIG,5575 S 900 E,MURRAY,"MURRAY, UT 84107",Restaurants: non-plated,friend_slc,40.650101742982,-111.86584026591,Match
SWIG|8382 W ARBOR PAR DR|MAGNA,SWIG,8382 W ARBOR PAR DR,MAGNA,"MAGNA, UT 84044",Restaurants: non-plated,friend_slc,40.694187998454,-112.090184975922,Match
TABLE X|1457 E 3350 S|MILLCREEK TS,TABLE X,1457 E 3350 S,MILLCREEK TS,"MILLCREEK TS, UT 84106",Restaurants: plated,friend_slc,40.698816262152,-111.849043928668,Match
TACO BELL # 040483|1826 W 4100 S|WEST VALLEY CITY,TACO BELL # 040483,1826 W 4100 S,WEST VALLEY CITY,"WEST VALLEY CITY, UT 84119",Restaurants: non-plated,friend_slc,40.682178447949,-111.941284963748,Match
TACO BELL #040973|5786 W 7800 S|WEST JORDAN,TACO BELL #040973,5786 W 7800 S,WEST JORDAN,"WEST JORDAN, UT 84081",Restaurants: non-plated,friend_slc,40.609500286267,-112.030466950961,Match
TACO BELL #25389|1287 E DRAPER PKWY|DRAPER,TACO BELL #25389,1287 E DRAPER PKWY,DRAPER,"DRAPER, UT 84020",Restaurants: non-plated,friend_slc,40.528292578712,-111.855050142464,Match
TACO BELL #29608|11456 S DISTRICT DR|SOUTH JORDAN,TACO BELL #29608,11456 S DISTRICT DR,SOUTH JORDAN,"SOUTH JORDAN, UT 84095",Restaurants: non-plated,friend_slc,40.538542932804,-111.981549015202,Match
TACO BELL 33154|1966 E FORT UNION BLVD|COTTONWOOD HEIGHTS,TACO BELL 33154,1966 E FORT UNION BLVD,COTTONWOOD HEIGHTS,"COTTONWOOD HEIGHTS, UT 84121",Restaurants: non-plated,friend_slc,40.624264055865,-111.835244974669,Match
TACO BELL 33165|3447 S 5600 W|WEST VALLEY CITY,TACO BELL 33165,3447 S 5600 W,WEST VALLEY CITY,"WEST VALLEY CITY, UT 84120",Restaurants: non-plated,friend_slc,40.697385143661,-112.024772782616,Match
TACO BELL 33167|3475 W 3500 S|WEST VALLEY CITY,TACO BELL 33167,3475 W 3500 S,WEST VALLEY CITY,"WEST VALLEY CITY, UT 84119",Restaurants: non-plated,friend_slc,40.696568680765,-111.974152539646,Match
TACO BELL 33170|1685 W 7000 S|WEST JORDAN,TACO BELL 33170,1685 W 7000 S,WEST JORDAN,"WEST JORDAN, UT 84084",Restaurants: non-plated,friend_slc,40.624007145381,-111.938292769298,Match
TACO BELL 33171|2212 S 1300 E|SALT LAKE CITY,TACO BELL 33171,2212 S 1300 E,SALT LAKE CITY,"SALT LAKE CITY, UT 84106",Restaurants: non-plated,friend_slc,40.722972673853,-111.85372204023,Match
TACO BELL 33176|5534 W 6200 S|KEARNS TS,TACO BELL 33176,5534 W 6200 S,KEARNS TS,"KEARNS TS, UT 84118",Restaurants: non-plated,friend_slc,40.638612950876,-112.022745660338,Match
TACO BELL 33179|3545 S 8400 W|MAGNA TS,TACO BELL 33179,3545 S 8400 W,MAGNA TS,"MAGNA TS, UT 84044",Restaurants: non-plated,friend_slc,40.695510045457,-112.091699099379,Match
TACO MANIA #7AAH5|7786 S 5600 W|WEST JORDAN,TACO MANIA #7AAH5,7786 S 5600 W,WEST JORDAN,"WEST JORDAN, UT 84081",Mobiles: Mobile Food Units (Trucks),friend_slc,40.610387066,-112.024321877367,Match
TACO TIME|810 S STATE ST|SALT LAKE CITY,TACO TIME,810 S STATE ST,SALT LAKE CITY,"SALT LAKE CITY, UT 84111",Restaurants: non-plated,friend_slc,40.751698466677,-111.888293399686,Match
TACONTENTO 2 #T408N|2134 E 2100 S|SALT LAKE CITY,TACONTENTO 2 #T408N,2134 E 2100 S,SALT LAKE CITY,"SALT LAKE CITY, UT 84106",Mobiles: Mobile Food Units (Trucks),friend_slc,40.725431666316,-111.830332810883,Match
TACONTENTO 3 #6N3NE|6785 S STATE ST|MURRAY,TACONTENTO 3 #6N3NE,6785 S STATE ST,MURRAY,"MURRAY, UT 84107",Mobiles: Mobile Food Units (Trucks),friend_slc,40.628408341181,-111.889756149932,Match
TACONTENTO 5 #6CAY6|3551 S WEST TEMPLE|SOUTH SALT LAKE,TACONTENTO 5 #6CAY6,3551 S WEST TEMPLE,SOUTH SALT LAKE,"SOUTH SALT LAKE, UT 84115",Mobiles: Mobile Food Units (Trucks),friend_slc,40.694037121044,-111.893897704368,Match
TACOS 801|1290 S 300 W|SALT LAKE CITY,TACOS 801,1290 S 300 W,SALT LAKE CITY,"SALT LAKE CITY, UT 84101",Restaurants: non-plated,friend_slc,40.741749508344,-111.899732387136,Match
TACOS AL VAPOR #2G897YX|728 S REDWOOD RD|SALT LAKE CITY,TACOS AL VAPOR #2G897YX,728 S REDWOOD RD,SALT LAKE CITY,"SALT LAKE CITY, UT 84104",Mobiles: Mobile Food Units (Trucks),friend_slc,40.75348418854,-111.939083660349,Match
TACOS COSTA GRANDE #051942Z|229 W 4800 S|MURRAY,TACOS COSTA GRANDE #051942Z,229 W 4800 S,MURRAY,"MURRAY, UT 84117",Mobiles: Mobile Food Units (Trucks),friend_slc,40.66738209556,-111.897423244474,Match
TACOS COSTA GRANDE #302060Z|4503 S STATE ST|MURRAY,TACOS COSTA GRANDE #302060Z,4503 S STATE ST,MURRAY,"MURRAY, UT 84107",Mobiles: Mobile Food Units (Trucks),friend_slc,40.674229009385,-111.888208766526,Match
TACOS EL CONDE #U564RY|751 W 800 S|SALT LAKE CITY,TACOS EL CONDE #U564RY,751 W 800 S,SALT LAKE CITY,"SALT LAKE CITY, UT 84104",Mobiles: Mobile Food Units (Trucks),friend_slc,40.751878026205,-111.912556101444,Match
TACOS EL CUNADO #3|676 W CENTER ST|MIDVALE,TACOS EL CUNADO #3,676 W CENTER ST,MIDVALE,"MIDVALE, UT 84047",Mobiles: Food Carts,friend_slc,40.609809509682,-111.920157630345,Match
TACOS EL MORENO|630 W CENTER ST|MIDVALE,TACOS EL MORENO,630 W CENTER ST,MIDVALE,"MIDVALE, UT 84047",Mobiles: Food Carts,friend_slc,40.609984024705,-111.919167257221,Match
TACOS EL PARIENTE III|683 W CENTER ST|MIDVALE,TACOS EL PARIENTE III,683 W CENTER ST,MIDVALE,"MIDVALE, UT 84047",Mobiles: Food Carts,friend_slc,40.610616273358,-111.909911751996,Match
TACOS EL PARIENTE II|7273 S STATE ST|MIDVALE,TACOS EL PARIENTE II,7273 S STATE ST,MIDVALE,"MIDVALE, UT 84047",Mobiles: Food Carts,friend_slc,40.619429113521,-111.89053705795,Match
TACOS EL TORO ROJO #237601A|1820 W 9000 S|WEST JORDAN,TACOS EL TORO ROJO #237601A,1820 W 9000 S,WEST JORDAN,"WEST JORDAN, UT 84084",Mobiles: Mobile Food Units (Trucks),friend_slc,40.587802642346,-111.940831263189,Match
TACOS EMILIANOS|4663 S 2700 W|TAYLORSVILLE,TACOS EMILIANOS,4663 S 2700 W,TAYLORSVILLE,"TAYLORSVILLE, UT 84129",Mobiles: Food Carts,friend_slc,40.668162673955,-111.957893068567,Match
TACOS GUANAJUATO #414171Z|5404 S 4220 W|KEARNS TS,TACOS GUANAJUATO #414171Z,5404 S 4220 W,KEARNS TS,"KEARNS TS, UT 84118",Mobiles: Mobile Food Units (Trucks),friend_slc,40.653155982682,-111.991770780155,Match
TACOS HAY PAPA #1CHH7|728 S REDWOOD RD|SALT LAKE CITY,TACOS HAY PAPA #1CHH7,728 S REDWOOD RD,SALT LAKE CITY,"SALT LAKE CITY, UT 84104",Mobiles: Mobile Food Units (Trucks),friend_slc,40.75348418854,-111.939083660349,Match
TACOS TRES HERMANOS #026056Z|1027 E PIONEER RD|DRAPER,TACOS TRES HERMANOS #026056Z,1027 E PIONEER RD,DRAPER,"DRAPER, UT 84020",Mobiles: Mobile Food Units (Trucks),friend_slc,40.525254952314,-111.861937023086,Match
TACOS Y MAR EL PAISA|850 S STATE ST|SALT LAKE CITY,TACOS Y MAR EL PAISA,850 S State ST,SALT LAKE CITY,"SALT LAKE CITY, UT 84104",Mobiles: Food Carts,friend_slc,40.750889661852,-111.888293399447,Match
TACOS YA MERITO #0539172|6785 S STATE ST|MURRAY,TACOS YA MERITO #0539172,6785 S STATE ST,MURRAY,"MURRAY, UT 84107",Mobiles: Mobile Food Units (Trucks),friend_slc,40.628408341181,-111.889756149932,Match
TAILGATE TAVERN|3550 S STATE ST|SALT LAKE CITY,TAILGATE TAVERN,3550 S STATE ST,SALT LAKE CITY,"SALT LAKE CITY, UT 84115",Beverage Service: Bars/Lounges,friend_slc,40.693795470078,-111.88833384199,Match
TANDOORI TAQUERIA|156 E 900 S|SALT LAKE CITY,TANDOORI TAQUERIA,156 E 900 S,SALT LAKE CITY,"SALT LAKE CITY, UT 84111",Restaurants: plated,friend_slc,40.74972266797,-111.886279964268,Match
TAQUERIA 27 DOWNTOWN - DOG PATIO|149 E 200 S|SALT LAKE CITY,TAQUERIA 27 DOWNTOWN - DOG PATIO,149 E 200 S,SALT LAKE CITY,"SALT LAKE CITY, UT 84111",Restaurants: non-plated,friend_slc,40.765056257668,-111.886437242959,Match
TAQUERIA 27 FASHION PLACE - DOG PATIO|6154 S FASHION BLVD|MURRAY,TAQUERIA 27 FASHION PLACE - DOG PATIO,6154 S FASHION BLVD,MURRAY,"MURRAY, UT 84107",Restaurants: non-plated,friend_slc,40.638862544844,-111.883005344383,Match
TAQUERIA 27 HOLLADAY - DOG PATIO|4670 S HOLLADAY VILLAGE PLZ|HOLLADAY,TAQUERIA 27 HOLLADAY - DOG PATIO,4670 S HOLLADAY VILLAGE PLZ,HOLLADAY,"HOLLADAY, UT 84117",Restaurants: non-plated,friend_slc,40.667505773918,-111.823568992017,Match
TAQUERIA 27 HOLLADAY|4670 S HOLLADAY VILLAGE PLZ|HOLLADAY,TAQUERIA 27 HOLLADAY,4670 S HOLLADAY VILLAGE PLZ,HOLLADAY,"HOLLADAY, UT 84117",Restaurants: non-plated,friend_slc,40.667505773918,-111.823568992017,Match
TAQUERIA EL ANGEL COMMISSARY|877 W 400 S|SALT LAKE CITY,TAQUERIA EL ANGEL COMMISSARY,877 W 400 S,SALT LAKE CITY,"SALT LAKE CITY, UT 84104",Commissary,friend_slc,40.760576669113,-111.91639127351,Match
TAQUERIA EL GUICHO|247 W 1700 S|SALT LAKE CITY,TAQUERIA EL GUICHO,247 W 1700 S,SALT LAKE CITY,"SALT LAKE CITY, UT 84115",Mobiles: Food Carts,friend_slc,40.733450670716,-111.89817171219,Match
TAQUERIA EL POLLO ROYO #7R1CU|3232 S 400 E|SALT LAKE CITY,TAQUERIA EL POLLO ROYO #7R1CU,3232 S 400 E,SALT LAKE CITY,"SALT LAKE CITY, UT 84115",Mobiles: Mobile Food Units (Trucks),friend_slc,40.7457211,-111.8796433,Match_Nominatim
TAQUERIA FAMILIAR|3356 S 5600 W|WEST VALLEY CITY,TAQUERIA FAMILIAR,3356 S 5600 W,WEST VALLEY CITY,"WEST VALLEY CITY, UT 84120",Restaurants: plated,friend_slc,40.699100530095,-112.024936545478,Match
TAQUERIA LOS LEE|2056 E 2100 S|SALT LAKE CITY,TAQUERIA LOS LEE,2056 E 2100 S,SALT LAKE CITY,"SALT LAKE CITY, UT 84108",Mobiles: Food Carts,friend_slc,40.726436566007,-111.830869492762,Match
TAQUIZAS EL COMPADRE #426824Z|3135 W 5400 S|TAYLORSVILLE,TAQUIZAS EL COMPADRE #426824Z,3135 W 5400 S,TAYLORSVILLE,"TAYLORSVILLE, UT 84129",Mobiles: Mobile Food Units (Trucks),friend_slc,40.653035685031,-111.966541580416,Match
TARGET DELI|10130 S STATE ST|SANDY,TARGET DELI,10130 S STATE ST,SANDY,"SANDY, UT 84070",Restaurants: non-plated,friend_slc,40.568007748621,-111.890880715674,Match
TARGET STORE T-2609|5518 W HIGH MARKET DR|WEST VALLEY CITY,TARGET STORE T-2609,5518 W HIGH MARKET DR,WEST VALLEY CITY,"WEST VALLEY CITY, UT 84120",Concessions: potentially hazardous foods,friend_slc,40.712812694452,-112.023503899124,Match
TARGET STORE T-3376|5800 S REDWOOD RD|TAYLORSVILLE,TARGET STORE T-3376,5800 S REDWOOD RD,TAYLORSVILLE,"TAYLORSVILLE, UT 84123",Restaurants: non-plated,friend_slc,40.646343908381,-111.938860182813,Match
TARGET T1751 STARBUCKS|7025 S PARK CENTRE DR|COTTONWOOD HEIGHTS,TARGET T1751 STARBUCKS,7025 S PARK CENTRE DR,COTTONWOOD HEIGHTS,"COTTONWOOD HEIGHTS, UT 84121",Beverage Service: Coffee,friend_slc,40.623981179134,-111.851238972098,Match
TASTE OF HAITI #66447Z|67 W 1700 S|SALT LAKE CITY,TASTE OF HAITI #66447Z,67 W 1700 S,SALT LAKE CITY,"SALT LAKE CITY, UT 84115",Mobiles: Mobile Food Units (Trucks),friend_slc,40.733450670328,-111.893203108368,Match
TASTE OF THE CARIBBEAN #C369FX|2943 E 3300 S|SALT LAKE CITY,TASTE OF THE CARIBBEAN #C369FX,2943 E 3300 S,SALT LAKE CITY,"SALT LAKE CITY, UT 84109",Mobiles: Mobile Food Units (Trucks),friend_slc,40.69989625892,-111.809138412237,Match
TASTE OF THE CARIBBEAN|2943 E 3300 S|SALT LAKE CITY,TASTE OF THE CARIBBEAN,2943 E 3300 S,SALT LAKE CITY,"SALT LAKE CITY, UT 84109",Commissary,friend_slc,40.69989625892,-111.809138412237,Match
TASTEES CAFE & TRUCK CATERING #10|728 S REDWOOD RD|SALT LAKE CITY,TASTEES CAFE & TRUCK CATERING #10,728 S REDWOOD RD,SALT LAKE CITY,"SALT LAKE CITY, UT 84104",Mobiles: Mobile Food Units (Trucks),friend_slc,40.75348418854,-111.939083660349,Match
TASTEES CAFE & TRUCK CATERING #11|728 S REDWOOD RD|SALT LAKE CITY,TASTEES CAFE & TRUCK CATERING #11,728 S REDWOOD RD,SALT LAKE CITY,"SALT LAKE CITY, UT 84104",Mobiles: Mobile Food Units (Trucks),friend_slc,40.75348418854,-111.939083660349,Match
TASTEES CAFE & TRUCK CATERING #1|728 S REDWOOD RD|SALT LAKE CITY,TASTEES CAFE & TRUCK CATERING #1,728 S REDWOOD RD,SALT LAKE CITY,"SALT LAKE CITY, UT 84104",Mobiles: Mobile Food Units (Trucks),friend_slc,40.75348418854,-111.939083660349,Match
TASTEES CAFE & TRUCK CATERING #2|728 S REDWOOD RD|SALT LAKE CITY,TASTEES CAFE & TRUCK CATERING #2,728 S REDWOOD RD,SALT LAKE CITY,"SALT LAKE CITY, UT 84104",Mobiles: Mobile Food Units (Trucks),friend_slc,40.75348418854,-111.939083660349,Match
TASTEES CAFE & TRUCK CATERING #3|728 S REDWOOD RD|SALT LAKE CITY,TASTEES CAFE & TRUCK CATERING #3,728 S REDWOOD RD,SALT LAKE CITY,"SALT LAKE CITY, UT 84104",Mobiles: Mobile Food Units (Trucks),friend_slc,40.75348418854,-111.939083660349,Match
TASTEES CAFE & TRUCK CATERING #4|728 S REDWOOD RD|SALT LAKE CITY,TASTEES CAFE & TRUCK CATERING #4,728 S REDWOOD RD,SALT LAKE CITY,"SALT LAKE CITY, UT 84104",Mobiles: Mobile Food Units (Trucks),friend_slc,40.75348418854,-111.939083660349,Match
TASTEES CAFE & TRUCK CATERING #5|728 S REDWOOD RD|SALT LAKE CITY,TASTEES CAFE & TRUCK CATERING #5,728 S REDWOOD RD,SALT LAKE CITY,"SALT LAKE CITY, UT 84104",Mobiles: Mobile Food Units (Trucks),friend_slc,40.75348418854,-111.939083660349,Match
TASTEES CAFE & TRUCK CATERING #6|728 S REDWOOD RD|SALT LAKE CITY,TASTEES CAFE & TRUCK CATERING #6,728 S REDWOOD RD,SALT LAKE CITY,"SALT LAKE CITY, UT 84104",Mobiles: Mobile Food Units (Trucks),friend_slc,40.75348418854,-111.939083660349,Match
TAVERNACLE SOCIAL CLUB|50 W BROADWAY ST|SALT LAKE CITY,TAVERNACLE SOCIAL CLUB,50 W BROADWAY ST,SALT LAKE CITY,"SALT LAKE CITY, UT 84101",Beverage Service: Bars/Lounges,friend_slc,40.762878258386,-111.892522013685,Match
TAYGA CAFE|215 S STATE ST|SALT LAKE CITY,TAYGA CAFE,215 S STATE ST,SALT LAKE CITY,"SALT LAKE CITY, UT 84111",Restaurants: non-plated,friend_slc,40.764767750922,-111.888151115845,Match
TAYLORSVILLE SENIOR CENTER|4743 S PLYMOUTH VIEW DR|TAYLORSVILLE,TAYLORSVILLE SENIOR CENTER,4743 S PLYMOUTH VIEW DR,TAYLORSVILLE,"TAYLORSVILLE, UT 84129",Restaurants: plated,friend_slc,40.664722131706,-111.937098150644,Match
TDR #TACO ONE|1332 S STATE ST|SALT LAKE CITY,TDR #TACO ONE,1332 S STATE ST,SALT LAKE CITY,"SALT LAKE CITY, UT 84115",Mobiles: Mobile Food Units (Trucks),friend_slc,40.740870241795,-111.888288889103,Match
TDR CATERING #JESRC|1332 S STATE ST|SALT LAKE CITY,TDR CATERING #JESRC,1332 S STATE ST,SALT LAKE CITY,"SALT LAKE CITY, UT 84115",Mobiles: Mobile Food Units (Trucks),friend_slc,40.740870241795,-111.888288889103,Match
TDR TRUCK #TACOTWO|1332 S STATE ST|SALT LAKE CITY,TDR TRUCK #TACOTWO,1332 S STATE ST,SALT LAKE CITY,"SALT LAKE CITY, UT 84115",Mobiles: Mobile Food Units (Trucks),friend_slc,40.740870241795,-111.888288889103,Match
TEA BAR|1201 E WILMINGTON AVE|SALT LAKE CITY,TEA BAR,1201 E WILMINGTON AVE,SALT LAKE CITY,"SALT LAKE CITY, UT 84106",Restaurants: non-plated,friend_slc,40.723341453112,-111.856346194003,Match
TEA ZAANTI DOG PATIO|1944 S 1100 E|SALT LAKE CITY,TEA ZAANTI DOG PATIO,1944 S 1100 E,SALT LAKE CITY,"SALT LAKE CITY, UT 84106",Beverage Service: Coffee,friend_slc,40.727918552065,-111.859682381636,Match
TENET CAFE|1074 E 2100 S|SALT LAKE CITY,TENET CAFE,1074 E 2100 S,SALT LAKE CITY,"SALT LAKE CITY, UT 84106",Restaurants: non-plated,friend_slc,40.725298043504,-111.860612653317,Match
TENET CAFE|242 E 300 S|SALT LAKE CITY,TENET CAFE,242 E 300 S,SALT LAKE CITY,"SALT LAKE CITY, UT 84111",Restaurants: non-plated,friend_slc,40.762772666342,-111.884092119407,Match
TERIYAKI GRILL|7194 S UNION PARK AVE|MIDVALE,TERIYAKI GRILL,7194 S UNION PARK AVE,MIDVALE,"MIDVALE, UT 84047",Restaurants: non-plated,friend_slc,40.619343183043,-111.857001934197,Match
TEXAS ROADHOUSE|1904 W 5400 S|TAYLORSVILLE,TEXAS ROADHOUSE,1904 W 5400 S,TAYLORSVILLE,"TAYLORSVILLE, UT 84129",Restaurants: plated,friend_slc,40.653178259508,-111.942917567738,Match
THAI ISSAN RESTAURANT|2644 W 4700 S|TAYLORSVILLE,THAI ISSAN RESTAURANT,2644 W 4700 S,TAYLORSVILLE,"TAYLORSVILLE, UT 84129",Restaurants: plated,friend_slc,40.667685274046,-111.956979030406,Match
THE STORE|2050 E 6200 S|HOLLADAY,THE STORE,2050 E 6200 S,HOLLADAY,"HOLLADAY, UT 84121",Restaurants: non-plated,friend_slc,40.63845375717,-111.833327541344,Match
THIRST @ MAVERIK CENTER|3200 S DECKER LAKE DR|WEST VALLEY CITY,THIRST @ MAVERIK CENTER,3200 S DECKER LAKE DR,WEST VALLEY CITY,"WEST VALLEY CITY, UT 84119",Beverage Service: Juice/Smoothies,friend_slc,40.70234925589,-111.948678836746,Match
THIS IS THE PLACE HERITAGE PARK HUNTSMAN HOTEL|2601 E SUNNYSIDE AVE|SALT LAKE CITY,THIS IS THE PLACE HERITAGE PARK HUNTSMAN HOTEL,2601 E SUNNYSIDE AVE,SALT LAKE CITY,"SALT LAKE CITY, UT 84108",Restaurants: plated,friend_slc,40.75091278465,-111.816500557728,Match
THIS IS THE PLACE HERITAGE PARK|2601 E SUNNYSIDE AVE|SALT LAKE CITY,THIS IS THE PLACE HERITAGE PARK,2601 E SUNNYSIDE AVE,SALT LAKE CITY,"SALT LAKE CITY, UT 84108",Concessions: potentially hazardous foods,friend_slc,40.75091278465,-111.816500557728,Match
THOMAS CUISINE @ BIOFIRE DIAGNOSTICS|1201 S 4800 W|SALT LAKE CITY,THOMAS CUISINE @ BIOFIRE DIAGNOSTICS,1201 S 4800 W,SALT LAKE CITY,"SALT LAKE CITY, UT 84104",Restaurants: plated,friend_slc,40.747220677591,-112.005745114575,Match
THOMAS CUISINE @ BIOFIRE|1001 S 4800 W|SALT LAKE CITY,THOMAS CUISINE @ BIOFIRE,1001 S 4800 W,SALT LAKE CITY,"SALT LAKE CITY, UT 84104",Restaurants: plated,friend_slc,40.749038132935,-112.005753854629,Match
TIN ANGEL AT THE ECCLES THEATER|131 S MAIN ST|SALT LAKE CITY,TIN ANGEL AT THE ECCLES THEATER,131 S MAIN ST,SALT LAKE CITY,"SALT LAKE CITY, UT 84111",Restaurants: non-plated,friend_slc,40.766488010774,-111.891017613054,Match
TO DINE FOR CATERING|166 W BERGER LN|MURRAY,TO DINE FOR CATERING,166 W BERGER LN,MURRAY,"MURRAY, UT 84107","Caterers, not restaurant connected",friend_slc,40.664084481792,-111.897212709663,Match
TOASTERS MILLCREEK|1560 E 3300 S|SALT LAKE CITY,TOASTERS MILLCREEK,1560 E 3300 S,SALT LAKE CITY,"SALT LAKE CITY, UT 84106",Restaurants: non-plated,friend_slc,40.699880670457,-111.846753856002,Match
TONY CAPUTOS MARKET & DELI|314 W 300 S|SALT LAKE CITY,TONY CAPUTOS MARKET & DELI,314 W 300 S,SALT LAKE CITY,"SALT LAKE CITY, UT 84101",Restaurants: non-plated,friend_slc,40.762468894942,-111.899745908268,Match
TONYBURGERS|1685 S TOWNE CENTER DR|SOUTH JORDAN,TONYBURGERS,1685 S TOWNE CENTER DR,SOUTH JORDAN,"SOUTH JORDAN, UT 84095",Restaurants: non-plated,friend_slc,40.558217742486,-111.935858125432,Match
TONYBURGERS|2731 S 5600 W|WEST VALLEY CITY,TONYBURGERS,2731 S 5600 W,WEST VALLEY CITY,"WEST VALLEY CITY, UT 84120",Restaurants: non-plated,friend_slc,40.710579274559,-112.024843157428,Match
TOP STOP #C-23|2360 S FOOTHILL DR|SALT LAKE CITY,TOP STOP #C-23,2360 S FOOTHILL DR,SALT LAKE CITY,"SALT LAKE CITY, UT 84109",Restaurants: non-plated,friend_slc,40.720237040506,-111.810973907048,Match
TOP STOP C-61|1284 E VINE ST|MURRAY,TOP STOP C-61,1284 E VINE ST,MURRAY,"MURRAY, UT 84121",Restaurants: non-plated,friend_slc,40.640490572991,-111.855000207288,Match
TORO TACOS (MOBILE)|50 E 800 S|SALT LAKE CITY,TORO TACOS (MOBILE),50 E 800 S,SALT LAKE CITY,"SALT LAKE CITY, UT 84111",Mobiles: Food Carts,friend_slc,40.751891667991,-111.889648704036,Match
TOUCH COFFEE|5415 W 3100 S|WEST VALLEY CITY,TOUCH COFFEE,5415 W 3100 S,WEST VALLEY CITY,"WEST VALLEY CITY, UT 84119",Beverage Service: Coffee,friend_slc,40.703767368808,-112.020514902441,Match
TOUCH N GO|375 N TERMINAL DR|SALT LAKE CITY,TOUCH N GO,375 N TERMINAL DR,SALT LAKE CITY,"SALT LAKE CITY, UT 84122",Restaurants: non-plated,friend_slc,40.773283065982,-111.985570757225,Match
TOWN & COUNTRY MARKET|2840 S MAIN ST|SOUTH SALT LAKE,TOWN & COUNTRY MARKET,2840 S MAIN ST,SOUTH SALT LAKE,"SOUTH SALT LAKE, UT 84115",Restaurants: non-plated,friend_slc,40.709445836183,-111.891200356713,Match
TOWNEPLACE SUITES|13690 S 100 E|DRAPER,TOWNEPLACE SUITES,13690 S 100 E,DRAPER,"DRAPER, UT 84020",Public Lodging: continental breakfast,friend_slc,40.502132777039,-111.888255050711,Match
TRAEGER PELLET GRILLS|533 S 400 W|SALT LAKE CITY,TRAEGER PELLET GRILLS,533 S 400 W,SALT LAKE CITY,"SALT LAKE CITY, UT 84101",Restaurants: non-plated,friend_slc,40.757736841041,-111.902452121825,Match
TRAM CLUB|9385 S SNOWBIRD CENTER DR|SALT LAKE COUNTY,TRAM CLUB,9385 S SNOWBIRD CENTER DR,SALT LAKE COUNTY,"SALT LAKE COUNTY, UT 84092",Beverage Service: Bars/Lounges,friend_slc,40.581004555248,-111.657808056847,Match
TROPICAL SMOOTHIE CAFE|9645 S STATE ST|SANDY,TROPICAL SMOOTHIE CAFE,9645 S STATE ST,SANDY,"SANDY, UT 84070",Restaurants: non-plated,friend_slc,40.576082506255,-111.890750710265,Match
TVILLE NUTRITION|5674 W REDWOOD RD|TAYLORSVILLE,TVILLE NUTRITION,5674 W REDWOOD RD,TAYLORSVILLE,"TAYLORSVILLE, UT 84123",Beverage Service: Juice/Smoothies,friend_slc,40.648129479124,-111.938882285475,Match
U MED STARBUCKS - LOWER LEVEL|50 N MEDICAL DR|SALT LAKE CITY,U MED STARBUCKS - LOWER LEVEL,50 N MEDICAL DR,SALT LAKE CITY,"SALT LAKE CITY, UT 84132",Restaurants: non-plated,friend_slc,40.768884612099,-111.837491944828,Match
U OF U INSTITUTE DELI|1780 E SOUTH CAMPUS DR|SALT LAKE CITY,U OF U INSTITUTE DELI,1780 E SOUTH CAMPUS DR,SALT LAKE CITY,"SALT LAKE CITY, UT 84112",Restaurants: non-plated,friend_slc,40.760516598691,-111.838999952529,Match
U OF U REHAB HOSPITAL COFFEE COUNTER|85 MEDICAL DRIVE N|SALT LAKE CITY,U OF U REHAB HOSPITAL COFFEE COUNTER,85 MEDICAL DRIVE N,SALT LAKE CITY,"SALT LAKE CITY, UT 84112",Restaurants: non-plated,friend_slc,40.77305543367,-111.837264888689,Match
U OF U REHABILITATION EATERY|85 N MEDICAL DR|SALT LAKE CITY,U OF U REHABILITATION EATERY,85 N MEDICAL DR,SALT LAKE CITY,"SALT LAKE CITY, UT 84112",Restaurants: plated,friend_slc,40.77305543367,-111.837264888689,Match
U OF U RICE ECCLES STADIUM - #11|451 S 1400 E|SALT LAKE CITY,U OF U RICE ECCLES STADIUM - #11,451 S 1400 E,SALT LAKE CITY,"SALT LAKE CITY, UT 84112",Concessions: potentially hazardous foods,friend_slc,40.759625019833,-111.850160228321,Match
U OF U RICE ECCLES STADIUM - #15|451 S 1400 E|SALT LAKE CITY,U OF U RICE ECCLES STADIUM - #15,451 S 1400 E,SALT LAKE CITY,"SALT LAKE CITY, UT 84112",Concessions: potentially hazardous foods,friend_slc,40.759625019833,-111.850160228321,Match
U OF U RICE ECCLES STADIUM - #33|451 S 1400 E|SALT LAKE CITY,U OF U RICE ECCLES STADIUM - #33,451 S 1400 E,SALT LAKE CITY,"SALT LAKE CITY, UT 84112",Concessions: potentially hazardous foods,friend_slc,40.759625019833,-111.850160228321,Match
U OF U RICE ECCLES STADIUM - #36|451 S 1400 E|SALT LAKE CITY,U OF U RICE ECCLES STADIUM - #36,451 S 1400 E,SALT LAKE CITY,"SALT LAKE CITY, UT 84112",Concessions: potentially hazardous foods,friend_slc,40.759625019833,-111.850160228321,Match
U OF U RICE ECCLES STADIUM - 35S|451 S 1400 E|SALT LAKE CITY,U OF U RICE ECCLES STADIUM - 35S,451 S 1400 E,SALT LAKE CITY,"SALT LAKE CITY, UT 84112",Concessions: potentially hazardous foods,friend_slc,40.759625019833,-111.850160228321,Match
U OF U RICE ECCLES STADIUM - C32|451 S 1400 E|SALT LAKE CITY,U OF U RICE ECCLES STADIUM - C32,451 S 1400 E,SALT LAKE CITY,"SALT LAKE CITY, UT 84112",Concessions: potentially hazardous foods,friend_slc,40.759625019833,-111.850160228321,Match
U OF U RICE ECCLES STADIUM EAST VENDING|451 S 1400 E|SALT LAKE CITY,U OF U RICE ECCLES STADIUM EAST VENDING,451 S 1400 E,SALT LAKE CITY,"SALT LAKE CITY, UT 84112",Commissary,friend_slc,40.759625019833,-111.850160228321,Match
U OF U RICE ECCLES STADIUM WEST VENDING|451 S 1400 E|SALT LAKE CITY,U OF U RICE ECCLES STADIUM WEST VENDING,451 S 1400 E,SALT LAKE CITY,"SALT LAKE CITY, UT 84112",Commissary,friend_slc,40.759625019833,-111.850160228321,Match
U OF U RICE ECCLES STAND # 38|451 S 1400 E|SALT LAKE CITY,U OF U RICE ECCLES STAND # 38,451 S 1400 E,SALT LAKE CITY,"SALT LAKE CITY, UT 84112",Concessions: no potentially hazardous foods,friend_slc,40.759625019833,-111.850160228321,Match
U OF U RICE ECCLES STAND # 9|451 S 1400 E|SALT LAKE CITY,U OF U RICE ECCLES STAND # 9,451 S 1400 E,SALT LAKE CITY,"SALT LAKE CITY, UT 84112",Concessions: no potentially hazardous foods,friend_slc,40.759625019833,-111.850160228321,Match
U OF U STADIUM AND ARENA|451 S 1400 E|SALT LAKE CITY,U OF U STADIUM AND ARENA,451 S 1400 E,SALT LAKE CITY,"SALT LAKE CITY, UT 84112",Concessions: potentially hazardous foods,friend_slc,40.759625019833,-111.850160228321,Match
U OF U UNION MAIN KITCHEN - CATERING|200 S CENTRAL CAMPUS DR|SALT LAKE CITY,U OF U UNION MAIN KITCHEN - CATERING,200 S CENTRAL CAMPUS DR,SALT LAKE CITY,"SALT LAKE CITY, UT 84112","Caterers, not restaurant connected",friend_slc,40.7670393,-111.8442724,Match_Nominatim
UINTA BREWHOUSE PUB - DOG PATIO|1722 S FREMONT DR|SALT LAKE CITY,UINTA BREWHOUSE PUB - DOG PATIO,1722 S FREMONT DR,SALT LAKE CITY,"SALT LAKE CITY, UT 84104",Beverage Service: Bars/Lounges,friend_slc,40.732707187446,-111.953453367259,Match
UINTA BREWHOUSE PUB|1722 S FREMONT DR|SALT LAKE CITY,UINTA BREWHOUSE PUB,1722 S FREMONT DR,SALT LAKE CITY,"SALT LAKE CITY, UT 84104",Restaurants: plated,friend_slc,40.732707187446,-111.953453367259,Match
UINTA BREWING|3920 W TERMINAL DR|SALT LAKE CITY,UINTA BREWING,3920 W TERMINAL DR,SALT LAKE CITY,"SALT LAKE CITY, UT 84122",Restaurants: plated,friend_slc,,,No_Match
UNIVERSITY OF UTAH ATHLETIC TRAINING|580 E GUARDSMAN WY|SALT LAKE CITY,UNIVERSITY OF UTAH ATHLETIC TRAINING,580 E GUARDSMAN WY,SALT LAKE CITY,"SALT LAKE CITY, UT 84108",Restaurants: non-plated,friend_slc,40.756907071391,-111.845426997301,Match
UNIVERSITY OF UTAH ATHLETICS FUELING STATION|290 S 1850 E|SALT LAKE CITY,UNIVERSITY OF UTAH ATHLETICS FUELING STATION,290 S 1850 E,SALT LAKE CITY,"SALT LAKE CITY, UT 84112",Concessions: no potentially hazardous foods,friend_slc,40.762522683528,-111.837756794365,Match
UNIVERSITY OF UTAH HELIX TOWER|30 N MARIO CAPECCI|SALT LAKE CITY,UNIVERSITY OF UTAH HELIX TOWER,30 N MARIO CAPECCI,SALT LAKE CITY,"SALT LAKE CITY, UT 84112",Restaurants: plated,friend_slc,,,No_Match
URBAN HILL - DOG PATIO|510 S 300 W|SALT LAKE CITY,URBAN HILL - DOG PATIO,510 S 300 W,SALT LAKE CITY,"SALT LAKE CITY, UT 84101",Restaurants: plated,friend_slc,40.758205671076,-111.899743111538,Match
URBAN LOUNGE|241 S 500 E|SALT LAKE CITY,URBAN LOUNGE,241 S 500 E,SALT LAKE CITY,"SALT LAKE CITY, UT 84102",Beverage Service: Bars/Lounges,friend_slc,40.763840398022,-111.8767031195,Match
USANA DIAMOND CONCESSIONS-TREJO TACOS NORTH|5151 S 6055 W|WEST VALLEY CITY,USANA DIAMOND CONCESSIONS-TREJO TACOS NORTH,5151 S 6055 W,WEST VALLEY CITY,"WEST VALLEY CITY, UT 84118",Concessions: potentially hazardous foods,friend_slc,40.641173690001,-112.013346935171,Match
UTAH BASEBALL CONCESSIONS|725 S GUARDSMAN WY|SALT LAKE CITY,UTAH BASEBALL CONCESSIONS,725 S GUARDSMAN WY,SALT LAKE CITY,"SALT LAKE CITY, UT 84108",Concessions: no potentially hazardous foods,friend_slc,40.754142075503,-111.84526156457,Match
UTAH CHILDRENS THEATRE|3605 S STATE ST|SOUTH SALT LAKE,UTAH CHILDRENS THEATRE,3605 S STATE ST,SOUTH SALT LAKE,"SOUTH SALT LAKE, UT 84115",Concessions: no potentially hazardous foods,friend_slc,40.692815869763,-111.888182707405,Match
UTAH COMMISSARY CLUB EAST|728 S REDWOOD RD|SALT LAKE CITY,UTAH COMMISSARY CLUB EAST,728 S REDWOOD RD,SALT LAKE CITY,"SALT LAKE CITY, UT 84104",Commissary,friend_slc,40.75348418854,-111.939083660349,Match
UTAH COMMUNITY ACTION HEAD START|2825 S 200 E|SOUTH SALT LAKE,UTAH COMMUNITY ACTION HEAD START,2825 S 200 E,SOUTH SALT LAKE,"SOUTH SALT LAKE, UT 84115",Restaurants: non-plated,friend_slc,40.709754333368,-111.885341582721,Match
UTAH COMMUNITY ACTION HEAD START|328 W 8000 S|MIDVALE,UTAH COMMUNITY ACTION HEAD START,328 W 8000 S,MIDVALE,"MIDVALE, UT 84047",Restaurants: plated,friend_slc,40.6058911,-111.8912213,Match_Nominatim
UTAH COMMUNITY ACTION HEAD START|8446 S HARRISON ST|MIDVALE,UTAH COMMUNITY ACTION HEAD START,8446 S HARRISON ST,MIDVALE,"MIDVALE, UT 84047",Commissary,friend_slc,40.597089646314,-111.900603944162,Match
UTAH CULTURAL CELEBRATION CENTER - KITCHEN|3100 S 1400 W|WEST VALLEY CITY,UTAH CULTURAL CELEBRATION CENTER - KITCHEN,3100 S 1400 W,WEST VALLEY CITY,"WEST VALLEY CITY, UT 84119",Restaurants: plated,friend_slc,40.704001189868,-111.93427261782,Match
UTAH FOOD BANK|3150 S 900 W|SOUTH SALT LAKE,UTAH FOOD BANK,3150 S 900 W,SOUTH SALT LAKE,"SOUTH SALT LAKE, UT 84119",Commissary,friend_slc,40.704018266872,-111.91701684627,Match
UTAH FOOD SERVICES @ ECCLES THEATER|131 MAIN ST|SALT LAKE CITY,UTAH FOOD SERVICES @ ECCLES THEATER,131 MAIN ST,SALT LAKE CITY,"SALT LAKE CITY, UT 84101",Restaurants: non-plated,friend_slc,40.766488010774,-111.891017613054,Match
UTAH MEDICAL ASSOCIATION|6820 S 900 E|MIDVALE,UTAH MEDICAL ASSOCIATION,6820 S 900 E,MIDVALE,"MIDVALE, UT 84047",Restaurants: non-plated,friend_slc,40.627547239564,-111.866008676479,Match
UTAH MUSEUM OF FINE ARTS|410 S CAMPUSCENTER DR|SALT LAKE CITY,UTAH MUSEUM OF FINE ARTS,410 S CAMPUSCENTER DR,SALT LAKE CITY,"SALT LAKE CITY, UT 84112",Restaurants: non-plated,friend_slc,,,No_Match
UTAH SCHOOLS FOR THE DEAF AND THE BLIND|1655 E 3300 S|MILLCREEK TS,UTAH SCHOOLS FOR THE DEAF AND THE BLIND,1655 E 3300 S,MILLCREEK TS,"MILLCREEK TS, UT 84106",Restaurants: non-plated,friend_slc,40.700003669832,-111.844936108764,Match
UTAH STADIUM CLUB/SUITE LEVEL KITCHEN|451 S 1400 E|SALT LAKE CITY,UTAH STADIUM CLUB/SUITE LEVEL KITCHEN,451 S 1400 E,SALT LAKE CITY,"SALT LAKE CITY, UT 84112",Restaurants: non-plated,friend_slc,40.759625019833,-111.850160228321,Match
VALLEY BOWLING BAR|3951 W 5400 S|TAYLORSVILLE,VALLEY BOWLING BAR,3951 W 5400 S,TAYLORSVILLE,"TAYLORSVILLE, UT 84118",Restaurants: plated,friend_slc,40.653009974345,-111.985313930241,Match
VALLEY REGIONAL PARK SOFTBALL COMPLEX|5100 S 2700 W|TAYLORSVILLE,VALLEY REGIONAL PARK SOFTBALL COMPLEX,5100 S 2700 W,TAYLORSVILLE,"TAYLORSVILLE, UT 84129",Concessions: no potentially hazardous foods,friend_slc,40.659087423954,-111.957971790573,Match
VESSEL KITCHEN DOG PATIO|905 E 900 S|SALT LAKE CITY,VESSEL KITCHEN DOG PATIO,905 E 900 S,SALT LAKE CITY,"SALT LAKE CITY, UT 84105",Restaurants: plated,friend_slc,40.749846257699,-111.865110946766,Match
VESSEL KITCHEN|11052 S STATE ST|SANDY,VESSEL KITCHEN,11052 S STATE ST,SANDY,"SANDY, UT 84070",Restaurants: plated,friend_slc,40.550655573594,-111.89090123188,Match
VESSEL KITCHEN|1146 E FORT UNION BLVD|MIDVALE,VESSEL KITCHEN,1146 E FORT UNION BLVD,MIDVALE,"MIDVALE, UT 84047",Restaurants: plated,friend_slc,40.624325218603,-111.860475002135,Match
VIA 313 PIZZERIA|150 W 10600 S|SANDY,VIA 313 PIZZERIA,150 W 10600 S,SANDY,"SANDY, UT 84070",Restaurants: plated,friend_slc,40.558962251612,-111.892807645576,Match
VIA 313|13322 S TREE SPARROW DR|RIVERTON,VIA 313,13322 S TREE SPARROW DR,RIVERTON,"RIVERTON, UT 84096",Restaurants: plated,friend_slc,,,No_Match
VILLAGE BAKER|11192 S AUTO MALL DR|SANDY,VILLAGE BAKER,11192 S AUTO MALL DR,SANDY,"SANDY, UT 84070",Restaurants: non-plated,friend_slc,40.5587593,-111.8939188,Match_Nominatim
VILLAGE INN RESTAURANT|4834 W 3500 S|WEST VALLEY CITY,VILLAGE INN RESTAURANT,4834 W 3500 S,WEST VALLEY CITY,"WEST VALLEY CITY, UT 84120",Restaurants: plated,friend_slc,40.696629274704,-112.006808472745,Match
VOLUNTEERS OF AMERICA RECOVERY ON RDWD|1875 S REDWOOD RD|SALT LAKE CITY,VOLUNTEERS OF AMERICA RECOVERY ON RDWD,1875 S REDWOOD RD,SALT LAKE CITY,"SALT LAKE CITY, UT 84104",Restaurants: non-plated,friend_slc,40.729283374171,-111.938884151344,Match
WALMART #4208|2705 E PARLEYS WY|SALT LAKE CITY,WALMART #4208,2705 E PARLEYS WY,SALT LAKE CITY,"SALT LAKE CITY, UT 84109",Restaurants: non-plated,friend_slc,40.719225605669,-111.814714482292,Match
WALMART NEIGHBORHOOD MARKET #5110|1360 E DRAPER PKWY|DRAPER,WALMART NEIGHBORHOOD MARKET #5110,1360 E DRAPER PKWY,DRAPER,"DRAPER, UT 84020",Restaurants: non-plated,friend_slc,40.527507731916,-111.853080235084,Match
WALMART NEIGHBORHOOD MARKET|1202 W 12600 S|RIVERTON,WALMART NEIGHBORHOOD MARKET,1202 W 12600 S,RIVERTON,"RIVERTON, UT 84065",Restaurants: non-plated,friend_slc,40.522452485678,-111.924971024591,Match
WALMART NEIGHBORHOOD MARKET|3555 S 8400 W|MAGNA TS,WALMART NEIGHBORHOOD MARKET,3555 S 8400 W,MAGNA TS,"MAGNA TS, UT 84044",Restaurants: non-plated,friend_slc,40.695267174973,-112.091703192734,Match
WALMART SUPERCENTER #5350|4627 S 900 E|MILLCREEK TS,WALMART SUPERCENTER #5350,4627 S 900 E,MILLCREEK TS,"MILLCREEK TS, UT 84117",Restaurants: non-plated,friend_slc,40.669880345708,-111.865252420031,Match
WALMART SUPERCENTER DELI #3568|3180 S 5600 W|WEST VALLEY CITY,WALMART SUPERCENTER DELI #3568,3180 S 5600 W,WEST VALLEY CITY,"WEST VALLEY CITY, UT 84128",Restaurants: non-plated,friend_slc,40.702327652667,-112.02495487727,Match
WALMART SUPERCENTER DELI #3620|13502 S HAMILTON VIEW RD|RIVERTON,WALMART SUPERCENTER DELI #3620,13502 S HAMILTON VIEW RD,RIVERTON,"RIVERTON, UT 84065",Restaurants: non-plated,friend_slc,40.502829894161,-111.976804262472,Match
WALMART|3590 W SOUTH JORDAN PKWY|SOUTH JORDAN,WALMART,3590 W SOUTH JORDAN PKWY,SOUTH JORDAN,"SOUTH JORDAN, UT 84095",Restaurants: non-plated,friend_slc,40.561971287407,-111.976720487163,Match
WASATCH BREW PUB SUGARHOUSE- DOG PATIO|2110 S HIGHLAND DR|SALT LAKE CITY,WASATCH BREW PUB SUGARHOUSE- DOG PATIO,2110 S HIGHLAND DR,SALT LAKE CITY,"SALT LAKE CITY, UT 84106",Restaurants: plated,friend_slc,40.725058309314,-111.859677878618,Match
WASATCH COMMUNITY GARDENS|629 E 800 S|SALT LAKE CITY,WASATCH COMMUNITY GARDENS,629 E 800 S,SALT LAKE CITY,"SALT LAKE CITY, UT 84102",Restaurants: non-plated,friend_slc,40.752015258071,-111.872980480327,Match
WASATCH RECOVERY|8388 S WASATCH BLVD|COTTONWOOD HEIGHTS,WASATCH RECOVERY,8388 S WASATCH BLVD,COTTONWOOD HEIGHTS,"COTTONWOOD HEIGHTS, UT 84121",Restaurants: plated,friend_slc,40.599396217055,-111.797651065947,Match
WATERSHED DOG PATIO|7176 S 900 E|MIDVALE,WATERSHED DOG PATIO,7176 S 900 E,MIDVALE,"MIDVALE, UT 84047",Restaurants: plated,friend_slc,40.620615807131,-111.866089705881,Match
WENDYS #6064|3490 S 8000 W|MAGNA,WENDYS #6064,3490 S 8000 W,MAGNA,"MAGNA, UT 84044",Restaurants: non-plated,friend_slc,40.696672167952,-112.082342305256,Match
WENDYS #6065|7035 S 900 E|MIDVALE,WENDYS #6065,7035 S 900 E,MIDVALE,"MIDVALE, UT 84047",Restaurants: non-plated,friend_slc,40.623390907708,-111.86590083643,Match
WENDYS #6066|5648 S 900 E|MURRAY,WENDYS #6066,5648 S 900 E,MURRAY,"MURRAY, UT 84121",Restaurants: non-plated,friend_slc,40.648177535337,-111.866008334525,Match
WENDYS #6078|1938 W 12600 S|RIVERTON,WENDYS #6078,1938 W 12600 S,RIVERTON,"RIVERTON, UT 84065",Restaurants: non-plated,friend_slc,40.522380289281,-111.943604911679,Match
WENDYS #6081|562 E 400 S|SALT LAKE CITY,WENDYS #6081,562 E 400 S,SALT LAKE CITY,"SALT LAKE CITY, UT 84102",Restaurants: non-plated,friend_slc,40.760597304888,-111.874982494837,Match
WENDYS #6082|2240 S 1300 E|SALT LAKE CITY,WENDYS #6082,2240 S 1300 E,SALT LAKE CITY,"SALT LAKE CITY, UT 84106",Restaurants: non-plated,friend_slc,40.722424526947,-111.853715377084,Match
WENDYS #6088|3259 E 3300 S|SALT LAKE CITY,WENDYS #6088,3259 E 3300 S,SALT LAKE CITY,"SALT LAKE CITY, UT 84109",Restaurants: non-plated,friend_slc,40.699909413334,-111.801605185315,Match
WENDYS #6089|1714 E 4500 S|MILLCREEK,WENDYS #6089,1714 E 4500 S,MILLCREEK,"MILLCREEK, UT 84117",Restaurants: non-plated,friend_slc,40.67419467305,-111.843112962781,Match
WENDYS #6092|10665 S AUTO MALL DR|SANDY,WENDYS #6092,10665 S AUTO MALL DR,SANDY,"SANDY, UT 84070",Restaurants: non-plated,friend_slc,40.55737564135,-111.893849666117,Match
WENDYS #6093|2025 E 9400 S|SANDY,WENDYS #6093,2025 E 9400 S,SANDY,"SANDY, UT 84093",Restaurants: non-plated,friend_slc,40.580511274192,-111.833182960559,Match
WENDYS #6097|4114 W 9000 S|WEST JORDAN,WENDYS #6097,4114 W 9000 S,WEST JORDAN,"WEST JORDAN, UT 84088",Restaurants: non-plated,friend_slc,40.587927285376,-111.987986279363,Match
WENDYS #6098|6828 S REDWOOD RD|WEST JORDAN,WENDYS #6098,6828 S REDWOOD RD,WEST JORDAN,"WEST JORDAN, UT 84084",Restaurants: non-plated,friend_slc,40.627413091182,-111.938827575426,Match
WENDYS #6099|7729 S CAMPUS VIEW DR|WEST JORDAN,WENDYS #6099,7729 S CAMPUS VIEW DR,WEST JORDAN,"WEST JORDAN, UT 84084",Restaurants: non-plated,friend_slc,40.610669396415,-111.981157949721,Match
WENDYS #6100|3367 S 5600 W|WEST VALLEY CITY,WENDYS #6100,3367 S 5600 W,WEST VALLEY CITY,"WEST VALLEY CITY, UT 84120",Restaurants: non-plated,friend_slc,40.698575204488,-112.024781532902,Match
WENDYS #6101|5673 W 6200 S|WEST VALLEY CITY,WENDYS #6101,5673 W 6200 S,WEST VALLEY CITY,"WEST VALLEY CITY, UT 84118",Restaurants: non-plated,friend_slc,40.638500691509,-112.028868531081,Match
WENDYS #6103|3988 W 5400 S|KEARNS,WENDYS #6103,3988 W 5400 S,KEARNS,"KEARNS, UT 84118",Restaurants: non-plated,friend_slc,,,No_Match
WENDYS #6105|11503 S 4000 W|SOUTH JORDAN,WENDYS #6105,11503 S 4000 W,SOUTH JORDAN,"SOUTH JORDAN, UT 84009",Restaurants: non-plated,friend_slc,40.543924598925,-111.986203665367,Match
WENDYS|11782 S TRAIL CROSSINGS|SOUTH JORDAN,WENDYS,11782 S TRAIL CROSSINGS,SOUTH JORDAN,"SOUTH JORDAN, UT 84095",Restaurants: non-plated,friend_slc,40.537355036069,-112.022780746175,Match
WENDYS|13883 S REDWOOD RD|BLUFFDALE,WENDYS,13883 S REDWOOD RD,BLUFFDALE,"BLUFFDALE, UT 84065",Restaurants: non-plated,friend_slc,40.498527937966,-111.938589098005,Match
WENDYS|147 E 13800 S|DRAPER,WENDYS,147 E 13800 S,DRAPER,"DRAPER, UT 84020",Restaurants: non-plated,friend_slc,40.500744287296,-111.886526950414,Match
WENDYS|7914 S 5600 W|WEST JORDAN,WENDYS,7914 S 5600 W,WEST JORDAN,"WEST JORDAN, UT 84081",Restaurants: non-plated,friend_slc,40.5701336,-112.0261696,Match_Nominatim
WEST HIGH SCHOOL PROSTART|241 N 300 W|SALT LAKE CITY,WEST HIGH SCHOOL PROSTART,241 N 300 W,SALT LAKE CITY,"SALT LAKE CITY, UT 84103",Beverage Service: Juice/Smoothies,friend_slc,40.774588797255,-111.899750420982,Match
WEST JORDAN SENIOR CENTER|8025 S 2200 W|WEST JORDAN,WEST JORDAN SENIOR CENTER,8025 S 2200 W,WEST JORDAN,"WEST JORDAN, UT 84088",Restaurants: non-plated,friend_slc,40.606985638339,-111.948066694612,Match
WEST VALLEY FITNESS - BASEBALL CONCESSION|5415 W 3100 S|WEST VALLEY CITY,WEST VALLEY FITNESS - BASEBALL CONCESSION,5415 W 3100 S,WEST VALLEY CITY,"WEST VALLEY CITY, UT 84120",Concessions: potentially hazardous foods,friend_slc,40.703767368808,-112.020514902441,Match
WEST VALLEY PERFORMING ARTS CENTER|3333 S DECKER LAKE DR|WEST VALLEY CITY,WEST VALLEY PERFORMING ARTS CENTER,3333 S DECKER LAKE DR,WEST VALLEY CITY,"WEST VALLEY CITY, UT 84119",Concessions: no potentially hazardous foods,friend_slc,40.699887591103,-111.947754705645,Match
WETZELS PRETZELS/SCOOPS/CATERING|3180 S 5600 W|WEST VALLEY CITY,WETZELS PRETZELS/SCOOPS/CATERING,3180 S 5600 W,WEST VALLEY CITY,"WEST VALLEY CITY, UT 84120",Restaurants: non-plated,friend_slc,40.702327652667,-112.02495487727,Match
WHATS BRUIN|4600 S REDWOOOD RD|SALT LAKE CITY,WHATS BRUIN,4600 S REDWOOOD RD,SALT LAKE CITY,"SALT LAKE CITY, UT 84123",Restaurants: non-plated,friend_slc,40.669180486895,-111.938952698695,Match
WHITE HORSE BAR & RESTAURANT|325 S MAIN ST|SALT LAKE CITY,WHITE HORSE BAR & RESTAURANT,325 S MAIN ST,SALT LAKE CITY,"SALT LAKE CITY, UT 84111",Restaurants: plated,friend_slc,40.762276759873,-111.891015369344,Match
WHOLE FOODS MARKET|1131 E WILMINGTON AVE|SALT LAKE CITY,WHOLE FOODS MARKET,1131 E WILMINGTON AVE,SALT LAKE CITY,"SALT LAKE CITY, UT 84106",Restaurants: non-plated,friend_slc,40.723350260122,-111.858216738792,Match
WHOLE FOODS MARKET|544 S 700 E|SALT LAKE CITY,WHOLE FOODS MARKET,544 S 700 E,SALT LAKE CITY,"SALT LAKE CITY, UT 84102",Restaurants: non-plated,friend_slc,40.757503278381,-111.871134908769,Match
WILDSIDE BOWLS|12243 S DRAPER GATE DR|DRAPER,WILDSIDE BOWLS,12243 S DRAPER GATE DR,DRAPER,"DRAPER, UT 84020",Beverage Service: Juice/Smoothies,friend_slc,40.52790858459,-111.851972323128,Match
WILLOW CREEK COUNTRY CLUB LOCKER ROOM LOUNGE|8505 S WILLOW CREEK DR|SANDY,WILLOW CREEK COUNTRY CLUB LOCKER ROOM LOUNGE,8505 S WILLOW CREEK DR,SANDY,"SANDY, UT 84093",Restaurants: non-plated,friend_slc,40.596550725057,-111.814896912851,Match
WINCO FOODS #73|7020 S 700 W|MIDVALE,WINCO FOODS #73,7020 S 700 W,MIDVALE,"MIDVALE, UT 84047",Restaurants: non-plated,friend_slc,40.624437946677,-111.910263007433,Match
WINCO FOODS #75|2572 S 5600 W|WEST VALLEY CITY,WINCO FOODS #75,2572 S 5600 W,WEST VALLEY CITY,"WEST VALLEY CITY, UT 84128",Restaurants: non-plated,friend_slc,40.714982682683,-112.024985335028,Match
WINCO|11969 S CARLSBAD WY|HERRIMAN,WINCO,11969 S CARLSBAD WY,HERRIMAN,"HERRIMAN, UT 84096",Restaurants: non-plated,friend_slc,,,No_Match
WINGS ON WHEELS @ SPICE KITCHEN|751 W 800 S|SALT LAKE CITY,WINGS ON WHEELS @ SPICE KITCHEN,751 W 800 S,SALT LAKE CITY,"SALT LAKE CITY, UT 84104","Caterers, not restaurant connected",friend_slc,40.751878026205,-111.912556101444,Match
WINGSTOP #081|1826 W 9000 S|WEST JORDAN,WINGSTOP #081,1826 W 9000 S,WEST JORDAN,"WEST JORDAN, UT 84088",Restaurants: non-plated,friend_slc,40.587802130161,-111.940933189543,Match
WINGSTOP 082|5650 S REDWOOD RD|TAYLORSVILLE,WINGSTOP 082,5650 S REDWOOD RD,TAYLORSVILLE,"TAYLORSVILLE, UT 84123",Restaurants: non-plated,friend_slc,40.6485116035,-111.938877282162,Match
WINGSTOP|2900 S 5600 W|WEST VALLEY CITY,WINGSTOP,2900 S 5600 W,WEST VALLEY CITY,"WEST VALLEY CITY, UT 84120",Restaurants: plated,friend_slc,40.707332499787,-112.024980581799,Match
WINGSTOP|3292 S 1300 E|SALT LAKE CITY,WINGSTOP,3292 S 1300 E,SALT LAKE CITY,"SALT LAKE CITY, UT 84106",Restaurants: non-plated,friend_slc,40.700328265872,-111.854094891649,Match
WINGSTOP|5454 W DAYBREAK PKWY|SOUTH JORDAN,WINGSTOP,5454 W DAYBREAK PKWY,SOUTH JORDAN,"SOUTH JORDAN, UT 84009",Restaurants: non-plated,friend_slc,40.537278044397,-112.020616984449,Match
WINGSTOP|5639 W 7800 S|WEST JORDAN,WINGSTOP,5639 W 7800 S,WEST JORDAN,"WEST JORDAN, UT 84081",Restaurants: plated,friend_slc,40.609385694457,-112.024990624195,Match
WINGSTOP|7176 S UNION PARK AVE|MIDVALE,WINGSTOP,7176 S UNION PARK AVE,MIDVALE,"MIDVALE, UT 84047",Restaurants: non-plated,friend_slc,40.621312314456,-111.855848380777,Match
WOODYS DRIVE IN|6172 S 1300 E|MURRAY,WOODYS DRIVE IN,6172 S 1300 E,MURRAY,"MURRAY, UT 84121",Restaurants: non-plated,friend_slc,40.639436677849,-111.854696293987,Match
XIAO BAO BAO|416 E 900 S|SALT LAKE CITY,XIAO BAO BAO,416 E 900 S,SALT LAKE CITY,"SALT LAKE CITY, UT 84111",Restaurants: non-plated,friend_slc,40.749722667389,-111.878855715542,Match
XIMBO 28|422 W 600 N|SALT LAKE CITY,XIMBO 28,422 W 600 N,SALT LAKE CITY,"SALT LAKE CITY, UT 84103",Restaurants: non-plated,friend_slc,40.782444257035,-111.903131494464,Match
YAMILA EVENT CENTER|916 S MAIN ST|SALT LAKE CITY,YAMILA EVENT CENTER,916 S MAIN ST,SALT LAKE CITY,"SALT LAKE CITY, UT 84101",Restaurants: non-plated,friend_slc,40.749444377181,-111.891155396923,Match
YANNIS GREEK EXPRESS|2761 S HIGHLAND DR|SALT LAKE CITY,YANNIS GREEK EXPRESS,2761 S HIGHLAND DR,SALT LAKE CITY,"SALT LAKE CITY, UT 84106",Restaurants: non-plated,friend_slc,40.71144427796,-111.854852335115,Match
YOSHIS JAPANESE GRILL #YOSHIS1|3232 S 400 E|SOUTH SALT LAKE,YOSHIS JAPANESE GRILL #YOSHIS1,3232 S 400 E,SOUTH SALT LAKE,"SOUTH SALT LAKE, UT 84115",Mobiles: Mobile Food Units (Trucks),friend_slc,40.7220529,-111.8797051,Match_Nominatim
YOSHIS JAPANESE GRILL @ RICE ECCLES|451 S 1400 E|SALT LAKE CITY,YOSHIS JAPANESE GRILL @ RICE ECCLES,451 S 1400 E,SALT LAKE CITY,"SALT LAKE CITY, UT 84112",Concessions: potentially hazardous foods,friend_slc,40.759625019833,-111.850160228321,Match
YOSHIS RESTAURANT|5692 S 900 E|MURRAY,YOSHIS RESTAURANT,5692 S 900 E,MURRAY,"MURRAY, UT 84121",Restaurants: non-plated,friend_slc,40.647291650954,-111.866018093939,Match
ZAATER AND ZAYTON|751 W 800 S|SALT LAKE CITY,ZAATER AND ZAYTON,751 W 800 S,SALT LAKE CITY,"SALT LAKE CITY, UT 84101","Caterers, not restaurant connected",friend_slc,40.751878026205,-111.912556101444,Match
ZAO 1 FOURTH SOUTH|6969 S 1300 E|COTTONWOOD HEIGHTS,ZAO 1 FOURTH SOUTH,6969 S 1300 E,COTTONWOOD HEIGHTS,"COTTONWOOD HEIGHTS, UT 84047",Restaurants: non-plated,friend_slc,40.625171973741,-111.854908677528,Match
ZAO 1 FOUTH SOUTH|639 E 400 S|SALT LAKE CITY,ZAO 1 FOUTH SOUTH,639 E 400 S,SALT LAKE CITY,"SALT LAKE CITY, UT 84102",Restaurants: non-plated,friend_slc,40.760715350224,-111.872791249639,Match
ZAO ASIAN CAFE|11160 S AUTOMALL DR|SANDY,ZAO ASIAN CAFE,11160 S AUTOMALL DR,SANDY,"SANDY, UT 84070",Restaurants: non-plated,friend_slc,,,Tie
ZAO ASIAN CAFE|11486 S DISTRICT MAIN DR|SOUTH JORDAN,ZAO ASIAN CAFE,11486 S DISTRICT MAIN DR,SOUTH JORDAN,"SOUTH JORDAN, UT 84095",Restaurants: non-plated,friend_slc,40.538520425863,-111.981552198429,Match
ZAO ASIAN CAFE|2227 S HIGHLAND DR|SALT LAKE CITY,ZAO ASIAN CAFE,2227 S HIGHLAND DR,SALT LAKE CITY,"SALT LAKE CITY, UT 84106",Restaurants: non-plated,friend_slc,40.722378356833,-111.858576786921,Match
ZAO ASIAN CAFE|4531 W PARTRIDGE HILL LN|RIVERTON,ZAO ASIAN CAFE,4531 W PARTRIDGE HILL LN,RIVERTON,"RIVERTON, UT 84096",Restaurants: non-plated,friend_slc,,,No_Match
ZEST KITCHEN & BAR/DOG PATIO|275 S 200 W|SALT LAKE CITY,ZEST KITCHEN & BAR/DOG PATIO,275 S 200 W,SALT LAKE CITY,"SALT LAKE CITY, UT 84101",Restaurants: non-plated,friend_slc,40.763351929512,-111.896737115782,Match
ZEST KITCHEN & BAR|275 S 200 W|SALT LAKE CITY,ZEST KITCHEN & BAR,275 S 200 W,SALT LAKE CITY,"SALT LAKE CITY, UT 84101",Restaurants: plated,friend_slc,40.763351929512,-111.896737115782,Match
ZIONS BANK STADIUM - NORTH CONCESSIONS|14787 S ACADEMY PKWY|HERRIMAN,ZIONS BANK STADIUM - NORTH CONCESSIONS,14787 S ACADEMY PKWY,HERRIMAN,"HERRIMAN, UT 84096",Concessions: potentially hazardous foods,friend_slc,40.482395268706,-111.980195117862,Match
ZIONS BANK STADIUM - SOUTH CONCESSIONS|14787 S ACADEMY PKWY|HERRIMAN,ZIONS BANK STADIUM - SOUTH CONCESSIONS,14787 S ACADEMY PKWY,HERRIMAN,"HERRIMAN, UT 84096",Concessions: potentially hazardous foods,friend_slc,40.482395268706,-111.980195117862,Match
