inspection_id,slchd_establishment_key,inspection_date,inspection_type_id,inspection_score
1,100 LIONS BAR|9256 S STATE ST|SANDY,9/18/2024,1,0.0
2,100 LIONS BAR|9256 S STATE ST|SANDY,7/17/2022,1,6.0
3,100 LIONS BAR|9256 S STATE ST|SANDY,3/3/2022,7,7.0
4,100 LIONS BAR|9256 S STATE ST|SANDY,5/24/2019,1,0.0
5,1800 CONTACTS|261 W DATA DR|DRAPER,11/18/2025,1,13.0
6,1800 CONTACTS|261 W DATA DR|DRAPER,10/18/2024,1,15.0
7,1800 CONTACTS|261 W DATA DR|DRAPER,6/4/2024,1,11.0
8,1800 CONTACTS|261 W DATA DR|DRAPER,11/15/2022,1,25.0
9,1800 CONTACTS|261 W DATA DR|DRAPER,7/8/2022,1,6.0
10,1800 CONTACTS|261 W DATA DR|DRAPER,2/28/2022,1,8.0
11,1800 CONTACTS|261 W DATA DR|DRAPER,2/11/2020,7,6.0
12,1800 CONTACTS|261 W DATA DR|DRAPER,2/10/2020,1,23.0
13,1800 CONTACTS|261 W DATA DR|DRAPER,10/22/2019,1,32.0
14,1800 CONTACTS|261 W DATA DR|DRAPER,7/19/2019,1,24.0
15,23 N 900 W SLC|23 N 900 W|SALT LAKE CITY,11/20/2025,1,0.0
16,23 N 900 W SLC|23 N 900 W|SALT LAKE CITY,2/26/2025,1,1.0
17,23 N 900 W SLC|23 N 900 W|SALT LAKE CITY,2/7/2025,1,3.0
18,23 N 900 W SLC|23 N 900 W|SALT LAKE CITY,9/6/2024,1,1.0
19,23 N 900 W SLC|23 N 900 W|SALT LAKE CITY,4/22/2024,1,0.0
20,23 N 900 W SLC|23 N 900 W|SALT LAKE CITY,12/19/2023,1,1.0
21,23 N 900 W SLC|23 N 900 W|SALT LAKE CITY,8/15/2023,1,5.0
22,23 N 900 W SLC|23 N 900 W|SALT LAKE CITY,5/3/2023,1,4.0
23,3 TORITOS TACOS #355146Z|1051 S 300 W|SALT LAKE CITY,5/21/2026,1,3.0
24,3 TORITOS TACOS #355146Z|1051 S 300 W|SALT LAKE CITY,2/20/2025,1,3.0
25,3 TORITOS TACOS #355146Z|1051 S 300 W|SALT LAKE CITY,11/29/2023,1,17.0
26,4 FORKS CATERING|8684 S SNOW MOUNTAIN DR|SANDY,3/6/2026,1,3.0
27,4 FORKS CATERING|8684 S SNOW MOUNTAIN DR|SANDY,9/4/2024,1,4.0
28,4 FORKS CATERING|8684 S SNOW MOUNTAIN DR|SANDY,9/20/2023,1,7.0
29,4 FORKS CATERING|8684 S SNOW MOUNTAIN DR|SANDY,2/8/2022,1,8.0
30,4 FORKS CATERING|8684 S SNOW MOUNTAIN DR|SANDY,8/5/2019,1,8.0
31,4 FORKS CATERING|8684 S SNOW MOUNTAIN DR|SANDY,8/13/2018,1,1.0
32,4 FORKS CATERING|8684 S SNOW MOUNTAIN DR|SANDY,11/2/2017,1,2.0
33,4 FORKS CATERING|8684 S SNOW MOUNTAIN DR|SANDY,10/26/2016,1,3.0
34,4 FORKS CATERING|8684 S SNOW MOUNTAIN DR|SANDY,12/4/2015,1,7.0
35,4 FORKS CATERING|8684 S SNOW MOUNTAIN DR|SANDY,12/12/2014,1,0.0
36,801 COFFEE ROASTERS|550 N 300 W|SALT LAKE CITY,11/14/2025,1,0.0
37,9UP NIGHT MARKET|3232 S 400 E|SOUTH SALT LAKE,8/4/2025,1,3.0
38,9UP NIGHT MARKET|3232 S 400 E|SOUTH SALT LAKE,6/20/2023,1,0.0
39,ABBINGTON AT MURRAY|5377 S STATE ST|MURRAY,4/9/2026,1,11.0
40,ABBINGTON AT MURRAY|5377 S STATE ST|MURRAY,12/5/2025,1,24.0
41,ABBINGTON AT MURRAY|5377 S STATE ST|MURRAY,2/11/2025,1,8.0
42,ABBINGTON AT MURRAY|5377 S STATE ST|MURRAY,10/7/2024,1,9.0
43,ABBINGTON AT MURRAY|5377 S STATE ST|MURRAY,6/6/2024,1,11.0
44,ABBINGTON AT MURRAY|5377 S STATE ST|MURRAY,2/6/2024,1,9.0
45,ABBINGTON AT MURRAY|5377 S STATE ST|MURRAY,10/9/2023,1,7.0
46,ABBINGTON AT MURRAY|5377 S STATE ST|MURRAY,6/5/2023,1,13.0
47,ABBINGTON AT MURRAY|5377 S STATE ST|MURRAY,6/28/2022,1,9.0
48,AFRICAN RESTAURANT|1522 S STATE ST|SALT LAKE CITY,1/30/2026,1,9.0
49,AFRICAN RESTAURANT|1522 S STATE ST|SALT LAKE CITY,1/16/2025,1,37.0
50,AFRICAN RESTAURANT|1522 S STATE ST|SALT LAKE CITY,1/23/2024,1,13.0
51,ALFS RESTAURANT|10700 E LITTLE COTTONWOOD CYN|ALTA,12/18/2025,1,5.0
52,ALFS RESTAURANT|10700 E LITTLE COTTONWOOD CYN|ALTA,4/12/2024,1,8.0
53,ALFS RESTAURANT|10700 E LITTLE COTTONWOOD CYN|ALTA,2/1/2022,1,24.0
54,ALFS RESTAURANT|10700 E LITTLE COTTONWOOD CYN|ALTA,3/24/2021,1,17.0
55,ALFS RESTAURANT|10700 E LITTLE COTTONWOOD CYN|ALTA,1/10/2020,1,22.0
56,ALFS RESTAURANT|10700 E LITTLE COTTONWOOD CYN|ALTA,1/23/2019,1,15.0
57,ALFS RESTAURANT|10700 E LITTLE COTTONWOOD CYN|ALTA,1/5/2018,1,15.0
58,ALFS RESTAURANT|10700 E LITTLE COTTONWOOD CYN|ALTA,1/31/2017,1,28.0
59,ALFS RESTAURANT|10700 E LITTLE COTTONWOOD CYN|ALTA,4/13/2016,1,16.0
60,ALFS RESTAURANT|10700 E LITTLE COTTONWOOD CYN|ALTA,1/8/2015,1,21.0
61,ALLURE THAI DELISH|67 W 1700 S|SALT LAKE CITY,1/6/2026,1,6.0
62,ALTA CLUB - BAR|100 E SOUTHTEMPLE ST|SALT LAKE CITY,11/10/2025,1,0.0
63,ALTA CLUB - BAR|100 E SOUTHTEMPLE ST|SALT LAKE CITY,5/8/2024,1,4.0
64,ALTA CLUB - BAR|100 E SOUTHTEMPLE ST|SALT LAKE CITY,6/9/2022,1,13.0
65,ALTA CLUB - BAR|100 E SOUTHTEMPLE ST|SALT LAKE CITY,10/7/2021,1,7.0
66,ALTA CLUB - BAR|100 E SOUTHTEMPLE ST|SALT LAKE CITY,3/9/2020,1,1.0
67,ALTA CLUB - BAR|100 E SOUTHTEMPLE ST|SALT LAKE CITY,12/11/2018,1,14.0
68,ALTA CLUB - BAR|100 E SOUTHTEMPLE ST|SALT LAKE CITY,6/19/2017,1,10.0
69,ALTA CLUB - BAR|100 E SOUTHTEMPLE ST|SALT LAKE CITY,12/16/2015,1,18.0
70,ALTA CLUB - BAR|100 E SOUTHTEMPLE ST|SALT LAKE CITY,6/23/2014,1,6.0
71,ALTA CLUB - BAR|100 E SOUTHTEMPLE ST|SALT LAKE CITY,1/17/2013,1,5.0
72,ALTA CLUB - GRILL|100 E SOUTHTEMPLE ST|SALT LAKE CITY,11/10/2025,1,2.0
73,ALTA CLUB - GRILL|100 E SOUTHTEMPLE ST|SALT LAKE CITY,3/25/2025,1,2.0
74,ALTA CLUB - GRILL|100 E SOUTHTEMPLE ST|SALT LAKE CITY,5/8/2024,1,17.0
75,ALTA CLUB - GRILL|100 E SOUTHTEMPLE ST|SALT LAKE CITY,4/17/2023,1,5.0
76,ALTA CLUB - GRILL|100 E SOUTHTEMPLE ST|SALT LAKE CITY,6/9/2022,1,7.0
77,ALTA CLUB - GRILL|100 E SOUTHTEMPLE ST|SALT LAKE CITY,10/7/2021,1,4.0
78,ALTA CLUB - GRILL|100 E SOUTHTEMPLE ST|SALT LAKE CITY,3/9/2020,1,2.0
79,ALTA CLUB - GRILL|100 E SOUTHTEMPLE ST|SALT LAKE CITY,8/7/2019,1,2.0
80,ALTA CLUB - GRILL|100 E SOUTHTEMPLE ST|SALT LAKE CITY,3/9/2018,1,23.0
81,ALTA CLUB - GRILL|100 E SOUTHTEMPLE ST|SALT LAKE CITY,11/22/2016,1,21.0
82,ALTA CLUB - RESTAURANT|100 E SOUTHTEMPLE ST|SALT LAKE CITY,5/19/2026,1,8.0
83,ALTA CLUB - RESTAURANT|100 E SOUTHTEMPLE ST|SALT LAKE CITY,11/10/2025,1,10.0
84,ALTA CLUB - RESTAURANT|100 E SOUTHTEMPLE ST|SALT LAKE CITY,3/25/2025,1,29.0
85,ALTA CLUB - RESTAURANT|100 E SOUTHTEMPLE ST|SALT LAKE CITY,5/8/2024,1,39.0
86,ALTA CLUB - RESTAURANT|100 E SOUTHTEMPLE ST|SALT LAKE CITY,1/3/2023,1,17.0
87,ALTA CLUB - RESTAURANT|100 E SOUTHTEMPLE ST|SALT LAKE CITY,6/9/2022,1,18.0
88,ALTA CLUB - RESTAURANT|100 E SOUTHTEMPLE ST|SALT LAKE CITY,10/19/2021,2,15.0
89,ALTA CLUB - RESTAURANT|100 E SOUTHTEMPLE ST|SALT LAKE CITY,10/7/2021,1,32.0
90,ALTA CLUB - RESTAURANT|100 E SOUTHTEMPLE ST|SALT LAKE CITY,3/9/2020,1,16.0
91,ALTA CLUB - RESTAURANT|100 E SOUTHTEMPLE ST|SALT LAKE CITY,8/7/2019,1,7.0
92,ALTA LODGE - LOUNGE|10230 E LITTLE COTTONWOOD CYN|ALTA,1/13/2026,1,0.0
93,ALTA LODGE - LOUNGE|10230 E LITTLE COTTONWOOD CYN|ALTA,2/3/2025,1,3.0
94,ALTA LODGE - LOUNGE|10230 E LITTLE COTTONWOOD CYN|ALTA,4/15/2024,1,6.0
95,ALTA LODGE - LOUNGE|10230 E LITTLE COTTONWOOD CYN|ALTA,3/11/2022,1,9.0
96,ALTA LODGE - LOUNGE|10230 E LITTLE COTTONWOOD CYN|ALTA,3/24/2021,1,3.0
97,ALTA LODGE - LOUNGE|10230 E LITTLE COTTONWOOD CYN|ALTA,3/2/2020,1,8.0
98,ALTA LODGE - LOUNGE|10230 E LITTLE COTTONWOOD CYN|ALTA,1/23/2019,1,5.0
99,ALTA LODGE - LOUNGE|10230 E LITTLE COTTONWOOD CYN|ALTA,2/13/2018,1,7.0
100,ALTA LODGE - LOUNGE|10230 E LITTLE COTTONWOOD CYN|ALTA,3/3/2017,1,3.0
101,ALTA LODGE - LOUNGE|10230 E LITTLE COTTONWOOD CYN|ALTA,4/13/2016,1,1.0
102,ALTITUDE TRAMPOLINE PARK|3813 W CENTER VIEW WY|WEST JORDAN,12/12/2025,1,5.0
103,ALTITUDE TRAMPOLINE PARK|3813 W CENTER VIEW WY|WEST JORDAN,10/14/2024,1,7.0
104,AN EXQUISITE AFFAIR CATERING@YOSHIS|3232 S 400 E|SOUTH SALT LAKE,3/13/2026,1,0.0
105,ANTOJITOS DEL GORDO #410138Z|1308 W 500 N|SALT LAKE CITY,4/4/2025,1,4.0
106,ANTOJITOS DONA JULIA|1447 W 1000 N|SALT LAKE CITY,4/7/2026,1,6.0
107,ANTOJITOS DONA JULIA|1447 W 1000 N|SALT LAKE CITY,7/25/2024,1,10.0
108,ANTOJITOS DONA JULIA|1447 W 1000 N|SALT LAKE CITY,10/18/2023,1,1.0
109,ANTOJITOS DONA JULIA|1447 W 1000 N|SALT LAKE CITY,8/17/2022,1,9.0
110,ANTOJITOS DONA JULIA|1447 W 1000 N|SALT LAKE CITY,5/24/2021,1,13.0
111,ANTOJITOS DONA JULIA|1447 W 1000 N|SALT LAKE CITY,3/18/2019,1,10.0
112,ANTOJITOS DONA JULIA|1447 W 1000 N|SALT LAKE CITY,6/27/2018,1,13.0
113,ANTOJITOS MEXICANOS EL CABRITO|956 W 1000 N|SALT LAKE CITY,12/17/2024,1,8.0
114,ANTOJITOS MEXICANOS EL CABRITO|956 W 1000 N|SALT LAKE CITY,12/19/2023,1,23.0
115,ANTOJITOS MEXICANOS EL CABRITO|956 W 1000 N|SALT LAKE CITY,12/1/2022,1,8.0
116,ANTOJITOS MEXICANOS EL CABRITO|956 W 1000 N|SALT LAKE CITY,8/11/2021,1,11.0
117,ANTOJITOS MEXICANOS EL CABRITO|956 W 1000 N|SALT LAKE CITY,1/27/2020,7,1.0
118,ANTOJITOS MEXICANOS EL CABRITO|956 W 1000 N|SALT LAKE CITY,1/10/2020,7,20.0
119,ANTOJITOS MEXICANOS EL CABRITO|956 W 1000 N|SALT LAKE CITY,9/24/2019,1,25.0
120,ANTOJITOS MEXICANOS EL CABRITO|956 W 1000 N|SALT LAKE CITY,8/6/2018,1,27.0
121,ANTOJITOS MEXICANOS EL CABRITO|956 W 1000 N|SALT LAKE CITY,8/11/2017,2,53.0
122,ANTOJITOS MEXICANOS EL CABRITO|956 W 1000 N|SALT LAKE CITY,8/7/2017,1,69.0
123,APOLLO BURGER|379 S MAIN ST|SALT LAKE CITY,3/24/2026,1,9.0
124,APOLLO BURGER|379 S MAIN ST|SALT LAKE CITY,8/22/2025,1,6.0
125,APOLLO BURGER|379 S MAIN ST|SALT LAKE CITY,2/13/2025,1,17.0
126,APOLLO BURGER|379 S MAIN ST|SALT LAKE CITY,8/15/2024,1,6.0
127,APOLLO BURGER|379 S MAIN ST|SALT LAKE CITY,2/13/2024,1,8.0
128,APOLLO BURGER|379 S MAIN ST|SALT LAKE CITY,8/22/2023,1,19.0
129,APOLLO BURGER|379 S MAIN ST|SALT LAKE CITY,2/9/2023,1,24.0
130,APOLLO BURGER|379 S MAIN ST|SALT LAKE CITY,2/15/2022,1,18.0
131,APOLLO BURGER|379 S MAIN ST|SALT LAKE CITY,6/7/2021,1,7.0
132,APOLLO BURGER|379 S MAIN ST|SALT LAKE CITY,2/6/2020,1,10.0
133,APOLLO BURGER WEST JORDAN|7134 S REDWOOD RD|WEST JORDAN,1/21/2026,1,5.0
134,APOLLO BURGERS|950 W 1700 S|SALT LAKE CITY,12/19/2025,1,9.0
135,APOLLO BURGERS|950 W 1700 S|SALT LAKE CITY,3/4/2025,1,16.0
136,APOLLO BURGERS|950 W 1700 S|SALT LAKE CITY,8/26/2024,1,16.0
137,APOLLO BURGERS|950 W 1700 S|SALT LAKE CITY,2/27/2024,1,8.0
138,APOLLO BURGERS|950 W 1700 S|SALT LAKE CITY,8/8/2023,1,9.0
139,APOLLO BURGERS|950 W 1700 S|SALT LAKE CITY,7/11/2022,1,48.0
140,APOLLO BURGERS|950 W 1700 S|SALT LAKE CITY,9/11/2020,1,9.0
141,APOLLO BURGERS|950 W 1700 S|SALT LAKE CITY,6/4/2019,1,27.0
142,APOLLO BURGERS|950 W 1700 S|SALT LAKE CITY,9/28/2018,1,29.0
143,APOLLO BURGERS|950 W 1700 S|SALT LAKE CITY,3/28/2018,1,16.0
144,APOLLO BURGERS (COMMISSARY)|940 W 1700 S|SALT LAKE CITY,12/19/2025,1,0.0
145,APOLLO BURGERS (COMMISSARY)|940 W 1700 S|SALT LAKE CITY,1/23/2025,1,3.0
146,APOLLO BURGERS (COMMISSARY)|940 W 1700 S|SALT LAKE CITY,7/9/2024,1,3.0
147,APOLLO BURGERS (COMMISSARY)|940 W 1700 S|SALT LAKE CITY,1/10/2024,1,1.0
148,APOLLO BURGERS (COMMISSARY)|940 W 1700 S|SALT LAKE CITY,6/14/2022,1,32.0
149,APOLLO BURGERS (COMMISSARY)|940 W 1700 S|SALT LAKE CITY,9/11/2020,1,3.0
150,APOLLO BURGERS (COMMISSARY)|940 W 1700 S|SALT LAKE CITY,8/6/2019,1,2.0
151,APOLLO BURGERS (COMMISSARY)|940 W 1700 S|SALT LAKE CITY,11/5/2018,1,15.0
152,APOLLO BURGERS (COMMISSARY)|940 W 1700 S|SALT LAKE CITY,10/23/2018,7,0.0
153,APOLLO BURGERS (COMMISSARY)|940 W 1700 S|SALT LAKE CITY,4/24/2018,1,24.0
154,APOLLO FOOD TRUCK #1Z7PW|940 W 1700 S|SALT LAKE CITY,6/13/2026,1,3.0
155,APOLLO FOOD TRUCK #1Z7PW|940 W 1700 S|SALT LAKE CITY,12/19/2025,1,1.0
156,APOLLO FOOD TRUCK #1Z7PW|940 W 1700 S|SALT LAKE CITY,1/23/2025,1,6.0
157,APOLLO FOOD TRUCK #1Z7PW|940 W 1700 S|SALT LAKE CITY,4/18/2024,1,0.0
158,APPLEBEES|5678 S REDWOOD RD|TAYLORSVILLE,5/13/2026,1,11.0
159,APPLEBEES|5678 S REDWOOD RD|TAYLORSVILLE,7/2/2025,1,23.0
160,APPLEBEES|5678 S REDWOOD RD|TAYLORSVILLE,12/9/2024,1,10.0
161,APPLEBEES|5678 S REDWOOD RD|TAYLORSVILLE,7/16/2024,1,21.0
162,APPLEBEES|5678 S REDWOOD RD|TAYLORSVILLE,11/20/2023,1,22.0
163,APPLEBEES|5678 S REDWOOD RD|TAYLORSVILLE,6/6/2023,1,20.0
164,APPLEBEES|5678 S REDWOOD RD|TAYLORSVILLE,1/31/2023,1,6.0
165,APPLEBEES|5678 S REDWOOD RD|TAYLORSVILLE,7/20/2022,1,3.0
166,APPLEBEES|5678 S REDWOOD RD|TAYLORSVILLE,2/22/2022,1,27.0
167,APPLEBEES|5678 S REDWOOD RD|TAYLORSVILLE,8/10/2020,1,7.0
168,APPLEBEES|3736 W 7800 S|WEST JORDAN,2/25/2026,1,6.0
169,APPLEBEES|3736 W 7800 S|WEST JORDAN,9/29/2025,1,20.0
170,APPLEBEES|3736 W 7800 S|WEST JORDAN,3/5/2025,1,4.0
171,APPLEBEES|3736 W 7800 S|WEST JORDAN,4/30/2024,1,28.0
172,APPLEBEES|3736 W 7800 S|WEST JORDAN,7/17/2023,1,10.0
173,APPLEBEES|3736 W 7800 S|WEST JORDAN,1/31/2022,1,21.0
174,APPLEBEES|3736 W 7800 S|WEST JORDAN,9/22/2021,1,19.0
175,APPLEBEES|3736 W 7800 S|WEST JORDAN,4/5/2021,1,20.0
176,APPLEBEES|3736 W 7800 S|WEST JORDAN,2/11/2020,1,16.0
177,APPLEBEES|3736 W 7800 S|WEST JORDAN,10/22/2019,1,16.0
178,ARBYS|3575 S 8400 W|MAGNA TS,3/24/2026,1,9.0
179,ARBYS|3575 S 8400 W|MAGNA TS,8/12/2025,1,22.0
180,ARBYS|3575 S 8400 W|MAGNA TS,10/21/2024,1,15.0
181,ARBYS|3575 S 8400 W|MAGNA TS,1/8/2024,1,12.0
182,ARBYS|3575 S 8400 W|MAGNA TS,8/11/2022,1,29.0
183,ARBYS|3575 S 8400 W|MAGNA TS,12/13/2021,1,6.0
184,ARBYS|3575 S 8400 W|MAGNA TS,2/3/2021,1,6.0
185,ARBYS|3575 S 8400 W|MAGNA TS,12/2/2019,1,6.0
186,ARBYS|3575 S 8400 W|MAGNA TS,1/31/2019,1,6.0
187,ARBYS|3575 S 8400 W|MAGNA TS,8/20/2018,1,2.0
188,ARBYS #5118|741 E FORT UNION BLVD|MIDVALE,1/22/2026,1,10.0
189,ARBYS #5118|741 E FORT UNION BLVD|MIDVALE,6/9/2025,1,27.0
190,ARBYS #5118|741 E FORT UNION BLVD|MIDVALE,10/16/2024,2,1.0
191,ARBYS #5118|741 E FORT UNION BLVD|MIDVALE,10/14/2024,2,7.0
192,ARBYS #5118|741 E FORT UNION BLVD|MIDVALE,10/11/2024,7,10.0
193,ARBYS #5118|741 E FORT UNION BLVD|MIDVALE,8/8/2024,1,24.0
194,ARBYS #5118|741 E FORT UNION BLVD|MIDVALE,1/24/2024,1,12.0
195,ARBYS #5118|741 E FORT UNION BLVD|MIDVALE,6/9/2023,1,28.0
196,ARBYS #5118|741 E FORT UNION BLVD|MIDVALE,12/8/2022,1,16.0
197,ARBYS #5118|741 E FORT UNION BLVD|MIDVALE,5/31/2022,2,1.0
198,ARBYS 1187|2284 E 3900 S|HOLLADAY,5/18/2026,1,8.0
199,ARBYS 1187|2284 E 3900 S|HOLLADAY,1/27/2026,1,16.0
200,ARBYS 1187|2284 E 3900 S|HOLLADAY,2/28/2025,1,9.0
201,ARBYS 1187|2284 E 3900 S|HOLLADAY,7/5/2024,1,11.0
202,ARBYS 1187|2284 E 3900 S|HOLLADAY,8/23/2023,1,9.0
203,ARBYS 1187|2284 E 3900 S|HOLLADAY,12/27/2021,1,11.0
204,ARBYS 1187|2284 E 3900 S|HOLLADAY,3/17/2021,1,8.0
205,ARBYS 1187|2284 E 3900 S|HOLLADAY,7/29/2020,1,11.0
206,ARBYS 1187|2284 E 3900 S|HOLLADAY,12/20/2019,1,13.0
207,ARBYS 1187|2284 E 3900 S|HOLLADAY,9/18/2019,1,10.0
208,ARBYS 1333|2819 W 7800 S|WEST JORDAN,1/13/2026,1,3.0
209,ARBYS 1333|2819 W 7800 S|WEST JORDAN,2/27/2025,1,11.0
210,ARBYS 1333|2819 W 7800 S|WEST JORDAN,8/12/2024,1,13.0
211,ARBYS 1333|2819 W 7800 S|WEST JORDAN,1/23/2024,1,15.0
212,ARBYS 1333|2819 W 7800 S|WEST JORDAN,3/22/2023,1,6.0
213,ARBYS 1333|2819 W 7800 S|WEST JORDAN,4/25/2022,1,13.0
214,ARBYS 1333|2819 W 7800 S|WEST JORDAN,7/1/2021,1,4.0
215,ARBYS 1333|2819 W 7800 S|WEST JORDAN,12/23/2020,1,6.0
216,ARBYS 1333|2819 W 7800 S|WEST JORDAN,11/26/2019,1,3.0
217,ARBYS 1333|2819 W 7800 S|WEST JORDAN,5/20/2019,1,7.0
218,ARBYS 1645|1650 S STATE ST|SALT LAKE CITY,2/27/2026,1,5.0
219,ARBYS 1645|1650 S STATE ST|SALT LAKE CITY,9/22/2025,1,5.0
220,ARBYS 1645|1650 S STATE ST|SALT LAKE CITY,2/10/2025,1,20.0
221,ARBYS 1645|1650 S STATE ST|SALT LAKE CITY,9/30/2024,1,19.0
222,ARBYS 1645|1650 S STATE ST|SALT LAKE CITY,6/27/2024,1,25.0
223,ARBYS 1645|1650 S STATE ST|SALT LAKE CITY,1/16/2024,1,2.0
224,ARBYS 1645|1650 S STATE ST|SALT LAKE CITY,8/30/2023,1,20.0
225,ARBYS 1645|1650 S STATE ST|SALT LAKE CITY,3/13/2023,1,18.0
226,ARBYS 1645|1650 S STATE ST|SALT LAKE CITY,6/21/2022,1,15.0
227,ARBYS 1645|1650 S STATE ST|SALT LAKE CITY,5/11/2021,1,14.0
228,ARETE GELATO @ SALT LAKE COMMISSARY|3232 S 400 E|SOUTH SALT LAKE,10/16/2025,1,3.0
229,ARGENTINAS #6EED3|1320 E 500 S|SALT LAKE CITY,5/30/2025,1,3.0
230,ARIVO CAFE|4770 S 5600 W|KEARNS,4/30/2026,1,9.0
231,ARIVO CAFE|4770 S 5600 W|KEARNS,12/2/2025,1,8.0
232,ARIVO CAFE|4770 S 5600 W|KEARNS,6/24/2025,1,22.0
233,ARIVO CAFE|4770 S 5600 W|KEARNS,1/10/2025,1,1.0
234,ARIVO CAFE|4770 S 5600 W|KEARNS,6/3/2024,1,9.0
235,ARIVO CAFE|4770 S 5600 W|KEARNS,10/26/2023,1,1.0
236,ARIVO CAFE|4770 S 5600 W|KEARNS,2/28/2023,1,1.0
237,ART COTTAGE|1100 W 7800 S|WEST JORDAN,3/5/2026,1,5.0
238,ART COTTAGE|1100 W 7800 S|WEST JORDAN,12/17/2024,1,1.0
239,ATOMIC BISCUIT - DOG PATIO|401 E 900 S|SALT LAKE CITY,7/21/2025,1,0.0
240,AUNTIE RAES DESSERT ISLAND|4704 S HOLLADAY BLVD|HOLLADAY,5/21/2025,1,2.0
241,AUNTIE RAES DESSERT ISLAND|4704 S HOLLADAY BLVD|HOLLADAY,2/7/2024,1,6.0
242,AUNTIE RAES DESSERT ISLAND|4704 S HOLLADAY BLVD|HOLLADAY,10/12/2021,1,2.0
243,AUNTIE RAES DESSERT ISLAND|4704 S HOLLADAY BLVD|HOLLADAY,8/7/2020,1,11.0
244,AUNTIE RAES DESSERT ISLAND|4704 S HOLLADAY BLVD|HOLLADAY,3/8/2019,1,14.0
245,AUNTIE RAES DESSERT ISLAND|4704 S HOLLADAY BLVD|HOLLADAY,2/1/2018,1,10.0
246,AUNTIE RAES DESSERT ISLAND|4704 S HOLLADAY BLVD|HOLLADAY,10/25/2016,1,10.0
247,AUNTIE RAES DESSERT ISLAND|4704 S HOLLADAY BLVD|HOLLADAY,8/6/2015,1,8.0
248,BABY YETI|9151 S 255 W|SANDY,6/5/2026,1,0.0
249,BABY YETI|9151 S 255 W|SANDY,6/6/2025,1,0.0
250,BABY YETI|9151 S 255 W|SANDY,10/26/2024,7,109.0
251,BABY YETI|9151 S 255 W|SANDY,6/8/2024,7,15.0
252,BABY YETI|9151 S 255 W|SANDY,6/7/2024,1,0.0
253,BABY YETI|9151 S 255 W|SANDY,6/23/2023,1,15.0
254,BABYS BAGELS|204 E 500 S|SALT LAKE CITY,6/10/2026,1,9.0
255,BABYS BAGELS|204 E 500 S|SALT LAKE CITY,10/20/2025,1,19.0
256,BABYS BAGELS|204 E 500 S|SALT LAKE CITY,4/17/2025,1,18.0
257,BABYS BAGELS|204 E 500 S|SALT LAKE CITY,10/10/2024,1,12.0
258,BABYS BAGELS|204 E 500 S|SALT LAKE CITY,2/2/2024,1,18.0
259,BAD ASS COFFEE OF HAWAII|7794 S GARDNER STOP WY|WEST JORDAN,3/5/2026,1,9.0
260,BAD ASS COFFEE OF HAWAII|7794 S GARDNER STOP WY|WEST JORDAN,1/28/2025,1,5.0
261,BAD ASS COFFEE OF HAWAII|7794 S GARDNER STOP WY|WEST JORDAN,2/22/2024,1,12.0
262,BAD ASS COFFEE OF HAWAII|7794 S GARDNER STOP WY|WEST JORDAN,6/12/2023,1,0.0
263,BAD ASS COFFEE OF HAWAII|7794 S GARDNER STOP WY|WEST JORDAN,8/31/2022,1,8.0
264,BAD ASS COFFEE OF HAWAII|7794 S GARDNER STOP WY|WEST JORDAN,4/28/2021,1,6.0
265,BAD CADDY GOLF|451 S 300 W|SALT LAKE CITY,5/1/2025,1,2.0
266,BAD CADDY GOLF|451 S 300 W|SALT LAKE CITY,1/6/2023,1,3.0
267,BAGEL PROJECT|779 S 500 E|SALT LAKE CITY,2/12/2026,1,11.0
268,BAGEL PROJECT|779 S 500 E|SALT LAKE CITY,7/10/2025,1,7.0
269,BAGEL PROJECT|779 S 500 E|SALT LAKE CITY,8/13/2024,1,11.0
270,BAGEL PROJECT|779 S 500 E|SALT LAKE CITY,2/6/2024,1,11.0
271,BAGEL PROJECT|779 S 500 E|SALT LAKE CITY,7/12/2023,1,5.0
272,BAGEL PROJECT|779 S 500 E|SALT LAKE CITY,1/25/2023,7,1.0
273,BAGEL PROJECT|779 S 500 E|SALT LAKE CITY,12/6/2022,1,15.0
274,BAGEL PROJECT|779 S 500 E|SALT LAKE CITY,6/2/2022,1,15.0
275,BAGEL PROJECT|779 S 500 E|SALT LAKE CITY,5/6/2021,1,7.0
276,BAGEL PROJECT|779 S 500 E|SALT LAKE CITY,1/21/2020,1,9.0
277,BALANCE NUTRITION|2246 W 5400 S|TAYLORSVILLE,2/19/2026,1,3.0
278,BALANCE NUTRITION|2246 W 5400 S|TAYLORSVILLE,5/22/2024,1,8.0
279,BALANCE NUTRITION|2246 W 5400 S|TAYLORSVILLE,4/21/2023,1,8.0
280,BAMBARA/HOTEL MONACO BANQUET KITCHEN|202 S MAIN ST|SALT LAKE CITY,4/29/2026,1,0.0
281,BAMBARA/HOTEL MONACO BANQUET KITCHEN|202 S MAIN ST|SALT LAKE CITY,5/27/2025,1,8.0
282,BAMBARA/HOTEL MONACO BANQUET KITCHEN|202 S MAIN ST|SALT LAKE CITY,8/21/2023,1,11.0
283,BAMBARA/HOTEL MONACO BANQUET KITCHEN|202 S MAIN ST|SALT LAKE CITY,6/23/2022,1,8.0
284,BAMBARA/HOTEL MONACO BANQUET KITCHEN|202 S MAIN ST|SALT LAKE CITY,6/10/2021,1,10.0
285,BAMBARA/HOTEL MONACO BANQUET KITCHEN|202 S MAIN ST|SALT LAKE CITY,8/2/2019,1,0.0
286,BAMBARA/HOTEL MONACO BANQUET KITCHEN|202 S MAIN ST|SALT LAKE CITY,6/28/2018,1,12.0
287,BAMBARA/HOTEL MONACO BANQUET KITCHEN|202 S MAIN ST|SALT LAKE CITY,3/23/2017,1,3.0
288,BAMBARA/HOTEL MONACO BANQUET KITCHEN|202 S MAIN ST|SALT LAKE CITY,6/8/2016,1,21.0
289,BAMBARA/HOTEL MONACO BANQUET KITCHEN|202 S MAIN ST|SALT LAKE CITY,11/4/2014,1,6.0
290,BAMBARA/HOTEL MONACO CLUB|15 W 200 S|SALT LAKE CITY,4/29/2026,1,1.0
291,BAMBARA/HOTEL MONACO CLUB|15 W 200 S|SALT LAKE CITY,5/27/2025,1,2.0
292,BAMBARA/HOTEL MONACO MAIN KITCHEN|202 S MAIN ST|SALT LAKE CITY,4/29/2026,1,9.0
293,BAMBARA/HOTEL MONACO MAIN KITCHEN|202 S MAIN ST|SALT LAKE CITY,5/27/2025,1,33.0
294,BAMBARA/HOTEL MONACO MAIN KITCHEN|202 S MAIN ST|SALT LAKE CITY,3/13/2024,1,12.0
295,BAMBARA/HOTEL MONACO MAIN KITCHEN|202 S MAIN ST|SALT LAKE CITY,8/21/2023,1,28.0
296,BAMBARA/HOTEL MONACO MAIN KITCHEN|202 S MAIN ST|SALT LAKE CITY,6/23/2022,1,35.0
297,BAMBARA/HOTEL MONACO MAIN KITCHEN|202 S MAIN ST|SALT LAKE CITY,6/10/2021,1,37.0
298,BAMBARA/HOTEL MONACO MAIN KITCHEN|202 S MAIN ST|SALT LAKE CITY,8/2/2019,1,7.0
299,BAMBARA/HOTEL MONACO MAIN KITCHEN|202 S MAIN ST|SALT LAKE CITY,1/8/2019,1,19.0
300,BAMBARA/HOTEL MONACO MAIN KITCHEN|202 S MAIN ST|SALT LAKE CITY,11/14/2017,1,22.0
301,BAMBARA/HOTEL MONACO MAIN KITCHEN|202 S MAIN ST|SALT LAKE CITY,7/19/2017,1,26.0
302,BAR AT ASHER ADAMS|2 S 400 W|SALT LAKE CITY,8/5/2025,1,1.0
303,BARBACOA|1335 S 700 W|SALT LAKE CITY,3/4/2026,1,10.0
304,BARBACOA|1335 S 700 W|SALT LAKE CITY,3/14/2025,1,23.0
305,BARBACOA|1335 S 700 W|SALT LAKE CITY,8/29/2024,1,4.0
306,BARBACOA|1335 S 700 W|SALT LAKE CITY,4/1/2024,1,30.0
307,BARBACOA|1335 S 700 W|SALT LAKE CITY,10/26/2023,2,2.0
308,BARBACOA|1335 S 700 W|SALT LAKE CITY,10/26/2023,1,5.0
309,BARBACOA|1335 S 700 W|SALT LAKE CITY,12/28/2022,2,4.0
310,BARBACOA|1335 S 700 W|SALT LAKE CITY,11/15/2022,7,0.0
311,BARBACOA|1335 S 700 W|SALT LAKE CITY,11/15/2022,1,45.0
312,BARBACOA|1335 S 700 W|SALT LAKE CITY,6/30/2021,2,7.0
313,BARNES & NOBLE|132 E WINCHESTER ST|MURRAY,1/21/2026,1,2.0
314,BARNES & NOBLE|132 E WINCHESTER ST|MURRAY,12/12/2024,1,2.0
315,BARNES & NOBLE|10433 S STATE ST|SANDY,9/4/2025,1,5.0
316,BARNES & NOBLE|10433 S STATE ST|SANDY,9/20/2024,1,7.0
317,BARNES & NOBLE #2137|7157 S PLAZA CENTER DR|WEST JORDAN,4/30/2026,1,5.0
318,BARNES & NOBLE #2137|7157 S PLAZA CENTER DR|WEST JORDAN,7/9/2025,1,17.0
319,BARNES & NOBLE #2137|7157 S PLAZA CENTER DR|WEST JORDAN,8/19/2024,1,9.0
320,BARNES & NOBLE #2137|7157 S PLAZA CENTER DR|WEST JORDAN,10/9/2023,1,6.0
321,BARNES & NOBLE #2137|7157 S PLAZA CENTER DR|WEST JORDAN,1/6/2023,1,1.0
322,BARNES & NOBLE #2137|7157 S PLAZA CENTER DR|WEST JORDAN,2/2/2022,1,8.0
323,BARNES & NOBLE #2137|7157 S PLAZA CENTER DR|WEST JORDAN,3/30/2021,1,1.0
324,BARNES & NOBLE #2137|7157 S PLAZA CENTER DR|WEST JORDAN,2/25/2020,1,2.0
325,BARNES & NOBLE #2137|7157 S PLAZA CENTER DR|WEST JORDAN,6/7/2019,1,3.0
326,BARNES & NOBLE #2137|7157 S PLAZA CENTER DR|WEST JORDAN,8/9/2018,1,11.0
327,BASKIN ROBBINS|9497 S 700 E|SANDY,2/9/2026,1,4.0
328,BASKIN ROBBINS|9497 S 700 E|SANDY,2/4/2025,1,3.0
329,BASKIN ROBBINS|9497 S 700 E|SANDY,1/25/2024,1,3.0
330,BASKIN ROBBINS|9497 S 700 E|SANDY,10/7/2022,1,11.0
331,BASKIN ROBBINS|9497 S 700 E|SANDY,4/28/2022,7,1.0
332,BASKIN ROBBINS|9497 S 700 E|SANDY,10/18/2021,1,15.0
333,BASKIN ROBBINS|9497 S 700 E|SANDY,8/27/2020,1,7.0
334,BASKIN ROBBINS|9497 S 700 E|SANDY,2/8/2019,1,9.0
335,BASKIN ROBBINS|9497 S 700 E|SANDY,10/24/2017,1,25.0
336,BASKIN ROBBINS|9497 S 700 E|SANDY,1/5/2016,1,9.0
337,BASKIN ROBBINS|1465 E 2100 S|SALT LAKE CITY,10/30/2025,1,5.0
338,BASKIN ROBBINS|1465 E 2100 S|SALT LAKE CITY,8/7/2024,1,31.0
339,BASKIN ROBBINS|1465 E 2100 S|SALT LAKE CITY,6/7/2023,1,22.0
340,BASKIN ROBBINS|1465 E 2100 S|SALT LAKE CITY,8/19/2021,1,17.0
341,BASKIN ROBBINS|1465 E 2100 S|SALT LAKE CITY,12/5/2019,1,8.0
342,BASKIN ROBBINS|1465 E 2100 S|SALT LAKE CITY,10/23/2018,1,19.0
343,BASKIN ROBBINS|1465 E 2100 S|SALT LAKE CITY,10/16/2017,1,31.0
344,BASKIN ROBBINS|1465 E 2100 S|SALT LAKE CITY,8/15/2016,7,14.0
345,BASKIN ROBBINS|1465 E 2100 S|SALT LAKE CITY,5/19/2016,2,15.0
346,BASKIN ROBBINS|1465 E 2100 S|SALT LAKE CITY,5/6/2016,1,50.0
347,BEACON CREST|591 E PIONEER RD|DRAPER,6/4/2026,1,6.0
348,BEACON CREST|591 E PIONEER RD|DRAPER,2/6/2025,1,19.0
349,BEACON CREST|591 E PIONEER RD|DRAPER,6/21/2024,1,18.0
350,BEACON CREST|591 E PIONEER RD|DRAPER,12/28/2022,1,3.0
351,BEACON CREST|591 E PIONEER RD|DRAPER,6/15/2022,1,19.0
352,BEACON CREST|591 E PIONEER RD|DRAPER,11/29/2021,1,1.0
353,BEACON CREST|591 E PIONEER RD|DRAPER,2/13/2020,1,6.0
354,BEACON CREST|591 E PIONEER RD|DRAPER,8/30/2019,1,5.0
355,BEACON CREST|591 E PIONEER RD|DRAPER,2/25/2019,1,1.0
356,BEACON CREST|591 E PIONEER RD|DRAPER,8/28/2018,1,3.0
357,BEAN AROUND #Z047MT|67 W 1700 S|SALT LAKE CITY,6/21/2026,1,0.0
358,BEANS & BREW COFFEE|5373 S 3600 W|TAYLORSVILLE,12/19/2025,1,9.0
359,BEANS & BREW COFFEE|5373 S 3600 W|TAYLORSVILLE,10/11/2024,1,12.0
360,BEANS & BREW COFFEE|5373 S 3600 W|TAYLORSVILLE,1/2/2024,1,19.0
361,BEANS & BREW COFFEE|5373 S 3600 W|TAYLORSVILLE,12/20/2022,1,14.0
362,BEANS & BREW COFFEE|5373 S 3600 W|TAYLORSVILLE,12/20/2021,1,15.0
363,BEANS & BREW COFFEE|5373 S 3600 W|TAYLORSVILLE,3/26/2021,1,9.0
364,BEANS & BREW COFFEE|5373 S 3600 W|TAYLORSVILLE,9/10/2019,1,8.0
365,BEANS & BREW COFFEE|5373 S 3600 W|TAYLORSVILLE,12/4/2018,1,27.0
366,BEANS & BREW COFFEE|5373 S 3600 W|TAYLORSVILLE,11/21/2017,1,12.0
367,BEANS & BREW COFFEE|5373 S 3600 W|TAYLORSVILLE,2/16/2017,1,16.0
368,BEANS & BREWS|7455 S UNION PARK AVE|MIDVALE,5/12/2026,1,3.0
369,BEANS & BREWS|7455 S UNION PARK AVE|MIDVALE,4/23/2026,1,9.0
370,BEANS & BREWS|7455 S UNION PARK AVE|MIDVALE,3/25/2025,1,7.0
371,BEANS & BREWS|7455 S UNION PARK AVE|MIDVALE,1/22/2024,1,8.0
372,BEANS & BREWS|7455 S UNION PARK AVE|MIDVALE,12/15/2022,1,0.0
373,BEANS & BREWS|7455 S UNION PARK AVE|MIDVALE,12/16/2021,1,20.0
374,BEANS & BREWS|7455 S UNION PARK AVE|MIDVALE,12/9/2019,1,3.0
375,BEANS & BREWS|7455 S UNION PARK AVE|MIDVALE,10/19/2018,1,4.0
376,BEANS & BREWS|3069 S COLT PLAZA DR|WEST VALLEY CITY,6/17/2025,1,3.0
377,BEANS & BREWS|3069 S COLT PLAZA DR|WEST VALLEY CITY,2/28/2024,1,15.0
378,BEANS & BREWS|3069 S COLT PLAZA DR|WEST VALLEY CITY,12/2/2022,1,26.0
379,BEANS & BREWS|3069 S COLT PLAZA DR|WEST VALLEY CITY,8/3/2021,1,14.0
380,BEANS & BREWS|3069 S COLT PLAZA DR|WEST VALLEY CITY,12/10/2019,1,7.0
381,BEANS & BREWS|3069 S COLT PLAZA DR|WEST VALLEY CITY,10/23/2018,1,14.0
382,BEANS & BREWS|3069 S COLT PLAZA DR|WEST VALLEY CITY,12/27/2017,1,12.0
383,BEANS & BREWS|3069 S COLT PLAZA DR|WEST VALLEY CITY,10/18/2016,1,4.0
384,BEANS & BREWS|3069 S COLT PLAZA DR|WEST VALLEY CITY,5/20/2015,1,5.0
385,BEANS & BREWS|3069 S COLT PLAZA DR|WEST VALLEY CITY,2/21/2014,1,15.0
386,BEANS & BREWS COFFE HOUSE|7157 S BINGHAM JUNCTION BLVD|MIDVALE,10/23/2025,1,4.0
387,BEANS & BREWS COFFE HOUSE|7157 S BINGHAM JUNCTION BLVD|MIDVALE,10/11/2024,1,7.0
388,BEANS & BREWS COFFE HOUSE|7157 S BINGHAM JUNCTION BLVD|MIDVALE,9/8/2023,1,13.0
389,BEANS & BREWS COFFE HOUSE|7157 S BINGHAM JUNCTION BLVD|MIDVALE,7/21/2022,1,16.0
390,BEANS & BREWS COFFE HOUSE|7157 S BINGHAM JUNCTION BLVD|MIDVALE,6/29/2022,2,0.0
391,BEANS & BREWS COFFE HOUSE|7157 S BINGHAM JUNCTION BLVD|MIDVALE,6/24/2022,2,2.0
392,BEANS & BREWS COFFE HOUSE|7157 S BINGHAM JUNCTION BLVD|MIDVALE,6/15/2022,2,9.0
393,BEANS & BREWS COFFEE|2707 S HIGHLAND DR|SALT LAKE CITY,12/18/2025,1,4.0
394,BEANS & BREWS COFFEE|2707 S HIGHLAND DR|SALT LAKE CITY,7/2/2024,1,15.0
395,BEANS & BREWS COFFEE|2707 S HIGHLAND DR|SALT LAKE CITY,5/1/2023,1,11.0
396,BEANS & BREWS COFFEE|2707 S HIGHLAND DR|SALT LAKE CITY,11/2/2021,2,0.0
397,BEANS & BREWS COFFEE|2707 S HIGHLAND DR|SALT LAKE CITY,10/28/2021,1,14.0
398,BEANS & BREWS COFFEE|2707 S HIGHLAND DR|SALT LAKE CITY,1/15/2020,1,8.0
399,BEANS & BREWS COFFEE|2707 S HIGHLAND DR|SALT LAKE CITY,2/15/2019,1,3.0
400,BEANS & BREWS COFFEE|2707 S HIGHLAND DR|SALT LAKE CITY,2/9/2018,1,12.0
401,BEANS & BREWS COFFEE HOUSE|3512 W MARADONA DR|HERRIMAN,10/20/2025,1,5.0
402,BEANS & BREWS COFFEE HOUSE|3512 W MARADONA DR|HERRIMAN,10/21/2024,1,1.0
403,BEANS & BREWS COFFEE HOUSE|3512 W MARADONA DR|HERRIMAN,10/12/2023,1,4.0
404,BEANS & BREWS COFFEE HOUSE|906 S 500 E|SALT LAKE CITY,6/26/2025,1,4.0
405,BEANS & BREWS COFFEE HOUSE|906 S 500 E|SALT LAKE CITY,2/6/2024,1,7.0
406,BEANS & BREWS COFFEE HOUSE|906 S 500 E|SALT LAKE CITY,12/15/2022,1,17.0
407,BEANS & BREWS COFFEE HOUSE|906 S 500 E|SALT LAKE CITY,4/20/2021,1,4.0
408,BEANS AND BREWS|7859 S 3200 W|WEST JORDAN,1/13/2026,1,3.0
409,BEANS AND BREWS|7859 S 3200 W|WEST JORDAN,2/27/2025,1,8.0
410,BEANS AND BREWS|7859 S 3200 W|WEST JORDAN,1/19/2024,1,9.0
411,BEANS AND BREWS|7859 S 3200 W|WEST JORDAN,2/13/2023,1,0.0
412,BEANS AND BREWS|7859 S 3200 W|WEST JORDAN,9/2/2021,1,2.0
413,BEANS AND BREWS|1953 W CALIFORNIA AVE|SALT LAKE CITY,10/24/2025,1,5.0
414,BEANS AND BREWS COFFEE HOUSE|13961 S REDWOOD RD|BLUFFDALE,5/15/2025,1,3.0
415,BEANS AND BREWS COFFEE HOUSE|13961 S REDWOOD RD|BLUFFDALE,7/23/2024,1,2.0
416,BEANS AND BREWS COFFEE HOUSE|13961 S REDWOOD RD|BLUFFDALE,10/12/2023,1,4.0
417,BEANS AND BREWS COFFEE HOUSE|13961 S REDWOOD RD|BLUFFDALE,6/6/2022,1,16.0
418,BEANS AND BREWS COFFEE HOUSE|13961 S REDWOOD RD|BLUFFDALE,8/17/2021,1,9.0
419,BEAUCOUP BAKERY|3939 S WASATCH BLVD|MILLCREEK,5/28/2026,1,1.0
420,BEAUCOUP BAKERY|3939 S WASATCH BLVD|MILLCREEK,10/9/2025,7,15.0
421,BEECHERS HAND MADE CHEESE|3920 W TERMINAL DR|SALT LAKE CITY,5/21/2026,1,3.0
422,BEECHERS HAND MADE CHEESE|3920 W TERMINAL DR|SALT LAKE CITY,10/30/2025,1,5.0
423,BEECHERS HAND MADE CHEESE|3920 W TERMINAL DR|SALT LAKE CITY,2/20/2025,1,9.0
424,BEECHERS HAND MADE CHEESE|3920 W TERMINAL DR|SALT LAKE CITY,9/20/2024,1,0.0
425,BEECHERS HAND MADE CHEESE|3920 W TERMINAL DR|SALT LAKE CITY,3/8/2024,1,1.0
426,BEECHERS HAND MADE CHEESE|3920 W TERMINAL DR|SALT LAKE CITY,10/17/2023,1,5.0
427,BEECHERS HAND MADE CHEESE|3920 W TERMINAL DR|SALT LAKE CITY,3/24/2023,1,2.0
428,BEECHERS HAND MADE CHEESE|3920 W TERMINAL DR|SALT LAKE CITY,9/27/2022,1,9.0
429,BERRY DONUTS|3678 W 2100 S|SALT LAKE CITY,3/10/2026,1,3.0
430,BIG T LITTLE TASTE FROM THE EAST COAST|8519 W 3100 S|MAGNA,1/15/2026,1,10.0
431,BIG T LITTLE TASTE FROM THE EAST COAST|8519 W 3100 S|MAGNA,1/30/2025,1,13.0
432,BIRD FEEDER & TRACY AVIARY|589 E 1300 S|SALT LAKE CITY,4/9/2026,1,5.0
433,BIRD FEEDER & TRACY AVIARY|589 E 1300 S|SALT LAKE CITY,2/10/2025,1,13.0
434,BIRD FEEDER & TRACY AVIARY|589 E 1300 S|SALT LAKE CITY,1/9/2024,1,3.0
435,BIRD FEEDER & TRACY AVIARY|589 E 1300 S|SALT LAKE CITY,9/11/2023,7,19.0
436,BIRD FEEDER & TRACY AVIARY|589 E 1300 S|SALT LAKE CITY,12/15/2022,1,13.0
437,BIRD FEEDER & TRACY AVIARY|589 E 1300 S|SALT LAKE CITY,4/14/2021,1,11.0
438,BIRD FEEDER & TRACY AVIARY|589 E 1300 S|SALT LAKE CITY,7/25/2019,1,7.0
439,BIRD FEEDER & TRACY AVIARY|589 E 1300 S|SALT LAKE CITY,7/18/2018,1,24.0
440,BJORNS BREW@YOSHIS|3232 S 400 E|SOUTH SALT LAKE,4/16/2026,1,4.0
441,BJORNS BREW@YOSHIS|3232 S 400 E|SOUTH SALT LAKE,8/21/2024,1,0.0
442,BLACK SHEEP BAR & GRILL - DOG PATIO|9000 S 1520 W|WEST JORDAN,2/5/2026,1,0.0
443,BLACK SHEEP BAR AND GRILL FOOTHILL DOG PATIO|1400 S FOOTHILL DR|SALT LAKE CITY,3/30/2026,1,0.0
444,BLACKSMITH ICE CREAM CO|1295 E MILLER AVE|SALT LAKE CITY,11/18/2025,1,2.0
445,BLACKSMITH ICE CREAM CO|1295 E MILLER AVE|SALT LAKE CITY,7/12/2024,1,14.0
446,BLAZE PIZZA|1863 W 5400 S|TAYLORSVILLE,10/22/2025,1,6.0
447,BLAZE PIZZA|1863 W 5400 S|TAYLORSVILLE,12/5/2024,1,8.0
448,BLAZE PIZZA|1863 W 5400 S|TAYLORSVILLE,6/18/2024,1,31.0
449,BLAZE PIZZA|1863 W 5400 S|TAYLORSVILLE,11/20/2023,1,12.0
450,BLAZE PIZZA|1863 W 5400 S|TAYLORSVILLE,1/31/2023,1,14.0
451,BLAZE PIZZA|1863 W 5400 S|TAYLORSVILLE,6/6/2022,1,21.0
452,BLAZE PIZZA|1863 W 5400 S|TAYLORSVILLE,8/25/2021,1,7.0
453,BLAZE PIZZA|1863 W 5400 S|TAYLORSVILLE,2/26/2020,1,5.0
454,BLAZE PIZZA|1863 W 5400 S|TAYLORSVILLE,9/9/2019,1,4.0
455,BLAZE PIZZA|1863 W 5400 S|TAYLORSVILLE,3/4/2019,1,9.0
456,BLENDED TABLE|282 W LUCY AVE|SALT LAKE CITY,2/11/2026,1,7.0
457,BLENDED TABLE|282 W LUCY AVE|SALT LAKE CITY,3/18/2025,1,6.0
458,BLENDED TABLE|282 W LUCY AVE|SALT LAKE CITY,11/6/2024,1,6.0
459,BLENDED TABLE|282 W LUCY AVE|SALT LAKE CITY,5/29/2024,1,17.0
460,BOBA GURU|2927 S 5600 W|WEST VALLEY CITY,6/23/2025,1,5.0
461,BOBA GURU|2927 S 5600 W|WEST VALLEY CITY,4/1/2024,1,16.0
462,BOBA GURU|2927 S 5600 W|WEST VALLEY CITY,9/26/2022,1,21.0
463,BOBA GURU|2927 S 5600 W|WEST VALLEY CITY,7/20/2021,1,23.0
464,BOBBYS BURGERS BY BOBBY FLAY|1895 E RODEO DR|HOLLADAY,6/1/2026,1,8.0
465,BOCADOS VENEZUELEAN FOOD|5089 W HERRIMAN BLVD|HERRIMAN,4/6/2026,1,3.0
466,BOLT CUTTER/MONKEY WRENCH|57 E GALLIVAN AVE|SALT LAKE CITY,2/12/2026,1,7.0
467,BOLT CUTTER/MONKEY WRENCH|57 E GALLIVAN AVE|SALT LAKE CITY,11/21/2024,1,2.0
468,BOLT CUTTER/MONKEY WRENCH|57 E GALLIVAN AVE|SALT LAKE CITY,2/6/2024,1,1.0
469,BOLT CUTTER/MONKEY WRENCH|57 E GALLIVAN AVE|SALT LAKE CITY,2/7/2023,1,8.0
470,BOLT CUTTER/MONKEY WRENCH|57 E GALLIVAN AVE|SALT LAKE CITY,4/21/2022,1,16.0
471,BOLT CUTTER/MONKEY WRENCH|57 E GALLIVAN AVE|SALT LAKE CITY,5/3/2021,1,13.0
472,BOLT CUTTER/MONKEY WRENCH|57 E GALLIVAN AVE|SALT LAKE CITY,1/28/2020,1,29.0
473,BOLT CUTTER/MONKEY WRENCH|57 E GALLIVAN AVE|SALT LAKE CITY,1/25/2019,1,27.0
474,BOLT CUTTER/MONKEY WRENCH|57 E GALLIVAN AVE|SALT LAKE CITY,1/17/2018,1,33.0
475,BOLT CUTTER/MONKEY WRENCH|57 E GALLIVAN AVE|SALT LAKE CITY,9/7/2017,7,6.0
476,BON APPETIT @ RECURSION PHARMA|41 S RIO GRANDE ST|SALT LAKE CITY,7/28/2025,1,1.0
477,BON APPETIT @ RECURSION PHARMA|41 S RIO GRANDE ST|SALT LAKE CITY,3/6/2024,1,12.0
478,BON APPETIT @ RECURSION PHARMA|41 S RIO GRANDE ST|SALT LAKE CITY,1/6/2023,1,12.0
479,BON APPETIT @ RECURSION PHARMA|41 S RIO GRANDE ST|SALT LAKE CITY,1/6/2022,1,12.0
480,BON APPETIT @ RECURSION PHARMA|41 S RIO GRANDE ST|SALT LAKE CITY,11/25/2019,1,6.0
481,BON APPETIT @ RECURSION PHARMA|41 S RIO GRANDE ST|SALT LAKE CITY,5/1/2019,1,3.0
482,BON APPETIT @ RECURSION PHARMA|41 S RIO GRANDE ST|SALT LAKE CITY,11/29/2018,1,8.0
483,BON APPETIT @ RECURSION PHARMA|41 S RIO GRANDE ST|SALT LAKE CITY,9/28/2018,1,19.0
484,BON APPETIT @ WGU|4001 S 700 E|MILLCREEK,6/22/2026,1,11.0
485,BON APPETIT @ WGU|4001 S 700 E|MILLCREEK,2/12/2026,1,20.0
486,BON APPETIT @ WGU|4001 S 700 E|MILLCREEK,10/27/2025,1,13.0
487,BON APPETIT @ WGU|4001 S 700 E|MILLCREEK,5/15/2025,1,24.0
488,BON APPETIT @ WGU|4001 S 700 E|MILLCREEK,8/13/2024,1,15.0
489,BON APPETIT @ WGU|4001 S 700 E|MILLCREEK,2/21/2024,1,24.0
490,BON APPETIT @ WGU|4001 S 700 E|MILLCREEK,6/1/2023,1,17.0
491,BON APPETIT @ WGU|4001 S 700 E|MILLCREEK,4/11/2022,1,13.0
492,BONGO LOUNGE|2965 S HIGHLAND DR|SALT LAKE CITY,10/16/2025,1,1.0
493,BONGO LOUNGE|2965 S HIGHLAND DR|SALT LAKE CITY,5/8/2024,1,1.0
494,BONGO LOUNGE|2965 S HIGHLAND DR|SALT LAKE CITY,5/13/2022,1,4.0
495,BONGO LOUNGE|2965 S HIGHLAND DR|SALT LAKE CITY,10/10/2019,1,7.0
496,BONGO LOUNGE|2965 S HIGHLAND DR|SALT LAKE CITY,6/13/2018,1,12.0
497,BONGO LOUNGE|2965 S HIGHLAND DR|SALT LAKE CITY,10/21/2016,1,14.0
498,BONGO LOUNGE|2965 S HIGHLAND DR|SALT LAKE CITY,2/13/2015,1,2.0
499,BONGO LOUNGE|2965 S HIGHLAND DR|SALT LAKE CITY,3/20/2014,1,11.0
500,BONGO LOUNGE|2965 S HIGHLAND DR|SALT LAKE CITY,9/28/2011,1,7.0
501,BONGO LOUNGE|2965 S HIGHLAND DR|SALT LAKE CITY,1/9/2009,1,4.0
502,BRADFORD AIRPORT LOGISTICS|3619 W 510 N|SALT LAKE CITY,12/17/2025,1,0.0
503,BRADFORD AIRPORT LOGISTICS|3619 W 510 N|SALT LAKE CITY,7/31/2024,1,1.0
504,BRADFORD AIRPORT LOGISTICS|3619 W 510 N|SALT LAKE CITY,5/24/2023,1,1.0
505,BRADFORD AIRPORT LOGISTICS|3619 W 510 N|SALT LAKE CITY,11/1/2021,1,0.0
506,BRICKYARD BAR DOG PATIO|3000 S HIGHLAND DR|MILLCREEK,10/16/2025,1,0.0
507,BRICKYARD BAR DOG PATIO|3000 S HIGHLAND DR|MILLCREEK,6/14/2024,1,0.0
508,BRICKYARD BAR DOG PATIO|3000 S HIGHLAND DR|MILLCREEK,8/8/2023,1,1.0
509,BRICKYARD BAR DOG PATIO|3000 S HIGHLAND DR|MILLCREEK,8/2/2022,1,0.0
510,BRICKYARD BAR DOG PATIO|3000 S HIGHLAND DR|MILLCREEK,10/6/2021,1,0.0
511,BRICKYARD COFFEE|3000 S HIGHLAND DR|MILLCREEK,10/16/2025,1,0.0
512,BRIGHTON MOLLY GREEN|12601 E BIG COTTONWOODCYN RD|COTTONWOOD HEIGHTS,4/13/2026,1,2.0
513,BRIGHTON MOLLY GREEN|12601 E BIG COTTONWOODCYN RD|COTTONWOOD HEIGHTS,2/12/2025,1,33.0
514,BRIGHTON MOLLY GREEN|12601 E BIG COTTONWOODCYN RD|COTTONWOOD HEIGHTS,4/3/2024,1,46.0
515,BRIGHTON MOLLY GREEN|12601 E BIG COTTONWOODCYN RD|COTTONWOOD HEIGHTS,2/9/2023,1,24.0
516,BRIGHTON MOLLY GREEN|12601 E BIG COTTONWOODCYN RD|COTTONWOOD HEIGHTS,3/1/2022,1,18.0
517,BRIGHTON MOLLY GREEN|12601 E BIG COTTONWOODCYN RD|COTTONWOOD HEIGHTS,2/22/2022,1,43.0
518,BRIGHTON MOLLY GREEN|12601 E BIG COTTONWOODCYN RD|COTTONWOOD HEIGHTS,3/23/2021,1,26.0
519,BRIGHTON MOLLY GREEN|12601 E BIG COTTONWOODCYN RD|COTTONWOOD HEIGHTS,2/24/2020,2,11.0
520,BRIGHTON MOLLY GREEN|12601 E BIG COTTONWOODCYN RD|COTTONWOOD HEIGHTS,2/20/2020,1,53.0
521,BRIGHTON MOLLY GREEN|12601 E BIG COTTONWOODCYN RD|COTTONWOOD HEIGHTS,2/20/2020,1,55.0
522,BROOKERS FOUNDING FLAVORS ICE CREAM|191 E 12300 S|DRAPER,3/17/2026,1,4.0
523,BROWN BAG BREAKFAST CO|2728 W 5400 S|TAYLORSVILLE,12/4/2025,1,7.0
524,BRUGES WAFFLES & FRITES|3920 W TERMINAL DR|SALT LAKE CITY,11/21/2025,1,0.0
525,BRUGES WAFFLES & FRITES|3920 W TERMINAL DR|SALT LAKE CITY,2/20/2025,1,4.0
526,BRUGES WAFFLES & FRITES|3920 W TERMINAL DR|SALT LAKE CITY,7/31/2024,1,9.0
527,BRUGES WAFFLES & FRITES|3920 W TERMINAL DR|SALT LAKE CITY,12/21/2023,1,21.0
528,BRUGES WAFFLES & FRITES|3920 W TERMINAL DR|SALT LAKE CITY,5/16/2023,1,8.0
529,BRUGES WAFFLES & FRITES|3920 W TERMINAL DR|SALT LAKE CITY,10/28/2022,1,14.0
530,BUBBAKOOS BURRITOS|10384 S REDWOOD RD|SOUTH JORDAN,2/23/2026,1,12.0
531,BURATTINO PIZZA|1172 E BRICKYARD RD|SALT LAKE CITY,6/3/2026,1,10.0
532,BURGER KING|10396 S RIVER HEIGHT DR|SOUTH JORDAN,2/23/2026,1,3.0
533,BURGER KING|10396 S RIVER HEIGHT DR|SOUTH JORDAN,7/1/2025,1,8.0
534,BURGER KING|10396 S RIVER HEIGHT DR|SOUTH JORDAN,12/9/2024,1,9.0
535,BURGER KING|10396 S RIVER HEIGHT DR|SOUTH JORDAN,5/22/2024,1,22.0
536,BURGER KING|10396 S RIVER HEIGHT DR|SOUTH JORDAN,11/27/2023,1,14.0
537,BURGER KING|10396 S RIVER HEIGHT DR|SOUTH JORDAN,3/20/2023,1,20.0
538,BURGER KING|10396 S RIVER HEIGHT DR|SOUTH JORDAN,8/10/2022,1,15.0
539,BURGER KING|10396 S RIVER HEIGHT DR|SOUTH JORDAN,2/9/2022,1,15.0
540,BURGER KING|10396 S RIVER HEIGHT DR|SOUTH JORDAN,6/16/2021,1,21.0
541,BURGER KING|10396 S RIVER HEIGHT DR|SOUTH JORDAN,10/19/2020,1,17.0
542,BURGER KING|1856 W 12600 S|RIVERTON,7/7/2026,1,8.0
543,BURGER KING|1856 W 12600 S|RIVERTON,5/2/2025,1,9.0
544,BURGER KING|3920 W TERMINAL DR|SALT LAKE CITY,11/21/2025,1,8.0
545,BURGER KING|3920 W TERMINAL DR|SALT LAKE CITY,2/20/2025,1,9.0
546,BURGER KING|3920 W TERMINAL DR|SALT LAKE CITY,7/31/2024,1,2.0
547,BURGER KING|3920 W TERMINAL DR|SALT LAKE CITY,12/14/2023,1,1.0
548,BURGER KING|375 N TERMINAL DR|SALT LAKE CITY,2/6/2026,1,3.0
549,BURGER KING|375 N TERMINAL DR|SALT LAKE CITY,8/8/2025,1,3.0
550,BURGER KING|375 N TERMINAL DR|SALT LAKE CITY,1/21/2025,1,2.0
551,BURGER KING|375 N TERMINAL DR|SALT LAKE CITY,6/27/2024,1,2.0
552,BURGER KING|375 N TERMINAL DR|SALT LAKE CITY,11/1/2023,1,2.0
553,BURGER KING|375 N TERMINAL DR|SALT LAKE CITY,3/24/2023,1,1.0
554,BURGER KING|375 N TERMINAL DR|SALT LAKE CITY,9/27/2022,1,1.0
555,BURGER KING|375 N TERMINAL DR|SALT LAKE CITY,2/1/2021,1,0.0
556,BURGER KING|375 N TERMINAL DR|SALT LAKE CITY,11/25/2019,1,23.0
557,BURGER KING|375 N TERMINAL DR|SALT LAKE CITY,2/20/2019,1,4.0
558,BURGER KING #25282|8443 W MAGNA MAIN ST|MAGNA,6/4/2026,1,4.0
559,BURGER KING #25282|8443 W MAGNA MAIN ST|MAGNA,10/22/2025,1,11.0
560,BURGER KING #25282|8443 W MAGNA MAIN ST|MAGNA,1/7/2025,1,13.0
561,BURGER KING #25282|8443 W MAGNA MAIN ST|MAGNA,3/19/2024,1,1.0
562,BURGER KING 31574|1660 W NORTH TEMPLE ST|SALT LAKE CITY,3/19/2025,1,0.0
563,BURGER KING 31574|1660 W NORTH TEMPLE ST|SALT LAKE CITY,7/10/2024,1,7.0
564,BURGER KING 31574|1660 W NORTH TEMPLE ST|SALT LAKE CITY,1/10/2024,1,1.0
565,BURGER KING NO 10522|5610 W 3500 S|WEST VALLEY CITY,3/23/2026,1,5.0
566,BURGER KING NO 10522|5610 W 3500 S|WEST VALLEY CITY,8/25/2025,1,10.0
567,BURGER KING NO 10522|5610 W 3500 S|WEST VALLEY CITY,11/19/2024,1,23.0
568,BURGER KING NO 10522|5610 W 3500 S|WEST VALLEY CITY,2/23/2024,1,15.0
569,BURGER KING NO 10522|5610 W 3500 S|WEST VALLEY CITY,8/17/2022,1,11.0
570,BURGER KING NO 10522|5610 W 3500 S|WEST VALLEY CITY,12/9/2021,1,15.0
571,BURGER KING NO 10522|5610 W 3500 S|WEST VALLEY CITY,2/25/2021,1,13.0
572,BURGER KING NO 10522|5610 W 3500 S|WEST VALLEY CITY,12/3/2019,1,11.0
573,BURGER KING NO 10522|5610 W 3500 S|WEST VALLEY CITY,2/15/2019,1,27.0
574,BURGER KING NO 10522|5610 W 3500 S|WEST VALLEY CITY,8/30/2018,1,11.0
575,BURGER KING NO 4879|235 E 3300 S|SOUTH SALT LAKE,4/20/2026,1,7.0
576,BURGER KING NO 4879|235 E 3300 S|SOUTH SALT LAKE,11/19/2025,1,11.0
577,BURGER KING NO 4879|235 E 3300 S|SOUTH SALT LAKE,2/12/2025,1,3.0
578,BURGER KING NO 4879|235 E 3300 S|SOUTH SALT LAKE,7/3/2024,2,0.0
579,BURGER KING NO 4879|235 E 3300 S|SOUTH SALT LAKE,7/2/2024,1,118.0
580,BURGER KING NO 4879|235 E 3300 S|SOUTH SALT LAKE,9/18/2023,1,2.0
581,BURGER KING NO 4879|235 E 3300 S|SOUTH SALT LAKE,6/7/2022,1,24.0
582,BURGER KING NO 4879|235 E 3300 S|SOUTH SALT LAKE,3/16/2021,1,12.0
583,BURGER KING NO 4879|235 E 3300 S|SOUTH SALT LAKE,1/24/2020,1,16.0
584,BURGER KING NO 4879|235 E 3300 S|SOUTH SALT LAKE,7/22/2019,1,27.0
585,BURGER KING NO 5242|3470 S REDWOOD RD|WEST VALLEY CITY,1/15/2026,1,3.0
586,BURGER KING NO 5242|3470 S REDWOOD RD|WEST VALLEY CITY,6/5/2025,1,14.0
587,BURGER KING NO 5242|3470 S REDWOOD RD|WEST VALLEY CITY,11/4/2024,1,13.0
588,BURGER KING NO 5242|3470 S REDWOOD RD|WEST VALLEY CITY,3/25/2024,1,10.0
589,BURGER KING NO 5242|3470 S REDWOOD RD|WEST VALLEY CITY,8/23/2023,2,0.0
590,BURGER KING NO 5242|3470 S REDWOOD RD|WEST VALLEY CITY,8/22/2023,1,127.0
591,BURGER KING NO 5242|3470 S REDWOOD RD|WEST VALLEY CITY,1/20/2023,1,7.0
592,BURGER KING NO 5242|3470 S REDWOOD RD|WEST VALLEY CITY,4/4/2022,1,17.0
593,BURGER KING NO 5242|3470 S REDWOOD RD|WEST VALLEY CITY,7/14/2021,1,10.0
594,BURGER KING NO 5242|3470 S REDWOOD RD|WEST VALLEY CITY,4/12/2021,1,3.0
595,BY CHEF LEIDY|3678 W 2100 S|SALT LAKE CITY,6/9/2026,1,7.0
596,CAFE RIO|1664 W TOWNE CENTER DR|SOUTH JORDAN,4/24/2026,1,14.0
597,CAFE RIO|1664 W TOWNE CENTER DR|SOUTH JORDAN,11/3/2025,1,10.0
598,CAFE RIO|1664 W TOWNE CENTER DR|SOUTH JORDAN,4/14/2025,1,17.0
599,CAFE RIO|1664 W TOWNE CENTER DR|SOUTH JORDAN,12/3/2024,1,28.0
600,CAFE RIO|1664 W TOWNE CENTER DR|SOUTH JORDAN,8/13/2024,2,9.0
601,CAFE RIO|1664 W TOWNE CENTER DR|SOUTH JORDAN,8/1/2024,2,19.0
602,CAFE RIO|1664 W TOWNE CENTER DR|SOUTH JORDAN,7/17/2024,1,39.0
603,CAFE RIO|1664 W TOWNE CENTER DR|SOUTH JORDAN,4/24/2024,7,9.0
604,CAFE RIO|1664 W TOWNE CENTER DR|SOUTH JORDAN,3/6/2024,1,21.0
605,CAFE RIO|1664 W TOWNE CENTER DR|SOUTH JORDAN,10/24/2023,1,20.0
606,CAFE RIO|1710 S REDWOOD RD|SALT LAKE CITY,1/13/2026,1,11.0
607,CAFE RIO|1710 S REDWOOD RD|SALT LAKE CITY,4/21/2025,1,20.0
608,CAFE RIO|1710 S REDWOOD RD|SALT LAKE CITY,12/2/2024,1,12.0
609,CAFE RIO|1710 S REDWOOD RD|SALT LAKE CITY,8/19/2024,1,28.0
610,CAFE RIO|1710 S REDWOOD RD|SALT LAKE CITY,4/29/2024,1,26.0
611,CAFE RIO|1710 S REDWOOD RD|SALT LAKE CITY,1/8/2024,1,10.0
612,CAFE RIO|5567 W HIGH MARKET DR|WEST VALLEY CITY,6/25/2026,1,14.0
613,CAFE RIO|5567 W HIGH MARKET DR|WEST VALLEY CITY,1/14/2026,1,18.0
614,CAFE RIO|5567 W HIGH MARKET DR|WEST VALLEY CITY,6/23/2025,1,13.0
615,CAFE RIO|5567 W HIGH MARKET DR|WEST VALLEY CITY,10/21/2024,1,9.0
616,CAFE RIO|5567 W HIGH MARKET DR|WEST VALLEY CITY,2/6/2024,1,14.0
617,CAFE RIO|5567 W HIGH MARKET DR|WEST VALLEY CITY,9/21/2022,1,72.0
618,CAFE RIO|5567 W HIGH MARKET DR|WEST VALLEY CITY,1/28/2022,2,6.0
619,CAFE RIO|5567 W HIGH MARKET DR|WEST VALLEY CITY,1/21/2022,1,48.0
620,CAFE RIO|5567 W HIGH MARKET DR|WEST VALLEY CITY,3/9/2021,1,23.0
621,CAFE RIO|5567 W HIGH MARKET DR|WEST VALLEY CITY,2/4/2020,1,27.0
622,CAFE RIO MEXICAN GRILL|12362 S MINUTEMAN DR|DRAPER,6/3/2026,1,13.0
623,CAFE RIO MEXICAN GRILL|12362 S MINUTEMAN DR|DRAPER,7/10/2025,1,40.0
624,CAFE RIO MEXICAN GRILL|12362 S MINUTEMAN DR|DRAPER,1/14/2025,1,13.0
625,CAFE RIO MEXICAN GRILL|12362 S MINUTEMAN DR|DRAPER,7/29/2024,1,6.0
626,CAFE RIO MEXICAN GRILL|12362 S MINUTEMAN DR|DRAPER,11/13/2023,7,0.0
627,CAFE RIO MEXICAN GRILL|12362 S MINUTEMAN DR|DRAPER,11/2/2023,1,16.0
628,CAFE RIO MEXICAN GRILL|12362 S MINUTEMAN DR|DRAPER,4/14/2023,1,13.0
629,CAFE RIO MEXICAN GRILL|12362 S MINUTEMAN DR|DRAPER,11/29/2022,1,2.0
630,CAFE RIO MEXICAN GRILL|12362 S MINUTEMAN DR|DRAPER,7/19/2022,1,10.0
631,CAFE RIO MEXICAN GRILL|12362 S MINUTEMAN DR|DRAPER,3/9/2022,1,44.0
632,CAFE ZUPAS|613 E 400 S|SALT LAKE CITY,6/2/2026,1,10.0
633,CAFE ZUPAS|613 E 400 S|SALT LAKE CITY,8/28/2025,1,27.0
634,CAFE ZUPAS|613 E 400 S|SALT LAKE CITY,2/18/2025,1,16.0
635,CAFE ZUPAS|613 E 400 S|SALT LAKE CITY,1/10/2024,1,5.0
636,CAFE ZUPAS|613 E 400 S|SALT LAKE CITY,6/15/2023,1,18.0
637,CAFE ZUPAS|613 E 400 S|SALT LAKE CITY,10/31/2022,1,39.0
638,CAFE ZUPAS|613 E 400 S|SALT LAKE CITY,12/14/2021,1,17.0
639,CAFE ZUPAS|613 E 400 S|SALT LAKE CITY,5/25/2021,1,17.0
640,CAFE ZUPAS|613 E 400 S|SALT LAKE CITY,2/6/2020,1,24.0
641,CAFE ZUPAS|613 E 400 S|SALT LAKE CITY,5/8/2019,1,13.0
642,CAFE ZUPAS|3599 S 2700 W|WEST VALLEY CITY,4/29/2026,1,12.0
643,CAFE ZUPAS|3599 S 2700 W|WEST VALLEY CITY,12/4/2025,7,9.0
644,CAFE ZUPAS|3599 S 2700 W|WEST VALLEY CITY,10/27/2025,1,24.0
645,CAFE ZUPAS|3599 S 2700 W|WEST VALLEY CITY,11/26/2024,7,3.0
646,CAFE ZUPAS|3599 S 2700 W|WEST VALLEY CITY,11/15/2024,1,35.0
647,CAFE ZUPAS|3599 S 2700 W|WEST VALLEY CITY,6/14/2024,1,28.0
648,CAFE ZUPAS|3599 S 2700 W|WEST VALLEY CITY,12/19/2023,1,20.0
649,CAFE ZUPAS|3599 S 2700 W|WEST VALLEY CITY,1/31/2023,1,42.0
650,CAFE ZUPAS|3599 S 2700 W|WEST VALLEY CITY,6/27/2022,1,47.0
651,CAFE ZUPAS|3599 S 2700 W|WEST VALLEY CITY,10/29/2021,1,53.0
652,CAFE ZUPAS|2927 S 5600 W|WEST VALLEY CITY,6/25/2026,1,11.0
653,CAFE ZUPAS|2927 S 5600 W|WEST VALLEY CITY,1/14/2026,1,17.0
654,CAFE ZUPAS|2927 S 5600 W|WEST VALLEY CITY,5/7/2025,1,15.0
655,CAFE ZUPAS|2927 S 5600 W|WEST VALLEY CITY,10/24/2024,1,20.0
656,CAFE ZUPAS|2927 S 5600 W|WEST VALLEY CITY,4/1/2024,1,32.0
657,CAFE ZUPAS|2927 S 5600 W|WEST VALLEY CITY,12/6/2022,1,28.0
658,CAFE ZUPAS|2927 S 5600 W|WEST VALLEY CITY,2/7/2022,1,40.0
659,CAFE ZUPAS|2927 S 5600 W|WEST VALLEY CITY,3/12/2021,1,7.0
660,CAFE ZUPAS|2927 S 5600 W|WEST VALLEY CITY,2/19/2020,1,26.0
661,CAFE ZUPAS|2927 S 5600 W|WEST VALLEY CITY,8/15/2019,1,17.0
662,CAFFE MOLISE BTG WINE BAR|404 S WEST TEMPLE ST|SALT LAKE CITY,4/15/2026,1,7.0
663,CAFFE MOLISE BTG WINE BAR|404 S WEST TEMPLE ST|SALT LAKE CITY,5/21/2025,1,3.0
664,CAFFE MOLISE BTG WINE BAR|404 S WEST TEMPLE ST|SALT LAKE CITY,3/1/2023,1,6.0
665,CAFFE MOLISE BTG WINE BAR|404 S WEST TEMPLE ST|SALT LAKE CITY,6/23/2022,1,4.0
666,CAFFE MOLISE BTG WINE BAR|404 S WEST TEMPLE ST|SALT LAKE CITY,6/29/2021,1,10.0
667,CAFFE MOLISE BTG WINE BAR|404 S WEST TEMPLE ST|SALT LAKE CITY,1/2/2020,1,4.0
668,CAFFE MOLISE BTG WINE BAR|404 S WEST TEMPLE ST|SALT LAKE CITY,7/8/2019,1,6.0
669,CALEYS CATERING|380 W 12300 S|DRAPER,5/18/2026,1,7.0
670,CALEYS CATERING|380 W 12300 S|DRAPER,8/14/2024,1,9.0
671,CALEYS CATERING|380 W 12300 S|DRAPER,8/29/2022,1,1.0
672,CALEYS CATERING|380 W 12300 S|DRAPER,11/10/2021,1,2.0
673,CALIFORNIA PIZZA KITCHEN|3920 W TERMINAL DR|SALT LAKE CITY,2/13/2026,1,6.0
674,CALIFORNIA PIZZA KITCHEN|3920 W TERMINAL DR|SALT LAKE CITY,7/11/2025,1,4.0
675,CALIFORNIA PIZZA KITCHEN|3920 W TERMINAL DR|SALT LAKE CITY,12/10/2024,1,1.0
676,CALIFORNIA PIZZA KITCHEN|3920 W TERMINAL DR|SALT LAKE CITY,6/27/2024,1,8.0
677,CALIFORNIA PIZZA KITCHEN|3920 W TERMINAL DR|SALT LAKE CITY,1/4/2024,1,7.0
678,CALIFORNIA PIZZA KITCHEN|3920 W TERMINAL DR|SALT LAKE CITY,7/21/2023,1,6.0
679,CALIFORNIA PIZZA KITCHEN|3920 W TERMINAL DR|SALT LAKE CITY,1/20/2023,1,5.0
680,CALIFORNIA PIZZA KITCHEN|3920 W TERMINAL DR|SALT LAKE CITY,11/1/2021,1,9.0
681,CAMILLES KITCHEN|2163 S RICHARDS ST|SOUTH SALT LAKE,10/8/2025,1,0.0
682,CAMP KOSTOPULOS|2500 E EMIGRATION CANYON RD|SALT LAKE CITY,6/11/2026,1,8.0
683,CAMP KOSTOPULOS|2500 E EMIGRATION CANYON RD|SALT LAKE CITY,6/3/2025,1,7.0
684,CAMP KOSTOPULOS|2500 E EMIGRATION CANYON RD|SALT LAKE CITY,6/14/2022,1,13.0
685,CAMP KOSTOPULOS|2500 E EMIGRATION CANYON RD|SALT LAKE CITY,8/7/2019,1,0.0
686,CAMP KOSTOPULOS|2500 E EMIGRATION CANYON RD|SALT LAKE CITY,8/2/2018,1,9.0
687,CAMP KOSTOPULOS|2500 E EMIGRATION CANYON RD|SALT LAKE CITY,6/19/2017,1,15.0
688,CAMP KOSTOPULOS|2500 E EMIGRATION CANYON RD|SALT LAKE CITY,7/28/2016,1,18.0
689,CAMP KOSTOPULOS|2500 E EMIGRATION CANYON RD|SALT LAKE CITY,7/14/2015,1,19.0
690,CAMP KOSTOPULOS|2500 E EMIGRATION CANYON RD|SALT LAKE CITY,7/31/2013,1,3.0
691,CAMP KOSTOPULOS|2500 E EMIGRATION CANYON RD|SALT LAKE CITY,6/1/2011,1,9.0
692,CAMP TUTTLE|12375 E CAMP TUTTLE RD|COTTONWOOD HEIGHTS,9/22/2025,1,9.0
693,CAMP TUTTLE|12375 E CAMP TUTTLE RD|COTTONWOOD HEIGHTS,7/18/2024,1,8.0
694,CAMP TUTTLE|12375 E CAMP TUTTLE RD|COTTONWOOD HEIGHTS,8/13/2021,1,20.0
695,CAMP TUTTLE|12375 E CAMP TUTTLE RD|COTTONWOOD HEIGHTS,6/12/2019,1,12.0
696,CAMP TUTTLE|12375 E CAMP TUTTLE RD|COTTONWOOD HEIGHTS,7/17/2018,1,7.0
697,CAMP TUTTLE|12375 E CAMP TUTTLE RD|COTTONWOOD HEIGHTS,7/18/2017,1,14.0
698,CAMP TUTTLE|12375 E CAMP TUTTLE RD|COTTONWOOD HEIGHTS,8/3/2016,1,9.0
699,CAMP TUTTLE|12375 E CAMP TUTTLE RD|COTTONWOOD HEIGHTS,7/14/2015,1,8.0
700,CAMP TUTTLE|12375 E CAMP TUTTLE RD|COTTONWOOD HEIGHTS,6/30/2014,1,17.0
701,CAMP TUTTLE|12375 E CAMP TUTTLE RD|COTTONWOOD HEIGHTS,7/23/2013,1,11.0
702,CANYON CAFE @ THE NATURAL HISTORY MUSEUM OF UTAH|301 S WAKARA WY|SALT LAKE CITY,12/30/2025,1,8.0
703,CANYON CAFE @ THE NATURAL HISTORY MUSEUM OF UTAH|301 S WAKARA WY|SALT LAKE CITY,10/8/2024,1,20.0
704,CANYONS DISTRICT ADMINISTRATION BUILDING|9361 S 300 E|SANDY,4/24/2026,1,4.0
705,CANYONS DISTRICT ADMINISTRATION BUILDING|9361 S 300 E|SANDY,12/12/2025,1,27.0
706,CANYONS DISTRICT ADMINISTRATION BUILDING|9361 S 300 E|SANDY,8/22/2025,1,16.0
707,CANYONS DISTRICT ADMINISTRATION BUILDING|9361 S 300 E|SANDY,4/3/2025,1,2.0
708,CANYONS DISTRICT ADMINISTRATION BUILDING|9361 S 300 E|SANDY,12/2/2024,1,1.0
709,CANYONS DISTRICT ADMINISTRATION BUILDING|9361 S 300 E|SANDY,8/2/2024,1,2.0
710,CANYONS DISTRICT ADMINISTRATION BUILDING|9361 S 300 E|SANDY,2/16/2024,1,3.0
711,CANYONS DISTRICT ADMINISTRATION BUILDING|9361 S 300 E|SANDY,7/31/2023,1,33.0
712,CANYONS DISTRICT ADMINISTRATION BUILDING|9361 S 300 E|SANDY,7/21/2022,1,6.0
713,CANYONS DISTRICT ADMINISTRATION BUILDING|9361 S 300 E|SANDY,5/12/2021,1,6.0
714,CANYONS EDGE PUB - DOG PATIO|6522 S BIG COTTONWOOD RD|HOLLADAY,7/14/2025,1,0.0
715,CARLS JR #207|10475 S STATE ST|SANDY,3/24/2026,1,12.0
716,CARLS JR #207|10475 S STATE ST|SANDY,9/15/2025,1,39.0
717,CARLS JR #207|10475 S STATE ST|SANDY,2/7/2025,1,4.0
718,CARLS JR #207|10475 S STATE ST|SANDY,8/2/2024,1,4.0
719,CARLS JR #207|10475 S STATE ST|SANDY,10/19/2023,1,6.0
720,CARLS JR #207|10475 S STATE ST|SANDY,8/16/2022,1,10.0
721,CARLS JR #207|10475 S STATE ST|SANDY,1/13/2022,1,10.0
722,CARLS JR #207|10475 S STATE ST|SANDY,5/4/2021,2,1.0
723,CARLS JR #208|7033 S PLAZA CENTER DR|WEST JORDAN,3/12/2026,1,10.0
724,CARLS JR #208|7033 S PLAZA CENTER DR|WEST JORDAN,8/28/2025,1,13.0
725,CARLS JR #208|7033 S PLAZA CENTER DR|WEST JORDAN,12/11/2024,1,9.0
726,CARLS JR #208|7033 S PLAZA CENTER DR|WEST JORDAN,5/8/2024,1,2.0
727,CARLS JR #208|7033 S PLAZA CENTER DR|WEST JORDAN,10/9/2023,1,3.0
728,CARLS JR #208|7033 S PLAZA CENTER DR|WEST JORDAN,1/6/2023,1,29.0
729,CARLS JR #208|7033 S PLAZA CENTER DR|WEST JORDAN,6/24/2022,1,9.0
730,CARLS JR #208|7033 S PLAZA CENTER DR|WEST JORDAN,9/20/2021,1,1.0
731,CARLS JR #21|1726 W NORTH TEMPLE|SALT LAKE CITY,11/21/2025,1,1.0
732,CARLS JR #21|1726 W NORTH TEMPLE|SALT LAKE CITY,4/21/2025,2,7.0
733,CARLS JR #21|1726 W NORTH TEMPLE|SALT LAKE CITY,4/1/2025,1,18.0
734,CARLS JR #21|1726 W NORTH TEMPLE|SALT LAKE CITY,8/21/2024,1,3.0
735,CARLS JR #21|1726 W NORTH TEMPLE|SALT LAKE CITY,2/7/2024,1,5.0
736,CARLS JR #21|1726 W NORTH TEMPLE|SALT LAKE CITY,8/8/2023,1,12.0
737,CARLS JR #21|1726 W NORTH TEMPLE|SALT LAKE CITY,8/1/2022,1,12.0
738,CARLS JR #241|3469 S REDWOOD RD|WEST VALLEY CITY,1/15/2026,1,11.0
739,CARLS JR #241|3469 S REDWOOD RD|WEST VALLEY CITY,6/5/2025,1,24.0
740,CARLS JR #241|3469 S REDWOOD RD|WEST VALLEY CITY,11/13/2024,1,6.0
741,CARLS JR #241|3469 S REDWOOD RD|WEST VALLEY CITY,4/30/2024,1,9.0
742,CARLS JR #241|3469 S REDWOOD RD|WEST VALLEY CITY,10/27/2023,1,9.0
743,CARLS JR #241|3469 S REDWOOD RD|WEST VALLEY CITY,1/23/2023,1,11.0
744,CARLS JR #241|3469 S REDWOOD RD|WEST VALLEY CITY,6/9/2022,1,2.0
745,CARLS JR #241|3469 S REDWOOD RD|WEST VALLEY CITY,9/21/2021,1,3.0
746,CARLS JR #241|3469 S REDWOOD RD|WEST VALLEY CITY,5/11/2021,2,0.0
747,CARLS JR #2729|3822 W 5400 S|TAYLORSVILLE,4/15/2026,1,11.0
748,CARLS JR #2729|3822 W 5400 S|TAYLORSVILLE,9/18/2025,1,10.0
749,CARLS JR #2729|3822 W 5400 S|TAYLORSVILLE,12/18/2024,1,2.0
750,CARLS JR #2729|3822 W 5400 S|TAYLORSVILLE,7/11/2024,1,13.0
751,CARLS JR #2729|3822 W 5400 S|TAYLORSVILLE,1/2/2024,1,3.0
752,CARLS JR #2729|3822 W 5400 S|TAYLORSVILLE,6/13/2023,1,4.0
753,CARLS JR #2729|3822 W 5400 S|TAYLORSVILLE,12/8/2022,1,4.0
754,CARLS JR #2729|3822 W 5400 S|TAYLORSVILLE,2/7/2022,1,29.0
755,CARLS JR #432|3383 S 5600 W|WEST VALLEY CITY,7/6/2026,1,11.0
756,CARLS JR #432|3383 S 5600 W|WEST VALLEY CITY,11/19/2025,1,10.0
757,CARLS JR #432|3383 S 5600 W|WEST VALLEY CITY,2/21/2025,1,19.0
758,CARLS JR #432|3383 S 5600 W|WEST VALLEY CITY,2/20/2024,1,12.0
759,CARLS JR #432|3383 S 5600 W|WEST VALLEY CITY,8/12/2022,1,38.0
760,CARLS JR #432|3383 S 5600 W|WEST VALLEY CITY,12/8/2021,1,6.0
761,CARLS JR #432|3383 S 5600 W|WEST VALLEY CITY,8/18/2021,2,1.0
762,CARLS JR #432|3383 S 5600 W|WEST VALLEY CITY,6/30/2021,2,4.0
763,CARLS JR #461|6959 S 1300 E|COTTONWOOD HEIGHTS,4/8/2026,1,3.0
764,CARLS JR #461|6959 S 1300 E|COTTONWOOD HEIGHTS,9/26/2025,1,11.0
765,CARLS JR #461|6959 S 1300 E|COTTONWOOD HEIGHTS,1/8/2025,1,14.0
766,CARLS JR #461|6959 S 1300 E|COTTONWOOD HEIGHTS,2/28/2024,1,6.0
767,CARLS JR #461|6959 S 1300 E|COTTONWOOD HEIGHTS,8/10/2023,1,11.0
768,CARLS JR #461|6959 S 1300 E|COTTONWOOD HEIGHTS,5/25/2022,1,13.0
769,CARLS JR #461|6959 S 1300 E|COTTONWOOD HEIGHTS,7/14/2021,1,1.0
770,CARLS JR #552|8011 W 3500 S|MAGNA,1/6/2026,1,12.0
771,CARLS JR #552|8011 W 3500 S|MAGNA,3/24/2025,1,17.0
772,CARLS JR #552|8011 W 3500 S|MAGNA,7/15/2024,1,21.0
773,CARLS JR #552|8011 W 3500 S|MAGNA,2/12/2024,1,22.0
774,CARLS JR #552|8011 W 3500 S|MAGNA,12/2/2022,1,23.0
775,CARLS JR #552|8011 W 3500 S|MAGNA,1/18/2022,1,8.0
776,CARLS JR #552|8011 W 3500 S|MAGNA,7/1/2021,2,2.0
777,CARLS JR #93|151 E 5300 S|MURRAY,1/28/2026,1,11.0
778,CARLS JR #93|151 E 5300 S|MURRAY,7/2/2025,1,32.0
779,CARLS JR #93|151 E 5300 S|MURRAY,11/1/2024,1,5.0
780,CARLS JR #93|151 E 5300 S|MURRAY,5/8/2024,1,11.0
781,CARLS JR #93|151 E 5300 S|MURRAY,11/9/2023,1,13.0
782,CARLS JR #93|151 E 5300 S|MURRAY,5/24/2023,1,7.0
783,CARLS JR #93|151 E 5300 S|MURRAY,6/21/2022,1,2.0
784,CARLUCCIS BAKERY|314 W 300 S|SALT LAKE CITY,2/5/2026,1,9.0
785,CARLUCCIS BAKERY|314 W 300 S|SALT LAKE CITY,7/31/2024,1,18.0
786,CARLUCCIS BAKERY|314 W 300 S|SALT LAKE CITY,11/7/2023,1,16.0
787,CARLUCCIS BAKERY|314 W 300 S|SALT LAKE CITY,10/5/2022,1,31.0
788,CARLUCCIS BAKERY|314 W 300 S|SALT LAKE CITY,10/27/2021,1,22.0
789,CARLUCCIS BAKERY|314 W 300 S|SALT LAKE CITY,9/16/2020,1,12.0
790,CARLUCCIS BAKERY|314 W 300 S|SALT LAKE CITY,5/3/2019,1,12.0
791,CARLUCCIS BAKERY|314 W 300 S|SALT LAKE CITY,7/27/2018,1,38.0
792,CARLUCCIS BAKERY|314 W 300 S|SALT LAKE CITY,5/10/2017,1,19.0
793,CARLUCCIS BAKERY|314 W 300 S|SALT LAKE CITY,2/11/2016,1,21.0
794,CAFE RIO|3215 E 3300 S|MILLCREEK TS,11/10/2025,1,4.0
795,CAFE RIO|3215 E 3300 S|MILLCREEK TS,10/24/2024,1,17.0
796,CAFE RIO|3215 E 3300 S|MILLCREEK TS,10/18/2022,1,20.0
797,CAFE RIO|3215 E 3300 S|MILLCREEK TS,11/10/2021,2,6.0
798,CAFE RIO|3215 E 3300 S|MILLCREEK TS,10/26/2021,1,16.0
799,CAFE RIO|3215 E 3300 S|MILLCREEK TS,6/4/2020,2,24.0
800,CAFE RIO|3215 E 3300 S|MILLCREEK TS,6/2/2020,1,39.0
801,CAFE RIO|3215 E 3300 S|MILLCREEK TS,11/4/2019,1,27.0
802,CAFE RIO|3215 E 3300 S|MILLCREEK TS,4/30/2019,1,11.0
803,CAFE RIO|3215 E 3300 S|MILLCREEK TS,1/14/2019,1,16.0
804,CAT WOK CAFE|2600 E SUNNYSIDE AVE|SALT LAKE CITY,6/17/2026,1,12.0
805,CAT WOK CAFE|2600 E SUNNYSIDE AVE|SALT LAKE CITY,4/17/2025,1,3.0
806,CAT WOK CAFE|2600 E SUNNYSIDE AVE|SALT LAKE CITY,5/29/2024,1,11.0
807,CAT WOK CAFE|2600 E SUNNYSIDE AVE|SALT LAKE CITY,8/1/2022,1,4.0
808,CAT WOK CAFE|2600 E SUNNYSIDE AVE|SALT LAKE CITY,6/13/2019,1,6.0
809,CAT WOK CAFE|2600 E SUNNYSIDE AVE|SALT LAKE CITY,5/12/2018,1,17.0
810,CAT WOK CAFE|2600 E SUNNYSIDE AVE|SALT LAKE CITY,6/16/2017,1,12.0
811,CAT WOK CAFE|2600 E SUNNYSIDE AVE|SALT LAKE CITY,3/24/2016,1,9.0
812,CAT WOK CAFE|2600 E SUNNYSIDE AVE|SALT LAKE CITY,8/19/2015,1,21.0
813,CAT WOK CAFE|2600 E SUNNYSIDE AVE|SALT LAKE CITY,3/27/2015,1,4.0
814,CATERING BY FOOD TRUCKS|5176 W LIBERATOR DR|KEARNS,3/27/2026,1,0.0
815,CATERING BY FOOD TRUCKS # TRUCK 7|5176 W LIBERATOR DR|KEARNS,3/27/2026,1,0.0
816,CATERING KITCHEN|2600 E SUNNYSIDE AVE|SALT LAKE CITY,6/17/2026,1,9.0
817,CATERING KITCHEN|2600 E SUNNYSIDE AVE|SALT LAKE CITY,9/16/2025,1,12.0
818,CATERING KITCHEN|2600 E SUNNYSIDE AVE|SALT LAKE CITY,4/17/2025,1,12.0
819,CATERING KITCHEN|2600 E SUNNYSIDE AVE|SALT LAKE CITY,5/29/2024,1,32.0
820,CATERING KITCHEN|2600 E SUNNYSIDE AVE|SALT LAKE CITY,8/1/2022,1,25.0
821,CATERING KITCHEN|2600 E SUNNYSIDE AVE|SALT LAKE CITY,11/24/2021,1,22.0
822,CATERING KITCHEN|2600 E SUNNYSIDE AVE|SALT LAKE CITY,1/30/2020,1,14.0
823,CATERING KITCHEN|2600 E SUNNYSIDE AVE|SALT LAKE CITY,6/13/2019,1,25.0
824,CATERING KITCHEN|2600 E SUNNYSIDE AVE|SALT LAKE CITY,11/29/2018,1,21.0
825,CATERING KITCHEN|2600 E SUNNYSIDE AVE|SALT LAKE CITY,5/12/2018,1,24.0
826,CELESTE BITE #T057XU|4044 S 2700 E|HOLLADAY,4/30/2026,1,0.0
827,CELESTE BITE #T057XU|4044 S 2700 E|HOLLADAY,11/4/2025,1,0.0
828,CENTRAL PARK COMMUNITY CENTER|2797 S 200 E|SOUTH SALT LAKE,8/22/2024,1,0.0
829,CENTRAL PARK COMMUNITY CENTER|2797 S 200 E|SOUTH SALT LAKE,3/30/2022,1,8.0
830,CENTRAL PARK COMMUNITY CENTER|2797 S 200 E|SOUTH SALT LAKE,11/19/2019,1,16.0
831,CENTRAL PARK COMMUNITY CENTER|2797 S 200 E|SOUTH SALT LAKE,10/9/2018,1,12.0
832,CENTRAL PARK COMMUNITY CENTER|2797 S 200 E|SOUTH SALT LAKE,9/19/2017,1,16.0
833,CENTRAL PARK COMMUNITY CENTER|2797 S 200 E|SOUTH SALT LAKE,5/5/2016,1,10.0
834,CENTRAL PARK COMMUNITY CENTER|2797 S 200 E|SOUTH SALT LAKE,3/23/2015,1,13.0
835,CENTRAL PARK COMMUNITY CENTER|2797 S 200 E|SOUTH SALT LAKE,1/6/2014,1,0.0
836,CENTRO CIVICO MEXICANO|155 S 600 W|SALT LAKE CITY,4/6/2026,1,4.0
837,CENTRO CIVICO MEXICANO|155 S 600 W|SALT LAKE CITY,2/12/2025,1,1.0
838,CENTRO CIVICO MEXICANO|155 S 600 W|SALT LAKE CITY,3/2/2023,1,2.0
839,CENTRO CIVICO MEXICANO|155 S 600 W|SALT LAKE CITY,3/17/2022,1,3.0
840,CENTRO CIVICO MEXICANO|155 S 600 W|SALT LAKE CITY,7/17/2019,1,3.0
841,CENTRO CIVICO MEXICANO|155 S 600 W|SALT LAKE CITY,8/11/2018,1,5.0
842,CENTRO CIVICO MEXICANO|155 S 600 W|SALT LAKE CITY,6/14/2017,1,5.0
843,CENTRO CIVICO MEXICANO|155 S 600 W|SALT LAKE CITY,11/13/2014,1,2.0
844,CENTRO CIVICO MEXICANO|155 S 600 W|SALT LAKE CITY,12/14/2012,1,1.0
845,CENTURY 16 THEATERS|7670 S UNION PARK AVE|SANDY,5/13/2026,1,8.0
846,CENTURY 16 THEATERS|7670 S UNION PARK AVE|SANDY,10/7/2025,7,1.0
847,CENTURY 16 THEATERS|7670 S UNION PARK AVE|SANDY,7/9/2025,1,14.0
848,CENTURY 16 THEATERS|7670 S UNION PARK AVE|SANDY,9/18/2024,1,8.0
849,CENTURY 16 THEATERS|7670 S UNION PARK AVE|SANDY,11/1/2023,1,10.0
850,CENTURY 16 THEATERS|7670 S UNION PARK AVE|SANDY,10/25/2022,1,8.0
851,CENTURY 16 THEATERS|7670 S UNION PARK AVE|SANDY,6/15/2021,1,0.0
852,CENTURY 16 THEATERS|7670 S UNION PARK AVE|SANDY,8/13/2019,1,2.0
853,CENTURY 16 THEATERS|7670 S UNION PARK AVE|SANDY,6/6/2018,1,4.0
854,CENTURY 16 THEATERS|7670 S UNION PARK AVE|SANDY,9/19/2017,1,7.0
855,CHAIA CUCINA CATERING AND CONSULTING|2163 S RICHARDS ST|SOUTH SALT LAKE,10/6/2025,1,0.0
856,CHAIA CUCINA CATERING AND CONSULTING|2163 S RICHARDS ST|SOUTH SALT LAKE,11/29/2023,1,1.0
857,CHAIA CUCINA CATERING AND CONSULTING|2163 S RICHARDS ST|SOUTH SALT LAKE,5/11/2021,1,10.0
858,CHAIA CUCINA CATERING AND CONSULTING|2163 S RICHARDS ST|SOUTH SALT LAKE,11/1/2019,1,0.0
859,CHAIA CUCINA CATERING AND CONSULTING|2163 S RICHARDS ST|SOUTH SALT LAKE,4/15/2019,1,0.0
860,CHALLENGER SCHOOL|2247 W 8660 S|WEST JORDAN,10/27/2025,1,0.0
861,CHALLENGER SCHOOL|2247 W 8660 S|WEST JORDAN,10/29/2024,1,0.0
862,CHALLENGER SCHOOL|2247 W 8660 S|WEST JORDAN,9/19/2023,1,10.0
863,CHALLENGER SCHOOL|2247 W 8660 S|WEST JORDAN,6/1/2021,1,2.0
864,CHALLENGER SCHOOL|2247 W 8660 S|WEST JORDAN,11/15/2019,1,0.0
865,CHALLENGER SCHOOL|2247 W 8660 S|WEST JORDAN,11/9/2018,1,0.0
866,CHALLENGER SCHOOL|2247 W 8660 S|WEST JORDAN,10/20/2017,1,1.0
867,CHALLENGER SCHOOL|2247 W 8660 S|WEST JORDAN,8/4/2016,1,1.0
868,CHALLENGER SCHOOL|2247 W 8660 S|WEST JORDAN,5/14/2015,1,1.0
869,CHALLENGER SCHOOL|2247 W 8660 S|WEST JORDAN,5/2/2014,1,12.0
870,CHARLOTTES|1567 E 3900 S|MILLCREEK TS,1/27/2026,1,1.0
871,CHARLOTTES|1567 E 3900 S|MILLCREEK TS,12/2/2024,1,3.0
872,CHARLOTTES|1567 E 3900 S|MILLCREEK TS,3/20/2023,1,11.0
873,CHARLOTTES|1567 E 3900 S|MILLCREEK TS,2/8/2022,1,14.0
874,CHARLOTTES|1567 E 3900 S|MILLCREEK TS,9/1/2020,1,14.0
875,CHARLOTTES|1567 E 3900 S|MILLCREEK TS,11/14/2019,1,5.0
876,CHARLOTTES|1567 E 3900 S|MILLCREEK TS,12/3/2018,1,13.0
877,CHARLOTTES|1567 E 3900 S|MILLCREEK TS,2/28/2018,1,12.0
878,CHARLOTTES|1567 E 3900 S|MILLCREEK TS,2/22/2017,1,22.0
879,CHARLOTTES|1567 E 3900 S|MILLCREEK TS,4/9/2015,1,59.0
880,CHEERS TO YOU MIDVALE|7642 S STATE ST|MIDVALE,1/10/2025,1,4.0
881,CHEERS TO YOU MIDVALE|7642 S STATE ST|MIDVALE,12/8/2022,1,10.0
882,CHICK FIL A|1206 E 2100 S|SALT LAKE CITY,4/21/2026,1,4.0
883,CHICK FIL A|1206 E 2100 S|SALT LAKE CITY,5/27/2025,1,6.0
884,CHICK FIL A|1206 E 2100 S|SALT LAKE CITY,8/7/2024,1,8.0
885,CHICK FIL A|1206 E 2100 S|SALT LAKE CITY,12/18/2023,1,26.0
886,CHICK FIL A|1206 E 2100 S|SALT LAKE CITY,1/23/2023,1,18.0
887,CHICK FIL A|1206 E 2100 S|SALT LAKE CITY,5/10/2022,1,3.0
888,CHICK FIL A|1206 E 2100 S|SALT LAKE CITY,7/23/2021,2,0.0
889,CHICK FIL A|1206 E 2100 S|SALT LAKE CITY,7/22/2021,7,113.0
890,CHICK FIL A|1206 E 2100 S|SALT LAKE CITY,12/10/2020,1,1.0
891,CHICK FIL A|1206 E 2100 S|SALT LAKE CITY,11/26/2019,1,7.0
892,CHICK FIL A|7676 S CAMPUS VIEW DR|WEST JORDAN,2/3/2026,1,3.0
893,CHICK FIL A|7676 S CAMPUS VIEW DR|WEST JORDAN,7/7/2025,1,6.0
894,CHICK FIL A|7676 S CAMPUS VIEW DR|WEST JORDAN,11/4/2024,1,1.0
895,CHICK FIL A|7676 S CAMPUS VIEW DR|WEST JORDAN,7/10/2023,1,2.0
896,CHICK FIL A|7676 S CAMPUS VIEW DR|WEST JORDAN,2/2/2022,1,13.0
897,CHICK FIL A|7676 S CAMPUS VIEW DR|WEST JORDAN,4/7/2021,1,9.0
898,CHICK FIL A|7676 S CAMPUS VIEW DR|WEST JORDAN,12/13/2019,1,8.0
899,CHICK FIL A|7676 S CAMPUS VIEW DR|WEST JORDAN,6/25/2019,1,10.0
900,CHICK FIL A|7676 S CAMPUS VIEW DR|WEST JORDAN,1/8/2019,1,26.0
901,CHICK FIL A|7676 S CAMPUS VIEW DR|WEST JORDAN,5/9/2018,1,16.0
902,CHICK FIL A|5580 S REDWOOD RD|TAYLORSVILLE,6/29/2026,1,10.0
903,CHICK FIL A|5580 S REDWOOD RD|TAYLORSVILLE,7/14/2025,1,4.0
904,CHICK FIL A|5580 S REDWOOD RD|TAYLORSVILLE,10/24/2024,1,11.0
905,CHICK FIL A|5580 S REDWOOD RD|TAYLORSVILLE,2/26/2024,1,41.0
906,CHICK FIL A|5580 S REDWOOD RD|TAYLORSVILLE,9/29/2023,1,15.0
907,CHICK FIL A|5580 S REDWOOD RD|TAYLORSVILLE,3/13/2023,1,3.0
908,CHICK FIL A|5580 S REDWOOD RD|TAYLORSVILLE,8/31/2022,1,35.0
909,CHICK FIL A|5580 S REDWOOD RD|TAYLORSVILLE,1/27/2022,1,22.0
910,CHICK FIL A|5580 S REDWOOD RD|TAYLORSVILLE,9/16/2020,1,5.0
911,CHICK FIL A|5580 S REDWOOD RD|TAYLORSVILLE,2/25/2020,1,15.0
912,CHICK FIL A|357 E 12300 S|DRAPER,1/29/2026,1,9.0
913,CHICK FIL A|357 E 12300 S|DRAPER,4/11/2025,1,7.0
914,CHICK FIL A|357 E 12300 S|DRAPER,8/20/2024,1,13.0
915,CHICK FIL A|357 E 12300 S|DRAPER,1/11/2024,1,12.0
916,CHICK FIL A|357 E 12300 S|DRAPER,4/13/2023,1,4.0
917,CHICK FIL A|357 E 12300 S|DRAPER,5/12/2022,1,5.0
918,CHICK FIL A|357 E 12300 S|DRAPER,10/20/2021,1,24.0
919,CHICK FIL A|357 E 12300 S|DRAPER,6/29/2020,1,1.0
920,CHICK FIL A|357 E 12300 S|DRAPER,9/19/2019,1,18.0
921,CHICK FIL A|357 E 12300 S|DRAPER,3/22/2019,1,15.0
922,CHICK FIL A|4627 W PARTRIDGE HILL LN|RIVERTON,6/26/2026,1,5.0
923,CHICK FIL A|4627 W PARTRIDGE HILL LN|RIVERTON,1/26/2026,1,4.0
924,CHICK FIL A|4627 W PARTRIDGE HILL LN|RIVERTON,7/11/2025,1,2.0
925,CHICK FIL A|4627 W PARTRIDGE HILL LN|RIVERTON,11/4/2024,1,4.0
926,CHICK FIL A|4627 W PARTRIDGE HILL LN|RIVERTON,6/6/2024,1,2.0
927,CHICK FIL A|4627 W PARTRIDGE HILL LN|RIVERTON,2/8/2024,1,8.0
928,CHICK FIL A|4627 W PARTRIDGE HILL LN|RIVERTON,10/10/2023,1,1.0
929,CHICK FIL A|4627 W PARTRIDGE HILL LN|RIVERTON,5/8/2023,2,2.0
930,CHICK FIL A|4627 W PARTRIDGE HILL LN|RIVERTON,4/19/2023,1,17.0
931,CHICK FIL A|1088 E FORT UNION BLVD|MIDVALE,6/2/2026,1,14.0
932,CHICK FIL A|1088 E FORT UNION BLVD|MIDVALE,12/11/2025,1,18.0
933,CHICK FIL A|11494 S DISTRICT DR|SOUTH JORDAN,6/22/2026,1,1.0
934,CHICK FIL A|11494 S DISTRICT DR|SOUTH JORDAN,1/14/2026,1,1.0
935,CHICK FIL A|11494 S DISTRICT DR|SOUTH JORDAN,6/24/2025,1,4.0
936,CHICK FIL A|11494 S DISTRICT DR|SOUTH JORDAN,1/15/2025,1,21.0
937,CHICK FIL A|11494 S DISTRICT DR|SOUTH JORDAN,9/9/2024,1,14.0
938,CHICK FIL A|11494 S DISTRICT DR|SOUTH JORDAN,3/26/2024,1,12.0
939,CHICK FIL A|11494 S DISTRICT DR|SOUTH JORDAN,11/1/2023,1,11.0
940,CHICK FIL A|11494 S DISTRICT DR|SOUTH JORDAN,6/26/2023,1,4.0
941,CHICK FIL A|10090 S STATE ST|SANDY,6/24/2026,1,4.0
942,CHICK FIL A|10090 S STATE ST|SANDY,12/9/2025,1,10.0
943,CHICK FIL A|10090 S STATE ST|SANDY,2/27/2025,1,5.0
944,CHICK FIL A|10090 S STATE ST|SANDY,8/27/2024,1,8.0
945,CHICK FIL A|10090 S STATE ST|SANDY,10/24/2023,1,10.0
946,CHICK FIL A|10090 S STATE ST|SANDY,7/13/2022,1,11.0
947,CHICK FIL A|10090 S STATE ST|SANDY,9/27/2021,1,10.0
948,CHICK FIL A|10090 S STATE ST|SANDY,11/5/2020,7,3.0
949,CHICK FIL A|10090 S STATE ST|SANDY,10/20/2020,7,12.0
950,CHICK FIL A|10090 S STATE ST|SANDY,7/22/2019,1,9.0
951,CHICK FIL A @ HUNTSMAN CENTER STAND 2|1825 E SOUTHCAMPUS DR|SALT LAKE CITY,11/15/2025,1,1.0
952,CHICK FIL A @ HUNTSMAN CENTER STAND 2|1825 E SOUTHCAMPUS DR|SALT LAKE CITY,12/20/2023,1,0.0
953,CHICK FIL A @ HUNTSMAN CENTER STAND 2|1825 E SOUTHCAMPUS DR|SALT LAKE CITY,2/2/2023,1,1.0
954,CHICK FIL A @ HUNTSMAN CENTER STAND 2|1825 E SOUTHCAMPUS DR|SALT LAKE CITY,3/5/2022,1,1.0
955,CHICK FIL A @ HUNTSMAN CENTER STAND 2|1825 E SOUTHCAMPUS DR|SALT LAKE CITY,12/4/2019,1,0.0
956,CHICK FIL A @ HUNTSMAN CENTER STAND 2|1825 E SOUTHCAMPUS DR|SALT LAKE CITY,2/14/2019,1,0.0
957,CHICK FIL A @ SLCC TAYLORSVILLE STUDENT CENTER|4600 S REDWOOD RD|TAYLORSVILLE,4/21/2025,1,0.0
958,CHICK FIL A @ SLCC TAYLORSVILLE STUDENT CENTER|4600 S REDWOOD RD|TAYLORSVILLE,4/8/2024,1,0.0
959,CHILE VERDE|9256 S STATE ST|SANDY,4/18/2026,1,9.0
960,CHILE VERDE|9256 S STATE ST|SANDY,9/18/2024,1,5.0
961,CHILE VERDE|9256 S STATE ST|SANDY,7/17/2022,1,0.0
962,CHILE VERDE|9256 S STATE ST|SANDY,9/4/2021,1,3.0
963,CHILE VERDE|9256 S STATE ST|SANDY,8/26/2020,1,9.0
964,CHILE VERDE|9256 S STATE ST|SANDY,8/24/2019,1,16.0
965,CHILE VERDE|9256 S STATE ST|SANDY,4/7/2018,1,7.0
966,CHILE VERDE|9256 S STATE ST|SANDY,3/17/2017,1,1.0
967,CHILE VERDE|9256 S STATE ST|SANDY,11/2/2016,1,13.0
968,CHILE VERDE|9256 S STATE ST|SANDY,7/1/2015,1,19.0
969,CHILIS SOUTHWEST GRILL|3075 S 5600 W|WEST VALLEY CITY,2/26/2026,1,11.0
970,CHILIS SOUTHWEST GRILL|3075 S 5600 W|WEST VALLEY CITY,8/6/2025,1,9.0
971,CHILIS SOUTHWEST GRILL|3075 S 5600 W|WEST VALLEY CITY,12/17/2024,7,3.0
972,CHILIS SOUTHWEST GRILL|3075 S 5600 W|WEST VALLEY CITY,11/7/2024,1,10.0
973,CHILIS SOUTHWEST GRILL|3075 S 5600 W|WEST VALLEY CITY,10/2/2023,1,12.0
974,CHILIS SOUTHWEST GRILL|3075 S 5600 W|WEST VALLEY CITY,6/6/2022,1,41.0
975,CHILIS SOUTHWEST GRILL|3075 S 5600 W|WEST VALLEY CITY,10/12/2021,1,54.0
976,CHILIS SOUTHWEST GRILL|3075 S 5600 W|WEST VALLEY CITY,11/12/2019,1,37.0
977,CHILIS SOUTHWEST GRILL|3075 S 5600 W|WEST VALLEY CITY,3/18/2019,1,20.0
978,CHILIS SOUTHWEST GRILL|3075 S 5600 W|WEST VALLEY CITY,11/7/2018,1,32.0
979,CHILIS SOUTHWEST GRILL #13|10430 S STATE ST|SANDY,4/15/2026,1,11.0
980,CHILIS SOUTHWEST GRILL #13|10430 S STATE ST|SANDY,12/18/2025,1,7.0
981,CHILIS SOUTHWEST GRILL #13|10430 S STATE ST|SANDY,8/21/2025,1,20.0
982,CHILIS SOUTHWEST GRILL #13|10430 S STATE ST|SANDY,12/9/2024,1,11.0
983,CHILIS SOUTHWEST GRILL #13|10430 S STATE ST|SANDY,9/9/2024,1,20.0
984,CHILIS SOUTHWEST GRILL #13|10430 S STATE ST|SANDY,9/6/2023,1,16.0
985,CHILIS SOUTHWEST GRILL #13|10430 S STATE ST|SANDY,3/3/2023,7,18.0
986,CHILIS SOUTHWEST GRILL #13|10430 S STATE ST|SANDY,2/17/2023,1,26.0
987,CHILIS SOUTHWEST GRILL #13|10430 S STATE ST|SANDY,8/23/2022,1,34.0
988,CHILIS SOUTHWEST GRILL #13|10430 S STATE ST|SANDY,2/17/2022,1,24.0
989,CHILIS SOUTHWEST GRILL #2|1070 E FORT UNION BLVD|MIDVALE,6/2/2026,1,3.0
990,CHILIS SOUTHWEST GRILL #2|1070 E FORT UNION BLVD|MIDVALE,11/7/2025,1,5.0
991,CHILIS SOUTHWEST GRILL #2|1070 E FORT UNION BLVD|MIDVALE,4/29/2025,1,19.0
992,CHILIS SOUTHWEST GRILL #2|1070 E FORT UNION BLVD|MIDVALE,8/8/2024,1,35.0
993,CHILIS SOUTHWEST GRILL #2|1070 E FORT UNION BLVD|MIDVALE,1/30/2024,7,6.0
994,CHILIS SOUTHWEST GRILL #2|1070 E FORT UNION BLVD|MIDVALE,1/16/2024,1,35.0
995,CHILIS SOUTHWEST GRILL #2|1070 E FORT UNION BLVD|MIDVALE,8/4/2022,1,17.0
996,CHILIS SOUTHWEST GRILL #2|1070 E FORT UNION BLVD|MIDVALE,12/13/2021,2,26.0
997,CHILIS SOUTHWEST GRILL #2|1070 E FORT UNION BLVD|MIDVALE,12/7/2021,1,82.0
998,CHILIS SOUTHWEST GRILL #2|1070 E FORT UNION BLVD|MIDVALE,5/25/2021,1,35.0
999,CHIPOTLE MEXICAN GRILL|2640 S 5600 W|WEST VALLEY CITY,3/26/2026,1,6.0
1000,CHIPOTLE MEXICAN GRILL|2640 S 5600 W|WEST VALLEY CITY,11/4/2025,1,0.0
1001,CHIPOTLE MEXICAN GRILL|2640 S 5600 W|WEST VALLEY CITY,3/26/2025,1,2.0
1002,CHIPOTLE MEXICAN GRILL|2640 S 5600 W|WEST VALLEY CITY,10/14/2024,1,1.0
1003,CHIPOTLE MEXICAN GRILL|4599 W PARTRIDGEHILL LN|RIVERTON,4/22/2026,1,9.0
1004,CHIPOTLE MEXICAN GRILL|4599 W PARTRIDGEHILL LN|RIVERTON,2/5/2026,7,0.0
1005,CHIPOTLE MEXICAN GRILL|4599 W PARTRIDGEHILL LN|RIVERTON,12/29/2025,1,16.0
1006,CHIPOTLE MEXICAN GRILL|4599 W PARTRIDGEHILL LN|RIVERTON,8/18/2025,1,9.0
1007,CHIPOTLE MEXICAN GRILL|4599 W PARTRIDGEHILL LN|RIVERTON,2/3/2025,1,15.0
1008,CHIPOTLE MEXICAN GRILL|4599 W PARTRIDGEHILL LN|RIVERTON,9/9/2024,1,1.0
1009,CHIPOTLE MEXICAN GRILL|4599 W PARTRIDGEHILL LN|RIVERTON,5/21/2024,1,7.0
1010,CHIPOTLE MEXICAN GRILL|4599 W PARTRIDGEHILL LN|RIVERTON,1/2/2024,1,6.0
1011,CHIPOTLE MEXICAN GRILL|4599 W PARTRIDGEHILL LN|RIVERTON,9/26/2023,1,0.0
1012,CHIPOTLE MEXICAN GRILL|4599 W PARTRIDGEHILL LN|RIVERTON,10/4/2022,1,21.0
1013,CHIPOTLE MEXICAN GRILL|734 E 400 S|SALT LAKE CITY,3/23/2026,1,9.0
1014,CHIPOTLE MEXICAN GRILL|734 E 400 S|SALT LAKE CITY,6/9/2025,1,16.0
1015,CHIPOTLE MEXICAN GRILL|734 E 400 S|SALT LAKE CITY,6/10/2024,1,7.0
1016,CHIPOTLE MEXICAN GRILL|734 E 400 S|SALT LAKE CITY,8/28/2023,1,0.0
1017,CHIPOTLE MEXICAN GRILL|734 E 400 S|SALT LAKE CITY,1/19/2023,1,2.0
1018,CHIPOTLE MEXICAN GRILL|734 E 400 S|SALT LAKE CITY,2/28/2022,1,13.0
1019,CHIPOTLE MEXICAN GRILL|734 E 400 S|SALT LAKE CITY,6/7/2021,1,1.0
1020,CHIPOTLE MEXICAN GRILL|734 E 400 S|SALT LAKE CITY,3/2/2020,1,0.0
1021,CHIPOTLE MEXICAN GRILL|734 E 400 S|SALT LAKE CITY,5/20/2019,1,1.0
1022,CHIPOTLE MEXICAN GRILL|734 E 400 S|SALT LAKE CITY,11/2/2018,1,4.0
1023,CHIPOTLE MEXICAN GRILL|3561 W 11400 S|SOUTH JORDAN,3/12/2026,1,1.0
1024,CHIPOTLE MEXICAN GRILL|3561 W 11400 S|SOUTH JORDAN,8/21/2025,1,1.0
1025,CHIPOTLE MEXICAN GRILL|3561 W 11400 S|SOUTH JORDAN,1/30/2025,1,3.0
1026,CHIPOTLE MEXICAN GRILL|3561 W 11400 S|SOUTH JORDAN,7/30/2024,1,3.0
1027,CHIPOTLE MEXICAN GRILL|3561 W 11400 S|SOUTH JORDAN,1/31/2024,1,12.0
1028,CHIPOTLE MEXICAN GRILL|3561 W 11400 S|SOUTH JORDAN,6/28/2023,1,7.0
1029,CHIPOTLE MEXICAN GRILL|3561 W 11400 S|SOUTH JORDAN,10/14/2022,1,0.0
1030,CHIPOTLE MEXICAN GRILL|3561 W 11400 S|SOUTH JORDAN,4/18/2022,1,9.0
1031,CHIPOTLE MEXICAN GRILL|3849 W CAMPUS VIEW DR|WEST JORDAN,5/1/2026,1,0.0
1032,CHIPOTLE MEXICAN GRILL|3849 W CAMPUS VIEW DR|WEST JORDAN,12/4/2025,1,7.0
1033,CHIPOTLE MEXICAN GRILL|3849 W CAMPUS VIEW DR|WEST JORDAN,5/29/2025,1,4.0
1034,CHIPOTLE MEXICAN GRILL|3849 W CAMPUS VIEW DR|WEST JORDAN,11/4/2024,1,3.0
1035,CHIPOTLE MEXICAN GRILL|3849 W CAMPUS VIEW DR|WEST JORDAN,5/8/2024,1,4.0
1036,CHIPOTLE MEXICAN GRILL|3849 W CAMPUS VIEW DR|WEST JORDAN,10/25/2023,1,13.0
1037,CHIPOTLE MEXICAN GRILL|3849 W CAMPUS VIEW DR|WEST JORDAN,3/27/2023,1,2.0
1038,CHIPOTLE MEXICAN GRILL|8375 W ARBOR PARK DR|MAGNA,4/13/2026,1,0.0
1039,CHIPOTLE MEXICAN GRILL|8375 W ARBOR PARK DR|MAGNA,9/22/2025,1,6.0
1040,CHIPOTLE MEXICAN GRILL|8375 W ARBOR PARK DR|MAGNA,12/5/2024,1,6.0
1041,CHIPOTLE MEXICAN GRILL|1920 E RODEO WALK DR|HOLLADAY,6/1/2026,1,6.0
1042,CHIPOTLE MEXICAN GRILL|1920 E RODEO WALK DR|HOLLADAY,12/8/2025,1,1.0
1043,CHIPOTLE MEXICAN GRILL|1920 E RODEO WALK DR|HOLLADAY,6/5/2025,1,1.0
1044,CHIPOTLE MEXICAN GRILL|5639 W 7800 S|WEST JORDAN,2/25/2026,1,0.0
1045,CHIPOTLE MEXICAN GRILL|5639 W 7800 S|WEST JORDAN,10/1/2025,1,10.0
1046,CHIPOTLE MEXICAN GRILL|5639 W 7800 S|WEST JORDAN,4/1/2025,1,8.0
1047,CHIPOTLE MEXICAN GRILL|1796 W 5400 S|TAYLORSVILLE,10/27/2025,1,3.0
1048,CHIPOTLE MEXICAN GRILL|1796 W 5400 S|TAYLORSVILLE,10/24/2024,1,0.0
1049,CHIPOTLE MEXICAN GRILL #954|6924 S PARK CENTRE DR|COTTONWOOD HEIGHTS,1/22/2026,1,8.0
1050,CHIPOTLE MEXICAN GRILL #954|6924 S PARK CENTRE DR|COTTONWOOD HEIGHTS,6/11/2025,1,10.0
1051,CHIPOTLE MEXICAN GRILL #954|6924 S PARK CENTRE DR|COTTONWOOD HEIGHTS,6/27/2024,1,5.0
1052,CHIPOTLE MEXICAN GRILL #954|6924 S PARK CENTRE DR|COTTONWOOD HEIGHTS,11/3/2023,1,18.0
1053,CHIPOTLE MEXICAN GRILL #954|6924 S PARK CENTRE DR|COTTONWOOD HEIGHTS,2/23/2023,1,2.0
1054,CHIPOTLE MEXICAN GRILL #954|6924 S PARK CENTRE DR|COTTONWOOD HEIGHTS,10/3/2022,1,14.0
1055,CHIPOTLE MEXICAN GRILL #954|6924 S PARK CENTRE DR|COTTONWOOD HEIGHTS,4/25/2022,1,1.0
1056,CHIPOTLE MEXICAN GRILL #954|6924 S PARK CENTRE DR|COTTONWOOD HEIGHTS,7/29/2021,1,3.0
1057,CHIPOTLE MEXICAN GRILL #954|6924 S PARK CENTRE DR|COTTONWOOD HEIGHTS,3/11/2020,1,7.0
1058,CHIPOTLE MEXICAN GRILL #954|6924 S PARK CENTRE DR|COTTONWOOD HEIGHTS,4/22/2019,1,5.0
1059,CHIPOTLE MEXICAN RESTAURANT|2140 S STATE ST|SOUTH SALT LAKE,5/21/2026,1,9.0
1060,CHIPOTLE MEXICAN RESTAURANT|2140 S STATE ST|SOUTH SALT LAKE,11/18/2025,1,6.0
1061,CHIPOTLE MEXICAN RESTAURANT|2140 S STATE ST|SOUTH SALT LAKE,5/1/2025,1,8.0
1062,CHIPOTLE MEXICAN RESTAURANT|2140 S STATE ST|SOUTH SALT LAKE,1/22/2024,1,1.0
1063,CHRIST UNITED METHODIST CHURCH|2375 E 3300 S|MILLCREEK TS,3/24/2026,1,3.0
1064,CHRIST UNITED METHODIST CHURCH|2375 E 3300 S|MILLCREEK TS,2/19/2025,1,18.0
1065,CHRIST UNITED METHODIST CHURCH|2375 E 3300 S|MILLCREEK TS,7/12/2022,1,4.0
1066,CHRIST UNITED METHODIST CHURCH|2375 E 3300 S|MILLCREEK TS,11/22/2019,1,12.0
1067,CHRIST UNITED METHODIST CHURCH|2375 E 3300 S|MILLCREEK TS,7/11/2018,1,5.0
1068,CHRIST UNITED METHODIST CHURCH|2375 E 3300 S|MILLCREEK TS,5/19/2017,1,9.0
1069,CHRIST UNITED METHODIST CHURCH|2375 E 3300 S|MILLCREEK TS,3/22/2016,1,2.0
1070,CHRIST UNITED METHODIST CHURCH|2375 E 3300 S|MILLCREEK TS,12/18/2014,1,6.0
1071,CHRIST UNITED METHODIST CHURCH|2375 E 3300 S|MILLCREEK TS,12/12/2013,1,9.0
1072,CHRIST UNITED METHODIST CHURCH|2375 E 3300 S|MILLCREEK TS,1/27/2011,1,15.0
1073,CHUNKY & CO|545 W 700 S|SALT LAKE CITY,7/14/2026,1,1.0
1074,CHUNKY & CO|545 W 700 S|SALT LAKE CITY,7/30/2025,1,8.0
1075,CHURCH AND STATE (COMMISSARY)|370 S 300 E|SALT LAKE CITY,3/17/2026,1,0.0
1076,CHURCH AND STATE (COMMISSARY)|370 S 300 E|SALT LAKE CITY,10/22/2024,1,19.0
1077,CHURCH AND STATE (COMMISSARY)|370 S 300 E|SALT LAKE CITY,10/17/2023,1,10.0
1078,CHURCH AND STATE (COMMISSARY)|370 S 300 E|SALT LAKE CITY,11/1/2022,1,8.0
1079,CHURCH AND STATE (COMMISSARY)|370 S 300 E|SALT LAKE CITY,2/18/2020,1,7.0
1080,CHURCH AND STATE (COMMISSARY)|370 S 300 E|SALT LAKE CITY,9/28/2018,1,0.0
1081,CHURCH AND STATE (COMMISSARY)|370 S 300 E|SALT LAKE CITY,4/26/2017,1,10.0
1082,CHURCH OFFICE BUILDING-BANQUET KITCHEN|50 E NORTH TEMPLE ST|SALT LAKE CITY,11/26/2024,1,3.0
1083,CHURCH OFFICE BUILDING-BANQUET KITCHEN|50 E NORTH TEMPLE ST|SALT LAKE CITY,2/23/2023,1,8.0
1084,CHURCH OFFICE BUILDING-BANQUET KITCHEN|50 E NORTH TEMPLE ST|SALT LAKE CITY,6/30/2022,7,7.0
1085,CHURCH OFFICE BUILDING-BANQUET KITCHEN|50 E NORTH TEMPLE ST|SALT LAKE CITY,3/23/2022,1,9.0
1086,CHURCH OFFICE BUILDING-BANQUET KITCHEN|50 E NORTH TEMPLE ST|SALT LAKE CITY,3/8/2021,1,1.0
1087,CHURCH OFFICE BUILDING-BANQUET KITCHEN|50 E NORTH TEMPLE ST|SALT LAKE CITY,5/30/2019,1,0.0
1088,CINDIS SWEETS|12234 S 1840 E|DRAPER,5/13/2026,1,3.0
1089,CINDIS SWEETS|12234 S 1840 E|DRAPER,8/29/2024,1,4.0
1090,CINEMARK DRAPER XD12|12129 S STATE ST|DRAPER,7/7/2026,7,1.0
1091,CINEMARK DRAPER XD12|12129 S STATE ST|DRAPER,7/1/2026,3,3.0
1092,CINEMARK DRAPER XD12|12129 S STATE ST|DRAPER,3/9/2026,7,1.0
1093,CINEMARK DRAPER XD12|12129 S STATE ST|DRAPER,12/5/2025,1,4.0
1094,CINEMARK DRAPER XD12|12129 S STATE ST|DRAPER,9/10/2024,1,18.0
1095,CINEMARK DRAPER XD12|12129 S STATE ST|DRAPER,12/11/2023,1,13.0
1096,CINEMARK DRAPER XD12|12129 S STATE ST|DRAPER,7/6/2022,1,1.0
1097,CINEMARK DRAPER XD12|12129 S STATE ST|DRAPER,10/6/2021,1,9.0
1098,CINEMARK DRAPER XD12|12129 S STATE ST|DRAPER,1/17/2020,1,7.0
1099,CINEMARK DRAPER XD12|12129 S STATE ST|DRAPER,4/11/2019,1,4.0
1100,CITY CAFE|155 N 400 W|SALT LAKE CITY,12/5/2024,1,4.0
1101,CITY CAFE|155 N 400 W|SALT LAKE CITY,7/31/2023,1,5.0
1102,CITY CAFE|155 N 400 W|SALT LAKE CITY,8/22/2022,1,20.0
1103,CITY CAFE|155 N 400 W|SALT LAKE CITY,4/1/2019,1,20.0
1104,CITY CAFE|155 N 400 W|SALT LAKE CITY,6/21/2018,1,17.0
1105,CITY CAFE|155 N 400 W|SALT LAKE CITY,4/24/2017,1,12.0
1106,CITY CAFE|155 N 400 W|SALT LAKE CITY,3/2/2016,1,11.0
1107,CITY CAFE|155 N 400 W|SALT LAKE CITY,11/25/2014,1,17.0
1108,CITY CAFE|155 N 400 W|SALT LAKE CITY,10/1/2013,1,8.0
1109,CITY CAFE|155 N 400 W|SALT LAKE CITY,8/7/2012,1,6.0
1110,CLEARVIEW MARKETS AND SERVICES|288 N 1460 W|SALT LAKE CITY,11/18/2025,1,2.0
1111,CLEARVIEW MARKETS AND SERVICES|288 N 1460 W|SALT LAKE CITY,5/19/2025,1,0.0
1112,CLEOS CORNER AND ROONIES|9256 S STATE ST|SANDY,4/18/2026,1,8.0
1113,CLEOS CORNER AND ROONIES|9256 S STATE ST|SANDY,9/18/2024,1,1.0
1114,CLEOS CORNER AND ROONIES|9256 S STATE ST|SANDY,5/24/2019,1,4.0
1115,CLEOS CORNER AND ROONIES|9256 S STATE ST|SANDY,4/7/2018,1,1.0
1116,CLEOS CORNER AND ROONIES|9256 S STATE ST|SANDY,3/18/2017,1,3.0
1117,CLEOS CORNER AND ROONIES|9256 S STATE ST|SANDY,7/1/2015,1,13.0
1118,CLEOS CORNER AND ROONIES|9256 S STATE ST|SANDY,9/19/2014,1,1.0
1119,CLEOS CORNER AND ROONIES|9256 S STATE ST|SANDY,8/7/2013,1,11.0
1120,CLEOS CORNER AND ROONIES|9256 S STATE ST|SANDY,8/21/2012,1,1.0
1121,CLEOS CORNER AND ROONIES|9256 S STATE ST|SANDY,4/13/2011,1,0.0
1122,CLINICAL CONSULTANTS|1001 N FEATHERSTONE DR|SALT LAKE CITY,2/5/2026,1,12.0
1123,COCINA TEPIN|2163 S RICHARDS ST|SALT LAKE CITY,10/6/2025,1,0.0
1124,COCINA TEPIN|2163 S RICHARDS ST|SALT LAKE CITY,1/7/2025,1,0.0
1125,COCINA TEPIN|2163 S RICHARDS ST|SALT LAKE CITY,12/6/2023,1,5.0
1126,COCINA TEPIN|2163 S RICHARDS ST|SALT LAKE CITY,2/27/2023,1,3.0
1127,COCINA TEPIN|2163 S RICHARDS ST|SALT LAKE CITY,1/5/2022,1,7.0
1128,COCINA TEPIN|2163 S RICHARDS ST|SALT LAKE CITY,4/28/2021,1,2.0
1129,COCINA TEPIN|2163 S RICHARDS ST|SALT LAKE CITY,4/30/2020,2,0.0
1130,CODSPEED|153 S RIO GRANDE ST|SALT LAKE CITY,1/22/2026,1,9.0
1131,COFFEE GARDEN|878 E 900 S|SALT LAKE CITY,1/13/2026,1,11.0
1132,COFFEE GARDEN|878 E 900 S|SALT LAKE CITY,6/5/2025,1,38.0
1133,COFFEE GARDEN|878 E 900 S|SALT LAKE CITY,7/11/2024,1,5.0
1134,COFFEE GARDEN|878 E 900 S|SALT LAKE CITY,10/9/2023,1,7.0
1135,COFFEE GARDEN|878 E 900 S|SALT LAKE CITY,1/19/2023,1,8.0
1136,COFFEE GARDEN|878 E 900 S|SALT LAKE CITY,1/28/2022,1,3.0
1137,COFFEE GARDEN|878 E 900 S|SALT LAKE CITY,6/2/2021,1,4.0
1138,COFFEE GARDEN|878 E 900 S|SALT LAKE CITY,2/19/2020,1,6.0
1139,COFFEE GARDEN|878 E 900 S|SALT LAKE CITY,5/16/2019,1,11.0
1140,COFFEE GARDEN|878 E 900 S|SALT LAKE CITY,11/6/2018,1,15.0
1141,BURGER KING|4025 W 1820 S|SALT LAKE CITY,2/3/2026,1,7.0
1142,BURGER KING|4025 W 1820 S|SALT LAKE CITY,6/9/2025,1,7.0
1143,BURGER KING|4025 W 1820 S|SALT LAKE CITY,6/25/2024,1,6.0
1144,BURGER KING|4025 W 1820 S|SALT LAKE CITY,3/3/2023,1,1.0
1145,BURGER KING|4025 W 1820 S|SALT LAKE CITY,10/13/2021,1,1.0
1146,BURGER KING|4025 W 1820 S|SALT LAKE CITY,7/13/2020,1,1.0
1147,BURGER KING|4025 W 1820 S|SALT LAKE CITY,8/6/2019,1,2.0
1148,BURGER KING|4025 W 1820 S|SALT LAKE CITY,10/8/2018,1,3.0
1149,BURGER KING|4025 W 1820 S|SALT LAKE CITY,3/26/2018,1,11.0
1150,COSTA VIDA|375 N TERMINAL DR|SALT LAKE CITY,2/6/2026,1,10.0
1151,COSTA VIDA|375 N TERMINAL DR|SALT LAKE CITY,8/8/2025,1,8.0
1152,COSTA VIDA|375 N TERMINAL DR|SALT LAKE CITY,11/20/2024,1,7.0
1153,COSTA VIDA|375 N TERMINAL DR|SALT LAKE CITY,6/27/2024,1,6.0
1154,COSTA VIDA|375 N TERMINAL DR|SALT LAKE CITY,2/27/2024,1,7.0
1155,COSTA VIDA|375 N TERMINAL DR|SALT LAKE CITY,8/17/2023,1,7.0
1156,COSTA VIDA|375 N TERMINAL DR|SALT LAKE CITY,3/24/2023,1,9.0
1157,COSTA VIDA|375 N TERMINAL DR|SALT LAKE CITY,9/27/2022,1,9.0
1158,COSTA VIDA|375 N TERMINAL DR|SALT LAKE CITY,4/6/2021,1,14.0
1159,COSTA VIDA|375 N TERMINAL DR|SALT LAKE CITY,12/12/2019,1,8.0
1160,COSTA VIDA BLUFFDALE|13847 S REDWOOD RD|BLUFFDALE,5/26/2026,1,14.0
1161,COSTA VIDA BLUFFDALE|13847 S REDWOOD RD|BLUFFDALE,3/21/2025,1,9.0
1162,COSTA VIDA GATEWAY|171 S RIO GRANDE ST|SALT LAKE CITY,3/11/2026,1,4.0
1163,COSTA VIDA GATEWAY|171 S RIO GRANDE ST|SALT LAKE CITY,1/9/2025,7,8.0
1164,COSTA VIDA GATEWAY|171 S RIO GRANDE ST|SALT LAKE CITY,1/7/2025,1,27.0
1165,COSTA VIDA GATEWAY|171 S RIO GRANDE ST|SALT LAKE CITY,12/14/2023,1,22.0
1166,COSTA VIDA GATEWAY|171 S RIO GRANDE ST|SALT LAKE CITY,3/29/2022,1,41.0
1167,COSTA VIDA GATEWAY|171 S RIO GRANDE ST|SALT LAKE CITY,6/28/2021,2,3.0
1168,COSTA VIDA GATEWAY|171 S RIO GRANDE ST|SALT LAKE CITY,6/23/2021,1,43.0
1169,COSTA VIDA GATEWAY|171 S RIO GRANDE ST|SALT LAKE CITY,1/30/2020,1,23.0
1170,COSTA VIDA MIDVALE|7101 S BINGHAM JUNCTION BLVD|MIDVALE,10/7/2025,1,8.0
1171,COSTA VIDA MIDVALE|7101 S BINGHAM JUNCTION BLVD|MIDVALE,8/15/2024,1,8.0
1172,COSTA VIDA MIDVALE|7101 S BINGHAM JUNCTION BLVD|MIDVALE,9/7/2023,1,24.0
1173,COSTA VIDA MIDVALE|7101 S BINGHAM JUNCTION BLVD|MIDVALE,3/1/2022,1,17.0
1174,COSTA VIDA SOUTH JORDAN|10384 S RIVER HEIGHTS DR|SOUTH JORDAN,1/21/2026,1,2.0
1175,COSTA VIDA SOUTH JORDAN|10384 S RIVER HEIGHTS DR|SOUTH JORDAN,5/28/2025,1,19.0
1176,COSTA VIDA SOUTH JORDAN|10384 S RIVER HEIGHTS DR|SOUTH JORDAN,11/14/2024,1,7.0
1177,COSTA VIDA SOUTH JORDAN|10384 S RIVER HEIGHTS DR|SOUTH JORDAN,5/8/2024,1,10.0
1178,COSTCO WHOLESALE|3571 W 10400 S|SOUTH JORDAN,1/26/2026,1,2.0
1179,COSTCO WHOLESALE|3571 W 10400 S|SOUTH JORDAN,2/24/2025,1,16.0
1180,COSTCO WHOLESALE|3571 W 10400 S|SOUTH JORDAN,5/14/2024,1,7.0
1181,COSTCO WHOLESALE|3571 W 10400 S|SOUTH JORDAN,8/14/2023,1,8.0
1182,COSTCO WHOLESALE|3571 W 10400 S|SOUTH JORDAN,11/22/2022,1,8.0
1183,COSTCO WHOLESALE|3571 W 10400 S|SOUTH JORDAN,2/9/2022,1,7.0
1184,COSTCO WHOLESALE|3571 W 10400 S|SOUTH JORDAN,3/9/2021,1,1.0
1185,COSTCO WHOLESALE|3571 W 10400 S|SOUTH JORDAN,9/27/2019,1,8.0
1186,COSTCO WHOLESALE|3571 W 10400 S|SOUTH JORDAN,12/11/2018,1,12.0
1187,COSTCO WHOLESALE|3571 W 10400 S|SOUTH JORDAN,3/13/2018,1,7.0
1188,COSTCO WHOLESALE #113|1818 S 300 W|SALT LAKE CITY,6/29/2026,1,1.0
1189,COSTCO WHOLESALE #113|1818 S 300 W|SALT LAKE CITY,9/24/2025,1,6.0
1190,COSTCO WHOLESALE #113|1818 S 300 W|SALT LAKE CITY,10/9/2024,1,7.0
1191,COSTCO WHOLESALE #113|1818 S 300 W|SALT LAKE CITY,11/20/2023,1,5.0
1192,COSTCO WHOLESALE #113|1818 S 300 W|SALT LAKE CITY,1/31/2023,1,8.0
1193,COSTCO WHOLESALE #113|1818 S 300 W|SALT LAKE CITY,3/11/2022,1,1.0
1194,COSTCO WHOLESALE #113|1818 S 300 W|SALT LAKE CITY,9/9/2020,1,0.0
1195,COSTCO WHOLESALE #113|1818 S 300 W|SALT LAKE CITY,9/25/2019,1,19.0
1196,COSTCO WHOLESALE #113|1818 S 300 W|SALT LAKE CITY,7/16/2019,7,6.0
1197,COSTCO WHOLESALE #113|1818 S 300 W|SALT LAKE CITY,8/30/2018,1,6.0
1198,COSTCO WHOLESALE #622|3747 S 2700 W|WEST VALLEY CITY,4/27/2026,1,7.0
1199,COSTCO WHOLESALE #622|3747 S 2700 W|WEST VALLEY CITY,7/21/2025,1,7.0
1200,COSTCO WHOLESALE #622|3747 S 2700 W|WEST VALLEY CITY,5/8/2024,1,4.0
1201,COSTCO WHOLESALE #622|3747 S 2700 W|WEST VALLEY CITY,8/14/2023,1,2.0
1202,COSTCO WHOLESALE #622|3747 S 2700 W|WEST VALLEY CITY,4/14/2022,1,8.0
1203,COSTCO WHOLESALE #622|3747 S 2700 W|WEST VALLEY CITY,3/5/2021,1,2.0
1204,COSTCO WHOLESALE #622|3747 S 2700 W|WEST VALLEY CITY,9/12/2019,1,9.0
1205,COSTCO WHOLESALE #622|3747 S 2700 W|WEST VALLEY CITY,8/9/2018,1,2.0
1206,COSTCO WHOLESALE #622|3747 S 2700 W|WEST VALLEY CITY,9/25/2017,1,2.0
1207,COSTCO WHOLESALE #622|3747 S 2700 W|WEST VALLEY CITY,12/8/2016,1,2.0
1208,COSTCO WHOLESALE #764|5201 S INTERMOUNTAIN DR|MURRAY,1/12/2026,1,4.0
1209,COSTCO WHOLESALE #764|5201 S INTERMOUNTAIN DR|MURRAY,2/4/2025,1,4.0
1210,COSTCO WHOLESALE #764|5201 S INTERMOUNTAIN DR|MURRAY,4/5/2024,1,3.0
1211,COSTCO WHOLESALE #764|5201 S INTERMOUNTAIN DR|MURRAY,6/22/2023,1,3.0
1212,COSTCO WHOLESALE #764|5201 S INTERMOUNTAIN DR|MURRAY,6/8/2022,1,0.0
1213,COSTCO WHOLESALE #764|5201 S INTERMOUNTAIN DR|MURRAY,5/5/2021,1,0.0
1214,COSTCO WHOLESALE #764|5201 S INTERMOUNTAIN DR|MURRAY,1/31/2020,1,3.0
1215,COSTCO WHOLESALE #764|5201 S INTERMOUNTAIN DR|MURRAY,5/17/2019,1,6.0
1216,COSTCO WHOLESALE #764|5201 S INTERMOUNTAIN DR|MURRAY,8/30/2018,1,2.0
1217,COSTCO WHOLESALE #764|5201 S INTERMOUNTAIN DR|MURRAY,11/27/2017,1,1.0
1218,COSTCO WHOLESALE CORP #487|11100 S AUTOMALL DR|SANDY,6/29/2026,1,2.0
1219,COSTCO WHOLESALE CORP #487|11100 S AUTOMALL DR|SANDY,9/24/2025,1,7.0
1220,COSTCO WHOLESALE CORP #487|11100 S AUTOMALL DR|SANDY,10/1/2024,1,0.0
1221,COSTCO WHOLESALE CORP #487|11100 S AUTOMALL DR|SANDY,8/19/2022,1,2.0
1222,COSTCO WHOLESALE CORP #487|11100 S AUTOMALL DR|SANDY,11/29/2021,1,0.0
1223,COSTCO WHOLESALE CORP #487|11100 S AUTOMALL DR|SANDY,12/2/2019,1,1.0
1224,COSTCO WHOLESALE CORP #487|11100 S AUTOMALL DR|SANDY,11/14/2018,1,4.0
1225,COSTCO WHOLESALE CORP #487|11100 S AUTOMALL DR|SANDY,12/12/2017,1,9.0
1226,COSTCO WHOLESALE CORP #487|11100 S AUTOMALL DR|SANDY,1/25/2017,1,13.0
1227,COSTCO WHOLESALE CORP #487|11100 S AUTOMALL DR|SANDY,3/14/2016,1,3.0
1228,COTTON BOTTOM/DOG PATIO|2820 E 6200 S|HOLLADAY,8/1/2025,1,0.0
1229,COTTON BOTTOM/DOG PATIO|2820 E 6200 S|HOLLADAY,6/27/2024,1,0.0
1230,COTTON BOTTOM/DOG PATIO|2820 E 6200 S|HOLLADAY,8/3/2023,1,6.0
1231,COTTONWOOD COUNTRY CLUB - LOUNGE ACTIVITY|1780 E LAKEWOOD DR|HOLLADAY,6/2/2026,1,5.0
1232,COTTONWOOD COUNTRY CLUB - LOUNGE ACTIVITY|1780 E LAKEWOOD DR|HOLLADAY,6/11/2025,1,4.0
1233,COTTONWOOD COUNTRY CLUB - LOUNGE ACTIVITY|1780 E LAKEWOOD DR|HOLLADAY,6/13/2024,1,7.0
1234,COTTONWOOD COUNTRY CLUB - LOUNGE ACTIVITY|1780 E LAKEWOOD DR|HOLLADAY,4/8/2022,1,16.0
1235,COTTONWOOD COUNTRY CLUB - LOUNGE ACTIVITY|1780 E LAKEWOOD DR|HOLLADAY,3/30/2021,1,9.0
1236,COTTONWOOD COUNTRY CLUB - LOUNGE ACTIVITY|1780 E LAKEWOOD DR|HOLLADAY,11/7/2019,1,11.0
1237,COTTONWOOD COUNTRY CLUB - LOUNGE ACTIVITY|1780 E LAKEWOOD DR|HOLLADAY,11/7/2018,1,14.0
1238,COTTONWOOD COUNTRY CLUB - LOUNGE ACTIVITY|1780 E LAKEWOOD DR|HOLLADAY,11/7/2017,1,21.0
1239,COTTONWOOD COUNTRY CLUB - LOUNGE ACTIVITY|1780 E LAKEWOOD DR|HOLLADAY,11/7/2016,1,13.0
1240,COTTONWOOD COUNTRY CLUB - LOUNGE ACTIVITY|1780 E LAKEWOOD DR|HOLLADAY,9/16/2015,1,9.0
1241,COUNTRY INN & SUITES|3422 S DECKER LAKE DR|WEST VALLEY CITY,10/23/2025,1,6.0
1242,COUNTRY INN & SUITES|3422 S DECKER LAKE DR|WEST VALLEY CITY,11/19/2024,2,7.0
1243,COUNTRY INN & SUITES|3422 S DECKER LAKE DR|WEST VALLEY CITY,11/8/2024,1,60.0
1244,COUNTRY INN & SUITES|3422 S DECKER LAKE DR|WEST VALLEY CITY,6/13/2023,1,21.0
1245,COUNTRY INN & SUITES|3422 S DECKER LAKE DR|WEST VALLEY CITY,5/10/2022,1,16.0
1246,COUNTRY INN & SUITES|3422 S DECKER LAKE DR|WEST VALLEY CITY,4/13/2021,1,1.0
1247,COUNTRY INN & SUITES|3422 S DECKER LAKE DR|WEST VALLEY CITY,12/27/2019,1,17.0
1248,COUNTRY INN & SUITES|3422 S DECKER LAKE DR|WEST VALLEY CITY,1/23/2019,1,2.0
1249,COUNTRY INN & SUITES|3422 S DECKER LAKE DR|WEST VALLEY CITY,5/9/2018,1,5.0
1250,COUNTRY INN & SUITES|3422 S DECKER LAKE DR|WEST VALLEY CITY,5/19/2017,1,6.0
1251,COURTYARD SALT LAKE CITY COTTONWOOD|7365 S CANYON CENTRE PKWY|COTTONWOOD HEIGHTS,12/1/2025,1,4.0
1252,COURTYARD SALT LAKE CITY COTTONWOOD|7365 S CANYON CENTRE PKWY|COTTONWOOD HEIGHTS,8/22/2024,1,6.0
1253,COURTYARD SALT LAKE CITY COTTONWOOD|7365 S CANYON CENTRE PKWY|COTTONWOOD HEIGHTS,8/28/2023,1,18.0
1254,COURTYARD SALT LAKE CITY COTTONWOOD|7365 S CANYON CENTRE PKWY|COTTONWOOD HEIGHTS,3/16/2022,1,1.0
1255,COWBOY CORNDOGS|451 S 1400 E|SALT LAKE CITY,11/1/2025,1,4.0
1256,COWBOY CORNDOGS|451 S 1400 E|SALT LAKE CITY,8/29/2024,1,2.0
1257,COWBOY CORNDOGS|451 S 1400 E|SALT LAKE CITY,10/14/2023,1,1.0
1258,COWBOY CORNDOGS|451 S 1400 E|SALT LAKE CITY,5/13/2023,1,15.0
1259,CRACKER BARREL OLD COUNTRY|2283 W CITY CENTER CT|WEST VALLEY CITY,6/30/2026,1,13.0
1260,CRACKER BARREL OLD COUNTRY|2283 W CITY CENTER CT|WEST VALLEY CITY,1/21/2026,1,24.0
1261,CRACKER BARREL OLD COUNTRY|2283 W CITY CENTER CT|WEST VALLEY CITY,5/12/2025,1,30.0
1262,CRACKER BARREL OLD COUNTRY|2283 W CITY CENTER CT|WEST VALLEY CITY,9/25/2023,1,11.0
1263,CRACKER BARREL OLD COUNTRY|2283 W CITY CENTER CT|WEST VALLEY CITY,2/28/2023,1,23.0
1264,CRACKER BARREL OLD COUNTRY|2283 W CITY CENTER CT|WEST VALLEY CITY,4/14/2022,1,47.0
1265,CRACKER BARREL OLD COUNTRY|2283 W CITY CENTER CT|WEST VALLEY CITY,4/13/2021,1,11.0
1266,CRACKER BARREL OLD COUNTRY|2283 W CITY CENTER CT|WEST VALLEY CITY,6/15/2020,1,11.0
1267,CRACKER BARREL OLD COUNTRY|2283 W CITY CENTER CT|WEST VALLEY CITY,9/13/2019,1,8.0
1268,CRACKER BARREL OLD COUNTRY|2283 W CITY CENTER CT|WEST VALLEY CITY,1/15/2019,1,21.0
1269,CRANDALL STYLE @ ST VINCENT DE PAUL|1375 E SPRING LN|HOLLADAY,3/12/2026,1,0.0
1270,CRANDALL STYLE @ ST VINCENT DE PAUL|1375 E SPRING LN|HOLLADAY,10/18/2024,1,9.0
1271,CRANDALL STYLE @ ST VINCENT DE PAUL|1375 E SPRING LN|HOLLADAY,9/13/2023,1,8.0
1272,CRANDALL STYLE @ ST VINCENT DE PAUL|1375 E SPRING LN|HOLLADAY,3/25/2022,1,0.0
1273,CRANDALL STYLE @ ST VINCENT DE PAUL|1375 E SPRING LN|HOLLADAY,3/30/2021,1,3.0
1274,CRANDALL STYLE @ ST VINCENT DE PAUL|1375 E SPRING LN|HOLLADAY,10/16/2019,1,21.0
1275,CRAVE COOKIES|611 S MAIN ST|SALT LAKE CITY,7/7/2026,1,5.0
1276,CRAZY CHICKEN #439508Z|5505 W AMELIA EARHART DR|SALT LAKE CITY,3/4/2026,1,5.0
1277,CRAZY CROFFLE|158 S RIO GRANDE ST|SALT LAKE CITY,3/19/2026,1,5.0
1278,CRESCENT HALL EVENT VENUE|11020 S STATE ST|SANDY,12/17/2025,1,2.0
1279,CRESCENT HALL EVENT VENUE|11020 S STATE ST|SANDY,10/22/2024,1,2.0
1280,CRESCENT HALL EVENT VENUE|11020 S STATE ST|SANDY,9/20/2022,1,1.0
1281,CROWN BURGERS|4689 S HOLLADAY BLVD|HOLLADAY,6/30/2026,1,10.0
1282,CROWN BURGERS|4689 S HOLLADAY BLVD|HOLLADAY,11/5/2025,1,17.0
1283,CROWN BURGERS|4689 S HOLLADAY BLVD|HOLLADAY,5/22/2025,1,15.0
1284,CROWN BURGERS|4689 S HOLLADAY BLVD|HOLLADAY,8/30/2024,1,18.0
1285,CROWN BURGERS|4689 S HOLLADAY BLVD|HOLLADAY,12/4/2023,1,23.0
1286,CROWN BURGERS|4689 S HOLLADAY BLVD|HOLLADAY,2/14/2023,1,18.0
1287,CROWN BURGERS|4689 S HOLLADAY BLVD|HOLLADAY,4/25/2022,1,10.0
1288,CRUNCH FUSION SUSHI|609 S STATE ST|SALT LAKE CITY,3/10/2026,1,0.0
1289,CRYSTAL INN HOTEL SUITES MIDVALLEY|818 E WINCHESTER DR|MURRAY,6/17/2026,1,9.0
1290,CRYSTAL INN HOTEL SUITES MIDVALLEY|818 E WINCHESTER DR|MURRAY,10/7/2025,1,7.0
1291,CRYSTAL INN HOTEL SUITES MIDVALLEY|818 E WINCHESTER DR|MURRAY,1/23/2025,1,20.0
1292,CRYSTAL INN HOTEL SUITES MIDVALLEY|818 E WINCHESTER DR|MURRAY,6/7/2024,1,6.0
1293,CRYSTAL INN HOTEL SUITES MIDVALLEY|818 E WINCHESTER DR|MURRAY,11/16/2023,1,7.0
1294,CRYSTAL INN HOTEL SUITES MIDVALLEY|818 E WINCHESTER DR|MURRAY,6/5/2023,1,23.0
1295,CRYSTAL INN HOTEL SUITES MIDVALLEY|818 E WINCHESTER DR|MURRAY,6/30/2022,1,30.0
1296,CRYSTAL INN HOTEL SUITES MIDVALLEY|818 E WINCHESTER DR|MURRAY,8/7/2020,1,0.0
1297,CRYSTAL INN HOTEL SUITES MIDVALLEY|818 E WINCHESTER DR|MURRAY,11/21/2019,1,2.0
1298,CRYSTAL INN HOTEL SUITES MIDVALLEY|818 E WINCHESTER DR|MURRAY,5/10/2019,1,10.0
1299,CUBBYS|1072 E FORT UNION BLVD|MIDVALE,1/26/2026,1,11.0
1300,CUBBYS|1072 E FORT UNION BLVD|MIDVALE,6/27/2025,1,17.0
1301,CUBBYS|1072 E FORT UNION BLVD|MIDVALE,8/8/2024,1,37.0
1302,CUBBYS|1072 E FORT UNION BLVD|MIDVALE,1/16/2024,1,54.0
1303,CUBBYS|1072 E FORT UNION BLVD|MIDVALE,6/16/2022,1,18.0
1304,CUBBYS|759 E 2100 S|SALT LAKE CITY,11/20/2025,1,11.0
1305,CUBBYS|759 E 2100 S|SALT LAKE CITY,3/20/2025,1,15.0
1306,CUBBYS|759 E 2100 S|SALT LAKE CITY,8/7/2024,1,23.0
1307,CUBBYS|759 E 2100 S|SALT LAKE CITY,5/2/2024,7,0.0
1308,CUBBYS R3/DELTA CENTER|301 W SOUTH TEMPLE ST|SALT LAKE CITY,11/20/2025,1,10.0
1309,CUBBYS R3/DELTA CENTER|301 W SOUTH TEMPLE ST|SALT LAKE CITY,4/2/2024,1,26.0
1310,CUBBYS R3/DELTA CENTER|301 W SOUTH TEMPLE ST|SALT LAKE CITY,11/30/2022,1,13.0
1311,CUBBYS R3/DELTA CENTER|301 W SOUTH TEMPLE ST|SALT LAKE CITY,12/20/2021,1,7.0
1312,CUBBYS R3/DELTA CENTER|301 W SOUTH TEMPLE ST|SALT LAKE CITY,5/5/2021,1,18.0
1313,CUBBYS R3/DELTA CENTER|301 W SOUTH TEMPLE ST|SALT LAKE CITY,11/18/2019,1,14.0
1314,CUBBYS R3/DELTA CENTER|301 W SOUTH TEMPLE ST|SALT LAKE CITY,11/5/2018,1,1.0
1315,CUBBYS R3/DELTA CENTER|301 W SOUTH TEMPLE ST|SALT LAKE CITY,11/28/2017,2,11.0
1316,CUBBYS R3/DELTA CENTER|301 W SOUTH TEMPLE ST|SALT LAKE CITY,11/13/2017,1,48.0
1317,CUBE/SIDE DOOR|9385 S SNOWBIRD TRAIL RD|SALT LAKE CITY,1/16/2025,1,0.0
1318,CULTURE COFFEE|285 N 900 W|SALT LAKE CITY,11/25/2025,1,3.0
1319,CULTURE COFFEE|285 N 900 W|SALT LAKE CITY,4/24/2024,1,4.0
1320,CULTURE COFFEE|285 N 900 W|SALT LAKE CITY,3/17/2023,1,0.0
1321,CUPBOP|2915 E 3300 S|MILLCREEK,3/30/2026,1,10.0
1322,CUPBOP|2915 E 3300 S|MILLCREEK,5/19/2025,1,2.0
1323,CUPBOP|2915 E 3300 S|MILLCREEK,4/2/2024,1,37.0
1324,CUPBOP|2915 E 3300 S|MILLCREEK,8/22/2022,1,31.0
1325,CUPBOP #G726HM|3269 E 5400 S|TAYLORSVILLE,6/13/2026,1,6.0
1326,CUPBOP #G726HM|3269 E 5400 S|TAYLORSVILLE,1/30/2026,1,0.0
1327,CUPBOP #G726HM|3269 E 5400 S|TAYLORSVILLE,5/16/2024,2,0.0
1328,CUPBOP #G726HM|3269 E 5400 S|TAYLORSVILLE,5/11/2024,1,115.0
1329,CUPBOP #G726HM|3269 E 5400 S|TAYLORSVILLE,11/14/2023,1,1.0
1330,CUPBOP #G726HM|3269 E 5400 S|TAYLORSVILLE,5/19/2023,2,3.0
1331,CUPBOP #G726HM|3269 E 5400 S|TAYLORSVILLE,5/13/2023,1,115.0
1332,DAVES HOT CHICKEN|936 E FORT UNION BLVD|MIDVALE,3/3/2026,1,0.0
1333,DAVES HOT CHICKEN|936 E FORT UNION BLVD|MIDVALE,4/30/2025,1,21.0
1334,DAVES HOT CHICKEN|936 E FORT UNION BLVD|MIDVALE,12/4/2023,1,17.0
1335,DAVES HOT CHICKEN|936 E FORT UNION BLVD|MIDVALE,10/18/2023,7,6.0
1336,DAVES HOT CHICKEN #1188|777 E 2100 S|SALT LAKE CITY,2/26/2026,1,4.0
1337,DAVES HOT CHICKEN #1188|777 E 2100 S|SALT LAKE CITY,3/20/2025,1,4.0
1338,DAVES HOT CHICKEN #1317|4182 W 13400 S|RIVERTON,12/30/2025,1,9.0
1339,DAYBREAK MEGAPLEX|11068 S GRANDVILLE AVE|SOUTH JORDAN,5/18/2026,1,8.0
1340,DAYBREAK MEGAPLEX|11068 S GRANDVILLE AVE|SOUTH JORDAN,11/12/2025,1,9.0
1341,DEES RESTAURANT|2085 S REDWOOD RD|SALT LAKE CITY,12/30/2025,1,11.0
1342,DEES RESTAURANT|2085 S REDWOOD RD|SALT LAKE CITY,2/26/2025,1,16.0
1343,DEES RESTAURANT|2085 S REDWOOD RD|SALT LAKE CITY,10/30/2024,1,5.0
1344,DEES RESTAURANT|2085 S REDWOOD RD|SALT LAKE CITY,6/6/2024,1,27.0
1345,DEES RESTAURANT|2085 S REDWOOD RD|SALT LAKE CITY,2/12/2024,1,31.0
1346,DEES RESTAURANT|2085 S REDWOOD RD|SALT LAKE CITY,10/5/2023,1,63.0
1347,DEES RESTAURANT|2085 S REDWOOD RD|SALT LAKE CITY,6/28/2023,1,3.0
1348,DEES RESTAURANT|2085 S REDWOOD RD|SALT LAKE CITY,1/26/2023,1,9.0
1349,DEES RESTAURANT|2085 S REDWOOD RD|SALT LAKE CITY,10/7/2021,1,9.0
1350,DEES RESTAURANT|2085 S REDWOOD RD|SALT LAKE CITY,8/26/2020,1,18.0
1351,DEL TACO|1651 W SOUTH JORDAN PKWY|SOUTH JORDAN,1/16/2026,1,11.0
1352,DEL TACO|1651 W SOUTH JORDAN PKWY|SOUTH JORDAN,5/6/2025,1,19.0
1353,DEL TACO|1651 W SOUTH JORDAN PKWY|SOUTH JORDAN,8/14/2024,2,6.0
1354,DEL TACO|1651 W SOUTH JORDAN PKWY|SOUTH JORDAN,8/13/2024,1,63.0
1355,DEL TACO|1651 W SOUTH JORDAN PKWY|SOUTH JORDAN,1/16/2024,1,28.0
1356,DEL TACO|1651 W SOUTH JORDAN PKWY|SOUTH JORDAN,1/5/2023,1,11.0
1357,DEL TACO|1651 W SOUTH JORDAN PKWY|SOUTH JORDAN,6/6/2022,1,38.0
1358,DEL TACO|1651 W SOUTH JORDAN PKWY|SOUTH JORDAN,11/19/2021,1,28.0
1359,DEL TACO|1651 W SOUTH JORDAN PKWY|SOUTH JORDAN,5/18/2021,1,10.0
1360,DEL TACO|1651 W SOUTH JORDAN PKWY|SOUTH JORDAN,9/9/2020,1,32.0
1361,DEL TACO #1037|2000 S 3230 W|SALT LAKE CITY,3/6/2026,1,3.0
1362,DEL TACO #1037|2000 S 3230 W|SALT LAKE CITY,1/31/2025,1,13.0
1363,DEL TACO #1037|2000 S 3230 W|SALT LAKE CITY,6/26/2024,1,19.0
1364,DEL TACO #1037|2000 S 3230 W|SALT LAKE CITY,12/4/2023,1,8.0
1365,DEL TACO #1037|2000 S 3230 W|SALT LAKE CITY,2/3/2023,1,10.0
1366,DEL TACO #1037|2000 S 3230 W|SALT LAKE CITY,9/8/2021,1,4.0
1367,DEL TACO #1037|2000 S 3230 W|SALT LAKE CITY,6/25/2020,1,15.0
1368,DEL TACO #1037|2000 S 3230 W|SALT LAKE CITY,6/28/2019,1,6.0
1369,DEL TACO #1037|2000 S 3230 W|SALT LAKE CITY,9/28/2018,1,14.0
1370,DEL TACO #1037|2000 S 3230 W|SALT LAKE CITY,4/3/2018,1,56.0
1371,DEL TACO #1107|809 E 400 S|SALT LAKE CITY,6/1/2026,1,7.0
1372,DEL TACO #1107|809 E 400 S|SALT LAKE CITY,10/9/2025,1,6.0
1373,DEL TACO #1107|809 E 400 S|SALT LAKE CITY,4/16/2025,1,2.0
1374,DEL TACO #1107|809 E 400 S|SALT LAKE CITY,4/9/2024,1,9.0
1375,DEL TACO #1107|809 E 400 S|SALT LAKE CITY,10/25/2023,1,2.0
1376,DEL TACO #1107|809 E 400 S|SALT LAKE CITY,3/21/2023,1,2.0
1377,DEL TACO #1107|809 E 400 S|SALT LAKE CITY,4/28/2022,1,15.0
1378,DEL TACO #1107|809 E 400 S|SALT LAKE CITY,3/26/2021,1,19.0
1379,DEL TACO #1107|809 E 400 S|SALT LAKE CITY,12/11/2019,1,8.0
1380,DEL TACO #1107|809 E 400 S|SALT LAKE CITY,4/11/2019,1,13.0
1381,DEL TACO #1174|1731 W BOWLING AVE|TAYLORSVILLE,4/4/2025,1,2.0
1382,DEL TACO #1174|1731 W BOWLING AVE|TAYLORSVILLE,9/18/2024,1,1.0
1383,DEL TACO #1174|1731 W BOWLING AVE|TAYLORSVILLE,2/5/2024,1,3.0
1384,DEL TACO #1174|1731 W BOWLING AVE|TAYLORSVILLE,6/29/2023,1,9.0
1385,DEL TACO #1174|1731 W BOWLING AVE|TAYLORSVILLE,12/20/2022,1,28.0
1386,DEL TACO #1174|1731 W BOWLING AVE|TAYLORSVILLE,2/24/2022,1,24.0
1387,DEL TACO #1174|1731 W BOWLING AVE|TAYLORSVILLE,3/26/2021,1,6.0
1388,DEL TACO #1174|1731 W BOWLING AVE|TAYLORSVILLE,1/16/2020,1,12.0
1389,DEL TACO #1174|1731 W BOWLING AVE|TAYLORSVILLE,7/25/2019,1,10.0
1390,DEL TACO #1174|1731 W BOWLING AVE|TAYLORSVILLE,2/27/2019,1,16.0
1391,DEL TACO #273|8580 S 1300 E|SANDY,6/2/2026,1,11.0
1392,DEL TACO #273|8580 S 1300 E|SANDY,10/7/2025,1,17.0
1393,DEL TACO #273|8580 S 1300 E|SANDY,4/2/2025,1,21.0
1394,DEL TACO #273|8580 S 1300 E|SANDY,6/18/2024,1,10.0
1395,DEL TACO #273|8580 S 1300 E|SANDY,10/26/2023,1,27.0
1396,DEL TACO #273|8580 S 1300 E|SANDY,3/7/2023,7,6.0
1397,DEL TACO #273|8580 S 1300 E|SANDY,1/9/2023,1,14.0
1398,DEL TACO #273|8580 S 1300 E|SANDY,6/1/2022,1,30.0
1399,DEL TACO #273|8580 S 1300 E|SANDY,1/21/2021,1,10.0
1400,DEL TACO #273|8580 S 1300 E|SANDY,6/30/2020,1,10.0
1401,DEL TACO #736|5672 S 900 E|MURRAY,5/12/2026,1,1.0
1402,DEL TACO #736|5672 S 900 E|MURRAY,11/10/2025,1,2.0
1403,DEL TACO #736|5672 S 900 E|MURRAY,4/21/2025,1,35.0
1404,DEL TACO #736|5672 S 900 E|MURRAY,10/7/2024,1,27.0
1405,DEL TACO #736|5672 S 900 E|MURRAY,6/6/2024,1,15.0
1406,DEL TACO #736|5672 S 900 E|MURRAY,2/13/2024,1,18.0
1407,DEL TACO #736|5672 S 900 E|MURRAY,10/13/2023,1,22.0
1408,DEL TACO #736|5672 S 900 E|MURRAY,7/25/2023,7,2.0
1409,DEL TACO #736|5672 S 900 E|MURRAY,6/12/2023,1,26.0
1410,DEL TACO #736|5672 S 900 E|MURRAY,6/13/2022,1,7.0
1411,DEL TACO #752|2963 S 5600 W|WEST VALLEY CITY,1/22/2026,1,5.0
1412,DEL TACO #752|2963 S 5600 W|WEST VALLEY CITY,5/7/2025,1,11.0
1413,DEL TACO #752|2963 S 5600 W|WEST VALLEY CITY,5/29/2024,1,17.0
1414,DEL TACO #752|2963 S 5600 W|WEST VALLEY CITY,12/12/2022,1,16.0
1415,DEL TACO #752|2963 S 5600 W|WEST VALLEY CITY,4/18/2022,1,18.0
1416,DEL TACO #752|2963 S 5600 W|WEST VALLEY CITY,7/26/2021,1,33.0
1417,DEL TACO #752|2963 S 5600 W|WEST VALLEY CITY,7/6/2020,1,2.0
1418,DEL TACO #752|2963 S 5600 W|WEST VALLEY CITY,9/27/2019,1,10.0
1419,DEL TACO #752|2963 S 5600 W|WEST VALLEY CITY,1/8/2019,1,9.0
1420,DEL TACO #752|2963 S 5600 W|WEST VALLEY CITY,7/6/2018,1,20.0
1421,DEL TACO #774|96 E 12300 S|DRAPER,6/3/2026,1,4.0
1422,DEL TACO #774|96 E 12300 S|DRAPER,3/3/2025,1,4.0
1423,DEL TACO #774|96 E 12300 S|DRAPER,7/5/2024,1,14.0
1424,DEL TACO #774|96 E 12300 S|DRAPER,5/31/2023,1,25.0
1425,DEL TACO #774|96 E 12300 S|DRAPER,12/12/2022,1,26.0
1426,DEL TACO #774|96 E 12300 S|DRAPER,5/25/2022,1,20.0
1427,DEL TACO #774|96 E 12300 S|DRAPER,11/23/2021,1,19.0
1428,DEL TACO #774|96 E 12300 S|DRAPER,5/10/2021,1,14.0
1429,DEL TACO #774|96 E 12300 S|DRAPER,2/18/2020,1,33.0
1430,DEL TACO #774|96 E 12300 S|DRAPER,9/11/2019,2,6.0
1431,DEL TACO #876|6876 S REDWOOD RD|WEST JORDAN,6/30/2026,1,6.0
1432,DEL TACO #876|6876 S REDWOOD RD|WEST JORDAN,1/26/2026,1,11.0
1433,DEL TACO #876|6876 S REDWOOD RD|WEST JORDAN,3/3/2025,1,7.0
1434,DEL TACO #876|6876 S REDWOOD RD|WEST JORDAN,8/7/2024,1,24.0
1435,DEL TACO #876|6876 S REDWOOD RD|WEST JORDAN,1/2/2024,1,17.0
1436,DEL TACO #876|6876 S REDWOOD RD|WEST JORDAN,1/9/2023,1,23.0
1437,DEL TACO #876|6876 S REDWOOD RD|WEST JORDAN,1/3/2022,1,32.0
1438,DEL TACO #876|6876 S REDWOOD RD|WEST JORDAN,8/13/2020,1,6.0
1439,DEL TACO #876|6876 S REDWOOD RD|WEST JORDAN,11/6/2019,1,10.0
1440,DEL TACO #876|6876 S REDWOOD RD|WEST JORDAN,5/1/2019,1,16.0
1441,DELICIAS FRUTY SNACKS|1739 W CARRIAGE SQUARE|TAYLORSVILLE,4/3/2025,1,5.0
1442,DELICIAS FRUTY SNACKS|1739 W CARRIAGE SQUARE|TAYLORSVILLE,1/29/2024,1,9.0
1443,DELICIAS FRUTY SNACKS|1739 W CARRIAGE SQUARE|TAYLORSVILLE,10/10/2022,1,7.0
1444,DELTA CLUB/DELTA CENTER|301 W SOUTH TEMPLE ST|SALT LAKE CITY,11/20/2025,1,2.0
1445,DELTA CLUB/DELTA CENTER|301 W SOUTH TEMPLE ST|SALT LAKE CITY,4/2/2024,1,1.0
1446,DENNYS #7480|1701 W NORTH TEMPLE ST|SALT LAKE CITY,10/24/2025,1,13.0
1447,DENNYS #7480|1701 W NORTH TEMPLE ST|SALT LAKE CITY,4/21/2025,7,22.0
1448,DENNYS #7480|1701 W NORTH TEMPLE ST|SALT LAKE CITY,1/3/2025,1,3.0
1449,DENNYS #7480|1701 W NORTH TEMPLE ST|SALT LAKE CITY,11/14/2024,7,0.0
1450,DENNYS #7480|1701 W NORTH TEMPLE ST|SALT LAKE CITY,7/2/2024,1,2.0
1451,DENNYS #7480|1701 W NORTH TEMPLE ST|SALT LAKE CITY,2/21/2024,1,47.0
1452,DENNYS #7480|1701 W NORTH TEMPLE ST|SALT LAKE CITY,12/14/2023,2,32.0
1453,DENNYS #7480|1701 W NORTH TEMPLE ST|SALT LAKE CITY,10/18/2023,1,40.0
1454,DENNYS #7480|1701 W NORTH TEMPLE ST|SALT LAKE CITY,3/1/2023,2,6.0
1455,DENNYS #7480|1701 W NORTH TEMPLE ST|SALT LAKE CITY,1/24/2023,1,41.0
1456,DIAMOND CONCESSIONS @MAVERIK CENTER #430|3200 S DECKER LAKE DR|WEST VALLEY CITY,7/14/2025,1,3.0
1457,DIAMOND CONCESSIONS @MAVERIK CENTER #430|3200 S DECKER LAKE DR|WEST VALLEY CITY,4/12/2024,1,29.0
1458,DIAMOND CONCESSIONS @MAVERIK CENTER #430|3200 S DECKER LAKE DR|WEST VALLEY CITY,8/28/2018,1,5.0
1459,DIAMOND CONCESSIONS @MAVERIK CENTER #430|3200 S DECKER LAKE DR|WEST VALLEY CITY,4/8/2016,1,10.0
1460,DIAMOND CONCESSIONS @MAVERIK CENTER #430|3200 S DECKER LAKE DR|WEST VALLEY CITY,1/23/2015,1,9.0
1461,DIAMOND CONCESSIONS @MAVERIK CENTER #430|3200 S DECKER LAKE DR|WEST VALLEY CITY,2/28/2014,1,3.0
1462,DIAMOND CONCESSIONS @MAVERIK CENTER #430|3200 S DECKER LAKE DR|WEST VALLEY CITY,10/23/2011,1,11.0
1463,DIAMOND CONCESSIONS @MAVERIK CENTER #430|3200 S DECKER LAKE DR|WEST VALLEY CITY,10/19/2010,1,6.0
1464,DIAMOND CONCESSIONS @MAVERIK CENTER #430|3200 S DECKER LAKE DR|WEST VALLEY CITY,1/27/2010,1,3.0
1465,DIAMOND CONCESSIONS @MAVERIK CENTER #430|3200 S DECKER LAKE DR|WEST VALLEY CITY,2/6/2009,1,14.0
1466,DINING WITH DONNA|3232 S 400 E|SOUTH SALT LAKE,10/20/2025,1,0.0
1467,DINING WITH DONNA|3232 S 400 E|SOUTH SALT LAKE,5/24/2024,1,0.0
1468,DINING WITH DONNA|3232 S 400 E|SOUTH SALT LAKE,3/8/2022,1,0.0
1469,DINING WITH DONNA|3232 S 400 E|SOUTH SALT LAKE,9/6/2019,1,1.0
1470,DINNER TIME MEALS|278 E 12300 S|DRAPER,5/6/2026,1,4.0
1471,DINNER TIME MEALS|278 E 12300 S|DRAPER,12/26/2025,2,0.0
1472,DIPPIN DOTS#H272GL|3232 S 400 E|SOUTH SALT LAKE,7/3/2025,1,0.0
1473,DODO RESTAURANT|1355 E 2100 S|SALT LAKE CITY,10/27/2025,1,9.0
1474,DODO RESTAURANT|1355 E 2100 S|SALT LAKE CITY,8/7/2024,1,29.0
1475,DODO RESTAURANT|1355 E 2100 S|SALT LAKE CITY,2/26/2024,1,9.0
1476,DODO RESTAURANT|1355 E 2100 S|SALT LAKE CITY,8/11/2022,1,5.0
1477,DODO RESTAURANT|1355 E 2100 S|SALT LAKE CITY,3/30/2021,1,5.0
1478,DODO RESTAURANT|1355 E 2100 S|SALT LAKE CITY,1/23/2020,1,6.0
1479,DODO RESTAURANT|1355 E 2100 S|SALT LAKE CITY,6/24/2019,1,9.0
1480,DODO RESTAURANT|1355 E 2100 S|SALT LAKE CITY,2/19/2019,1,9.0
1481,DODO RESTAURANT|1355 E 2100 S|SALT LAKE CITY,10/9/2018,1,7.0
1482,DODO RESTAURANT|1355 E 2100 S|SALT LAKE CITY,5/9/2018,1,6.0
1483,DOLLYS SHAVE ICE #410010Z|3232 S 400 E|SOUTH SALT LAKE,9/27/2025,1,0.0
1484,DOMINOS|1156 W 600 N|SALT LAKE CITY,3/5/2025,1,6.0
1485,DOMINOS|1156 W 600 N|SALT LAKE CITY,4/8/2024,1,10.0
1486,DOMINOS|1156 W 600 N|SALT LAKE CITY,7/5/2023,1,8.0
1487,DOMINOS|1430 S FOOTHILL DR|SALT LAKE CITY,3/23/2026,1,4.0
1488,DOMINOS|1430 S FOOTHILL DR|SALT LAKE CITY,6/11/2025,1,8.0
1489,DOMINOS|1430 S FOOTHILL DR|SALT LAKE CITY,9/27/2023,1,23.0
1490,DOMINOS|2115 S STATE ST|SOUTH SALT LAKE,1/8/2026,1,7.0
1491,DOMINOS|2115 S STATE ST|SOUTH SALT LAKE,5/12/2025,1,24.0
1492,DOMINOS|2115 S STATE ST|SOUTH SALT LAKE,2/28/2024,3,0.0
1493,DOMINOS PIZZA|13680 S REDWOOD RD|RIVERTON,5/5/2026,1,4.0
1494,DOMINOS PIZZA|13680 S REDWOOD RD|RIVERTON,8/16/2024,1,11.0
1495,DOMINOS PIZZA|13680 S REDWOOD RD|RIVERTON,11/13/2023,1,15.0
1496,DOMINOS PIZZA|14688 S 568 W|BLUFFDALE,1/7/2026,1,2.0
1497,DOMINOS PIZZA|14688 S 568 W|BLUFFDALE,1/31/2025,1,12.0
1498,DOMINOS PIZZA|7552 S PLAZA CENTER DR|WEST JORDAN,5/22/2026,1,0.0
1499,DOMINOS PIZZA|7552 S PLAZA CENTER DR|WEST JORDAN,10/21/2025,1,32.0
1500,DOMINOS PIZZA|7552 S PLAZA CENTER DR|WEST JORDAN,2/24/2025,1,1.0
1501,DOMINOS PIZZA|7552 S PLAZA CENTER DR|WEST JORDAN,7/8/2024,1,1.0
1502,DOMINOS PIZZA #7509|2282 S REDWOOD RD|WEST VALLEY CITY,4/3/2026,7,10.0
1503,DOMINOS PIZZA #7509|2282 S REDWOOD RD|WEST VALLEY CITY,12/16/2025,1,8.0
1504,DOMINOS PIZZA #7509|2282 S REDWOOD RD|WEST VALLEY CITY,3/4/2025,1,6.0
1505,DOMINOS PIZZA #7509|2282 S REDWOOD RD|WEST VALLEY CITY,6/12/2024,1,14.0
1506,DOMINOS PIZZA #7509|2282 S REDWOOD RD|WEST VALLEY CITY,5/6/2024,2,9.0
1507,DOMINOS PIZZA #7514|6064 S STATE ST|MURRAY,8/20/2025,1,7.0
1508,DOMINOS PIZZA #7514|6064 S STATE ST|MURRAY,8/7/2024,1,18.0
1509,DOMINOS PIZZA #7514|6064 S STATE ST|MURRAY,5/15/2024,2,1.0
1510,DOMINOS PIZZA #7514|6064 S STATE ST|MURRAY,5/1/2024,2,9.0
1511,DOMINOS PIZZA #7518|4756 S HIGHLAND DR|SALT LAKE CITY,2/2/2026,1,2.0
1512,DOMINOS PIZZA #7518|4756 S HIGHLAND DR|SALT LAKE CITY,5/7/2025,1,8.0
1513,DOMINOS PIZZA #7518|4756 S HIGHLAND DR|SALT LAKE CITY,8/19/2024,1,2.0
1514,DOMINOS PIZZA #7518|4756 S HIGHLAND DR|SALT LAKE CITY,4/18/2024,2,15.0
1515,DOMINOS PIZZA #7518|4756 S HIGHLAND DR|SALT LAKE CITY,4/12/2024,2,20.0
1516,DOMINOS PIZZA #7531|4790 W 3500 S|SALT LAKE CITY,6/18/2026,1,4.0
1517,DOMINOS PIZZA #7531|4790 W 3500 S|SALT LAKE CITY,8/13/2025,1,2.0
1518,DOMINOS PIZZA #7531|4790 W 3500 S|SALT LAKE CITY,7/31/2024,1,10.0
1519,DOMINOS PIZZA #7531|4790 W 3500 S|SALT LAKE CITY,5/6/2024,2,2.0
1520,DOMINOS PIZZA #9115|1961 E FORT UNION BLVD|COTTONWOOD HEIGHTS,3/2/2026,1,4.0
1521,DOMINOS PIZZA #9115|1961 E FORT UNION BLVD|COTTONWOOD HEIGHTS,4/28/2025,1,10.0
1522,DOMINOS PIZZA #9115|1961 E FORT UNION BLVD|COTTONWOOD HEIGHTS,4/29/2024,1,8.0
1523,DOMINOS PIZZA 9116|3731 W SOUTH JORDAN PKWY|SOUTH JORDAN,12/15/2025,1,3.0
1524,DOMINOS PIZZA 9116|3731 W SOUTH JORDAN PKWY|SOUTH JORDAN,1/28/2025,1,11.0
1525,DOMINOS PIZZA 9116|3731 W SOUTH JORDAN PKWY|SOUTH JORDAN,4/10/2024,1,6.0
1526,DOMINOS PIZZA 9116|3731 W SOUTH JORDAN PKWY|SOUTH JORDAN,6/1/2023,1,13.0
1527,DOMINOS PIZZA 9116|3731 W SOUTH JORDAN PKWY|SOUTH JORDAN,4/13/2023,2,11.0
1528,DON DANIELS MEXICAN GRILL & CANTINA|1017 N 900 W|SALT LAKE CITY,2/13/2025,1,3.0
1529,DON DANIELS MEXICAN GRILL & CANTINA|1017 N 900 W|SALT LAKE CITY,6/11/2024,2,7.0
1530,DON DANIELS MEXICAN GRILL & CANTINA|1017 N 900 W|SALT LAKE CITY,5/23/2024,7,1.0
1531,DON DANIELS MEXICAN GRILL & CANTINA|1017 N 900 W|SALT LAKE CITY,4/26/2024,1,39.0
1532,DON DANIELS MEXICAN GRILL & CANTINA|1017 N 900 W|SALT LAKE CITY,10/9/2023,1,13.0
1533,DON DANIELS MEXICAN GRILL & CANTINA|1017 N 900 W|SALT LAKE CITY,11/14/2022,7,0.0
1534,DON DANIELS MEXICAN GRILL & CANTINA|1017 N 900 W|SALT LAKE CITY,11/14/2022,1,21.0
1535,DON DANIELS MEXICAN GRILL & CANTINA|1017 N 900 W|SALT LAKE CITY,5/24/2021,1,21.0
1536,DON DANIELS MEXICAN GRILL & CANTINA|1017 N 900 W|SALT LAKE CITY,12/12/2019,1,8.0
1537,DUMKE SOFTBALL FIELD|102 S WASATCH DR|SALT LAKE CITY,7/1/2026,1,6.0
1538,DUMKE SOFTBALL FIELD|102 S WASATCH DR|SALT LAKE CITY,7/16/2025,1,6.0
1539,DUMKE SOFTBALL FIELD|102 S WASATCH DR|SALT LAKE CITY,5/20/2023,1,0.0
1540,DUTCH BROS|7856 S 700 E|SANDY,6/12/2026,1,7.0
1541,DUTCH BROS|7856 S 700 E|SANDY,5/1/2025,1,16.0
1542,DUTCH BROS|7856 S 700 E|SANDY,1/10/2024,1,16.0
1543,DUTCH BROS|7856 S 700 E|SANDY,12/8/2022,1,4.0
1544,DUTCH BROS|7856 S 700 E|SANDY,10/18/2021,1,8.0
1545,EAST COAST SUBS|6056 S STATE ST|MURRAY,5/13/2026,1,6.0
1546,EAST COAST SUBS|6056 S STATE ST|MURRAY,2/25/2025,1,14.0
1547,EAST COAST SUBS|6056 S STATE ST|MURRAY,5/8/2024,1,9.0
1548,EAST COAST SUBS|6056 S STATE ST|MURRAY,7/12/2023,1,5.0
1549,EAST COAST SUBS|6056 S STATE ST|MURRAY,12/8/2022,1,11.0
1550,EAST COAST SUBS|6056 S STATE ST|MURRAY,4/13/2022,1,7.0
1551,EAST COAST SUBS|6056 S STATE ST|MURRAY,1/23/2020,1,0.0
1552,EAST COAST SUBS|6056 S STATE ST|MURRAY,6/25/2019,1,7.0
1553,EAST COAST SUBS|6056 S STATE ST|MURRAY,12/14/2018,1,32.0
1554,EAST COAST SUBS|6056 S STATE ST|MURRAY,6/13/2018,1,36.0
1555,EDISON HOUSE - 1ST FLOOR KITCHEN/BAR|335 S 200 W|SALT LAKE CITY,4/14/2026,1,12.0
1556,EDISON HOUSE - 1ST FLOOR KITCHEN/BAR|335 S 200 W|SALT LAKE CITY,6/11/2025,1,3.0
1557,EDISON HOUSE - 1ST FLOOR KITCHEN/BAR|335 S 200 W|SALT LAKE CITY,10/11/2023,1,7.0
1558,EDISON HOUSE - 2ND FLOOR KITCHEN/2 BARS|335 S 200 W|SALT LAKE CITY,4/14/2026,1,4.0
1559,EDISON HOUSE - 2ND FLOOR KITCHEN/2 BARS|335 S 200 W|SALT LAKE CITY,5/23/2025,1,39.0
1560,EDISON HOUSE - 2ND FLOOR KITCHEN/2 BARS|335 S 200 W|SALT LAKE CITY,10/11/2023,1,27.0
1561,EIFFEL TOWER CATERING|1753 S 700 E|SALT LAKE CITY,4/27/2026,1,7.0
1562,EIFFEL TOWER CATERING|1753 S 700 E|SALT LAKE CITY,9/3/2025,1,2.0
1563,EIFFEL TOWER CATERING|1753 S 700 E|SALT LAKE CITY,8/21/2024,1,1.0
1564,EIFFEL TOWER CATERING|1753 S 700 E|SALT LAKE CITY,2/8/2024,1,7.0
1565,EIFFEL TOWER CATERING|1753 S 700 E|SALT LAKE CITY,3/15/2021,1,6.0
1566,EIFFEL TOWER CATERING|1753 S 700 E|SALT LAKE CITY,9/25/2019,1,3.0
1567,EIFFEL TOWER CATERING|1753 S 700 E|SALT LAKE CITY,3/20/2019,1,11.0
1568,EIFFEL TOWER CATERING|1753 S 700 E|SALT LAKE CITY,9/14/2018,1,1.0
1569,EIFFEL TOWER CATERING|1753 S 700 E|SALT LAKE CITY,10/13/2017,1,26.0
1570,EIFFEL TOWER CATERING|1753 S 700 E|SALT LAKE CITY,4/8/2016,1,18.0
1571,EINSTEIN BROS BAGELS|5542 W 7800 S|WEST JORDAN,2/6/2026,1,7.0
1572,EINSTEIN BROS BAGELS|5542 W 7800 S|WEST JORDAN,4/1/2025,1,4.0
1573,EINSTEIN BROS BAGELS|5542 W 7800 S|WEST JORDAN,6/14/2024,1,10.0
1574,EINSTEIN BROS BAGELS|5542 W 7800 S|WEST JORDAN,8/9/2023,1,9.0
1575,EINSTEIN BROTHERS BAGELS #1253|72 E 10600 S|SANDY,5/28/2026,1,8.0
1576,EINSTEIN BROTHERS BAGELS #1253|72 E 10600 S|SANDY,11/12/2025,1,10.0
1577,EINSTEIN BROTHERS BAGELS #1253|72 E 10600 S|SANDY,4/18/2025,1,10.0
1578,EINSTEIN BROTHERS BAGELS #1253|72 E 10600 S|SANDY,10/11/2024,1,17.0
1579,EINSTEIN BROTHERS BAGELS #1253|72 E 10600 S|SANDY,4/24/2024,1,5.0
1580,EINSTEIN BROTHERS BAGELS #1253|72 E 10600 S|SANDY,10/19/2023,1,5.0
1581,EINSTEIN BROTHERS BAGELS #1253|72 E 10600 S|SANDY,6/21/2022,2,1.0
1582,EINSTEIN BROTHERS BAGELS #1253|72 E 10600 S|SANDY,6/17/2022,1,11.0
1583,EINSTEIN BROTHERS BAGELS #1253|72 E 10600 S|SANDY,9/23/2021,1,11.0
1584,EINSTEIN BROTHERS BAGELS #1253|72 E 10600 S|SANDY,2/13/2020,1,18.0
1585,EINSTEIN BROTHERS BAGELS #724|1520 S 1500 E|SALT LAKE CITY,4/23/2026,1,7.0
1586,EINSTEIN BROTHERS BAGELS #724|1520 S 1500 E|SALT LAKE CITY,6/10/2025,1,9.0
1587,EINSTEIN BROTHERS BAGELS #724|1520 S 1500 E|SALT LAKE CITY,2/14/2024,1,11.0
1588,EINSTEIN BROTHERS BAGELS #724|1520 S 1500 E|SALT LAKE CITY,12/19/2023,7,0.0
1589,EINSTEIN BROTHERS BAGELS #724|1520 S 1500 E|SALT LAKE CITY,8/11/2022,1,8.0
1590,EINSTEIN BROTHERS BAGELS #724|1520 S 1500 E|SALT LAKE CITY,5/4/2021,1,21.0
1591,EINSTEIN BROTHERS BAGELS #724|1520 S 1500 E|SALT LAKE CITY,2/10/2020,1,14.0
1592,EINSTEIN BROTHERS BAGELS #724|1520 S 1500 E|SALT LAKE CITY,5/9/2019,1,16.0
1593,EINSTEIN BROTHERS BAGELS #724|1520 S 1500 E|SALT LAKE CITY,11/6/2018,1,16.0
1594,EINSTEIN BROTHERS BAGELS #724|1520 S 1500 E|SALT LAKE CITY,5/2/2018,1,21.0
1595,EINSTEIN BROTHERS BAGELS #730|3923 S WASATCH BLVD|MILLCREEK TS,1/20/2026,1,9.0
1596,EINSTEIN BROTHERS BAGELS #730|3923 S WASATCH BLVD|MILLCREEK TS,11/21/2024,1,14.0
1597,EINSTEIN BROTHERS BAGELS #730|3923 S WASATCH BLVD|MILLCREEK TS,10/23/2023,1,7.0
1598,EINSTEIN BROTHERS BAGELS #730|3923 S WASATCH BLVD|MILLCREEK TS,11/4/2022,1,9.0
1599,EINSTEIN BROTHERS BAGELS #730|3923 S WASATCH BLVD|MILLCREEK TS,1/19/2022,1,16.0
1600,EINSTEIN BROTHERS BAGELS #730|3923 S WASATCH BLVD|MILLCREEK TS,11/1/2021,7,3.0
1601,EINSTEIN BROTHERS BAGELS #730|3923 S WASATCH BLVD|MILLCREEK TS,3/19/2021,1,11.0
1602,EINSTEIN BROTHERS BAGELS #730|3923 S WASATCH BLVD|MILLCREEK TS,1/30/2020,1,18.0
1603,EINSTEIN BROTHERS BAGELS #730|3923 S WASATCH BLVD|MILLCREEK TS,5/3/2019,1,8.0
1604,EINSTEIN BROTHERS BAGELS #730|3923 S WASATCH BLVD|MILLCREEK TS,8/3/2018,1,17.0
1605,EINSTEIN BROTHERS BAGELS #732|5588 S REDWOOD RD|TAYLORSVILLE,6/29/2026,1,10.0
1606,EINSTEIN BROTHERS BAGELS #732|5588 S REDWOOD RD|TAYLORSVILLE,7/9/2025,1,49.0
1607,EINSTEIN BROTHERS BAGELS #732|5588 S REDWOOD RD|TAYLORSVILLE,12/11/2024,1,9.0
1608,EINSTEIN BROTHERS BAGELS #732|5588 S REDWOOD RD|TAYLORSVILLE,5/13/2024,1,19.0
1609,EINSTEIN BROTHERS BAGELS #732|5588 S REDWOOD RD|TAYLORSVILLE,11/28/2023,1,10.0
1610,EINSTEIN BROTHERS BAGELS #732|5588 S REDWOOD RD|TAYLORSVILLE,3/13/2023,1,15.0
1611,EINSTEIN BROTHERS BAGELS #732|5588 S REDWOOD RD|TAYLORSVILLE,9/14/2022,1,9.0
1612,EINSTEIN BROTHERS BAGELS #732|5588 S REDWOOD RD|TAYLORSVILLE,2/23/2022,1,39.0
1613,EINSTEIN BROTHERS BAGELS #732|5588 S REDWOOD RD|TAYLORSVILLE,8/31/2021,1,11.0
1614,EINSTEIN BROTHERS BAGELS #732|5588 S REDWOOD RD|TAYLORSVILLE,8/24/2020,1,9.0
1615,EL CAMINO KITCHEN|752 W CENTER ST|MIDVALE,11/7/2025,1,1.0
1616,EL CAMINO KITCHEN|752 W CENTER ST|MIDVALE,9/3/2024,1,0.0
1617,EL CAMINO KITCHEN|752 W CENTER ST|MIDVALE,3/23/2023,1,3.0
1618,EL JARIPEO 8 #267390A|7235 W 3500 S|MAGNA,3/16/2026,1,2.0
1619,EL JARIPEO 8 #267390A|7235 W 3500 S|MAGNA,1/9/2025,1,31.0
1620,EL JARIPEO GRILL ON THE WHEEL #3T7LA|1259 S REDWOOD RD|SALT LAKE CITY,3/16/2026,1,5.0
1621,EL JARIPEO GRILL ON THE WHEEL #3T7LA|1259 S REDWOOD RD|SALT LAKE CITY,1/28/2025,1,28.0
1622,EL JARIPEO GRILL ON THE WHEEL #3T7LA|1259 S REDWOOD RD|SALT LAKE CITY,8/26/2024,1,13.0
1623,EL JARIPEO GRILL ON THE WHEEL #3T7LA|1259 S REDWOOD RD|SALT LAKE CITY,5/17/2023,7,12.0
1624,EL JARIPEO GRILL ON THE WHEEL #3T7LA|1259 S REDWOOD RD|SALT LAKE CITY,3/3/2023,1,19.0
1625,EL JARIPEO GRILL ON THE WHEEL #3T7LA|1259 S REDWOOD RD|SALT LAKE CITY,7/13/2022,2,0.0
1626,EL JARIPEO GRILL ON THE WHEEL #3T7LA|1259 S REDWOOD RD|SALT LAKE CITY,6/6/2022,1,12.0
1627,EL POLLO LOCO #3821|1120 S 300 W|SALT LAKE CITY,3/24/2026,1,12.0
1628,EL POLLO LOCO #3821|1120 S 300 W|SALT LAKE CITY,8/28/2025,1,12.0
1629,EL POLLO LOCO #3821|1120 S 300 W|SALT LAKE CITY,3/1/2024,1,13.0
1630,EL POLLO LOCO #3821|1120 S 300 W|SALT LAKE CITY,8/28/2023,1,1.0
1631,EL POLLO LOCO #3821|1120 S 300 W|SALT LAKE CITY,5/19/2022,1,16.0
1632,EL POLLO LOCO #3821|1120 S 300 W|SALT LAKE CITY,7/21/2021,1,19.0
1633,EL POLLO LOCO #3821|1120 S 300 W|SALT LAKE CITY,2/26/2020,1,17.0
1634,EL POLLO LOCO #3821|1120 S 300 W|SALT LAKE CITY,5/6/2019,1,17.0
1635,EL POLLO LOCO #3821|1120 S 300 W|SALT LAKE CITY,10/1/2018,1,26.0
1636,EL POLLO LOCO #3890|3964 W 4700 S|WEST VALLEY CITY,1/7/2025,1,2.0
1637,EL POLLO LOCO #3890|3964 W 4700 S|WEST VALLEY CITY,3/4/2024,1,4.0
1638,EL RANCHO PEQUENA|1391 S 300 W|SALT LAKE CITY,1/26/2026,1,6.0
1639,ELEVATION CATERING|2266 E EVERGREEN AVE|MILLCREEK,5/5/2026,1,5.0
1640,ELEVATION CATERING|2266 E EVERGREEN AVE|MILLCREEK,6/13/2025,1,7.0
1641,ELEVATION CATERING|2266 E EVERGREEN AVE|MILLCREEK,10/23/2024,2,0.0
1642,ELLERBECK|140 B ST|SALT LAKE CITY,3/4/2025,1,6.0
1643,ELLERBECK|140 B ST|SALT LAKE CITY,12/7/2023,1,9.0
1644,ELLERBECK|140 B ST|SALT LAKE CITY,9/28/2022,7,6.0
1645,ELLERBECK|140 B ST|SALT LAKE CITY,7/26/2022,1,20.0
1646,ELLERBECK|140 B ST|SALT LAKE CITY,9/10/2021,1,3.0
1647,ELLERBECK|140 B ST|SALT LAKE CITY,8/13/2020,1,1.0
1648,EMIGRATION CAFE DOG PATIO|1709 E 1300 S|SALT LAKE CITY,7/9/2026,1,0.0
1649,EMIGRATION CAFE DOG PATIO|1709 E 1300 S|SALT LAKE CITY,5/6/2025,1,0.0
1650,EMIGRATION CAFE DOG PATIO|1709 E 1300 S|SALT LAKE CITY,8/21/2023,1,1.0
1651,EMILIANOS TACO SHOP #HBMG2|56 E 3335 S|SOUTH SALT LAKE,11/12/2025,1,2.0
1652,EMPANADAS 801 @ COCINA TEPIN|2163 S RICHARDS ST|SOUTH SALT LAKE,2/23/2026,1,4.0
1653,EMPANADAS 801 @ COCINA TEPIN|2163 S RICHARDS ST|SOUTH SALT LAKE,1/7/2025,7,0.0
1654,EMPANADAS 801 @ COCINA TEPIN|2163 S RICHARDS ST|SOUTH SALT LAKE,9/10/2024,1,3.0
1655,EMPANADAS 801 @ COCINA TEPIN|2163 S RICHARDS ST|SOUTH SALT LAKE,4/3/2024,1,0.0
1656,ENCANTO EVENTS|1164 S MAIN ST|SALT LAKE CITY,6/10/2026,1,2.0
1657,ENTRATA CLUB @ DELTA CENTER|301 W SOUTH TEMPLE ST|SALT LAKE CITY,11/20/2025,1,4.0
1658,ENTRATA CLUB @ DELTA CENTER|301 W SOUTH TEMPLE ST|SALT LAKE CITY,4/2/2024,1,4.0
1659,ENTRATA CLUB @ DELTA CENTER|301 W SOUTH TEMPLE ST|SALT LAKE CITY,3/14/2022,1,4.0
1660,ENTRATA CLUB @ DELTA CENTER|301 W SOUTH TEMPLE ST|SALT LAKE CITY,5/13/2021,1,2.0
1661,ENTRATA CLUB @ DELTA CENTER|301 W SOUTH TEMPLE ST|SALT LAKE CITY,12/9/2019,1,9.0
1662,ENTRATA CLUB @ DELTA CENTER|301 W SOUTH TEMPLE ST|SALT LAKE CITY,7/12/2019,1,0.0
1663,ENTRATA CLUB @ DELTA CENTER|301 W SOUTH TEMPLE ST|SALT LAKE CITY,11/5/2018,1,0.0
1664,ESSENTIAL NUTRITION|5486 S 4220 W|KEARNS,6/2/2026,1,4.0
1665,ESSENTIAL NUTRITION|5486 S 4220 W|KEARNS,5/22/2025,1,12.0
1666,EUREST|533 S 400 W|SALT LAKE CITY,4/14/2026,1,11.0
1667,EUREST|533 S 400 W|SALT LAKE CITY,5/19/2025,1,2.0
1668,EUREST - SALT LAKE ICB|5201 W AMELIA EARHART DR|SALT LAKE CITY,2/26/2026,1,9.0
1669,EUREST - SALT LAKE ICB|5201 W AMELIA EARHART DR|SALT LAKE CITY,3/24/2025,1,15.0
1670,EUREST - SALT LAKE ICB|5201 W AMELIA EARHART DR|SALT LAKE CITY,8/28/2024,1,4.0
1671,EUREST - SALT LAKE ICB|5201 W AMELIA EARHART DR|SALT LAKE CITY,3/28/2024,1,4.0
1672,EUREST - SALT LAKE ICB|5201 W AMELIA EARHART DR|SALT LAKE CITY,11/28/2023,1,1.0
1673,EUREST - SALT LAKE ICB|5201 W AMELIA EARHART DR|SALT LAKE CITY,3/29/2023,1,3.0
1674,EUREST - WELLS FARGO COB|260 N CHARLES LINDBERGH DR|SALT LAKE CITY,3/17/2026,1,8.0
1675,EUREST - WELLS FARGO COB|260 N CHARLES LINDBERGH DR|SALT LAKE CITY,3/31/2025,1,6.0
1676,EUREST - WELLS FARGO COB|260 N CHARLES LINDBERGH DR|SALT LAKE CITY,6/27/2024,1,3.0
1677,EUREST - WELLS FARGO COB|260 N CHARLES LINDBERGH DR|SALT LAKE CITY,11/28/2023,1,0.0
1678,EUREST - WELLS FARGO COB|260 N CHARLES LINDBERGH DR|SALT LAKE CITY,3/29/2023,1,3.0
1679,EVENTS ON MAIN|9135 W MAGNA MAIN ST|MAGNA,3/16/2026,1,0.0
1680,FAIRFIELD BY MARRIOTT|6433 S HIGHLAND DR|HOLLADAY,12/30/2025,1,3.0
1681,FAIRFIELD BY MARRIOTT|6433 S HIGHLAND DR|HOLLADAY,1/29/2025,1,20.0
1682,FAIRFIELD BY MARRIOTT|6433 S HIGHLAND DR|HOLLADAY,12/1/2023,1,8.0
1683,FAIRFIELD INN & SUITES MURRAY|594 W 4500 S|MURRAY,3/13/2026,1,2.0
1684,FAIRFIELD INN & SUITES MURRAY|594 W 4500 S|MURRAY,3/7/2025,1,4.0
1685,FAIRFIELD INN & SUITES MURRAY|594 W 4500 S|MURRAY,2/9/2024,1,10.0
1686,FAIRFIELD INN & SUITES MURRAY|594 W 4500 S|MURRAY,2/7/2023,1,11.0
1687,FAIRFIELD INN & SUITES MURRAY|594 W 4500 S|MURRAY,1/26/2022,1,16.0
1688,FAIRFIELD INN & SUITES SALT LAKE CITY SOUTHWEST|2878 S 5600 W|WEST VALLEY CITY,3/31/2026,1,3.0
1689,FAIRFIELD INN & SUITES SALT LAKE CITY SOUTHWEST|2878 S 5600 W|WEST VALLEY CITY,6/17/2025,1,4.0
1690,FAMILY BREAKFAST #015402Z|1055 E DRAPER PKWY|DRAPER,7/6/2026,1,1.0
1691,FAMILY BREAKFAST #015402Z|1055 E DRAPER PKWY|DRAPER,12/2/2025,1,30.0
1692,FARRS 523/DELTA CENTER|301 W SOUTH TEMPLE ST|SALT LAKE CITY,11/20/2025,1,2.0
1693,FARRS 523/DELTA CENTER|301 W SOUTH TEMPLE ST|SALT LAKE CITY,4/2/2024,1,7.0
1694,FARRS 523/DELTA CENTER|301 W SOUTH TEMPLE ST|SALT LAKE CITY,11/30/2022,1,1.0
1695,FARRS 523/DELTA CENTER|301 W SOUTH TEMPLE ST|SALT LAKE CITY,6/10/2021,1,2.0
1696,FARRS 523/DELTA CENTER|301 W SOUTH TEMPLE ST|SALT LAKE CITY,11/18/2019,1,1.0
1697,FARRS 523/DELTA CENTER|301 W SOUTH TEMPLE ST|SALT LAKE CITY,11/5/2018,1,6.0
1698,FARRS 523/DELTA CENTER|301 W SOUTH TEMPLE ST|SALT LAKE CITY,11/28/2017,2,0.0
1699,FARRS 523/DELTA CENTER|301 W SOUTH TEMPLE ST|SALT LAKE CITY,11/13/2017,1,4.0
1700,FELDMANS DELI DOG PATIO|2005 E 2700 S|SALT LAKE CITY,2/20/2026,1,0.0
1701,FELDMANS DELI DOG PATIO|2005 E 2700 S|SALT LAKE CITY,2/4/2025,1,0.0
1702,FELDMANS DELI DOG PATIO|2005 E 2700 S|SALT LAKE CITY,8/9/2022,1,1.0
1703,FELT BAR & EATERY|341 S MAIN ST|SALT LAKE CITY,12/8/2025,1,9.0
1704,FELT BAR & EATERY|341 S MAIN ST|SALT LAKE CITY,11/19/2024,1,8.0
1705,FELT BAR & EATERY|341 S MAIN ST|SALT LAKE CITY,5/2/2024,1,13.0
1706,FILLINGS AND EMULSIONS|3920 W TERMINAL DR|SALT LAKE CITY,7/11/2025,1,1.0
1707,FILLINGS AND EMULSIONS|3920 W TERMINAL DR|SALT LAKE CITY,3/8/2024,1,0.0
1708,FILLINGS AND EMULSIONS|3920 W TERMINAL DR|SALT LAKE CITY,1/20/2023,1,0.0
1709,FILLINGS AND EMULSIONS|3920 W TERMINAL DR|SALT LAKE CITY,7/13/2021,1,3.0
1710,FILLINGS AND EMULSIONS @ GRANATOS|1391 S 300 W|SALT LAKE CITY,8/5/2025,1,3.0
1711,FIRE AND SLICE PIZZA @ AM ACADEMY OF INNOVATION|5410 W SOUTH JORDAN PKWY|SOUTH JORDAN,10/16/2025,1,0.0
1712,FIRE AND SLICE PIZZA @ AM ACADEMY OF INNOVATION|5410 W SOUTH JORDAN PKWY|SOUTH JORDAN,9/9/2024,1,0.0
1713,FIRE AND SLICE PIZZA @ AM ACADEMY OF INNOVATION|5410 W SOUTH JORDAN PKWY|SOUTH JORDAN,10/18/2023,1,6.0
1714,FIRE AND SLICE PIZZA @ AM ACADEMY OF INNOVATION|5410 W SOUTH JORDAN PKWY|SOUTH JORDAN,11/14/2022,1,6.0
1715,FIRE AND SLICE PIZZA @ AM ACADEMY OF INNOVATION|5410 W SOUTH JORDAN PKWY|SOUTH JORDAN,10/26/2021,1,6.0
1716,FIRE AND SLICE PIZZA @ AM ACADEMY OF INNOVATION|5410 W SOUTH JORDAN PKWY|SOUTH JORDAN,9/26/2019,1,1.0
1717,FIRE PIZZA #TRUCK 6|5176 W LIBERATOR DR|KEARNS,3/20/2026,1,2.0
1718,FIRE PIZZA #TRUCK 6|5176 W LIBERATOR DR|KEARNS,7/18/2025,7,2.0
1719,FIRE PIZZA #TRUCK 6|5176 W LIBERATOR DR|KEARNS,6/13/2025,1,6.0
1720,FIRE PIZZA #TRUCK 6|5176 W LIBERATOR DR|KEARNS,12/16/2024,1,1.0
1721,FIRE PIZZA #TRUCK 6|5176 W LIBERATOR DR|KEARNS,6/3/2023,1,0.0
1722,FIRE PIZZA #TRUCK 6|5176 W LIBERATOR DR|KEARNS,6/4/2022,1,0.0
1723,FIRE PIZZA #TRUCK 6|5176 W LIBERATOR DR|KEARNS,4/26/2021,1,6.0
1724,FIRE PIZZA #TRUCK 6|5176 W LIBERATOR DR|KEARNS,3/4/2020,7,0.0
1725,FIRE PIZZA #TRUCK 6|5176 W LIBERATOR DR|KEARNS,9/14/2019,1,6.0
1726,FIRE PIZZA #TRUCK 6|5176 W LIBERATOR DR|KEARNS,3/28/2019,1,0.0
1727,FIREHOUSE BBQ SLC|565 E 2100 S|SALT LAKE CITY,1/23/2026,1,0.0
1728,FIREHOUSE SUBS #1821|1008 E FT UNION BLVD|MIDVALE,1/26/2026,1,6.0
1729,FIREHOUSE SUBS #1821|1008 E FT UNION BLVD|MIDVALE,11/10/2025,7,3.0
1730,FIREHOUSE SUBS #1821|1008 E FT UNION BLVD|MIDVALE,6/24/2025,1,34.0
1731,FIREHOUSE SUBS #1821|1008 E FT UNION BLVD|MIDVALE,7/30/2024,1,36.0
1732,FIREHOUSE SUBS #1821|1008 E FT UNION BLVD|MIDVALE,1/30/2024,2,5.0
1733,FIREHOUSE SUBS #1821|1008 E FT UNION BLVD|MIDVALE,1/23/2024,1,60.0
1734,FIREHOUSE SUBS #1821|1008 E FT UNION BLVD|MIDVALE,12/14/2022,1,14.0
1735,FIREHOUSE SUBS #1821|1008 E FT UNION BLVD|MIDVALE,4/27/2022,1,43.0
1736,FISHER BREWING COMPANY|320 W 800 S|SALT LAKE CITY,3/6/2026,1,4.0
1737,FISHER BREWING COMPANY|320 W 800 S|SALT LAKE CITY,9/3/2024,1,7.0
1738,FISHER BREWING COMPANY|320 W 800 S|SALT LAKE CITY,1/16/2024,1,10.0
1739,FISHER BREWING COMPANY - DOG PATIO|320 W 800 S|SALT LAKE CITY,3/6/2026,1,0.0
1740,FISHER BREWING COMPANY - DOG PATIO|320 W 800 S|SALT LAKE CITY,9/3/2024,1,0.0
1741,FISHER BREWING COMPANY - DOG PATIO|320 W 800 S|SALT LAKE CITY,8/30/2023,1,0.0
1742,FISHER BREWING COMPANY - DOG PATIO|320 W 800 S|SALT LAKE CITY,7/14/2022,1,0.0
1743,FISHER BREWING COMPANY - DOG PATIO|320 W 800 S|SALT LAKE CITY,4/28/2021,1,0.0
1744,FISHER BREWING COMPANY - DOG PATIO|320 W 800 S|SALT LAKE CITY,1/10/2020,1,0.0
1745,FISHER BREWING COMPANY - DOG PATIO|320 W 800 S|SALT LAKE CITY,10/2/2018,1,0.0
1746,FIVE GUYS|1082 E FORT UNION BLVD|MIDVALE,1/16/2026,1,7.0
1747,FIVE GUYS|1082 E FORT UNION BLVD|MIDVALE,6/27/2025,1,6.0
1748,FIVE GUYS|1082 E FORT UNION BLVD|MIDVALE,8/8/2024,1,4.0
1749,FIVE GUYS|1082 E FORT UNION BLVD|MIDVALE,1/23/2024,1,9.0
1750,FIVE GUYS|1082 E FORT UNION BLVD|MIDVALE,11/2/2022,1,3.0
1751,FIVE GUYS|1082 E FORT UNION BLVD|MIDVALE,1/26/2022,1,10.0
1752,FIVE GUYS|1082 E FORT UNION BLVD|MIDVALE,2/11/2020,1,10.0
1753,FIVE GUYS|1082 E FORT UNION BLVD|MIDVALE,8/12/2019,1,3.0
1754,FIVE GUYS|1082 E FORT UNION BLVD|MIDVALE,11/5/2018,1,13.0
1755,FIVE GUYS|3167 E 3300 S|SALT LAKE CITY,2/17/2026,1,8.0
1756,FIVE GUYS|3167 E 3300 S|SALT LAKE CITY,4/15/2025,1,14.0
1757,FIVE GUYS|3167 E 3300 S|SALT LAKE CITY,12/20/2022,7,1.0
1758,FIVE GUYS|3167 E 3300 S|SALT LAKE CITY,10/18/2022,1,1.0
1759,FIVE GUYS|3167 E 3300 S|SALT LAKE CITY,12/16/2021,1,10.0
1760,FIVE GUYS|3167 E 3300 S|SALT LAKE CITY,11/4/2019,1,3.0
1761,FIVE GUYS|3167 E 3300 S|SALT LAKE CITY,12/4/2018,1,11.0
1762,FIVE GUYS|3167 E 3300 S|SALT LAKE CITY,12/11/2017,1,3.0
1763,FIVE GUYS|3167 E 3300 S|SALT LAKE CITY,11/21/2016,1,7.0
1764,FIVE GUYS|3167 E 3300 S|SALT LAKE CITY,1/12/2016,1,1.0
1765,FIVE GUYS|12570 S RHETSKI LN|RIVERTON,1/5/2026,1,8.0
1766,FIVE GUYS|12570 S RHETSKI LN|RIVERTON,4/1/2025,1,9.0
1767,FIVE GUYS|12570 S RHETSKI LN|RIVERTON,6/13/2024,1,20.0
1768,FIVE GUYS|12570 S RHETSKI LN|RIVERTON,9/8/2023,1,8.0
1769,FIVE GUYS|12570 S RHETSKI LN|RIVERTON,12/13/2022,1,5.0
1770,FIVE GUYS|12570 S RHETSKI LN|RIVERTON,12/3/2021,1,3.0
1771,FIVE GUYS|12570 S RHETSKI LN|RIVERTON,9/21/2020,1,4.0
1772,FIVE GUYS|12570 S RHETSKI LN|RIVERTON,7/23/2019,1,6.0
1773,FIVE GUYS|12570 S RHETSKI LN|RIVERTON,10/23/2018,1,10.0
1774,FIVE GUYS|12570 S RHETSKI LN|RIVERTON,2/8/2018,1,6.0
1775,FIVE GUYS BURGERS AND FRIES|10431 S STATE ST|SANDY,3/24/2026,1,10.0
1776,FIVE GUYS BURGERS AND FRIES|10431 S STATE ST|SANDY,9/15/2025,1,4.0
1777,FIVE GUYS BURGERS AND FRIES|10431 S STATE ST|SANDY,2/24/2025,1,4.0
1778,FIVE GUYS BURGERS AND FRIES|10431 S STATE ST|SANDY,8/7/2024,1,3.0
1779,FIVE GUYS BURGERS AND FRIES|10431 S STATE ST|SANDY,10/19/2023,1,8.0
1780,FIVE GUYS BURGERS AND FRIES|10431 S STATE ST|SANDY,5/19/2022,1,2.0
1781,FIVE GUYS BURGERS AND FRIES|10431 S STATE ST|SANDY,12/22/2020,1,3.0
1782,FIVE GUYS BURGERS AND FRIES|10431 S STATE ST|SANDY,7/3/2019,1,1.0
1783,FIVE GUYS BURGERS AND FRIES|10431 S STATE ST|SANDY,5/15/2018,1,9.0
1784,FIVE GUYS BURGERS AND FRIES|2917 S GLEN EAGLE DR|WEST VALLEY CITY,2/12/2026,1,9.0
1785,FIVE GUYS BURGERS AND FRIES|2917 S GLEN EAGLE DR|WEST VALLEY CITY,5/5/2025,7,0.0
1786,FIVE GUYS BURGERS AND FRIES|2917 S GLEN EAGLE DR|WEST VALLEY CITY,3/26/2025,1,18.0
1787,FIVE GUYS BURGERS AND FRIES|2917 S GLEN EAGLE DR|WEST VALLEY CITY,11/28/2023,1,8.0
1788,FIVE GUYS BURGERS AND FRIES|2917 S GLEN EAGLE DR|WEST VALLEY CITY,3/17/2022,1,3.0
1789,FIVE GUYS BURGERS AND FRIES|2917 S GLEN EAGLE DR|WEST VALLEY CITY,7/20/2021,1,0.0
1790,FIVE GUYS BURGERS AND FRIES|2917 S GLEN EAGLE DR|WEST VALLEY CITY,1/2/2020,1,1.0
1791,FIVE GUYS BURGERS AND FRIES|2917 S GLEN EAGLE DR|WEST VALLEY CITY,3/18/2019,1,10.0
1792,FIVE GUYS BURGERS AND FRIES|2917 S GLEN EAGLE DR|WEST VALLEY CITY,7/6/2018,1,13.0
1793,FIVE GUYS BURGERS AND FRIES|2917 S GLEN EAGLE DR|WEST VALLEY CITY,10/27/2017,1,7.0
1794,FIVE GUYS BURGERS AND FRIES|487 E 12300 S|DRAPER,10/21/2025,1,0.0
1795,FIVE GUYS BURGERS AND FRIES|487 E 12300 S|DRAPER,12/5/2024,1,13.0
1796,FIVE GUYS BURGERS AND FRIES|487 E 12300 S|DRAPER,5/24/2024,1,14.0
1797,FIVE GUYS BURGERS AND FRIES|487 E 12300 S|DRAPER,12/29/2022,1,4.0
1798,FIVE GUYS BURGERS AND FRIES|487 E 12300 S|DRAPER,5/31/2022,1,2.0
1799,FIVE GUYS BURGERS AND FRIES|487 E 12300 S|DRAPER,11/10/2021,1,3.0
1800,FIVE GUYS BURGERS AND FRIES|487 E 12300 S|DRAPER,4/6/2021,1,8.0
1801,FIVE GUYS BURGERS AND FRIES|487 E 12300 S|DRAPER,1/29/2020,1,1.0
1802,FIVE GUYS BURGERS AND FRIES|487 E 12300 S|DRAPER,7/31/2019,1,3.0
1803,FIVE GUYS BURGERS AND FRIES|487 E 12300 S|DRAPER,12/13/2018,1,4.0
1804,FLEMINGS PRIME STEAKHOUSE|20 S 400 W|SALT LAKE CITY,12/4/2025,1,4.0
1805,FLEMINGS PRIME STEAKHOUSE|20 S 400 W|SALT LAKE CITY,8/29/2024,1,10.0
1806,FLEMINGS PRIME STEAKHOUSE|20 S 400 W|SALT LAKE CITY,10/11/2022,1,19.0
1807,FLEMINGS PRIME STEAKHOUSE|20 S 400 W|SALT LAKE CITY,7/13/2021,1,15.0
1808,FLEMINGS PRIME STEAKHOUSE|20 S 400 W|SALT LAKE CITY,1/3/2020,7,0.0
1809,FLEMINGS PRIME STEAKHOUSE|20 S 400 W|SALT LAKE CITY,11/25/2019,1,2.0
1810,FLEMINGS PRIME STEAKHOUSE|20 S 400 W|SALT LAKE CITY,5/1/2019,1,3.0
1811,FLEMINGS PRIME STEAKHOUSE|20 S 400 W|SALT LAKE CITY,10/2/2018,1,8.0
1812,FLEMINGS PRIME STEAKHOUSE|20 S 400 W|SALT LAKE CITY,11/3/2017,1,16.0
1813,FLEMINGS PRIME STEAKHOUSE|20 S 400 W|SALT LAKE CITY,5/26/2017,1,16.0
1814,FLIK @ FIDELITY|49 N 400 W|SALT LAKE CITY,12/11/2025,1,1.0
1815,FLOWER CHILD|1414 S FOOTHILL DR|SALT LAKE CITY,7/6/2026,1,12.0
1816,FLOWER CHILD|1414 S FOOTHILL DR|SALT LAKE CITY,9/16/2025,1,8.0
1817,FLOWERCHILD RIVERTON|4422 W TREE SPARROW DR|RIVERTON,6/2/2026,1,12.0
1818,FLOWERCHILD RIVERTON|4422 W TREE SPARROW DR|RIVERTON,1/14/2026,1,33.0
1819,FLYING J TRAVEL CENTER #746|2025 S 900 W|SALT LAKE CITY,4/6/2026,1,5.0
1820,FLYING J TRAVEL CENTER #746|2025 S 900 W|SALT LAKE CITY,9/11/2025,1,6.0
1821,FLYING J TRAVEL CENTER #746|2025 S 900 W|SALT LAKE CITY,1/15/2025,1,7.0
1822,FLYING J TRAVEL CENTER #746|2025 S 900 W|SALT LAKE CITY,7/9/2024,1,12.0
1823,FOOD JUSTICE COALITION|751 W 800 S|SALT LAKE CITY,4/7/2025,1,3.0
1824,FOOD JUSTICE COALITION|751 W 800 S|SALT LAKE CITY,2/22/2024,1,0.0
1825,FORE LAKES GOLF INC|1285 W 4700 S|TAYLORSVILLE,5/1/2026,1,4.0
1826,FORE LAKES GOLF INC|1285 W 4700 S|TAYLORSVILLE,5/31/2024,1,4.0
1827,FORE LAKES GOLF INC|1285 W 4700 S|TAYLORSVILLE,4/17/2023,1,14.0
1828,FORE LAKES GOLF INC|1285 W 4700 S|TAYLORSVILLE,6/6/2022,1,4.0
1829,FORE LAKES GOLF INC|1285 W 4700 S|TAYLORSVILLE,7/22/2021,1,0.0
1830,FORE LAKES GOLF INC|1285 W 4700 S|TAYLORSVILLE,6/23/2020,1,10.0
1831,FORE LAKES GOLF INC|1285 W 4700 S|TAYLORSVILLE,4/22/2019,1,5.0
1832,FORE LAKES GOLF INC|1285 W 4700 S|TAYLORSVILLE,6/7/2018,1,11.0
1833,FORE LAKES GOLF INC|1285 W 4700 S|TAYLORSVILLE,6/28/2017,1,3.0
1834,FORE LAKES GOLF INC|1285 W 4700 S|TAYLORSVILLE,8/31/2016,1,8.0
1835,FRESHIES LOBSTER|356 E 900 S|SALT LAKE CITY,9/29/2025,1,9.0
1836,FRESHIES LOBSTER|356 E 900 S|SALT LAKE CITY,8/14/2024,1,15.0
1837,FRESHIES LOBSTER|356 E 900 S|SALT LAKE CITY,4/20/2023,1,22.0
1838,FRESHIES LOBSTER|356 E 900 S|SALT LAKE CITY,5/19/2022,1,11.0
1839,FRESHIES LOBSTER|356 E 900 S|SALT LAKE CITY,2/24/2021,1,6.0
1840,FRESHIES LOBSTER|356 E 900 S|SALT LAKE CITY,2/5/2020,1,18.0
1841,FRESHIES LOBSTER|356 E 900 S|SALT LAKE CITY,1/2/2019,1,14.0
1842,GALLIVAN CENTER|239 S MAIN ST|SALT LAKE CITY,5/11/2026,1,1.0
1843,GALLIVAN CENTER|239 S MAIN ST|SALT LAKE CITY,11/25/2024,1,10.0
1844,GALLIVAN CENTER|239 S MAIN ST|SALT LAKE CITY,10/19/2023,1,6.0
1845,GALLIVAN CENTER|239 S MAIN ST|SALT LAKE CITY,9/2/2021,1,1.0
1846,GALLIVAN CENTER|239 S MAIN ST|SALT LAKE CITY,3/6/2020,1,7.0
1847,GALLIVAN CENTER|239 S MAIN ST|SALT LAKE CITY,12/4/2018,1,13.0
1848,GALLIVAN CENTER|239 S MAIN ST|SALT LAKE CITY,12/13/2016,1,25.0
1849,GALLIVAN CENTER|239 S MAIN ST|SALT LAKE CITY,3/10/2015,1,13.0
1850,GALLIVAN CENTER|239 S MAIN ST|SALT LAKE CITY,2/12/2014,1,11.0
1851,GALLIVAN CENTER|239 S MAIN ST|SALT LAKE CITY,7/20/2012,1,12.0
1852,GARAGE GRILL - DOG PATIO|1122 E DRAPER PKWY|DRAPER,10/9/2024,1,0.0
1853,GARAGE GRILL - DOG PATIO|1122 E DRAPER PKWY|DRAPER,9/8/2023,1,1.0
1854,GARAGE GRILL - DOG PATIO|1122 E DRAPER PKWY|DRAPER,7/20/2022,1,0.0
1855,GARAGE GRILL - DOG PATIO|1122 E DRAPER PKWY|DRAPER,3/17/2021,1,0.0
1856,GARAGE GRILL - DOG PATIO|1122 E DRAPER PKWY|DRAPER,10/21/2019,1,3.0
1857,GARAGE GRILL - DOG PATIO|1122 E DRAPER PKWY|DRAPER,10/24/2018,1,3.0
1858,GARDEN ESPRESSO|917 E VINE ST|MURRAY,6/29/2026,1,8.0
1859,GARDEN ESPRESSO|917 E VINE ST|MURRAY,8/19/2025,1,12.0
1860,GARDEN ESPRESSO|917 E VINE ST|MURRAY,8/14/2024,1,33.0
1861,GARDEN ESPRESSO|917 E VINE ST|MURRAY,11/1/2023,1,27.0
1862,GARDEN ESPRESSO|917 E VINE ST|MURRAY,2/10/2023,1,8.0
1863,GARDEN ESPRESSO|917 E VINE ST|MURRAY,2/8/2022,1,2.0
1864,GARDEN ESPRESSO|917 E VINE ST|MURRAY,8/6/2019,1,22.0
1865,GARDEN ESPRESSO|917 E VINE ST|MURRAY,3/28/2019,2,0.0
1866,GARDEN O VEATEN #V045BS|56 E 3335 S|SOUTH SALT LAKE,6/25/2025,1,0.0
1867,GARDEN O VEATEN #V045BS|56 E 3335 S|SOUTH SALT LAKE,9/9/2023,1,13.0
1868,GARDEN O VEATEN #V045BS|56 E 3335 S|SOUTH SALT LAKE,8/27/2022,1,7.0
1869,GARDEN O VEATEN #V045BS|56 E 3335 S|SOUTH SALT LAKE,8/7/2021,1,6.0
1870,GARDEN O VEATEN #V045BS|56 E 3335 S|SOUTH SALT LAKE,5/20/2021,7,7.0
1871,GARDEN O VEATEN #V045BS|56 E 3335 S|SOUTH SALT LAKE,9/14/2019,1,6.0
1872,GARDEN O VEATEN #V045BS|56 E 3335 S|SOUTH SALT LAKE,5/15/2019,7,0.0
1873,GARDEN O VEATEN #V045BS|56 E 3335 S|SOUTH SALT LAKE,4/27/2019,1,9.0
1874,GLOBAL FOOD SERVICES WEST OFFICE BUILDING|120 N 200 W|SALT LAKE CITY,10/16/2024,1,0.0
1875,GLOBAL FOOD SERVICES WEST OFFICE BUILDING|120 N 200 W|SALT LAKE CITY,5/26/2021,1,3.0
1876,GLOBAL FOOD SERVICES WEST OFFICE BUILDING|120 N 200 W|SALT LAKE CITY,8/23/2019,1,1.0
1877,GLOBAL FOOD SERVICES WEST OFFICE BUILDING|120 N 200 W|SALT LAKE CITY,8/24/2018,1,1.0
1878,GLOBAL FOOD SERVICES WEST OFFICE BUILDING|120 N 200 W|SALT LAKE CITY,6/28/2017,1,0.0
1879,GLOBAL FOOD SERVICES WEST OFFICE BUILDING|120 N 200 W|SALT LAKE CITY,4/10/2015,1,2.0
1880,GLOBAL FOOD SERVICES WEST OFFICE BUILDING|120 N 200 W|SALT LAKE CITY,4/4/2014,1,2.0
1881,GOLDEN GYROS|259 W 900 S|SALT LAKE CITY,1/5/2026,1,8.0
1882,GOLDEN GYROS|259 W 900 S|SALT LAKE CITY,6/3/2024,1,11.0
1883,GOLDEN GYROS|259 W 900 S|SALT LAKE CITY,8/9/2023,1,10.0
1884,GOLDEN GYROS|259 W 900 S|SALT LAKE CITY,3/14/2022,1,16.0
1885,GOLDEN GYROS|259 W 900 S|SALT LAKE CITY,6/14/2021,1,36.0
1886,GOLDMINERS DAUGHTER LODGE - LOUNGE|10160 E HWY 210|ALTA,3/13/2026,1,8.0
1887,GOLDMINERS DAUGHTER LODGE - LOUNGE|10160 E HWY 210|ALTA,2/3/2025,1,11.0
1888,GOLDMINERS DAUGHTER LODGE - LOUNGE|10160 E HWY 210|ALTA,2/22/2024,1,12.0
1889,GOLDMINERS DAUGHTER LODGE - LOUNGE|10160 E HWY 210|ALTA,3/8/2022,1,16.0
1890,GOLDMINERS DAUGHTER LODGE - LOUNGE|10160 E HWY 210|ALTA,3/10/2021,1,41.0
1891,GOLDMINERS DAUGHTER LODGE - LOUNGE|10160 E HWY 210|ALTA,12/12/2019,1,11.0
1892,GOLDMINERS DAUGHTER LODGE - LOUNGE|10160 E HWY 210|ALTA,1/8/2019,1,5.0
1893,GOLDMINERS DAUGHTER LODGE - LOUNGE|10160 E HWY 210|ALTA,2/9/2018,1,12.0
1894,GOLDMINERS DAUGHTER LODGE - LOUNGE|10160 E HWY 210|ALTA,2/2/2017,1,41.0
1895,GOLDMINERS DAUGHTER LODGE - LOUNGE|10160 E HWY 210|ALTA,3/23/2016,1,24.0
1896,GOLDMINERS DAUGHTER LODGE - SLOPESIDE JOES|10160 E HIGHWAY 210 HWY|ALTA,3/10/2026,1,0.0
1897,GOLDMINERS DAUGHTER LODGE - SLOPESIDE JOES|10160 E HIGHWAY 210 HWY|ALTA,2/3/2025,1,1.0
1898,GOLDMINERS DAUGHTER LODGE - SLOPESIDE JOES|10160 E HIGHWAY 210 HWY|ALTA,4/15/2024,1,12.0
1899,GOLDMINERS DAUGHTER LODGE - SLOPESIDE JOES|10160 E HIGHWAY 210 HWY|ALTA,3/8/2022,1,3.0
1900,GOLDMINERS DAUGHTER LODGE - SLOPESIDE JOES|10160 E HIGHWAY 210 HWY|ALTA,3/10/2021,1,2.0
1901,GOLDMINERS DAUGHTER LODGE - SLOPESIDE JOES|10160 E HIGHWAY 210 HWY|ALTA,12/12/2019,1,10.0
1902,GOLDMINERS DAUGHTER LODGE - SLOPESIDE JOES|10160 E HIGHWAY 210 HWY|ALTA,1/8/2019,1,6.0
1903,GOLDMINERS DAUGHTER LODGE - SLOPESIDE JOES|10160 E HIGHWAY 210 HWY|ALTA,1/12/2018,1,11.0
1904,GOLDMINERS DAUGHTER LODGE - SLOPESIDE JOES|10160 E HIGHWAY 210 HWY|ALTA,2/2/2017,1,0.0
1905,GOLDMINERS DAUGHTER LODGE - SLOPESIDE JOES|10160 E HIGHWAY 210 HWY|ALTA,3/23/2016,1,10.0
1906,GOOD 2 GO STORE|4978 W 12600 S|HERRIMAN,7/8/2026,1,2.0
1907,GOOD 2 GO STORE|4978 W 12600 S|HERRIMAN,1/12/2026,1,6.0
1908,GOOD 2 GO STORE|4978 W 12600 S|HERRIMAN,7/9/2025,1,8.0
1909,GOOD 2 GO STORE|4978 W 12600 S|HERRIMAN,11/13/2024,1,1.0
1910,GOOD 2 GO STORE|4978 W 12600 S|HERRIMAN,5/28/2024,1,7.0
1911,GOOD2GO STORES|5075 W HERRIMAN BLVD|HERRIMAN,4/6/2026,1,11.0
1912,GOOD2GO STORES|5075 W HERRIMAN BLVD|HERRIMAN,7/9/2025,1,17.0
1913,GOOD2GO STORES|5075 W HERRIMAN BLVD|HERRIMAN,8/7/2024,1,7.0
1914,GOOD2GO STORES|5075 W HERRIMAN BLVD|HERRIMAN,1/16/2024,7,0.0
1915,GOOD2GO STORES|5075 W HERRIMAN BLVD|HERRIMAN,11/15/2023,1,0.0
1916,GORDOS TACOS #248824A|5470 S 900 E|MURRAY,3/25/2026,1,6.0
1917,GORDOS TACOS #248824A|5470 S 900 E|MURRAY,7/16/2025,1,1.0
1918,GORDOS TACOS #248824A|5470 S 900 E|MURRAY,4/25/2024,1,8.0
1919,GOURMANDISE THE BAKERY DOG PATIO|725 E 12300 S|DRAPER,4/24/2025,1,0.0
1920,GOURMANDISE THE BAKERY DOG PATIO|725 E 12300 S|DRAPER,5/30/2024,1,1.0
1921,GOURMANDISE THE BAKERY DOG PATIO|725 E 12300 S|DRAPER,7/20/2022,1,1.0
1922,GOURMANDISE THE BAKERY DOG PATIO|725 E 12300 S|DRAPER,2/15/2022,1,1.0
1923,GOURMANDISE THE BAKERY DOG PATIO|250 S 300 E|SALT LAKE CITY,1/5/2026,1,0.0
1924,GOURMANDISE THE BAKERY DOG PATIO|250 S 300 E|SALT LAKE CITY,8/15/2024,1,0.0
1925,GOURMANDISE THE BAKERY DOG PATIO|250 S 300 E|SALT LAKE CITY,8/21/2023,1,0.0
1926,GOURMANDISE THE BAKERY DOG PATIO|250 S 300 E|SALT LAKE CITY,5/18/2022,1,0.0
1927,GRANATO FOODS|1391 S 300 W|SALT LAKE CITY,10/8/2025,1,7.0
1928,GRANATO FOODS|1391 S 300 W|SALT LAKE CITY,7/22/2024,1,3.0
1929,GRANATOS GOURMET MARKET|4051 W TERMINAL DR|SALT LAKE CITY,11/21/2025,1,10.0
1930,GRANATOS GOURMET MARKET|4051 W TERMINAL DR|SALT LAKE CITY,2/20/2025,1,18.0
1931,GRANATOS GOURMET MARKET|4051 W TERMINAL DR|SALT LAKE CITY,7/31/2024,1,9.0
1932,GRANATOS GOURMET MARKET|4051 W TERMINAL DR|SALT LAKE CITY,12/14/2023,1,8.0
1933,GRANATOS GOURMET MARKET|4051 W TERMINAL DR|SALT LAKE CITY,4/10/2023,1,16.0
1934,GRANATOS GOURMET MARKET|4051 W TERMINAL DR|SALT LAKE CITY,9/27/2022,1,3.0
1935,GRANATOS GOURMET MARKET|4051 W TERMINAL DR|SALT LAKE CITY,7/13/2021,1,3.0
1936,GRAND AMERICA HOTEL - GIBSON GIRL LOUNGE|555 S MAIN ST|SALT LAKE CITY,6/10/2025,1,1.0
1937,GRAND AMERICA HOTEL - GIBSON GIRL LOUNGE|555 S MAIN ST|SALT LAKE CITY,6/10/2024,1,0.0
1938,GRAND AMERICA HOTEL - GIBSON GIRL LOUNGE|555 S MAIN ST|SALT LAKE CITY,6/1/2023,1,7.0
1939,GRAND AMERICA HOTEL - GIBSON GIRL LOUNGE|555 S MAIN ST|SALT LAKE CITY,4/19/2022,1,1.0
1940,GRAND AMERICA HOTEL - GIBSON GIRL LOUNGE|555 S MAIN ST|SALT LAKE CITY,6/24/2021,1,1.0
1941,GRAND AMERICA HOTEL - GIBSON GIRL LOUNGE|555 S MAIN ST|SALT LAKE CITY,3/3/2020,1,3.0
1942,GRAND AMERICA HOTEL - GIBSON GIRL LOUNGE|555 S MAIN ST|SALT LAKE CITY,3/15/2018,1,14.0
1943,GRAND AMERICA HOTEL - GIBSON GIRL LOUNGE|555 S MAIN ST|SALT LAKE CITY,9/29/2016,1,2.0
1944,GRAND AMERICA HOTEL - GIBSON GIRL LOUNGE|555 S MAIN ST|SALT LAKE CITY,11/20/2014,1,1.0
1945,GRAND AMERICA HOTEL - GIBSON GIRL LOUNGE|555 S MAIN ST|SALT LAKE CITY,6/13/2013,1,0.0
1946,GRAND AMERICA HOTEL BUTCHER SHOP BASEMENT|555 S MAIN ST|SALT LAKE CITY,6/10/2025,1,1.0
1947,GRAND AMERICA HOTEL BUTCHER SHOP BASEMENT|555 S MAIN ST|SALT LAKE CITY,6/10/2024,1,2.0
1948,GRAND AMERICA HOTEL BUTCHER SHOP BASEMENT|555 S MAIN ST|SALT LAKE CITY,6/13/2023,1,7.0
1949,GRAND AMERICA HOTEL BUTCHER SHOP BASEMENT|555 S MAIN ST|SALT LAKE CITY,4/19/2022,1,3.0
1950,GRAND AMERICA HOTEL BUTCHER SHOP BASEMENT|555 S MAIN ST|SALT LAKE CITY,6/24/2021,1,2.0
1951,GRAND AMERICA HOTEL BUTCHER SHOP BASEMENT|555 S MAIN ST|SALT LAKE CITY,3/3/2020,1,1.0
1952,GRAND AMERICA HOTEL BUTCHER SHOP BASEMENT|555 S MAIN ST|SALT LAKE CITY,9/19/2019,1,5.0
1953,GRAND AMERICA HOTEL BUTCHER SHOP BASEMENT|555 S MAIN ST|SALT LAKE CITY,2/23/2018,1,13.0
1954,GRAND AMERICA HOTEL BUTCHER SHOP BASEMENT|555 S MAIN ST|SALT LAKE CITY,9/6/2016,1,4.0
1955,GRAND AMERICA HOTEL BUTCHER SHOP BASEMENT|555 S MAIN ST|SALT LAKE CITY,11/20/2014,1,11.0
1956,GRAND AMERICA HOTEL EMPLOYEE DINING|555 S MAIN ST|SALT LAKE CITY,1/27/2026,1,7.0
1957,GRAND AMERICA HOTEL EMPLOYEE DINING|555 S MAIN ST|SALT LAKE CITY,6/10/2025,1,9.0
1958,GRAND AMERICA HOTEL EMPLOYEE DINING|555 S MAIN ST|SALT LAKE CITY,1/9/2025,1,20.0
1959,GRAND AMERICA HOTEL EMPLOYEE DINING|555 S MAIN ST|SALT LAKE CITY,6/10/2024,1,20.0
1960,GRAND AMERICA HOTEL EMPLOYEE DINING|555 S MAIN ST|SALT LAKE CITY,11/7/2023,1,10.0
1961,GRAND AMERICA HOTEL EMPLOYEE DINING|555 S MAIN ST|SALT LAKE CITY,6/1/2023,1,20.0
1962,GRAND AMERICA HOTEL EMPLOYEE DINING|555 S MAIN ST|SALT LAKE CITY,10/20/2022,1,16.0
1963,GRAND AMERICA HOTEL EMPLOYEE DINING|555 S MAIN ST|SALT LAKE CITY,4/19/2022,1,15.0
1964,GRAND AMERICA HOTEL EMPLOYEE DINING|555 S MAIN ST|SALT LAKE CITY,6/24/2021,1,13.0
1965,GRAND AMERICA HOTEL EMPLOYEE DINING|555 S MAIN ST|SALT LAKE CITY,3/3/2020,1,20.0
1966,GRAND AMERICA HOTEL POOL KITCHEN|555 S MAIN ST|SALT LAKE CITY,6/10/2025,1,2.0
1967,GRAND AMERICA HOTEL POOL KITCHEN|555 S MAIN ST|SALT LAKE CITY,6/10/2024,1,1.0
1968,GRAND AMERICA HOTEL POOL KITCHEN|555 S MAIN ST|SALT LAKE CITY,6/1/2023,1,4.0
1969,GRAND AMERICA HOTEL POOL KITCHEN|555 S MAIN ST|SALT LAKE CITY,4/19/2022,1,0.0
1970,GRAND AMERICA HOTEL POOL KITCHEN|555 S MAIN ST|SALT LAKE CITY,6/24/2021,1,0.0
1971,GRAND AMERICA HOTEL POOL KITCHEN|555 S MAIN ST|SALT LAKE CITY,9/19/2019,1,5.0
1972,GRAND AMERICA HOTEL POOL KITCHEN|555 S MAIN ST|SALT LAKE CITY,7/31/2018,1,13.0
1973,GRAND AMERICA HOTEL POOL KITCHEN|555 S MAIN ST|SALT LAKE CITY,10/9/2017,1,1.0
1974,GRAND AMERICA HOTEL POOL KITCHEN|555 S MAIN ST|SALT LAKE CITY,9/6/2016,1,19.0
1975,GRAND AMERICA HOTEL POOL KITCHEN|555 S MAIN ST|SALT LAKE CITY,10/14/2015,1,2.0
1976,GRANDMA SWAN SMITH ECLECTIC DELIGHTS #1BFF5|67 W 1700 S|SALT LAKE CITY,3/23/2026,1,4.0
1977,GRANDMA SWAN SMITH ECLECTIC DELIGHTS #1BFF5|67 W 1700 S|SALT LAKE CITY,8/8/2024,1,1.0
1978,GREAT STEAK & POTATO CO|28 S STATE ST|SALT LAKE CITY,5/6/2026,1,5.0
1979,GREAT STEAK & POTATO CO|28 S STATE ST|SALT LAKE CITY,11/7/2025,1,5.0
1980,GREAT STEAK & POTATO CO|28 S STATE ST|SALT LAKE CITY,3/6/2025,1,2.0
1981,GREAT STEAK & POTATO CO|28 S STATE ST|SALT LAKE CITY,9/24/2024,1,17.0
1982,GREAT STEAK & POTATO CO|28 S STATE ST|SALT LAKE CITY,3/25/2024,1,9.0
1983,GREAT STEAK & POTATO CO|28 S STATE ST|SALT LAKE CITY,9/12/2023,1,12.0
1984,GREAT STEAK & POTATO CO|28 S STATE ST|SALT LAKE CITY,3/7/2023,1,19.0
1985,GREAT STEAK & POTATO CO|28 S STATE ST|SALT LAKE CITY,8/22/2022,1,18.0
1986,GREAT STEAK & POTATO CO|28 S STATE ST|SALT LAKE CITY,2/3/2022,1,13.0
1987,GREAT STEAK & POTATO CO|28 S STATE ST|SALT LAKE CITY,3/12/2021,1,12.0
1988,GREEK ORTHODOX CHURCH|279 S 300 W|SALT LAKE CITY,9/5/2025,1,8.0
1989,GREEK ORTHODOX CHURCH|279 S 300 W|SALT LAKE CITY,9/6/2024,1,32.0
1990,GREEK ORTHODOX CHURCH|279 S 300 W|SALT LAKE CITY,9/8/2023,1,19.0
1991,GREEK ORTHODOX CHURCH|279 S 300 W|SALT LAKE CITY,9/9/2022,1,31.0
1992,GREEK ORTHODOX CHURCH|279 S 300 W|SALT LAKE CITY,9/10/2021,1,27.0
1993,GREEK ORTHODOX CHURCH|279 S 300 W|SALT LAKE CITY,9/6/2019,1,14.0
1994,GREEK ORTHODOX CHURCH|279 S 300 W|SALT LAKE CITY,9/7/2018,1,69.0
1995,GREEK ORTHODOX CHURCH|279 S 300 W|SALT LAKE CITY,8/15/2017,1,25.0
1996,GREEK ORTHODOX CHURCH|279 S 300 W|SALT LAKE CITY,9/9/2016,1,27.0
1997,GREEK ORTHODOX CHURCH|279 S 300 W|SALT LAKE CITY,9/11/2015,1,44.0
1998,GRILLE|5055 S WEST RIDGE BLVD|KEARNS TS,1/6/2026,1,5.0
1999,GRILLE|5055 S WEST RIDGE BLVD|KEARNS TS,6/24/2025,1,17.0
2000,GRILLE|5055 S WEST RIDGE BLVD|KEARNS TS,10/28/2024,1,22.0
2001,GRILLE|5055 S WEST RIDGE BLVD|KEARNS TS,4/8/2024,1,18.0
2002,GRILLE|5055 S WEST RIDGE BLVD|KEARNS TS,8/15/2022,1,24.0
2003,GRILLE|5055 S WEST RIDGE BLVD|KEARNS TS,6/28/2021,1,8.0
2004,GRILLE|5055 S WEST RIDGE BLVD|KEARNS TS,3/9/2020,1,12.0
2005,GRILLE|5055 S WEST RIDGE BLVD|KEARNS TS,4/10/2019,1,14.0
2006,GRILLE|5055 S WEST RIDGE BLVD|KEARNS TS,7/25/2018,1,3.0
2007,GRILLE|5055 S WEST RIDGE BLVD|KEARNS TS,1/29/2018,1,4.0
2008,GUADALUPE SCHOOL|1385 N 1200 W|SALT LAKE CITY,4/22/2026,1,6.0
2009,GUADALUPE SCHOOL|1385 N 1200 W|SALT LAKE CITY,12/9/2025,1,0.0
2010,GUADALUPE SCHOOL|1385 N 1200 W|SALT LAKE CITY,3/20/2025,1,1.0
2011,GUADALUPE SCHOOL|1385 N 1200 W|SALT LAKE CITY,8/20/2024,1,0.0
2012,GUADALUPE SCHOOL|1385 N 1200 W|SALT LAKE CITY,3/14/2024,1,1.0
2013,GUADALUPE SCHOOL|1385 N 1200 W|SALT LAKE CITY,11/8/2023,1,0.0
2014,GUADALUPE SCHOOL|1385 N 1200 W|SALT LAKE CITY,5/25/2023,1,0.0
2015,GUADALUPE SCHOOL|1385 N 1200 W|SALT LAKE CITY,8/31/2022,1,4.0
2016,GUADALUPE SCHOOL|1385 N 1200 W|SALT LAKE CITY,4/29/2022,1,0.0
2017,GUADALUPE SCHOOL|1385 N 1200 W|SALT LAKE CITY,9/24/2021,1,0.0
2018,HABANERO CHILE|1245 S 900 W|SALT LAKE CITY,12/4/2025,1,2.0
2019,HABANERO CHILE|1245 S 900 W|SALT LAKE CITY,11/25/2024,1,15.0
2020,HABANERO CHILE|1245 S 900 W|SALT LAKE CITY,5/1/2024,1,6.0
2021,HABANERO CHILE|1245 S 900 W|SALT LAKE CITY,11/20/2023,1,8.0
2022,HABANERO CHILE|1245 S 900 W|SALT LAKE CITY,6/29/2023,1,21.0
2023,HABANERO CHILE|1245 S 900 W|SALT LAKE CITY,3/15/2022,1,7.0
2024,HABANERO CHILE|1245 S 900 W|SALT LAKE CITY,4/5/2021,7,0.0
2025,HABANERO CHILE|1245 S 900 W|SALT LAKE CITY,3/29/2021,7,0.0
2026,HABANERO CHILE|1245 S 900 W|SALT LAKE CITY,3/9/2020,7,1.0
2027,HABANERO CHILE|1245 S 900 W|SALT LAKE CITY,3/14/2019,1,0.0
2028,HABIT BURGER GRILL|6993 S PARK CENTRE DR|COTTONWOOD HEIGHTS,1/22/2026,1,1.0
2029,HABIT BURGER GRILL|6993 S PARK CENTRE DR|COTTONWOOD HEIGHTS,6/11/2025,1,14.0
2030,HABIT BURGER GRILL|6993 S PARK CENTRE DR|COTTONWOOD HEIGHTS,7/18/2024,1,3.0
2031,HABIT BURGER GRILL|6993 S PARK CENTRE DR|COTTONWOOD HEIGHTS,11/3/2023,1,2.0
2032,HABIT BURGER GRILL|6993 S PARK CENTRE DR|COTTONWOOD HEIGHTS,4/21/2023,1,3.0
2033,HABIT BURGER GRILL|6993 S PARK CENTRE DR|COTTONWOOD HEIGHTS,9/9/2022,1,10.0
2034,HABIT BURGER GRILL|6993 S PARK CENTRE DR|COTTONWOOD HEIGHTS,3/4/2022,1,17.0
2035,HABIT BURGER GRILL|6993 S PARK CENTRE DR|COTTONWOOD HEIGHTS,9/2/2020,1,17.0
2036,HABIT BURGER GRILL|6993 S PARK CENTRE DR|COTTONWOOD HEIGHTS,9/30/2019,1,20.0
2037,HABIT BURGER GRILL|6993 S PARK CENTRE DR|COTTONWOOD HEIGHTS,12/17/2018,1,16.0
2038,HABIT BURGER GRILL|11380 S STATE ST|SANDY,3/23/2026,1,5.0
2039,HABIT BURGER GRILL|11380 S STATE ST|SANDY,9/10/2025,1,3.0
2040,HABIT BURGER GRILL|11380 S STATE ST|SANDY,12/13/2024,1,13.0
2041,HABIT BURGER GRILL|11380 S STATE ST|SANDY,6/4/2024,1,12.0
2042,HABIT BURGER GRILL|11380 S STATE ST|SANDY,8/18/2022,1,22.0
2043,HABIT BURGER GRILL|11380 S STATE ST|SANDY,1/18/2022,1,6.0
2044,HABIT BURGER GRILL|11380 S STATE ST|SANDY,8/31/2020,1,3.0
2045,HABIT BURGER GRILL|11380 S STATE ST|SANDY,1/6/2020,1,17.0
2046,HABIT BURGER GRILL|11380 S STATE ST|SANDY,2/25/2019,1,7.0
2047,HABIT BURGER GRILL|11380 S STATE ST|SANDY,6/7/2018,1,31.0
2048,HADFIELD HOUSE @SLC COMMISSARY|3678 W 2100 S|SALT LAKE CITY,5/21/2026,1,0.0
2049,HADFIELD HOUSE @SLC COMMISSARY|3678 W 2100 S|SALT LAKE CITY,8/19/2025,1,1.0
2050,HALL PASS DOG PATIO|153 S RIO GRANDE ST|SALT LAKE CITY,3/30/2026,1,0.0
2051,HALLOWED GROUNDS CAFE AND GIFTS|370 S 300 E|SALT LAKE CITY,10/13/2025,1,1.0
2052,HALLOWED GROUNDS CAFE AND GIFTS|370 S 300 E|SALT LAKE CITY,12/9/2024,1,16.0
2053,HAMPTON INN|425 S 300 W|SALT LAKE CITY,2/11/2025,1,1.0
2054,HAMPTON INN|425 S 300 W|SALT LAKE CITY,1/6/2023,1,3.0
2055,HAMPTON INN|425 S 300 W|SALT LAKE CITY,8/20/2021,1,9.0
2056,HAMPTON INN|425 S 300 W|SALT LAKE CITY,2/19/2020,1,6.0
2057,HAMPTON INN|425 S 300 W|SALT LAKE CITY,11/26/2018,1,7.0
2058,HAMPTON INN|425 S 300 W|SALT LAKE CITY,11/22/2017,1,21.0
2059,HAMPTON INN|425 S 300 W|SALT LAKE CITY,11/22/2016,1,4.0
2060,HAMPTON INN|425 S 300 W|SALT LAKE CITY,5/8/2015,1,18.0
2061,HAMPTON INN|425 S 300 W|SALT LAKE CITY,4/25/2014,1,17.0
2062,HAMPTON INN|425 S 300 W|SALT LAKE CITY,11/27/2012,1,15.0
2063,HANDLEBAR - DOG PATIO|751 N 300 W|SALT LAKE CITY,3/27/2025,1,0.0
2064,HANDLEBAR - DOG PATIO|751 N 300 W|SALT LAKE CITY,7/25/2023,1,0.0
2065,HANDLEBAR - DOG PATIO|751 N 300 W|SALT LAKE CITY,5/3/2022,1,3.0
2066,HANDLEBAR - DOG PATIO|751 N 300 W|SALT LAKE CITY,4/6/2021,1,0.0
2067,HANDLEBAR - DOG PATIO|751 N 300 W|SALT LAKE CITY,7/16/2019,1,4.0
2068,HARMONS - COFFEE SHOP|125 E 13800 S|DRAPER,3/13/2026,1,3.0
2069,HARMONS - COFFEE SHOP|125 E 13800 S|DRAPER,6/14/2024,1,4.0
2070,HARMONS - COFFEE SHOP|125 E 13800 S|DRAPER,6/28/2022,1,13.0
2071,HARMONS - COFFEE SHOP|125 E 13800 S|DRAPER,6/25/2021,1,9.0
2072,HARMONS - COFFEE SHOP|125 E 13800 S|DRAPER,2/7/2020,1,13.0
2073,HARMONS - COFFEE SHOP|125 E 13800 S|DRAPER,3/8/2019,1,8.0
2074,HARMONS - COFFEE SHOP|125 E 13800 S|DRAPER,4/2/2018,1,2.0
2075,HARMONS - COFFEE SHOP|125 E 13800 S|DRAPER,2/22/2017,1,6.0
2076,HARMONS - COFFEE SHOP|125 E 13800 S|DRAPER,3/28/2016,1,8.0
2077,HARMONS - COFFEE SHOP|125 E 13800 S|DRAPER,1/28/2015,1,15.0
2078,HARMONS - UPSTAIRS DELI|4727 W SOUTH JORDAN PKWY|SOUTH JORDAN,8/27/2025,1,1.0
2079,HARMONS - UPSTAIRS DELI|4727 W SOUTH JORDAN PKWY|SOUTH JORDAN,9/9/2024,1,14.0
2080,HARMONS - UPSTAIRS DELI|4727 W SOUTH JORDAN PKWY|SOUTH JORDAN,8/15/2023,1,9.0
2081,HARMONS - UPSTAIRS DELI|4727 W SOUTH JORDAN PKWY|SOUTH JORDAN,2/28/2023,2,0.0
2082,HARMONS BANGERTER CROSSING|125 E 13800 S|DRAPER,5/22/2026,1,8.0
2083,HARMONS BANGERTER CROSSING|125 E 13800 S|DRAPER,4/15/2025,1,18.0
2084,HARMONS BANGERTER CROSSING|125 E 13800 S|DRAPER,10/22/2024,1,15.0
2085,HARMONS BANGERTER CROSSING|125 E 13800 S|DRAPER,6/12/2024,1,33.0
2086,HARMONS BANGERTER CROSSING|125 E 13800 S|DRAPER,9/12/2023,1,47.0
2087,HARMONS BANGERTER CROSSING|125 E 13800 S|DRAPER,5/1/2023,1,25.0
2088,HARMONS BANGERTER CROSSING|125 E 13800 S|DRAPER,11/3/2022,1,35.0
2089,HARMONS BANGERTER CROSSING|125 E 13800 S|DRAPER,6/8/2022,1,37.0
2090,HARMONS BANGERTER CROSSING|125 E 13800 S|DRAPER,2/1/2022,1,20.0
2091,HARMONS BANGERTER CROSSING|125 E 13800 S|DRAPER,9/28/2021,7,0.0
2092,HARMONS CITY CREEK (BARISTA)|135 E 100 S|SALT LAKE CITY,4/28/2026,1,4.0
2093,HARMONS CITY CREEK (BARISTA)|135 E 100 S|SALT LAKE CITY,3/5/2025,1,10.0
2094,HARMONS CITY CREEK (BARISTA)|135 E 100 S|SALT LAKE CITY,3/28/2024,1,5.0
2095,HARMONS CITY CREEK (BARISTA)|135 E 100 S|SALT LAKE CITY,3/9/2023,1,8.0
2096,HARMONS CITY CREEK (BARISTA)|135 E 100 S|SALT LAKE CITY,3/15/2022,1,3.0
2097,HARMONS CITY CREEK (BARISTA)|135 E 100 S|SALT LAKE CITY,2/24/2021,1,3.0
2098,HARMONS CITY CREEK (BARISTA)|135 E 100 S|SALT LAKE CITY,5/9/2019,1,7.0
2099,HARMONS CITY CREEK (BARISTA)|135 E 100 S|SALT LAKE CITY,2/20/2018,1,14.0
2100,HARMONS CITY CREEK (BARISTA)|135 E 100 S|SALT LAKE CITY,10/3/2016,1,18.0
2101,HARMONS CITY CREEK (BARISTA)|135 E 100 S|SALT LAKE CITY,11/25/2014,1,3.0
2102,HARMONS CITY CREEK - JUST BURGERS|135 E 100 S|SALT LAKE CITY,4/28/2026,1,2.0
2103,HARMONS CITY CREEK - JUST BURGERS|135 E 100 S|SALT LAKE CITY,10/9/2025,1,1.0
2104,HARMONS CITY CREEK - JUST BURGERS|135 E 100 S|SALT LAKE CITY,3/5/2025,1,7.0
2105,HARMONS CITY CREEK - JUST BURGERS|135 E 100 S|SALT LAKE CITY,9/16/2024,1,21.0
2106,HARMONS CITY CREEK - JUST BURGERS|135 E 100 S|SALT LAKE CITY,3/28/2024,1,9.0
2107,HARMONS CITY CREEK - JUST BURGERS|135 E 100 S|SALT LAKE CITY,9/21/2023,1,8.0
2108,HARMONS CITY CREEK - JUST BURGERS|135 E 100 S|SALT LAKE CITY,3/9/2023,1,2.0
2109,HARMONS CITY CREEK - JUST BURGERS|135 E 100 S|SALT LAKE CITY,9/14/2022,1,2.0
2110,HARMONS DAY BREAK - JUST BURGERS|4727 W SOUTH JORDAN PKWY|SOUTH JORDAN,2/23/2026,1,8.0
2111,HARMONS DAY BREAK - JUST BURGERS|4727 W SOUTH JORDAN PKWY|SOUTH JORDAN,8/27/2025,1,10.0
2112,HARMONS DAY BREAK - JUST BURGERS|4727 W SOUTH JORDAN PKWY|SOUTH JORDAN,2/27/2025,1,6.0
2113,HARMONS DAY BREAK - JUST BURGERS|4727 W SOUTH JORDAN PKWY|SOUTH JORDAN,8/22/2024,1,9.0
2114,HARMONS DAY BREAK - JUST BURGERS|4727 W SOUTH JORDAN PKWY|SOUTH JORDAN,2/23/2024,1,9.0
2115,HARMONS DAY BREAK - JUST BURGERS|4727 W SOUTH JORDAN PKWY|SOUTH JORDAN,8/15/2023,1,6.0
2116,HARMONS DAY BREAK - JUST BURGERS|4727 W SOUTH JORDAN PKWY|SOUTH JORDAN,1/11/2023,1,7.0
2117,HARMONS DAY BREAK - JUST BURGERS|4727 W SOUTH JORDAN PKWY|SOUTH JORDAN,6/10/2022,1,20.0
2118,HARMONS TAYLORSVILLE|5454 S REDWOOD RD|TAYLORSVILLE,2/24/2026,1,11.0
2119,HARMONS TAYLORSVILLE|5454 S REDWOOD RD|TAYLORSVILLE,5/29/2025,1,33.0
2120,HARMONS TAYLORSVILLE|5454 S REDWOOD RD|TAYLORSVILLE,6/10/2024,1,31.0
2121,HARMONS TAYLORSVILLE|5454 S REDWOOD RD|TAYLORSVILLE,11/20/2023,1,18.0
2122,HARMONS TAYLORSVILLE|5454 S REDWOOD RD|TAYLORSVILLE,2/2/2023,1,13.0
2123,HARMONS TAYLORSVILLE|5454 S REDWOOD RD|TAYLORSVILLE,6/1/2022,1,42.0
2124,HARMONS TAYLORSVILLE|5454 S REDWOOD RD|TAYLORSVILLE,11/9/2021,1,9.0
2125,HARMONS TAYLORSVILLE|5454 S REDWOOD RD|TAYLORSVILLE,2/8/2021,1,9.0
2126,HARMONS TAYLORSVILLE|5454 S REDWOOD RD|TAYLORSVILLE,11/6/2019,1,10.0
2127,HARMONS TAYLORSVILLE|5454 S REDWOOD RD|TAYLORSVILLE,3/7/2019,1,15.0
2128,HARMONS WEST|3955 W 3500 S|WEST VALLEY CITY,6/18/2026,1,11.0
2129,HARMONS WEST|3955 W 3500 S|WEST VALLEY CITY,1/7/2026,1,9.0
2130,HARMONS WEST|3955 W 3500 S|WEST VALLEY CITY,5/6/2025,1,6.0
2131,HARMONS WEST|3955 W 3500 S|WEST VALLEY CITY,5/8/2024,1,16.0
2132,HARMONS WEST|3955 W 3500 S|WEST VALLEY CITY,1/30/2023,1,27.0
2133,HARMONS WEST|3955 W 3500 S|WEST VALLEY CITY,4/5/2022,1,33.0
2134,HARMONS WEST|3955 W 3500 S|WEST VALLEY CITY,8/24/2021,7,9.0
2135,HARMONS WEST|3955 W 3500 S|WEST VALLEY CITY,7/22/2021,1,16.0
2136,HARMONS WEST|3955 W 3500 S|WEST VALLEY CITY,3/5/2020,1,15.0
2137,HARMONS WEST|3955 W 3500 S|WEST VALLEY CITY,10/10/2019,1,18.0
2138,"HARMONS, BASEMENT KITCHEN, GELATO|4727 W SOUTH JORDAN PKWY|SOUTH JORDAN",2/23/2026,1,9.0
2139,"HARMONS, BASEMENT KITCHEN, GELATO|4727 W SOUTH JORDAN PKWY|SOUTH JORDAN",8/27/2025,1,7.0
2140,"HARMONS, BASEMENT KITCHEN, GELATO|4727 W SOUTH JORDAN PKWY|SOUTH JORDAN",3/11/2025,1,4.0
2141,"HARMONS, BASEMENT KITCHEN, GELATO|4727 W SOUTH JORDAN PKWY|SOUTH JORDAN",11/5/2024,1,7.0
2142,"HARMONS, BASEMENT KITCHEN, GELATO|4727 W SOUTH JORDAN PKWY|SOUTH JORDAN",5/14/2024,1,18.0
2143,"HARMONS, BASEMENT KITCHEN, GELATO|4727 W SOUTH JORDAN PKWY|SOUTH JORDAN",1/4/2024,1,18.0
2144,"HARMONS, BASEMENT KITCHEN, GELATO|4727 W SOUTH JORDAN PKWY|SOUTH JORDAN",8/15/2023,1,12.0
2145,"HARMONS, BASEMENT KITCHEN, GELATO|4727 W SOUTH JORDAN PKWY|SOUTH JORDAN",1/11/2023,1,9.0
2146,"HARMONS, BASEMENT KITCHEN, GELATO|4727 W SOUTH JORDAN PKWY|SOUTH JORDAN",9/9/2022,1,14.0
2147,"HARMONS, BASEMENT KITCHEN, GELATO|4727 W SOUTH JORDAN PKWY|SOUTH JORDAN",6/10/2022,1,10.0
2148,HASH KITCHEN - DOG PATIO|264 E 12300 S|DRAPER,4/3/2025,1,0.0
2149,HASH KITCHEN - DOG PATIO|264 E 12300 S|DRAPER,2/22/2024,1,0.0
2150,HAVE PARTY WILL TRAVEL|466 W LAWNDALE DR|SOUTH SALT LAKE,6/18/2026,1,7.0
2151,HAVE PARTY WILL TRAVEL|466 W LAWNDALE DR|SOUTH SALT LAKE,12/16/2025,1,9.0
2152,HAVE PARTY WILL TRAVEL|466 W LAWNDALE DR|SOUTH SALT LAKE,10/31/2025,2,0.0
2153,HCI WELLNESS & INTERGRATIVE HEALTH CENTER KITCHEN|1950 E CIRCLE OF HOPE DR|SALT LAKE CITY,4/14/2026,1,0.0
2154,HCI WELLNESS & INTERGRATIVE HEALTH CENTER KITCHEN|1950 E CIRCLE OF HOPE DR|SALT LAKE CITY,2/19/2025,1,0.0
2155,HEALTHY VIDA FELIZ|4041 W 4100 S|WEST VALLEY CITY,1/8/2025,1,2.0
2156,HEALTHY VIDA FELIZ|4041 W 4100 S|WEST VALLEY CITY,1/10/2024,1,2.0
2157,HEALTHY VIDA FELIZ|4041 W 4100 S|WEST VALLEY CITY,7/28/2022,1,3.0
2158,HEALTHY VIDA FELIZ|4041 W 4100 S|WEST VALLEY CITY,7/12/2021,1,19.0
2159,HEALTHY VIDA FELIZ|4041 W 4100 S|WEST VALLEY CITY,4/8/2020,1,6.0
2160,HEARTH AND HILL SUGAR ALLEY|2188 S HIGHLAND DR|SALT LAKE CITY,6/10/2026,1,13.0
2161,HEARTH AND HILL SUGAR ALLEY|2188 S HIGHLAND DR|SALT LAKE CITY,12/16/2025,1,59.0
2162,HEARTH AND HILL SUGAR ALLEY|2188 S HIGHLAND DR|SALT LAKE CITY,3/11/2025,2,2.0
2163,HECTORS MEXICAN FOOD #276272A|3551 S WEST TEMPLE ST|SOUTH SALT LAKE,11/12/2025,1,0.0
2164,HERITAGE CONVENIENCE STORE|151 S CONNOR|SALT LAKE CITY,1/26/2026,1,4.0
2165,HERITAGE CONVENIENCE STORE|151 S CONNOR|SALT LAKE CITY,2/19/2025,1,10.0
2166,HERITAGE CONVENIENCE STORE|151 S CONNOR|SALT LAKE CITY,9/7/2023,1,1.0
2167,HERITAGE CONVENIENCE STORE|151 S CONNOR|SALT LAKE CITY,10/26/2022,2,8.0
2168,HERITAGE CONVENIENCE STORE|151 S CONNOR|SALT LAKE CITY,10/26/2022,1,26.0
2169,HERITAGE CONVENIENCE STORE|151 S CONNOR|SALT LAKE CITY,1/20/2022,1,13.0
2170,HERITAGE CONVENIENCE STORE|151 S CONNOR|SALT LAKE CITY,11/1/2019,1,11.0
2171,HERITAGE CONVENIENCE STORE|151 S CONNOR|SALT LAKE CITY,11/7/2018,1,12.0
2172,HERITAGE CONVENIENCE STORE|151 S CONNOR|SALT LAKE CITY,1/29/2018,1,29.0
2173,HERITAGE CONVENIENCE STORE|151 S CONNOR|SALT LAKE CITY,3/7/2017,1,21.0
2174,HIDDEN OAK  GOURMET CREAMERY|370 S 300 E|SALT LAKE CITY,2/19/2026,1,1.0
2175,HIDDEN VALLEY COUNTRY CLUB CONCESSIONS|11820 S HIGHLAND DR|SANDY,12/26/2025,1,1.0
2176,HIDDEN VALLEY COUNTRY CLUB CONCESSIONS|11820 S HIGHLAND DR|SANDY,5/29/2024,1,15.0
2177,HIDDEN VALLEY COUNTRY CLUB CONCESSIONS|11820 S HIGHLAND DR|SANDY,6/6/2022,1,18.0
2178,HIDDEN VALLEY COUNTRY CLUB CONCESSIONS|11820 S HIGHLAND DR|SANDY,8/21/2020,1,1.0
2179,HIDDEN VALLEY COUNTRY CLUB CONCESSIONS|11820 S HIGHLAND DR|SANDY,4/25/2019,1,3.0
2180,HIDDEN VALLEY COUNTRY CLUB CONCESSIONS|11820 S HIGHLAND DR|SANDY,5/25/2018,1,9.0
2181,HIDDEN VALLEY COUNTRY CLUB CONCESSIONS|11820 S HIGHLAND DR|SANDY,8/18/2017,1,9.0
2182,HIDDEN VALLEY COUNTRY CLUB CONCESSIONS|11820 S HIGHLAND DR|SANDY,11/1/2016,1,4.0
2183,HIDDEN VALLEY COUNTRY CLUB CONCESSIONS|11820 S HIGHLAND DR|SANDY,4/27/2015,1,22.0
2184,HIDDEN VALLEY COUNTRY CLUB CONCESSIONS|11820 S HIGHLAND DR|SANDY,7/25/2014,1,29.0
2185,HIDDEN VALLEY COUNTRY CLUB-CABANA|11820 S HIGHLAND DR|SANDY,12/26/2025,1,2.0
2186,HIDDEN VALLEY COUNTRY CLUB-CABANA|11820 S HIGHLAND DR|SANDY,5/29/2024,1,14.0
2187,HIDDEN VALLEY COUNTRY CLUB-CABANA|11820 S HIGHLAND DR|SANDY,6/6/2022,1,35.0
2188,HIDDEN VALLEY COUNTRY CLUB-CABANA|11820 S HIGHLAND DR|SANDY,8/21/2020,1,18.0
2189,HIDDEN VALLEY COUNTRY CLUB-CABANA|11820 S HIGHLAND DR|SANDY,8/29/2019,1,14.0
2190,HIDDEN VALLEY COUNTRY CLUB-CABANA|11820 S HIGHLAND DR|SANDY,6/11/2018,1,5.0
2191,HIDDEN VALLEY COUNTRY CLUB-CABANA|11820 S HIGHLAND DR|SANDY,8/18/2017,1,23.0
2192,HIGHLANDER PUB|6194 S HIGHLAND DR|MURRAY,1/15/2026,1,1.0
2193,HIGHLANDER PUB|6194 S HIGHLAND DR|MURRAY,11/4/2025,2,0.0
2194,HILLS KITCHEN DOG PATIO|2188 S HIGHLAND DR|SALT LAKE CITY,12/16/2025,1,0.0
2195,HILTON SALT LAKE CITY CENTER - LOUNGE|255 S WEST TEMPLE ST|SALT LAKE CITY,2/10/2026,1,1.0
2196,HILTON SALT LAKE CITY CENTER - LOUNGE|255 S WEST TEMPLE ST|SALT LAKE CITY,1/13/2025,1,0.0
2197,HILTON SALT LAKE CITY CENTER - LOUNGE|255 S WEST TEMPLE ST|SALT LAKE CITY,1/10/2023,1,0.0
2198,HILTON SALT LAKE CITY CENTER - LOUNGE|255 S WEST TEMPLE ST|SALT LAKE CITY,8/2/2021,1,4.0
2199,HILTON SALT LAKE CITY CENTER - LOUNGE|255 S WEST TEMPLE ST|SALT LAKE CITY,5/10/2019,1,0.0
2200,HILTON SALT LAKE CITY CENTER - LOUNGE|255 S WEST TEMPLE ST|SALT LAKE CITY,3/2/2018,1,0.0
2201,HILTON SALT LAKE CITY CENTER - LOUNGE|255 S WEST TEMPLE ST|SALT LAKE CITY,1/24/2017,1,1.0
2202,HILTON SALT LAKE CITY CENTER - LOUNGE|255 S WEST TEMPLE ST|SALT LAKE CITY,4/11/2016,1,5.0
2203,HILTON SALT LAKE CITY CENTER - LOUNGE|255 S WEST TEMPLE ST|SALT LAKE CITY,1/23/2015,1,12.0
2204,HILTON SALT LAKE CITY CENTER - LOUNGE|255 S WEST TEMPLE ST|SALT LAKE CITY,2/18/2014,1,3.0
2205,HKBC TAPROOM & BAR - DOG PATIO|370 W ASPEN AVE|SALT LAKE CITY,8/27/2025,1,0.0
2206,HMHI COFFEE KIOSK|501 S CHIPETA WY|SALT LAKE CITY,4/9/2026,1,3.0
2207,HMHI COFFEE KIOSK|501 S CHIPETA WY|SALT LAKE CITY,11/15/2024,1,6.0
2208,HMHI COFFEE KIOSK|501 S CHIPETA WY|SALT LAKE CITY,5/18/2022,1,1.0
2209,HMHI COFFEE KIOSK|501 S CHIPETA WY|SALT LAKE CITY,1/28/2020,1,1.0
2210,HMHI COFFEE KIOSK|501 S CHIPETA WY|SALT LAKE CITY,1/10/2019,1,4.0
2211,HMHI COFFEE KIOSK|501 S CHIPETA WY|SALT LAKE CITY,1/29/2018,1,14.0
2212,HMHI COFFEE KIOSK|501 S CHIPETA WY|SALT LAKE CITY,5/4/2016,1,8.0
2213,HMHI COFFEE KIOSK|501 S CHIPETA WY|SALT LAKE CITY,11/21/2014,1,0.0
2214,HMHI COFFEE KIOSK|501 S CHIPETA WY|SALT LAKE CITY,10/14/2013,1,10.0
2215,HMHI COFFEE KIOSK|501 S CHIPETA WY|SALT LAKE CITY,2/7/2012,1,1.0
2216,HMHI CRISIS KEM AND CAROLYN GARDNER CRISIS CARE|955 W 3300 S|SOUTH SALT LAKE,7/17/2026,1,0.0
2217,HMHI CRISIS KEM AND CAROLYN GARDNER CRISIS CARE|955 W 3300 S|SOUTH SALT LAKE,3/9/2026,1,0.0
2218,HMHI CRISIS KEM AND CAROLYN GARDNER CRISIS CARE|955 W 3300 S|SOUTH SALT LAKE,11/13/2025,1,13.0
2219,HMHI CRISIS KEM AND CAROLYN GARDNER CRISIS CARE|955 W 3300 S|SOUTH SALT LAKE,7/30/2025,1,8.0
2220,HMS HOST PRODUCTION KITCHEN|474 N 3700 W|SALT LAKE CITY,6/25/2026,1,8.0
2221,HMS HOST PRODUCTION KITCHEN|474 N 3700 W|SALT LAKE CITY,10/9/2025,1,6.0
2222,HMS HOST PRODUCTION KITCHEN|474 N 3700 W|SALT LAKE CITY,11/20/2024,1,4.0
2223,HMS HOST PRODUCTION KITCHEN|474 N 3700 W|SALT LAKE CITY,2/27/2024,1,24.0
2224,HMS HOST PRODUCTION KITCHEN|474 N 3700 W|SALT LAKE CITY,5/16/2023,1,10.0
2225,HMS HOST PRODUCTION KITCHEN|474 N 3700 W|SALT LAKE CITY,7/13/2021,1,2.0
2226,HMS HOST PRODUCTION KITCHEN|474 N 3700 W|SALT LAKE CITY,12/11/2019,1,24.0
2227,HMS HOST PRODUCTION KITCHEN|474 N 3700 W|SALT LAKE CITY,10/10/2018,1,25.0
2228,HMS HOST PRODUCTION KITCHEN|474 N 3700 W|SALT LAKE CITY,11/8/2017,1,11.0
2229,HMS HOST PRODUCTION KITCHEN|474 N 3700 W|SALT LAKE CITY,12/7/2016,1,16.0
2230,HOLIDAY INN EXPRESS|7134 S 700 E|MIDVALE,10/20/2025,1,0.0
2231,HOLIDAY OIL # 29|2729 W 4700 S|TAYLORSVILLE,12/5/2025,1,2.0
2232,HOLIDAY OIL # 29|2729 W 4700 S|TAYLORSVILLE,4/3/2024,1,14.0
2233,HOLIDAY OIL # 29|2729 W 4700 S|TAYLORSVILLE,3/16/2023,1,6.0
2234,HOLIDAY OIL #30|3215 W 5400 S|TAYLORSVILLE,11/12/2025,1,0.0
2235,HOLIDAY OIL #30|3215 W 5400 S|TAYLORSVILLE,3/26/2024,1,15.0
2236,HOLIDAY OIL #30|3215 W 5400 S|TAYLORSVILLE,3/16/2023,1,6.0
2237,HOLIDAY OIL #30|3215 W 5400 S|TAYLORSVILLE,3/11/2022,1,36.0
2238,HOLIDAY OIL #30|3215 W 5400 S|TAYLORSVILLE,9/16/2020,1,4.0
2239,HOLIDAY OIL #30|3215 W 5400 S|TAYLORSVILLE,5/8/2019,1,6.0
2240,HOLIDAY OIL #30|3215 W 5400 S|TAYLORSVILLE,4/3/2018,1,12.0
2241,HOLIDAY OIL #30|3215 W 5400 S|TAYLORSVILLE,4/13/2017,1,29.0
2242,HOLIDAY OIL #30|3215 W 5400 S|TAYLORSVILLE,4/12/2016,1,26.0
2243,HOLIDAY OIL #30|3215 W 5400 S|TAYLORSVILLE,1/29/2015,1,19.0
2244,HOLIDAY OIL #32|3978 W INNOVATION DR|RIVERTON,10/16/2025,1,5.0
2245,HOLIDAY OIL #32|3978 W INNOVATION DR|RIVERTON,8/8/2024,1,3.0
2246,HOLIDAY OIL #32|3978 W INNOVATION DR|RIVERTON,8/1/2023,1,19.0
2247,HOLIDAY OIL #32|3978 W INNOVATION DR|RIVERTON,7/27/2022,1,11.0
2248,HOLIDAY OIL #32|3978 W INNOVATION DR|RIVERTON,6/24/2021,1,0.0
2249,HOLIDAY OIL #32|3978 W INNOVATION DR|RIVERTON,10/29/2019,1,0.0
2250,HOLIDAY OIL #32|3978 W INNOVATION DR|RIVERTON,12/10/2018,1,18.0
2251,HOLIDAY OIL #32|3978 W INNOVATION DR|RIVERTON,12/26/2017,1,34.0
2252,HOLIDAY OIL #32|3978 W INNOVATION DR|RIVERTON,2/7/2017,1,34.0
2253,HOLIDAY OIL #32|3978 W INNOVATION DR|RIVERTON,2/11/2016,1,32.0
2254,HOLIDAY OIL #37|15027 S ACADEMY PKWY|HERRIMAN,10/20/2025,1,4.0
2255,HOLIDAY OIL #37|15027 S ACADEMY PKWY|HERRIMAN,7/25/2024,1,4.0
2256,HOLIDAY OIL #37|15027 S ACADEMY PKWY|HERRIMAN,7/7/2023,1,11.0
2257,HOLIDAY OIL #37|15027 S ACADEMY PKWY|HERRIMAN,7/27/2022,1,14.0
2258,HOLIDAY OIL #37|15027 S ACADEMY PKWY|HERRIMAN,6/24/2021,1,1.0
2259,HOLIDAY OIL #37|15027 S ACADEMY PKWY|HERRIMAN,9/30/2019,1,11.0
2260,HOLIDAY OIL #44|3592 S 8400 W|MAGNA TS,8/26/2025,1,0.0
2261,HOLIDAY OIL #44|3592 S 8400 W|MAGNA TS,5/9/2024,1,3.0
2262,HOLIDAY OIL #44|3592 S 8400 W|MAGNA TS,6/13/2022,1,12.0
2263,HOLIDAY OIL #44|3592 S 8400 W|MAGNA TS,3/22/2021,1,18.0
2264,HOLIDAY OIL #44|3592 S 8400 W|MAGNA TS,8/2/2019,1,26.0
2265,HOLIDAY OIL #44|3592 S 8400 W|MAGNA TS,7/27/2018,1,8.0
2266,HOLIDAY OIL #44|3592 S 8400 W|MAGNA TS,8/24/2017,1,2.0
2267,HOLIDAY OIL #57|2730 W 7800 S|WEST JORDAN,7/6/2026,1,5.0
2268,HOLIDAY OIL #57|2730 W 7800 S|WEST JORDAN,2/25/2025,1,18.0
2269,HOLIDAY OIL #57|2730 W 7800 S|WEST JORDAN,1/11/2024,1,26.0
2270,HOLIDAY OIL #57|2730 W 7800 S|WEST JORDAN,6/27/2022,1,8.0
2271,HOLIDAY OIL #57|2730 W 7800 S|WEST JORDAN,3/25/2021,1,3.0
2272,HOLIDAY OIL #57|2730 W 7800 S|WEST JORDAN,5/8/2019,1,4.0
2273,HOLIDAY OIL #57|2730 W 7800 S|WEST JORDAN,4/30/2018,1,9.0
2274,HOLIDAY OIL #57|2730 W 7800 S|WEST JORDAN,4/10/2017,1,5.0
2275,HOLIDAY OIL #57|2730 W 7800 S|WEST JORDAN,3/25/2016,1,5.0
2276,HOLIDAY OIL #62|2474 S 7200 W|MAGNA,9/10/2025,1,3.0
2277,HOLIDAY OIL #62|2474 S 7200 W|MAGNA,5/23/2024,1,10.0
2278,HOLIDAY OIL #62|2474 S 7200 W|MAGNA,6/6/2022,1,16.0
2279,HOLIDAY OIL #62|2474 S 7200 W|MAGNA,3/1/2021,1,12.0
2280,HOLY CROSS - PROUDLY WE SERVE COFFEE SHOP|1050 E SOUTH TEMPLE ST|SALT LAKE CITY,7/8/2026,1,1.0
2281,HOLY CROSS - PROUDLY WE SERVE COFFEE SHOP|3580 W 9000 S|WEST JORDAN,8/14/2025,1,5.0
2282,HOME 2 SUITES-MURRAY|4927 S STATE ST|MURRAY,1/8/2026,1,4.0
2283,HOME 2 SUITES-MURRAY|4927 S STATE ST|MURRAY,7/19/2024,1,12.0
2284,HOME 2 SUITES-MURRAY|4927 S STATE ST|MURRAY,7/6/2023,1,5.0
2285,HOME 2 SUITES-MURRAY|4927 S STATE ST|MURRAY,7/14/2021,1,10.0
2286,HOME 2 SUITES-MURRAY|4927 S STATE ST|MURRAY,1/10/2020,1,4.0
2287,HOME 2 SUITES-MURRAY|4927 S STATE ST|MURRAY,1/23/2019,1,2.0
2288,HOME 2 SUITES-MURRAY|4927 S STATE ST|MURRAY,2/13/2018,1,14.0
2289,HOME 2 SUITES-MURRAY|4927 S STATE ST|MURRAY,2/7/2017,1,17.0
2290,HOME 2 SUITES-MURRAY|4927 S STATE ST|MURRAY,1/19/2016,1,5.0
2291,HOME 2 SUITES-MURRAY|4927 S STATE ST|MURRAY,9/23/2014,1,29.0
2292,HOMEROS TACOS Y MAS #6ECN9|3300 S MAIN ST|SALT LAKE CITY,8/11/2025,1,3.0
2293,HOMEROS TACOS Y MAS #6ECN9|3300 S MAIN ST|SALT LAKE CITY,8/6/2025,1,3.0
2294,HOMEWOOD SUITES SALT LAKE CITY DOWNTOWN|423 W 300 S|SALT LAKE CITY,8/10/2025,1,1.0
2295,HONEST EATERY 317/DELTA CENTER|301 W SOUTH TEMPLE ST|SALT LAKE CITY,11/20/2025,1,1.0
2296,HONEST EATERY 317/DELTA CENTER|301 W SOUTH TEMPLE ST|SALT LAKE CITY,4/2/2024,1,3.0
2297,HONEST EATERY 317/DELTA CENTER|301 W SOUTH TEMPLE ST|SALT LAKE CITY,11/30/2022,1,6.0
2298,HONEST EATERY 317/DELTA CENTER|301 W SOUTH TEMPLE ST|SALT LAKE CITY,5/5/2021,1,1.0
2299,HONEY BAKED HAM COMPANY|1915 E MURRAY HOLLADAY RD|HOLLADAY,1/12/2026,1,5.0
2300,HONEY BAKED HAM COMPANY|1915 E MURRAY HOLLADAY RD|HOLLADAY,1/24/2025,1,1.0
2301,HONEY BAKED HAM COMPANY|1915 E MURRAY HOLLADAY RD|HOLLADAY,9/15/2023,1,0.0
2302,HONEY BAKED HAM COMPANY|1915 E MURRAY HOLLADAY RD|HOLLADAY,11/17/2021,1,7.0
2303,HONEY BAKED HAM COMPANY|1915 E MURRAY HOLLADAY RD|HOLLADAY,9/9/2020,1,7.0
2304,HONEY BAKED HAM COMPANY|1915 E MURRAY HOLLADAY RD|HOLLADAY,10/1/2019,1,14.0
2305,HONEY BAKED HAM COMPANY|1915 E MURRAY HOLLADAY RD|HOLLADAY,10/15/2018,1,2.0
2306,HONEY BAKED HAM COMPANY|1915 E MURRAY HOLLADAY RD|HOLLADAY,10/4/2017,1,4.0
2307,HONEY BAKED HAM COMPANY|1915 E MURRAY HOLLADAY RD|HOLLADAY,7/7/2016,1,32.0
2308,HONEY BAKED HAM COMPANY|1915 E MURRAY HOLLADAY RD|HOLLADAY,12/24/2015,7,3.0
2309,HOPKINS BREWING CO DOG PATIO|2121 S MCCLELLAND ST|SALT LAKE CITY,1/6/2026,1,0.0
2310,HOPKINS BREWING CO DOG PATIO|2121 S MCCLELLAND ST|SALT LAKE CITY,5/20/2024,1,1.0
2311,HOPKINS BREWING CO DOG PATIO|2121 S MCCLELLAND ST|SALT LAKE CITY,8/31/2022,1,0.0
2312,HOT DOG ON A STICK|2721 W 7800 S|WEST JORDAN,7/6/2026,1,1.0
2313,HOT DOG ON A STICK|2721 W 7800 S|WEST JORDAN,2/25/2025,1,9.0
2314,HOT DOG ON A STICK|2721 W 7800 S|WEST JORDAN,1/23/2024,1,10.0
2315,HOT DOG ON A STICK|2721 W 7800 S|WEST JORDAN,9/6/2022,1,22.0
2316,HOT DOG ON A STICK|2721 W 7800 S|WEST JORDAN,4/6/2021,1,23.0
2317,HOT DOG ON A STICK|2721 W 7800 S|WEST JORDAN,5/28/2019,1,9.0
2318,HOT DOG ON A STICK|2721 W 7800 S|WEST JORDAN,6/14/2018,1,10.0
2319,HOT DOG ON A STICK|2721 W 7800 S|WEST JORDAN,4/19/2017,1,7.0
2320,HOUSTON TX HOT CHICKEN|4505 W PARTRIDGE HILL LN|RIVERTON,3/10/2026,1,12.0
2321,HOUSTON TX HOT CHICKEN|4505 W PARTRIDGE HILL LN|RIVERTON,9/15/2025,1,6.0
2322,HOUSTON TX HOT CHICKEN|4505 W PARTRIDGE HILL LN|RIVERTON,2/12/2025,1,4.0
2323,HOUSTON TX HOT CHICKEN|4505 W PARTRIDGE HILL LN|RIVERTON,8/12/2024,1,14.0
2324,HOUSTON TX HOT CHICKEN|4505 W PARTRIDGE HILL LN|RIVERTON,2/26/2024,1,13.0
2325,HOUSTON TX HOT CHICKEN|912 E 900 S|SALT LAKE CITY,1/28/2026,1,7.0
2326,HOUSTON TX HOT CHICKEN|912 E 900 S|SALT LAKE CITY,2/24/2025,1,13.0
2327,HUB & SPOKE DINER/DOG PATIO|1291 S 1100 E|SALT LAKE CITY,6/4/2026,1,0.0
2328,HUB & SPOKE DINER/DOG PATIO|1291 S 1100 E|SALT LAKE CITY,8/28/2025,1,0.0
2329,HUB & SPOKE DINER/DOG PATIO|1291 S 1100 E|SALT LAKE CITY,5/30/2024,1,0.0
2330,HUCKLEBERRY GRILL #HUCK 1|335 W 1830 S|SALT LAKE CITY,1/8/2026,1,1.0
2331,HUGO COFFEE ROASTERS|210 E 400 S|SALT LAKE CITY,12/8/2025,1,2.0
2332,HUNTS TEXAS BBQ #291571Z|229 W 4800 S|MURRAY,10/24/2025,1,0.0
2333,HUNTS TEXAS BBQ #291571Z|229 W 4800 S|MURRAY,11/8/2024,1,2.0
2334,HUNTS TEXAS BBQ #291571Z|229 W 4800 S|MURRAY,2/16/2024,1,1.0
2335,HUNTS TEXAS BBQ #291571Z|229 W 4800 S|MURRAY,5/12/2023,1,6.0
2336,HUNTS TEXAS BBQ #291571Z|229 W 4800 S|MURRAY,6/14/2022,1,12.0
2337,HUNTS TEXAS BBQ #291571Z|229 W 4800 S|MURRAY,4/29/2021,1,1.0
2338,HUNTS TEXAS BBQ #291571Z|229 W 4800 S|MURRAY,10/6/2020,7,1.0
2339,HUNTS TEXAS BBQ #291571Z|229 W 4800 S|MURRAY,1/30/2020,1,0.0
2340,HUNTSMAN CANCER HOSPITAL|1950 E CIRCLE OF HOPE|SALT LAKE CITY,2/17/2026,1,1.0
2341,HUNTSMAN CANCER HOSPITAL|1950 E CIRCLE OF HOPE|SALT LAKE CITY,10/21/2025,1,1.0
2342,HUNTSMAN CANCER HOSPITAL|1950 E CIRCLE OF HOPE|SALT LAKE CITY,5/20/2024,1,1.0
2343,HUNTSMAN CANCER HOSPITAL POINT|1950 E CIRCLE OF HOPE DR|SALT LAKE CITY,2/17/2026,1,8.0
2344,HUNTSMAN CANCER HOSPITAL POINT|1950 E CIRCLE OF HOPE DR|SALT LAKE CITY,4/1/2025,1,18.0
2345,HUNTSMAN CANCER HOSPITAL POINT|1950 E CIRCLE OF HOPE DR|SALT LAKE CITY,5/20/2024,1,3.0
2346,HUNTSMAN CANCER HOSPITAL POINT|1950 E CIRCLE OF HOPE DR|SALT LAKE CITY,5/24/2023,1,10.0
2347,HUNTSMAN CANCER HOSPITAL POINT|1950 E CIRCLE OF HOPE DR|SALT LAKE CITY,8/3/2022,1,19.0
2348,HUNTSMAN CANCER HOSPITAL POINT|1950 E CIRCLE OF HOPE DR|SALT LAKE CITY,3/24/2022,1,8.0
2349,HUNTSMAN CANCER HOSPITAL POINT|1950 E CIRCLE OF HOPE DR|SALT LAKE CITY,11/15/2021,1,24.0
2350,HUNTSMAN CANCER HOSPITAL POINT|1950 E CIRCLE OF HOPE DR|SALT LAKE CITY,11/21/2019,1,30.0
2351,HUNTSMAN CANCER HOSPITAL POINT|1950 E CIRCLE OF HOPE DR|SALT LAKE CITY,5/21/2019,1,14.0
2352,HUNTSMAN CANCER HOSPITAL POINT|1950 E CIRCLE OF HOPE DR|SALT LAKE CITY,11/26/2018,1,16.0
2353,HUNTSMAN CANCER HOSPITAL STARBUCKS|1950 E CIRCLE OF HOPE DR|SALT LAKE CITY,1/20/2026,1,7.0
2354,HUNTSMAN CANCER HOSPITAL STARBUCKS|1950 E CIRCLE OF HOPE DR|SALT LAKE CITY,4/1/2025,1,2.0
2355,HUNTSMAN CANCER HOSPITAL STARBUCKS|1950 E CIRCLE OF HOPE DR|SALT LAKE CITY,5/20/2024,1,7.0
2356,HUNTSMAN CANCER HOSPITAL STARBUCKS|1950 E CIRCLE OF HOPE DR|SALT LAKE CITY,5/24/2023,1,7.0
2357,HUNTSMAN CANCER HOSPITAL STARBUCKS|1950 E CIRCLE OF HOPE DR|SALT LAKE CITY,8/3/2022,1,6.0
2358,HUNTSMAN CANCER HOSPITAL STARBUCKS|1950 E CIRCLE OF HOPE DR|SALT LAKE CITY,11/15/2021,1,2.0
2359,HUNTSMAN CANCER HOSPITAL STARBUCKS|1950 E CIRCLE OF HOPE DR|SALT LAKE CITY,11/21/2019,1,1.0
2360,HUNTSMAN CANCER HOSPITAL STARBUCKS|1950 E CIRCLE OF HOPE DR|SALT LAKE CITY,11/19/2018,1,2.0
2361,HUNTSMAN CANCER HOSPITAL STARBUCKS|1950 E CIRCLE OF HOPE DR|SALT LAKE CITY,12/6/2017,1,2.0
2362,HUNTSMAN CANCER HOSPITAL STARBUCKS|1950 E CIRCLE OF HOPE DR|SALT LAKE CITY,11/23/2016,1,7.0
2363,HYATT REGENCY SLC - LEVEL 1 CONTRIBUTION|170 S WEST TEMPLE ST|SALT LAKE CITY,10/22/2025,1,6.0
2364,HYATT REGENCY SLC - LEVEL 1 CONTRIBUTION|170 S WEST TEMPLE ST|SALT LAKE CITY,10/23/2024,1,5.0
2365,HYATT REGENCY SLC - LEVEL 1 CONTRIBUTION|170 S WEST TEMPLE ST|SALT LAKE CITY,2/28/2023,1,10.0
2366,HYATT REGENCY SLC - LEVEL 1 MARKET|170 S WEST TEMPLE ST|SALT LAKE CITY,10/22/2025,1,8.0
2367,HYATT REGENCY SLC - LEVEL 1 MARKET|170 S WEST TEMPLE ST|SALT LAKE CITY,10/23/2024,1,3.0
2368,HYATT REGENCY SLC - LEVEL 1 MARKET|170 S WEST TEMPLE ST|SALT LAKE CITY,2/28/2023,1,7.0
2369,HYATT REGENCY SLC - LEVEL 2 (4 AREAS)|170 S WEST TEMPLE ST|SALT LAKE CITY,10/22/2025,1,9.0
2370,HYATT REGENCY SLC - LEVEL 2 (4 AREAS)|170 S WEST TEMPLE ST|SALT LAKE CITY,10/23/2024,1,13.0
2371,HYATT REGENCY SLC - LEVEL 2 (4 AREAS)|170 S WEST TEMPLE ST|SALT LAKE CITY,2/28/2023,1,3.0
2372,HYATT REGENCY SLC - LEVEL 3 (3 AREAS)|170 S WEST TEMPLE ST|SALT LAKE CITY,10/22/2025,1,2.0
2373,HYATT REGENCY SLC - LEVEL 3 (3 AREAS)|170 S WEST TEMPLE ST|SALT LAKE CITY,10/23/2024,1,7.0
2374,HYATT REGENCY SLC - LEVEL 3 (3 AREAS)|170 S WEST TEMPLE ST|SALT LAKE CITY,2/28/2023,1,4.0
2375,HYATT REGENCY SLC - LEVEL 5 (2 AREAS)|170 S WEST TEMPLE ST|SALT LAKE CITY,10/22/2025,1,0.0
2376,HYATT REGENCY SLC - LEVEL 5 (2 AREAS)|170 S WEST TEMPLE ST|SALT LAKE CITY,10/23/2024,1,9.0
2377,HYATT REGENCY SLC - LEVEL 5 (2 AREAS)|170 S WEST TEMPLE ST|SALT LAKE CITY,2/28/2023,1,0.0
2378,HYATT REGENCY SLC - LEVEL B (4 AREAS)|170 S WEST TEMPLE ST|SALT LAKE CITY,10/22/2025,1,3.0
2379,HYATT REGENCY SLC - LEVEL B (4 AREAS)|170 S WEST TEMPLE ST|SALT LAKE CITY,11/14/2024,1,0.0
2380,HYATT REGENCY SLC - LEVEL B (4 AREAS)|170 S WEST TEMPLE ST|SALT LAKE CITY,2/28/2023,1,1.0
2381,IAC LATIN MARKET MIDVALE|6807 S STATE ST|MIDVALE,2/13/2026,1,3.0
2382,IAC LATIN MARKET MIDVALE|6807 S STATE ST|MIDVALE,1/8/2025,1,10.0
2383,IBIZA ULTRA LOUNGE|180 W 400 S|SALT LAKE CITY,6/30/2025,1,1.0
2384,IBIZA ULTRA LOUNGE|180 W 400 S|SALT LAKE CITY,3/7/2024,1,18.0
2385,IBIZA ULTRA LOUNGE|180 W 400 S|SALT LAKE CITY,2/15/2023,1,19.0
2386,IBIZA ULTRA LOUNGE|180 W 400 S|SALT LAKE CITY,1/4/2022,1,34.0
2387,IBIZA ULTRA LOUNGE|180 W 400 S|SALT LAKE CITY,9/22/2020,1,3.0
2388,ICE HAUS - DOG PATIO|7 W 4800 S|MURRAY,12/2/2025,1,0.0
2389,ICE HAUS - DOG PATIO|7 W 4800 S|MURRAY,11/13/2024,1,0.0
2390,ICE HAUS - DOG PATIO|7 W 4800 S|MURRAY,10/23/2023,1,0.0
2391,ICE HAUS - DOG PATIO|7 W 4800 S|MURRAY,11/18/2021,1,0.0
2392,ICEBERG 313/DELTA CENTER|301 W SOUTH TEMPLE ST|SALT LAKE CITY,11/20/2025,1,4.0
2393,ICEBERG 313/DELTA CENTER|301 W SOUTH TEMPLE ST|SALT LAKE CITY,4/2/2024,1,1.0
2394,ICEBERG 313/DELTA CENTER|301 W SOUTH TEMPLE ST|SALT LAKE CITY,11/30/2022,1,0.0
2395,ICEBERG 313/DELTA CENTER|301 W SOUTH TEMPLE ST|SALT LAKE CITY,5/5/2021,1,1.0
2396,ICEBERG 313/DELTA CENTER|301 W SOUTH TEMPLE ST|SALT LAKE CITY,11/18/2019,1,6.0
2397,ICEBERG 313/DELTA CENTER|301 W SOUTH TEMPLE ST|SALT LAKE CITY,11/5/2018,1,4.0
2398,ICEBERG 313/DELTA CENTER|301 W SOUTH TEMPLE ST|SALT LAKE CITY,11/13/2017,1,5.0
2399,IHOP #1735|3383 S DECKER LAKE DR|WEST VALLEY CITY,6/1/2026,1,7.0
2400,IHOP #1735|3383 S DECKER LAKE DR|WEST VALLEY CITY,1/14/2026,1,15.0
2401,IHOP #1735|3383 S DECKER LAKE DR|WEST VALLEY CITY,5/21/2025,1,34.0
2402,IHOP #1735|3383 S DECKER LAKE DR|WEST VALLEY CITY,11/19/2024,1,21.0
2403,IHOP #1735|3383 S DECKER LAKE DR|WEST VALLEY CITY,6/8/2023,1,17.0
2404,IHOP #1735|3383 S DECKER LAKE DR|WEST VALLEY CITY,1/10/2023,1,8.0
2405,IHOP #1735|3383 S DECKER LAKE DR|WEST VALLEY CITY,8/25/2022,1,18.0
2406,IHOP #1735|3383 S DECKER LAKE DR|WEST VALLEY CITY,4/18/2022,1,16.0
2407,IHOP #1735|3383 S DECKER LAKE DR|WEST VALLEY CITY,10/29/2021,1,21.0
2408,IHOP #1735|3383 S DECKER LAKE DR|WEST VALLEY CITY,9/30/2020,1,3.0
2409,IHOP #1744|4550 S HIGHLAND DR|MILLCREEK TS,6/18/2026,1,7.0
2410,IHOP #1744|4550 S HIGHLAND DR|MILLCREEK TS,2/2/2026,1,5.0
2411,IHOP #1744|4550 S HIGHLAND DR|MILLCREEK TS,10/6/2025,1,15.0
2412,IHOP #1744|4550 S HIGHLAND DR|MILLCREEK TS,6/2/2025,1,15.0
2413,IHOP #1744|4550 S HIGHLAND DR|MILLCREEK TS,2/28/2025,1,30.0
2414,IHOP #1744|4550 S HIGHLAND DR|MILLCREEK TS,8/30/2024,1,34.0
2415,IHOP #1744|4550 S HIGHLAND DR|MILLCREEK TS,1/2/2024,1,17.0
2416,IHOP #1744|4550 S HIGHLAND DR|MILLCREEK TS,8/18/2023,1,22.0
2417,IHOP #1744|4550 S HIGHLAND DR|MILLCREEK TS,6/9/2022,1,21.0
2418,IHOP #1744|4550 S HIGHLAND DR|MILLCREEK TS,12/14/2021,1,13.0
2419,IHOP #3031|3122 S 5600 W|WEST VALLEY CITY,6/17/2026,1,12.0
2420,IHOP #3031|3122 S 5600 W|WEST VALLEY CITY,1/13/2026,1,12.0
2421,IHOP #3031|3122 S 5600 W|WEST VALLEY CITY,6/17/2025,1,18.0
2422,IHOP #3031|3122 S 5600 W|WEST VALLEY CITY,12/13/2024,7,0.0
2423,IHOP #3031|3122 S 5600 W|WEST VALLEY CITY,10/14/2024,1,34.0
2424,IHOP #3031|3122 S 5600 W|WEST VALLEY CITY,8/7/2023,1,47.0
2425,IHOP #3031|3122 S 5600 W|WEST VALLEY CITY,6/16/2022,1,27.0
2426,IHOP #3031|3122 S 5600 W|WEST VALLEY CITY,12/9/2021,1,27.0
2427,IHOP #3031|3122 S 5600 W|WEST VALLEY CITY,9/18/2020,1,6.0
2428,IHOP #3031|3122 S 5600 W|WEST VALLEY CITY,1/28/2020,1,35.0
2429,IHOP RESTAURANT|635 E 400 S|SALT LAKE CITY,3/19/2026,1,13.0
2430,IHOP RESTAURANT|635 E 400 S|SALT LAKE CITY,10/9/2025,1,7.0
2431,IHOP RESTAURANT|635 E 400 S|SALT LAKE CITY,5/29/2025,1,8.0
2432,IHOP RESTAURANT|635 E 400 S|SALT LAKE CITY,7/18/2024,1,11.0
2433,IHOP RESTAURANT|635 E 400 S|SALT LAKE CITY,3/28/2024,1,4.0
2434,IHOP RESTAURANT|635 E 400 S|SALT LAKE CITY,10/25/2023,1,8.0
2435,IHOP RESTAURANT|635 E 400 S|SALT LAKE CITY,6/15/2023,1,6.0
2436,IHOP RESTAURANT|635 E 400 S|SALT LAKE CITY,1/11/2023,1,2.0
2437,IHOP RESTAURANT|635 E 400 S|SALT LAKE CITY,4/8/2022,1,1.0
2438,IHOP RESTAURANT|635 E 400 S|SALT LAKE CITY,6/9/2021,1,2.0
2439,IKEA BISTRO|67 W IKEA WY|DRAPER,12/18/2025,1,5.0
2440,IKEA BISTRO|67 W IKEA WY|DRAPER,11/24/2025,1,5.0
2441,IKEA BISTRO|67 W IKEA WY|DRAPER,10/29/2024,1,10.0
2442,IKEA BISTRO|67 W IKEA WY|DRAPER,10/26/2023,1,9.0
2443,IKEA BISTRO|67 W IKEA WY|DRAPER,4/25/2022,1,0.0
2444,IKEA BISTRO|67 W IKEA WY|DRAPER,4/13/2021,1,1.0
2445,IKEA BISTRO|67 W IKEA WY|DRAPER,10/18/2019,1,1.0
2446,IKEA BISTRO|67 W IKEA WY|DRAPER,11/9/2018,1,1.0
2447,IKEA BISTRO|67 W IKEA WY|DRAPER,12/29/2017,1,4.0
2448,IKEA BISTRO|67 W IKEA WY|DRAPER,1/23/2017,1,4.0
2449,IKEA DRAPER|13312 S PONY EXPRESS RD|DRAPER,12/18/2025,1,5.0
2450,IKEA DRAPER|13312 S PONY EXPRESS RD|DRAPER,11/24/2025,1,9.0
2451,IKEA DRAPER|13312 S PONY EXPRESS RD|DRAPER,2/13/2025,7,9.0
2452,IKEA DRAPER|13312 S PONY EXPRESS RD|DRAPER,2/13/2025,1,9.0
2453,IKEA DRAPER|13312 S PONY EXPRESS RD|DRAPER,7/31/2024,1,27.0
2454,IKEA DRAPER|13312 S PONY EXPRESS RD|DRAPER,10/26/2023,1,14.0
2455,IKEA DRAPER|13312 S PONY EXPRESS RD|DRAPER,6/14/2023,1,10.0
2456,IKEA DRAPER|13312 S PONY EXPRESS RD|DRAPER,9/1/2022,1,20.0
2457,IKEA DRAPER|13312 S PONY EXPRESS RD|DRAPER,4/25/2022,1,12.0
2458,IKEA DRAPER|13312 S PONY EXPRESS RD|DRAPER,12/1/2021,1,9.0
2459,IN N OUT BURGER|12569 S CROSSING DR|RIVERTON,4/16/2026,1,8.0
2460,IN N OUT BURGER|12569 S CROSSING DR|RIVERTON,10/21/2025,1,5.0
2461,IN N OUT BURGER|12569 S CROSSING DR|RIVERTON,2/27/2025,1,14.0
2462,IN N OUT BURGER|12569 S CROSSING DR|RIVERTON,8/8/2024,1,8.0
2463,IN N OUT BURGER|12569 S CROSSING DR|RIVERTON,2/13/2024,1,2.0
2464,IN N OUT BURGER|12569 S CROSSING DR|RIVERTON,8/30/2023,1,5.0
2465,IN N OUT BURGER|12569 S CROSSING DR|RIVERTON,10/3/2022,1,9.0
2466,IN N OUT BURGER|12569 S CROSSING DR|RIVERTON,1/24/2022,1,13.0
2467,IN N OUT BURGER|12569 S CROSSING DR|RIVERTON,9/14/2020,1,12.0
2468,IN N OUT BURGER|12569 S CROSSING DR|RIVERTON,12/13/2019,1,7.0
2469,IN N OUT BURGER|3715 S CONSTITUTION BLVD|WEST VALLEY CITY,2/24/2026,1,2.0
2470,IN N OUT BURGER|3715 S CONSTITUTION BLVD|WEST VALLEY CITY,7/21/2025,1,3.0
2471,IN N OUT BURGER|3715 S CONSTITUTION BLVD|WEST VALLEY CITY,5/8/2024,1,7.0
2472,IN N OUT BURGER|3715 S CONSTITUTION BLVD|WEST VALLEY CITY,7/6/2023,1,1.0
2473,IN N OUT BURGER|3715 S CONSTITUTION BLVD|WEST VALLEY CITY,6/6/2022,1,1.0
2474,IN N OUT BURGER|3715 S CONSTITUTION BLVD|WEST VALLEY CITY,11/12/2021,1,0.0
2475,IN N OUT BURGER|3715 S CONSTITUTION BLVD|WEST VALLEY CITY,4/27/2021,1,1.0
2476,IN N OUT BURGER|3715 S CONSTITUTION BLVD|WEST VALLEY CITY,6/22/2020,1,1.0
2477,IN N OUT BURGER|3715 S CONSTITUTION BLVD|WEST VALLEY CITY,9/10/2019,1,0.0
2478,IN N OUT BURGER|3715 S CONSTITUTION BLVD|WEST VALLEY CITY,1/15/2019,1,8.0
2479,IN N OUT BURGER|12191 S FACTORY OUTLET DR|DRAPER,6/10/2026,1,8.0
2480,IN N OUT BURGER|12191 S FACTORY OUTLET DR|DRAPER,2/21/2025,1,5.0
2481,IN N OUT BURGER|12191 S FACTORY OUTLET DR|DRAPER,6/28/2024,1,7.0
2482,IN N OUT BURGER|12191 S FACTORY OUTLET DR|DRAPER,12/1/2022,1,2.0
2483,IN N OUT BURGER|12191 S FACTORY OUTLET DR|DRAPER,5/18/2022,1,2.0
2484,IN N OUT BURGER|12191 S FACTORY OUTLET DR|DRAPER,11/4/2021,1,4.0
2485,IN N OUT BURGER|12191 S FACTORY OUTLET DR|DRAPER,3/25/2021,1,3.0
2486,IN N OUT BURGER|12191 S FACTORY OUTLET DR|DRAPER,1/28/2020,1,10.0
2487,IN N OUT BURGER|12191 S FACTORY OUTLET DR|DRAPER,8/7/2019,1,13.0
2488,IN N OUT BURGER|12191 S FACTORY OUTLET DR|DRAPER,1/16/2019,1,0.0
2489,IN N OUT BURGER|7206 S UNION PARK AVE|MIDVALE,1/21/2026,1,5.0
2490,IN N OUT BURGER|7206 S UNION PARK AVE|MIDVALE,6/27/2025,1,8.0
2491,IN N OUT BURGER|7206 S UNION PARK AVE|MIDVALE,6/19/2024,1,1.0
2492,IN N OUT BURGER|7206 S UNION PARK AVE|MIDVALE,10/27/2023,1,0.0
2493,IN N OUT BURGER|7206 S UNION PARK AVE|MIDVALE,12/5/2022,1,0.0
2494,IN N OUT BURGER|7206 S UNION PARK AVE|MIDVALE,1/20/2022,1,5.0
2495,IN N OUT BURGER|7206 S UNION PARK AVE|MIDVALE,3/2/2021,1,7.0
2496,IN N OUT BURGER|7206 S UNION PARK AVE|MIDVALE,1/21/2020,1,5.0
2497,IN N OUT BURGER|7206 S UNION PARK AVE|MIDVALE,4/11/2019,1,0.0
2498,IN N OUT BURGER|7206 S UNION PARK AVE|MIDVALE,4/11/2019,1,7.0
2499,IN N OUT BURGER|7785 S JORDAN LANDING BLVD|WEST JORDAN,3/19/2026,1,4.0
2500,IN N OUT BURGER|7785 S JORDAN LANDING BLVD|WEST JORDAN,9/16/2025,1,2.0
2501,IN N OUT BURGER|7785 S JORDAN LANDING BLVD|WEST JORDAN,12/10/2024,1,8.0
2502,IN N OUT BURGER|7785 S JORDAN LANDING BLVD|WEST JORDAN,1/24/2024,1,7.0
2503,IN N OUT BURGER|7785 S JORDAN LANDING BLVD|WEST JORDAN,1/13/2023,1,6.0
2504,IN N OUT BURGER|7785 S JORDAN LANDING BLVD|WEST JORDAN,1/31/2022,1,14.0
2505,IN N OUT BURGER|7785 S JORDAN LANDING BLVD|WEST JORDAN,8/19/2020,1,1.0
2506,IN N OUT BURGER|7785 S JORDAN LANDING BLVD|WEST JORDAN,12/13/2019,1,1.0
2507,IN N OUT BURGER|7785 S JORDAN LANDING BLVD|WEST JORDAN,6/26/2019,1,6.0
2508,IN N OUT BURGER|7785 S JORDAN LANDING BLVD|WEST JORDAN,1/9/2019,1,0.0
2509,INTERMOUNTAIN CHRISTIAN SCHOOL|6515 S LION LN|HOLLADAY,6/30/2026,1,0.0
2510,INTERMOUNTAIN CHRISTIAN SCHOOL|6515 S LION LN|HOLLADAY,5/1/2025,1,7.0
2511,INTERMOUNTAIN CHRISTIAN SCHOOL|6515 S LION LN|HOLLADAY,12/11/2023,1,9.0
2512,INTERMOUNTAIN CHRISTIAN SCHOOL|6515 S LION LN|HOLLADAY,12/7/2022,1,4.0
2513,INTERMOUNTAIN CHRISTIAN SCHOOL|6515 S LION LN|HOLLADAY,10/25/2021,1,0.0
2514,INTERMOUNTAIN CHRISTIAN SCHOOL|6515 S LION LN|HOLLADAY,5/20/2021,1,9.0
2515,INTERMOUNTAIN CHRISTIAN SCHOOL|6515 S LION LN|HOLLADAY,10/7/2019,1,11.0
2516,INTERMOUNTAIN CHRISTIAN SCHOOL|6515 S LION LN|HOLLADAY,9/4/2018,1,14.0
2517,INTERMOUNTAIN CHRISTIAN SCHOOL|6515 S LION LN|HOLLADAY,10/12/2017,1,14.0
2518,INTERMOUNTAIN CHRISTIAN SCHOOL|6515 S LION LN|HOLLADAY,11/10/2016,1,24.0
2519,INTERMOUNTAIN HOMECARE OFFICE & WAREHOUSE|11520 S REDWOOD RD|SOUTH JORDAN,6/10/2026,1,2.0
2520,INTERMOUNTAIN HOMECARE OFFICE & WAREHOUSE|11520 S REDWOOD RD|SOUTH JORDAN,10/3/2025,1,1.0
2521,INTERMOUNTAIN HOMECARE OFFICE & WAREHOUSE|11520 S REDWOOD RD|SOUTH JORDAN,2/4/2025,1,1.0
2522,INTERMOUNTAIN HOMECARE OFFICE & WAREHOUSE|11520 S REDWOOD RD|SOUTH JORDAN,7/18/2024,1,3.0
2523,INTERMOUNTAIN HOMECARE OFFICE & WAREHOUSE|11520 S REDWOOD RD|SOUTH JORDAN,12/5/2023,1,2.0
2524,INTERMOUNTAIN HOMECARE OFFICE & WAREHOUSE|11520 S REDWOOD RD|SOUTH JORDAN,4/25/2023,1,4.0
2525,INTERMOUNTAIN HOMECARE OFFICE & WAREHOUSE|11520 S REDWOOD RD|SOUTH JORDAN,3/31/2022,1,6.0
2526,INTERMOUNTAIN HOMECARE OFFICE & WAREHOUSE|11520 S REDWOOD RD|SOUTH JORDAN,4/22/2021,1,2.0
2527,INTERMOUNTAIN HOMECARE OFFICE & WAREHOUSE|11520 S REDWOOD RD|SOUTH JORDAN,8/8/2019,1,0.0
2528,INTERMOUNTAIN HOMECARE OFFICE & WAREHOUSE|11520 S REDWOOD RD|SOUTH JORDAN,11/9/2018,1,1.0
2529,INTERMOUNTAIN MEDICAL CENTER - CAFETERIA|5121 S COTTONWOOD ST|MURRAY,11/19/2025,1,9.0
2530,INTERMOUNTAIN MEDICAL CENTER - CAFETERIA|5121 S COTTONWOOD ST|MURRAY,12/17/2024,1,8.0
2531,INTERMOUNTAIN MEDICAL CENTER - CAFETERIA|5121 S COTTONWOOD ST|MURRAY,8/13/2024,1,9.0
2532,INTERMOUNTAIN MEDICAL CENTER - CAFETERIA|5121 S COTTONWOOD ST|MURRAY,3/12/2024,1,11.0
2533,INTERMOUNTAIN MEDICAL CENTER - CAFETERIA|5121 S COTTONWOOD ST|MURRAY,10/25/2023,1,8.0
2534,INTERMOUNTAIN MEDICAL CENTER - CAFETERIA|5121 S COTTONWOOD ST|MURRAY,5/31/2023,1,17.0
2535,INTERMOUNTAIN MEDICAL CENTER - CAFETERIA|5121 S COTTONWOOD ST|MURRAY,7/29/2022,1,14.0
2536,INTERMOUNTAIN MEDICAL CENTER - CAFETERIA|5121 S COTTONWOOD ST|MURRAY,12/21/2021,1,28.0
2537,INTERMOUNTAIN MEDICAL CENTER - CAFETERIA|5121 S COTTONWOOD ST|MURRAY,8/21/2020,1,9.0
2538,INTERMOUNTAIN MEDICAL CENTER - CAFETERIA|5121 S COTTONWOOD ST|MURRAY,12/9/2019,1,10.0
2539,INTERNATIONAL CENTER SUBWAY|5480 W AMELIA EARHART DR|SALT LAKE CITY,10/24/2025,1,4.0
2540,INTERNATIONAL CENTER SUBWAY|5480 W AMELIA EARHART DR|SALT LAKE CITY,9/9/2024,1,3.0
2541,INTERNATIONAL CENTER SUBWAY|5480 W AMELIA EARHART DR|SALT LAKE CITY,12/8/2023,1,1.0
2542,INTERNATIONAL CENTER SUBWAY|5480 W AMELIA EARHART DR|SALT LAKE CITY,11/9/2022,1,2.0
2543,INTERNATIONAL CENTER SUBWAY|5480 W AMELIA EARHART DR|SALT LAKE CITY,3/15/2021,1,0.0
2544,INTERNATIONAL CENTER SUBWAY|5480 W AMELIA EARHART DR|SALT LAKE CITY,10/2/2019,1,13.0
2545,INTERNATIONAL CENTER SUBWAY|5480 W AMELIA EARHART DR|SALT LAKE CITY,9/13/2018,1,17.0
2546,INTERNATIONAL CENTER SUBWAY|5480 W AMELIA EARHART DR|SALT LAKE CITY,12/12/2017,1,12.0
2547,J DAWGS|1036 E FORT UNION BLVD|MIDVALE,10/20/2025,1,9.0
2548,J DAWGS|1036 E FORT UNION BLVD|MIDVALE,10/28/2024,1,7.0
2549,J DAWGS|1036 E FORT UNION BLVD|MIDVALE,1/23/2024,1,36.0
2550,J DAWGS|1036 E FORT UNION BLVD|MIDVALE,11/2/2022,1,6.0
2551,J DAWGS|1036 E FORT UNION BLVD|MIDVALE,12/7/2021,1,10.0
2552,J DAWGS|1036 E FORT UNION BLVD|MIDVALE,2/11/2020,1,7.0
2553,J DAWGS|1036 E FORT UNION BLVD|MIDVALE,5/13/2019,1,2.0
2554,J DAWGS|1036 E FORT UNION BLVD|MIDVALE,7/2/2018,1,8.0
2555,J DAWGS|1036 E FORT UNION BLVD|MIDVALE,10/11/2017,1,3.0
2556,J DAWGS 513/DELTA CENTER|301 W SOUTH TEMPLE ST|SALT LAKE CITY,11/20/2025,1,7.0
2557,J DAWGS 513/DELTA CENTER|301 W SOUTH TEMPLE ST|SALT LAKE CITY,11/20/2025,1,9.0
2558,J DAWGS 513/DELTA CENTER|301 W SOUTH TEMPLE ST|SALT LAKE CITY,4/2/2024,1,7.0
2559,J DAWGS @ RICE ECCLES EAST|451 S 1400 E|SALT LAKE CITY,11/1/2025,1,2.0
2560,J DAWGS @ RICE ECCLES SOUTH|451 S 1400 E|SALT LAKE CITY,11/1/2025,1,9.0
2561,J DAWGS EAST|9256 S STATE ST|SANDY,4/18/2026,1,3.0
2562,J DAWGS EAST|9256 S STATE ST|SANDY,9/18/2024,1,1.0
2563,J DAWGS R4/DELTA CENTER|301 W SOUTH TEMPLE ST|SALT LAKE CITY,11/20/2025,1,6.0
2564,J DAWGS R4/DELTA CENTER|301 W SOUTH TEMPLE ST|SALT LAKE CITY,4/2/2024,1,0.0
2565,J DAWGS R4/DELTA CENTER|301 W SOUTH TEMPLE ST|SALT LAKE CITY,4/2/2024,1,7.0
2566,J DAWGS WEST|9256 S STATE ST|SANDY,9/18/2024,1,3.0
2567,J DAWGS WEST|9256 S STATE ST|SANDY,7/17/2022,1,8.0
2568,J DAWGS WEST|9256 S STATE ST|SANDY,9/4/2021,1,1.0
2569,J DAWGS WEST|9256 S STATE ST|SANDY,8/26/2020,1,4.0
2570,J DAWGS WEST|9256 S STATE ST|SANDY,8/26/2020,1,18.0
2571,J DAWGS WEST|9256 S STATE ST|SANDY,5/24/2019,1,22.0
2572,J DAWGS WEST|9256 S STATE ST|SANDY,4/7/2018,1,12.0
2573,J DAWGS WEST|9256 S STATE ST|SANDY,3/18/2017,1,7.0
2574,J DAWGS WEST|9256 S STATE ST|SANDY,7/1/2015,1,11.0
2575,J DAWGS WEST|9256 S STATE ST|SANDY,9/19/2014,1,16.0
2576,JACK IN THE BOX|4380 W 3500 S|WEST VALLEY CITY,2/18/2026,1,1.0
2577,JACK IN THE BOX|4380 W 3500 S|WEST VALLEY CITY,6/26/2025,1,8.0
2578,JACKSON FOOD STORES #191|1295 E 10600 S|SANDY,4/20/2026,1,4.0
2579,JACKSON FOOD STORES #191|1295 E 10600 S|SANDY,5/2/2025,1,16.0
2580,JACKSON FOOD STORES #191|1295 E 10600 S|SANDY,10/27/2023,1,7.0
2581,JACKSON FOOD STORES #191|1295 E 10600 S|SANDY,9/9/2022,1,13.0
2582,JACKSONS #150|1704 W NORTH TEMPLE ST|SALT LAKE CITY,3/24/2025,1,1.0
2583,JACKSONS #150|1704 W NORTH TEMPLE ST|SALT LAKE CITY,2/6/2024,1,13.0
2584,JACKSONS #150|1704 W NORTH TEMPLE ST|SALT LAKE CITY,2/23/2023,1,13.0
2585,JACKSONS #150|1704 W NORTH TEMPLE ST|SALT LAKE CITY,9/1/2021,1,14.0
2586,JACKSONS #150|1704 W NORTH TEMPLE ST|SALT LAKE CITY,1/13/2020,1,9.0
2587,JACKSONS #150|1704 W NORTH TEMPLE ST|SALT LAKE CITY,1/7/2019,1,9.0
2588,JACKSONS #150|1704 W NORTH TEMPLE ST|SALT LAKE CITY,3/7/2018,7,4.0
2589,JACKSONS #150|1704 W NORTH TEMPLE ST|SALT LAKE CITY,1/9/2018,1,10.0
2590,JACKSONS #150|1704 W NORTH TEMPLE ST|SALT LAKE CITY,2/18/2016,1,6.0
2591,JACKSONS #150|1704 W NORTH TEMPLE ST|SALT LAKE CITY,7/9/2014,1,6.0
2592,JACKSONS #151|278 W 2100 S|SALT LAKE CITY,7/15/2026,1,4.0
2593,JACKSONS #151|278 W 2100 S|SALT LAKE CITY,12/18/2025,1,1.0
2594,JACKSONS #151|278 W 2100 S|SALT LAKE CITY,5/15/2025,1,14.0
2595,JACKSONS #151|278 W 2100 S|SALT LAKE CITY,3/1/2024,1,1.0
2596,JACKSONS #151|278 W 2100 S|SALT LAKE CITY,1/11/2023,1,9.0
2597,JACKSONS #151|278 W 2100 S|SALT LAKE CITY,2/9/2022,1,3.0
2598,JACKSONS #151|278 W 2100 S|SALT LAKE CITY,7/23/2020,1,9.0
2599,JACKSONS #151|278 W 2100 S|SALT LAKE CITY,9/14/2019,1,10.0
2600,JACKSONS #151|278 W 2100 S|SALT LAKE CITY,10/29/2018,1,2.0
2601,JACKSONS #151|278 W 2100 S|SALT LAKE CITY,4/4/2018,1,4.0
2602,JACKSONS FOOD STORES|3728 W 12600 S|RIVERTON,12/15/2025,1,8.0
2603,JACKSONS FOOD STORES|3728 W 12600 S|RIVERTON,3/5/2025,1,5.0
2604,JACKSONS FOOD STORES|3728 W 12600 S|RIVERTON,5/13/2024,1,4.0
2605,JACKSONS FOOD STORES|3728 W 12600 S|RIVERTON,8/18/2023,1,2.0
2606,JACKSONS FOOD STORES|3728 W 12600 S|RIVERTON,7/7/2022,1,5.0
2607,JACKSONS FOOD STORES|3728 W 12600 S|RIVERTON,7/22/2021,1,1.0
2608,JACKSONS FOOD STORES|3728 W 12600 S|RIVERTON,8/13/2020,1,12.0
2609,JACKSONS FOOD STORES|3728 W 12600 S|RIVERTON,5/20/2019,1,4.0
2610,JACKSONS FOOD STORES|3728 W 12600 S|RIVERTON,9/12/2018,2,0.0
2611,JACKSONS FOOD STORES|3728 W 12600 S|RIVERTON,8/30/2018,1,14.0
2612,JAMBA|5590 S VAN WINKLE|MURRAY,4/28/2026,1,5.0
2613,JAMBA|5590 S VAN WINKLE|MURRAY,4/4/2025,1,7.0
2614,JAMBA|5590 S VAN WINKLE|MURRAY,1/5/2024,1,0.0
2615,JAMBA JUICE|3920 W TERMINAL DR|SALT LAKE CITY,7/11/2025,1,4.0
2616,JAMBA JUICE|3920 W TERMINAL DR|SALT LAKE CITY,3/8/2024,1,1.0
2617,JAMBA JUICE|3920 W TERMINAL DR|SALT LAKE CITY,1/20/2023,1,3.0
2618,JAVA JOS|847 E 4500 S|MILLCREEK,12/8/2025,1,3.0
2619,JAVA JOS|847 E 4500 S|MILLCREEK,12/17/2024,1,7.0
2620,JAVA JOS|847 E 4500 S|MILLCREEK,10/27/2023,1,8.0
2621,JERSEY MIKES|3163 E 3300 S|MILLCREEK,12/11/2025,1,7.0
2622,JERSEY MIKES SUBS|5586 S REDWOOD RD|TAYLORSVILLE,2/24/2026,1,3.0
2623,JERSEY MIKES SUBS|5586 S REDWOOD RD|TAYLORSVILLE,4/8/2025,1,22.0
2624,JERSEY MIKES SUBS|5586 S REDWOOD RD|TAYLORSVILLE,9/26/2024,1,17.0
2625,JERSEY MIKES SUBS|5586 S REDWOOD RD|TAYLORSVILLE,2/9/2024,1,12.0
2626,JERSEY MIKES SUBS|5586 S REDWOOD RD|TAYLORSVILLE,8/16/2023,1,28.0
2627,JERSEY MIKES SUBS|5586 S REDWOOD RD|TAYLORSVILLE,2/9/2023,1,11.0
2628,JERSEY MIKES SUBS|5586 S REDWOOD RD|TAYLORSVILLE,7/19/2022,1,28.0
2629,JERSEY MIKES SUBS|5586 S REDWOOD RD|TAYLORSVILLE,11/29/2021,1,0.0
2630,JERSEY MIKES SUBS|5510 W 13400 S|HERRIMAN,5/11/2026,1,9.0
2631,JERSEY MIKES SUBS|5510 W 13400 S|HERRIMAN,10/22/2025,1,23.0
2632,JERSEY MIKES SUBS|5510 W 13400 S|HERRIMAN,1/13/2025,1,3.0
2633,JERSEY MIKES SUBS|5510 W 13400 S|HERRIMAN,7/29/2024,1,28.0
2634,JERSEY MIKES SUBS|5510 W 13400 S|HERRIMAN,1/22/2024,1,18.0
2635,JERSEY MIKES SUBS|5510 W 13400 S|HERRIMAN,8/7/2023,1,32.0
2636,JERSEY MIKES SUBS|5510 W 13400 S|HERRIMAN,8/1/2022,2,6.0
2637,JERSEY MIKES SUBS|5510 W 13400 S|HERRIMAN,7/29/2022,2,42.0
2638,JERSEY MIKES SUBS|5510 W 13400 S|HERRIMAN,7/28/2022,1,51.0
2639,JERSEY MIKES SUBS|1295 E MILLER AVE|SALT LAKE CITY,2/19/2026,1,9.0
2640,JERSEY MIKES SUBS|1295 E MILLER AVE|SALT LAKE CITY,7/28/2025,1,1.0
2641,JERSEY MIKES SUBS|6985 S PARK CENTRE DR|COTTONWOOD HEIGHTS,5/29/2026,1,10.0
2642,JERSEY MIKES SUBS|6985 S PARK CENTRE DR|COTTONWOOD HEIGHTS,10/21/2025,1,23.0
2643,JERSEY MIKES SUBS|9089 S REDWOOD RD|WEST JORDAN,3/19/2026,1,8.0
2644,JERSEY MIKES SUBS|9089 S REDWOOD RD|WEST JORDAN,9/15/2025,1,3.0
2645,JERSEY MIKES SUBS|1400 S FOOTHILL DR|SALT LAKE CITY,3/30/2026,1,11.0
2646,JERSEY MIKES SUBS|1400 S FOOTHILL DR|SALT LAKE CITY,8/19/2025,1,5.0
2647,JERSEY MIKES SUBS|1400 S FOOTHILL DR|SALT LAKE CITY,4/22/2025,2,0.0
2648,JERSEY MIKES SUBS|510 E 400 S|SALT LAKE CITY,7/8/2026,1,11.0
2649,JERSEY MIKES SUBS|510 E 400 S|SALT LAKE CITY,11/17/2025,1,17.0
2650,JERSEY MIKES SUBS|74 W 11400 S|SANDY,3/23/2026,1,8.0
2651,JERSEY MIKES SUBS|74 W 11400 S|SANDY,9/10/2025,1,14.0
2652,JERSEY MIKES SUBS|74 W 11400 S|SANDY,5/30/2025,2,0.0
2653,JIMMY JOHNS|8989 S REDWOOD RD|WEST JORDAN,1/26/2026,1,3.0
2654,JIMMY JOHNS|8989 S REDWOOD RD|WEST JORDAN,3/5/2025,1,10.0
2655,JIMMY JOHNS|8989 S REDWOOD RD|WEST JORDAN,6/5/2024,1,1.0
2656,JIMMY JOHNS|8989 S REDWOOD RD|WEST JORDAN,5/31/2024,7,3.0
2657,JIMMY JOHNS|8989 S REDWOOD RD|WEST JORDAN,7/13/2023,1,25.0
2658,JIMMY JOHNS|8989 S REDWOOD RD|WEST JORDAN,2/7/2022,1,3.0
2659,JIMMY JOHNS|8989 S REDWOOD RD|WEST JORDAN,5/24/2021,1,11.0
2660,JIMMY JOHNS|8989 S REDWOOD RD|WEST JORDAN,8/24/2020,1,3.0
2661,JIMMY JOHNS|8989 S REDWOOD RD|WEST JORDAN,7/18/2019,1,22.0
2662,JIMMY JOHNS|8989 S REDWOOD RD|WEST JORDAN,10/11/2018,1,1.0
2663,JIMMY JOHNS|3920 W TERMINAL DR|SALT LAKE CITY,11/21/2025,1,2.0
2664,JIMMY JOHNS|3920 W TERMINAL DR|SALT LAKE CITY,12/10/2024,1,7.0
2665,JIMMY JOHNS|3920 W TERMINAL DR|SALT LAKE CITY,2/9/2024,1,0.0
2666,JIMMY JOHNS|3292 S 1300 E|SALT LAKE CITY,2/3/2026,1,8.0
2667,JIMMY JOHNS|3292 S 1300 E|SALT LAKE CITY,8/1/2024,1,42.0
2668,JIMMY JOHNS|3292 S 1300 E|SALT LAKE CITY,8/25/2023,1,20.0
2669,JIMMY JOHNS|3292 S 1300 E|SALT LAKE CITY,1/25/2022,1,23.0
2670,JIMMY JOHNS|3292 S 1300 E|SALT LAKE CITY,11/13/2019,1,9.0
2671,JIMMY JOHNS|3292 S 1300 E|SALT LAKE CITY,11/20/2018,1,16.0
2672,JIMMY JOHNS|3292 S 1300 E|SALT LAKE CITY,11/16/2017,1,2.0
2673,JIMMY JOHNS #1295|2885 S 5600 W|WEST VALLEY CITY,11/10/2025,1,2.0
2674,JIMMY JOHNS #1295|2885 S 5600 W|WEST VALLEY CITY,8/6/2024,1,17.0
2675,JIMMY JOHNS #1295|2885 S 5600 W|WEST VALLEY CITY,11/29/2022,1,13.0
2676,JIMMY JOHNS #1295|2885 S 5600 W|WEST VALLEY CITY,7/15/2021,1,24.0
2677,JIMMY JOHNS #1295|2885 S 5600 W|WEST VALLEY CITY,11/14/2019,1,15.0
2678,JIMMY JOHNS #1295|2885 S 5600 W|WEST VALLEY CITY,9/7/2018,1,1.0
2679,JIMMY JOHNS #1295|2885 S 5600 W|WEST VALLEY CITY,9/14/2017,1,4.0
2680,JIMMY JOHNS #1295|2885 S 5600 W|WEST VALLEY CITY,6/22/2016,1,8.0
2681,JIMMY JOHNS #1295|2885 S 5600 W|WEST VALLEY CITY,10/20/2014,1,7.0
2682,JIMMY JOHNS #1686|148 E 12300 S|DRAPER,1/9/2026,1,1.0
2683,JIMMY JOHNS #1686|148 E 12300 S|DRAPER,2/28/2025,1,16.0
2684,JIMMY JOHNS #1686|148 E 12300 S|DRAPER,1/31/2024,1,11.0
2685,JIMMY JOHNS #1686|148 E 12300 S|DRAPER,9/7/2022,1,10.0
2686,JIMMY JOHNS #1686|148 E 12300 S|DRAPER,9/9/2021,1,10.0
2687,JIMMY JOHNS #1686|148 E 12300 S|DRAPER,1/15/2020,1,5.0
2688,JIMMY JOHNS #1686|148 E 12300 S|DRAPER,1/8/2019,1,2.0
2689,JIMMY JOHNS #1686|148 E 12300 S|DRAPER,2/14/2018,1,4.0
2690,JIMMY JOHNS #1686|148 E 12300 S|DRAPER,1/4/2017,1,3.0
2691,JIMMY JOHNS #1686|148 E 12300 S|DRAPER,1/29/2016,1,5.0
2692,JIMMY JOHNS #2117|81 W 3300 S|SOUTH SALT LAKE,2/23/2026,1,5.0
2693,JIMMY JOHNS #2117|81 W 3300 S|SOUTH SALT LAKE,3/3/2025,1,7.0
2694,JIMMY JOHNS #2117|81 W 3300 S|SOUTH SALT LAKE,1/22/2024,1,8.0
2695,JIMMY JOHNS #2117|81 W 3300 S|SOUTH SALT LAKE,10/6/2022,1,20.0
2696,JIMMY JOHNS #2117|81 W 3300 S|SOUTH SALT LAKE,4/22/2021,1,13.0
2697,JIMMY JOHNS #3300|3891 W 5400 S|TAYLORSVILLE,10/17/2025,1,7.0
2698,JIMMY JOHNS #3300|3891 W 5400 S|TAYLORSVILLE,10/11/2024,1,12.0
2699,JIMMY JOHNS #3300|3891 W 5400 S|TAYLORSVILLE,6/15/2023,1,4.0
2700,JIMMY JOHNS #3300|3891 W 5400 S|TAYLORSVILLE,6/7/2022,1,8.0
2701,JIMMY JOHNS #3300|3891 W 5400 S|TAYLORSVILLE,8/26/2020,1,1.0
2702,JIMS FAMILY RESTAURANT|1728 W PARK AVE|RIVERTON,11/10/2025,1,13.0
2703,JIMS FAMILY RESTAURANT|1728 W PARK AVE|RIVERTON,1/9/2025,1,15.0
2704,JIMS FAMILY RESTAURANT|1728 W PARK AVE|RIVERTON,7/16/2024,1,29.0
2705,JIMS FAMILY RESTAURANT|1728 W PARK AVE|RIVERTON,11/13/2023,1,38.0
2706,JIMS FAMILY RESTAURANT|1728 W PARK AVE|RIVERTON,6/22/2022,1,37.0
2707,JIMS FAMILY RESTAURANT|1728 W PARK AVE|RIVERTON,10/27/2021,1,29.0
2708,JIMS FAMILY RESTAURANT|1728 W PARK AVE|RIVERTON,8/17/2020,1,27.0
2709,JIMS FAMILY RESTAURANT|1728 W PARK AVE|RIVERTON,6/11/2020,1,15.0
2710,JIMS FAMILY RESTAURANT|1728 W PARK AVE|RIVERTON,10/7/2019,1,29.0
2711,JIMS FAMILY RESTAURANT|1728 W PARK AVE|RIVERTON,1/31/2019,1,26.0
2712,JKS INDULGENCE CATERING|752 W CENTER ST|MIDVALE,4/3/2026,1,9.0
2713,JKS INDULGENCE CATERING|752 W CENTER ST|MIDVALE,9/10/2024,1,0.0
2714,JOHNNYS ON SECOND DOG PATIO|165 E 200 S|SALT LAKE CITY,11/5/2025,1,0.0
2715,JOHNNYS ON SECOND DOG PATIO|165 E 200 S|SALT LAKE CITY,8/19/2024,1,0.0
2716,JOHNNYS ON SECOND DOG PATIO|165 E 200 S|SALT LAKE CITY,8/21/2023,1,0.0
2717,JOHNSON PIKE|3683 W 2270 S|SALT LAKE CITY,1/12/2026,1,0.0
2718,JORDAN HIGH SCHOOL LEGACY|95 E BEETDIGGER BLVD|SANDY,4/24/2026,1,9.0
2719,JORDAN HIGH SCHOOL LEGACY|95 E BEETDIGGER BLVD|SANDY,10/16/2025,1,6.0
2720,JORDAN HIGH SCHOOL LEGACY|95 E BEETDIGGER BLVD|SANDY,4/15/2025,1,1.0
2721,JORDAN HIGH SCHOOL LEGACY|95 E BEETDIGGER BLVD|SANDY,10/14/2024,1,0.0
2722,JORDAN HIGH SCHOOL LEGACY|95 E BEETDIGGER BLVD|SANDY,4/29/2024,1,1.0
2723,JORDAN HIGH SCHOOL LEGACY|95 E BEETDIGGER BLVD|SANDY,10/11/2023,1,3.0
2724,JORDAN HIGH SCHOOL LEGACY|95 E BEETDIGGER BLVD|SANDY,10/28/2022,1,28.0
2725,JORDAN HIGH SCHOOL LEGACY|95 E BEETDIGGER BLVD|SANDY,4/29/2022,1,8.0
2726,JORDAN HIGH SCHOOL LEGACY|95 E BEETDIGGER BLVD|SANDY,4/19/2021,1,7.0
2727,JORDAN HIGH SCHOOL LEGACY|95 E BEETDIGGER BLVD|SANDY,9/25/2019,1,8.0
2728,JOY POPS|9675 S STATE ST|SANDY,1/6/2026,1,7.0
2729,JOY POPS|9675 S STATE ST|SANDY,4/1/2025,1,1.0
2730,K RECIPE|3390 S STATE ST|SOUTH SALT LAKE,6/10/2026,1,13.0
2731,K RECIPE|3390 S STATE ST|SOUTH SALT LAKE,11/3/2025,1,17.0
2732,K RECIPE|3390 S STATE ST|SOUTH SALT LAKE,8/7/2024,1,10.0
2733,K RECIPE|3390 S STATE ST|SOUTH SALT LAKE,1/9/2024,2,0.0
2734,K RECIPE|3390 S STATE ST|SOUTH SALT LAKE,1/8/2024,1,145.0
2735,K RECIPE|3390 S STATE ST|SOUTH SALT LAKE,11/16/2022,7,6.0
2736,K RECIPE|3390 S STATE ST|SOUTH SALT LAKE,7/28/2022,1,15.0
2737,K RECIPE|3390 S STATE ST|SOUTH SALT LAKE,5/11/2021,1,26.0
2738,KAHLERT VILLAGE CAFE/GSE|250 S 1850 E|SALT LAKE CITY,12/3/2025,1,6.0
2739,KAHLERT VILLAGE CAFE/GSE|250 S 1850 E|SALT LAKE CITY,2/12/2025,1,7.0
2740,KAHLERT VILLAGE CAFE/GSE|250 S 1850 E|SALT LAKE CITY,2/14/2024,1,0.0
2741,KAHLERT VILLAGE CAFE/GSE|250 S 1850 E|SALT LAKE CITY,4/4/2023,1,0.0
2742,KAHLERT VILLAGE CAFE/GSE|250 S 1850 E|SALT LAKE CITY,6/7/2022,1,0.0
2743,KENTE CAFE|751 W 800 S|SALT LAKE CITY,4/21/2025,1,0.0
2744,KENTUCKY FRIED CHICKEN|1765 W 4700 S|TAYLORSVILLE,4/29/2026,1,11.0
2745,KENTUCKY FRIED CHICKEN|1765 W 4700 S|TAYLORSVILLE,4/4/2025,1,12.0
2746,KENTUCKY FRIED CHICKEN|1765 W 4700 S|TAYLORSVILLE,10/24/2024,1,7.0
2747,KENTUCKY FRIED CHICKEN|1765 W 4700 S|TAYLORSVILLE,4/12/2024,1,13.0
2748,KENTUCKY FRIED CHICKEN|1765 W 4700 S|TAYLORSVILLE,12/4/2023,1,16.0
2749,KENTUCKY FRIED CHICKEN|1765 W 4700 S|TAYLORSVILLE,5/23/2023,1,8.0
2750,KENTUCKY FRIED CHICKEN|1765 W 4700 S|TAYLORSVILLE,1/12/2023,1,5.0
2751,KENTUCKY FRIED CHICKEN|1765 W 4700 S|TAYLORSVILLE,6/13/2022,1,14.0
2752,KENTUCKY FRIED CHICKEN|1765 W 4700 S|TAYLORSVILLE,3/11/2021,1,3.0
2753,KENTUCKY FRIED CHICKEN|1765 W 4700 S|TAYLORSVILLE,1/9/2020,1,11.0
2754,KENTUCKY FRIED CHICKEN / TACO BELL|2930 E 3300 S|MILLCREEK TS,1/28/2026,1,6.0
2755,KENTUCKY FRIED CHICKEN / TACO BELL|2930 E 3300 S|MILLCREEK TS,12/12/2024,1,19.0
2756,KENTUCKY FRIED CHICKEN / TACO BELL|2930 E 3300 S|MILLCREEK TS,9/8/2022,1,18.0
2757,KENTUCKY FRIED CHICKEN / TACO BELL|2930 E 3300 S|MILLCREEK TS,7/13/2021,2,12.0
2758,KENTUCKY FRIED CHICKEN / TACO BELL|2930 E 3300 S|MILLCREEK TS,7/2/2021,2,11.0
2759,KENTUCKY FRIED CHICKEN / TACO BELL|2930 E 3300 S|MILLCREEK TS,6/29/2021,7,12.0
2760,KENTUCKY FRIED CHICKEN / TACO BELL|2930 E 3300 S|MILLCREEK TS,3/12/2021,1,6.0
2761,KENTUCKY FRIED CHICKEN / TACO BELL|2930 E 3300 S|MILLCREEK TS,11/22/2019,1,16.0
2762,KENTUCKY FRIED CHICKEN / TACO BELL|2930 E 3300 S|MILLCREEK TS,3/1/2019,1,10.0
2763,KENTUCKY FRIED CHICKEN / TACO BELL|2930 E 3300 S|MILLCREEK TS,6/27/2018,1,18.0
2764,KENTUCKY FRIED CHICKEN / TACO BELL|2450 S REDWOOD RD|WEST VALLEY CITY,5/12/2026,1,10.0
2765,KENTUCKY FRIED CHICKEN / TACO BELL|2450 S REDWOOD RD|WEST VALLEY CITY,11/13/2025,1,3.0
2766,KENTUCKY FRIED CHICKEN / TACO BELL|2450 S REDWOOD RD|WEST VALLEY CITY,3/4/2025,1,18.0
2767,KENTUCKY FRIED CHICKEN / TACO BELL|2450 S REDWOOD RD|WEST VALLEY CITY,9/3/2024,1,37.0
2768,KENTUCKY FRIED CHICKEN / TACO BELL|2450 S REDWOOD RD|WEST VALLEY CITY,3/25/2024,1,22.0
2769,KENTUCKY FRIED CHICKEN / TACO BELL|2450 S REDWOOD RD|WEST VALLEY CITY,9/22/2023,1,5.0
2770,KENTUCKY FRIED CHICKEN / TACO BELL|2450 S REDWOOD RD|WEST VALLEY CITY,5/15/2023,2,2.0
2771,KENTUCKY FRIED CHICKEN / TACO BELL|2450 S REDWOOD RD|WEST VALLEY CITY,5/4/2023,7,12.0
2772,KENTUCKY FRIED CHICKEN / TACO BELL|2450 S REDWOOD RD|WEST VALLEY CITY,3/28/2023,1,14.0
2773,KENTUCKY FRIED CHICKEN / TACO BELL|2450 S REDWOOD RD|WEST VALLEY CITY,8/17/2022,1,20.0
2774,KINETIK|751 W 800 S|SALT LAKE CITY,12/3/2025,1,0.0
2775,KINETIK|751 W 800 S|SALT LAKE CITY,9/19/2024,1,1.0
2776,KINGS PEAK COFFEE ROASTERS|592 W 200 S|SALT LAKE CITY,2/12/2025,1,0.0
2777,KOKOPELLIS KOFFEE HOUSE|3955 S HIGHLAND DR|HOLLADAY,12/15/2025,1,2.0
2778,KOKOPELLIS KOFFEE HOUSE|3955 S HIGHLAND DR|HOLLADAY,6/17/2025,1,2.0
2779,KOKOPELLIS KOFFEE HOUSE|3955 S HIGHLAND DR|HOLLADAY,7/12/2024,1,17.0
2780,KOKOPELLIS KOFFEE HOUSE|3955 S HIGHLAND DR|HOLLADAY,11/30/2023,1,56.0
2781,KOKOPELLIS KOFFEE HOUSE|3955 S HIGHLAND DR|HOLLADAY,3/31/2022,1,8.0
2782,KOKOPELLIS KOFFEE HOUSE|3955 S HIGHLAND DR|HOLLADAY,6/11/2021,1,6.0
2783,KOKOPELLIS KOFFEE HOUSE|3955 S HIGHLAND DR|HOLLADAY,7/30/2020,1,14.0
2784,KOKOPELLIS KOFFEE HOUSE|3955 S HIGHLAND DR|HOLLADAY,11/7/2019,1,2.0
2785,KOKOPELLIS KOFFEE HOUSE|3955 S HIGHLAND DR|HOLLADAY,4/24/2019,1,5.0
2786,KOKOPELLIS KOFFEE HOUSE|3955 S HIGHLAND DR|HOLLADAY,9/28/2018,1,28.0
2787,KRISPY KREME|3370 S 5600 W|WEST VALLEY CITY,1/21/2026,1,3.0
2788,KRISPY KREME|3370 S 5600 W|WEST VALLEY CITY,11/13/2024,1,5.0
2789,KRISPY KREME|3370 S 5600 W|WEST VALLEY CITY,5/8/2023,1,2.0
2790,KRISPY KREME|3370 S 5600 W|WEST VALLEY CITY,6/21/2022,1,1.0
2791,KURA REVOLVING SUSHI|675 E 2100 S|SALT LAKE CITY,2/26/2026,1,11.0
2792,KURA REVOLVING SUSHI|675 E 2100 S|SALT LAKE CITY,8/25/2025,1,14.0
2793,L3 HARRIS|640 N 2200 W|SALT LAKE CITY,1/24/2025,1,11.0
2794,L3 HARRIS|640 N 2200 W|SALT LAKE CITY,6/18/2024,1,7.0
2795,LA BOTANA DE MAMA HILA|4936 W 3500 S|WEST VALLEY CITY,2/5/2026,1,8.0
2796,LA CASA DE LA AREPA|1391 S 300 W|SALT LAKE CITY,8/5/2025,1,3.0
2797,LA CASA DE LA AREPA #372WX|1391 S 300 W|SALT LAKE CITY,10/8/2025,1,2.0
2798,LA CASA DE LA AREPA #372WX|1391 S 300 W|SALT LAKE CITY,4/25/2024,1,7.0
2799,LA CATRINA FLAVORS OF MEXICO #U564LP|3232 S 400 E|SOUTH SALT LAKE,10/15/2025,1,4.0
2800,LA CATRINA FLAVORS OF MEXICO #U564LP|3232 S 400 E|SOUTH SALT LAKE,8/21/2024,1,0.0
2801,LA CATRINA FLAVORS OF MEXICO #U564LP|3232 S 400 E|SOUTH SALT LAKE,6/3/2023,1,7.0
2802,LA CATRINA FLAVORS OF MEXICO #U564LP|3232 S 400 E|SOUTH SALT LAKE,8/3/2022,1,0.0
2803,LA COCINA DE CECI|6714 S AIRPORT RD|WEST JORDAN,4/14/2026,1,1.0
2804,LA CREME #LACREME|752 W CENTER ST|MIDVALE,9/4/2025,1,0.0
2805,LA CREME #LACREME|752 W CENTER ST|MIDVALE,11/26/2024,7,0.0
2806,LA CREPE DOR #380572Z|894 E 3900 S|MILLCREEK,12/3/2025,1,0.0
2807,LA CREPE DOR #380572Z|894 E 3900 S|MILLCREEK,6/4/2025,1,0.0
2808,LA CREPE DOR #380572Z|894 E 3900 S|MILLCREEK,12/5/2024,1,0.0
2809,LA FOGATA #237992A|13751 S WADSWORTH PARK DR|DRAPER,2/12/2026,1,4.0
2810,LA FOGATA #237992A|13751 S WADSWORTH PARK DR|DRAPER,9/21/2024,1,6.0
2811,LA FOGATA #237992A|13751 S WADSWORTH PARK DR|DRAPER,10/13/2023,1,37.0
2812,LA LOLA TACO|6356 S STATE ST|MURRAY,12/3/2025,1,4.0
2813,LA LOLA TACO|6356 S STATE ST|MURRAY,11/21/2025,1,10.0
2814,LA PANERIA|752 W CENTER ST|MIDVALE,11/7/2025,1,7.0
2815,LA POBLANA MEXICAN FOOD #231365A|3330 S 5600 W|WEST VALLEY CITY,4/3/2026,1,5.0
2816,LA POBLANA MEXICAN FOOD #231365A|3330 S 5600 W|WEST VALLEY CITY,8/2/2025,1,4.0
2817,LA POBLANA MEXICAN FOOD #231365A|3330 S 5600 W|WEST VALLEY CITY,2/7/2025,1,26.0
2818,LA POBLANA MEXICAN FOOD #231365A|3330 S 5600 W|WEST VALLEY CITY,5/14/2024,1,1.0
2819,LA POBLANA MEXICAN FOOD #231365A|3330 S 5600 W|WEST VALLEY CITY,5/23/2023,7,7.0
2820,LA POBLANA MEXICAN FOOD #231365A|3330 S 5600 W|WEST VALLEY CITY,4/13/2023,1,12.0
2821,LA SALSAS @ TAQUERIA EL CALOR|2975 S REDWOOD RD|WEST VALLEY CITY,4/8/2026,1,1.0
2822,LA SALSAS @ TAQUERIA EL CALOR|2975 S REDWOOD RD|WEST VALLEY CITY,1/15/2025,1,0.0
2823,LA SALSAS @ TAQUERIA EL CALOR|2975 S REDWOOD RD|WEST VALLEY CITY,7/12/2023,1,0.0
2824,LA YAQUESITA #|4848 S REDWOOD RD|TAYLORSVILLE,12/11/2025,1,1.0
2825,LA YAQUESITA #|4848 S REDWOOD RD|TAYLORSVILLE,3/13/2024,1,0.0
2826,LALAS LEMONADE SHACK @ SALT PALACE|100 S WEST TEMPLE ST|SALT LAKE CITY,9/25/2025,1,0.0
2827,LALAS LEMONADE SHACK @ SALT PALACE|100 S WEST TEMPLE ST|SALT LAKE CITY,2/13/2025,1,3.0
2828,LALAS LEMONADE SHACK @ SALT PALACE|100 S WEST TEMPLE ST|SALT LAKE CITY,9/26/2024,1,0.0
2829,LALAS LEMONADE SHACK @ SALT PALACE|100 S WEST TEMPLE ST|SALT LAKE CITY,9/26/2024,1,7.0
2830,LARRY H MILLER BALLPARK CONCESSIONS|4350 S 1300 E|MILLCREEK,10/6/2025,1,2.0
2831,LARRY H MILLER BALLPARK CONCESSIONS|4350 S 1300 E|MILLCREEK,7/11/2024,1,6.0
2832,LARRY H MILLER BALLPARK CONCESSIONS|4350 S 1300 E|MILLCREEK,6/9/2022,1,4.0
2833,LAS ELLIES #9W1NV|56 E 3335 S|SOUTH SALT LAKE,1/23/2026,1,0.0
2834,LAS ELLIES #9W1NV|56 E 3335 S|SOUTH SALT LAKE,6/8/2024,1,6.0
2835,LAS ELLIES #9W1NV|56 E 3335 S|SOUTH SALT LAKE,8/5/2023,1,21.0
2836,LAST CHANCE MINING CAMP|1200 BIG COTTONWOOD CANYON RD|COTTONWOOD HEIGHTS,2/27/2026,1,12.0
2837,LAST CHANCE MINING CAMP|1200 BIG COTTONWOOD CANYON RD|COTTONWOOD HEIGHTS,1/16/2025,1,26.0
2838,LAST CHANCE MINING CAMP|1200 BIG COTTONWOOD CANYON RD|COTTONWOOD HEIGHTS,10/16/2023,1,13.0
2839,LAST CHANCE MINING CAMP|1200 BIG COTTONWOOD CANYON RD|COTTONWOOD HEIGHTS,1/26/2022,1,18.0
2840,LAST CHANCE MINING CAMP|1200 BIG COTTONWOOD CANYON RD|COTTONWOOD HEIGHTS,3/18/2021,1,3.0
2841,LAST CHANCE MINING CAMP|1200 BIG COTTONWOOD CANYON RD|COTTONWOOD HEIGHTS,2/10/2020,1,25.0
2842,LAST CHANCE MINING CAMP|1200 BIG COTTONWOOD CANYON RD|COTTONWOOD HEIGHTS,1/14/2019,1,35.0
2843,LAURA LEES CATERING @ CLASSIC COMMISSARY|3232 S 400 E|SOUTH SALT LAKE,12/4/2025,1,0.0
2844,LAURA LEES CATERING @ CLASSIC COMMISSARY|3232 S 400 E|SOUTH SALT LAKE,7/9/2024,1,6.0
2845,LAURA LEES CATERING @ CLASSIC COMMISSARY|3232 S 400 E|SOUTH SALT LAKE,8/21/2022,1,9.0
2846,LAURA LEES CATERING @ CLASSIC COMMISSARY|3232 S 400 E|SOUTH SALT LAKE,3/5/2020,1,8.0
2847,LDS FOOD SERVICES PRINTING CENTER CAFETERIA|1980 W INDUSTRIAL CIR|SALT LAKE CITY,8/20/2025,1,4.0
2848,LDS FOOD SERVICES PRINTING CENTER CAFETERIA|1980 W INDUSTRIAL CIR|SALT LAKE CITY,10/11/2024,1,17.0
2849,LDS FOOD SERVICES PRINTING CENTER CAFETERIA|1980 W INDUSTRIAL CIR|SALT LAKE CITY,10/20/2023,1,11.0
2850,LDS FOOD SERVICES PRINTING CENTER CAFETERIA|1980 W INDUSTRIAL CIR|SALT LAKE CITY,3/6/2023,1,11.0
2851,LDS FOOD SERVICES PRINTING CENTER CAFETERIA|1980 W INDUSTRIAL CIR|SALT LAKE CITY,9/17/2021,1,0.0
2852,LDS FOOD SERVICES PRINTING CENTER CAFETERIA|1980 W INDUSTRIAL CIR|SALT LAKE CITY,3/28/2019,1,2.0
2853,LDS FOOD SERVICES PRINTING CENTER CAFETERIA|1980 W INDUSTRIAL CIR|SALT LAKE CITY,9/17/2018,1,7.0
2854,LDS FOOD SERVICES PRINTING CENTER CAFETERIA|1980 W INDUSTRIAL CIR|SALT LAKE CITY,3/14/2018,1,2.0
2855,LDS FOOD SERVICES PRINTING CENTER CAFETERIA|1980 W INDUSTRIAL CIR|SALT LAKE CITY,3/27/2017,1,8.0
2856,LDS FOOD SERVICES PRINTING CENTER CAFETERIA|1980 W INDUSTRIAL CIR|SALT LAKE CITY,3/17/2016,1,12.0
2857,LDS HOSPITAL CAFETERIA|400 E EIGHTH AVE|SALT LAKE CITY,3/3/2025,1,14.0
2858,LDS HOSPITAL CAFETERIA|400 E EIGHTH AVE|SALT LAKE CITY,2/22/2024,1,7.0
2859,LDS HOSPITAL CAFETERIA|400 E EIGHTH AVE|SALT LAKE CITY,2/8/2023,1,7.0
2860,LDS HOSPITAL CAFETERIA|400 E EIGHTH AVE|SALT LAKE CITY,7/13/2022,1,2.0
2861,LDS HOSPITAL CAFETERIA|400 E EIGHTH AVE|SALT LAKE CITY,2/24/2022,1,7.0
2862,LDS HOSPITAL CAFETERIA|400 E EIGHTH AVE|SALT LAKE CITY,2/28/2020,1,1.0
2863,LDS HOSPITAL CAFETERIA|400 E EIGHTH AVE|SALT LAKE CITY,7/30/2019,1,8.0
2864,LDS HOSPITAL CAFETERIA|400 E EIGHTH AVE|SALT LAKE CITY,3/22/2019,1,8.0
2865,LDS HOSPITAL CAFETERIA|400 E EIGHTH AVE|SALT LAKE CITY,11/16/2018,1,6.0
2866,LDS HOSPITAL CAFETERIA|400 E EIGHTH AVE|SALT LAKE CITY,7/13/2018,1,13.0
2867,LDS RIVERTON OFFICE BUILDING CAFETERIA|3740 W MARKET CENTER DR|RIVERTON,7/8/2026,1,14.0
2868,LDS RIVERTON OFFICE BUILDING CAFETERIA|3740 W MARKET CENTER DR|RIVERTON,2/2/2026,1,7.0
2869,LDS RIVERTON OFFICE BUILDING CAFETERIA|3740 W MARKET CENTER DR|RIVERTON,10/2/2025,1,2.0
2870,LDS RIVERTON OFFICE BUILDING CAFETERIA|3740 W MARKET CENTER DR|RIVERTON,1/9/2025,1,3.0
2871,LDS RIVERTON OFFICE BUILDING CAFETERIA|3740 W MARKET CENTER DR|RIVERTON,9/25/2024,1,0.0
2872,LDS RIVERTON OFFICE BUILDING CAFETERIA|3740 W MARKET CENTER DR|RIVERTON,5/21/2024,1,10.0
2873,LDS RIVERTON OFFICE BUILDING CAFETERIA|3740 W MARKET CENTER DR|RIVERTON,1/2/2024,1,1.0
2874,LDS RIVERTON OFFICE BUILDING CAFETERIA|3740 W MARKET CENTER DR|RIVERTON,9/28/2023,1,0.0
2875,LDS RIVERTON OFFICE BUILDING CAFETERIA|3740 W MARKET CENTER DR|RIVERTON,6/27/2022,1,4.0
2876,LDS RIVERTON OFFICE BUILDING CAFETERIA|3740 W MARKET CENTER DR|RIVERTON,11/2/2021,1,8.0
2877,LE BOEUF|248 W 900 S|SALT LAKE CITY,1/8/2026,1,8.0
2878,LEE SUSHI|71 W 10600 S|SANDY,6/29/2026,1,10.0
2879,LEE SUSHI|71 W 10600 S|SANDY,12/8/2025,1,17.0
2880,LEE SUSHI|71 W 10600 S|SANDY,3/24/2025,1,36.0
2881,LEE SUSHI|71 W 10600 S|SANDY,9/9/2024,1,12.0
2882,LEE SUSHI|71 W 10600 S|SANDY,8/2/2022,1,6.0
2883,LEE SUSHI|71 W 10600 S|SANDY,9/23/2021,1,22.0
2884,LEE SUSHI|71 W 10600 S|SANDY,1/29/2020,1,21.0
2885,LEE SUSHI|71 W 10600 S|SANDY,5/16/2019,1,32.0
2886,LEE SUSHI|71 W 10600 S|SANDY,6/14/2018,1,14.0
2887,LEE SUSHI|71 W 10600 S|SANDY,4/2/2018,2,12.0
2888,LEPRECHAUN PUB AND GRILL|4700 S 900 E|SALT LAKE CITY,5/13/2026,1,8.0
2889,LEPRECHAUN PUB AND GRILL|4700 S 900 E|SALT LAKE CITY,11/24/2025,1,26.0
2890,LEPRECHAUN PUB AND GRILL|4700 S 900 E|SALT LAKE CITY,5/19/2025,1,17.0
2891,LEPRECHAUN PUB AND GRILL|4700 S 900 E|SALT LAKE CITY,4/1/2025,2,8.0
2892,LEVEL CROSSING BREWING - DOG PATIO|550 S 300 W|SALT LAKE CITY,3/30/2026,1,0.0
2893,LEVEL CROSSING BREWING - DOG PATIO|550 S 300 W|SALT LAKE CITY,5/19/2025,1,0.0
2894,LEVEL CROSSING BREWING/ DOG PATIO|2496 S WEST TEMPLE|SALT LAKE CITY,6/2/2026,1,0.0
2895,LEVEL CROSSING BREWING/ DOG PATIO|2496 S WEST TEMPLE|SALT LAKE CITY,5/28/2025,1,0.0
2896,LEVEL CROSSING BREWING/ DOG PATIO|2496 S WEST TEMPLE|SALT LAKE CITY,3/13/2023,1,0.0
2897,LEVY @ DELTA CENTER/BLACK DESERT CLUB #268|301 W SOUTH TEMPLE ST|SALT LAKE CITY,11/20/2025,1,9.0
2898,LEVY @ DELTA CENTER/BLACK DESERT CLUB #268|301 W SOUTH TEMPLE ST|SALT LAKE CITY,4/2/2024,1,4.0
2899,LEVY @ DELTA CENTER/BLACK DESERT CLUB #268|301 W SOUTH TEMPLE ST|SALT LAKE CITY,11/30/2022,1,1.0
2900,LEVY @ DELTA CENTER/BLACK DESERT CLUB #268|301 W SOUTH TEMPLE ST|SALT LAKE CITY,3/14/2022,1,4.0
2901,LEVY @ DELTA CENTER/BLACK DESERT CLUB #268|301 W SOUTH TEMPLE ST|SALT LAKE CITY,5/12/2021,1,13.0
2902,LEVY @ DELTA CENTER/BLACK DESERT CLUB #268|301 W SOUTH TEMPLE ST|SALT LAKE CITY,12/9/2019,1,10.0
2903,LEVY @ DELTA CENTER/BLACK DESERT CLUB #268|301 W SOUTH TEMPLE ST|SALT LAKE CITY,11/5/2018,1,0.0
2904,LEVY @ DELTA CENTER/BLACK DESERT CLUB #268|301 W SOUTH TEMPLE ST|SALT LAKE CITY,11/13/2017,1,5.0
2905,LEVY @ DELTA CENTER/INTERFORM CLUB #410|301 W SOUTH TEMPLE ST|SALT LAKE CITY,11/20/2025,1,1.0
2906,LEVY @ DELTA CENTER/INTERFORM CLUB #410|301 W SOUTH TEMPLE ST|SALT LAKE CITY,4/2/2024,1,11.0
2907,LEVY @ DELTA CENTER/INTERFORM CLUB #410|301 W SOUTH TEMPLE ST|SALT LAKE CITY,11/30/2022,1,12.0
2908,LEVY @ DELTA CENTER/INTERFORM CLUB #410|301 W SOUTH TEMPLE ST|SALT LAKE CITY,5/12/2021,1,2.0
2909,LEVY @ DELTA CENTER/INTERFORM CLUB #410|301 W SOUTH TEMPLE ST|SALT LAKE CITY,12/9/2019,1,0.0
2910,LEVY @ DELTA CENTER/INTERFORM CLUB #410|301 W SOUTH TEMPLE ST|SALT LAKE CITY,11/5/2018,1,0.0
2911,LEVY @ DELTA CENTER/INTERFORM CLUB #410|301 W SOUTH TEMPLE ST|SALT LAKE CITY,11/28/2017,2,0.0
2912,LEVY @ DELTA CENTER/INTERFORM CLUB #410|301 W SOUTH TEMPLE ST|SALT LAKE CITY,11/13/2017,1,6.0
2913,LEVY @ DELTA CENTER/TOYOTA NORTH #251|301 W SOUTH TEMPLE ST|SALT LAKE CITY,11/20/2025,1,4.0
2914,LEVY @ DELTA CENTER/TOYOTA NORTH #251|301 W SOUTH TEMPLE ST|SALT LAKE CITY,4/2/2024,1,7.0
2915,LEVY @ DELTA CENTER/TOYOTA NORTH #251|301 W SOUTH TEMPLE ST|SALT LAKE CITY,11/30/2022,1,2.0
2916,LEVY @ DELTA CENTER/TOYOTA NORTH #251|301 W SOUTH TEMPLE ST|SALT LAKE CITY,12/20/2021,1,12.0
2917,LEVY @ DELTA CENTER/TOYOTA NORTH #251|301 W SOUTH TEMPLE ST|SALT LAKE CITY,5/12/2021,1,21.0
2918,LEVY @ DELTA CENTER/TOYOTA NORTH #251|301 W SOUTH TEMPLE ST|SALT LAKE CITY,12/9/2019,1,7.0
2919,LEVY @ DELTA CENTER/TOYOTA NORTH #251|301 W SOUTH TEMPLE ST|SALT LAKE CITY,11/5/2018,1,3.0
2920,LEVY @ DELTA CENTER/TOYOTA NORTH #251|301 W SOUTH TEMPLE ST|SALT LAKE CITY,11/13/2017,1,6.0
2921,LEVY FORD ZONE #10|9256 S STATE ST|SANDY,4/18/2026,1,3.0
2922,LEVY FORD ZONE #10|9256 S STATE ST|SANDY,9/18/2024,1,5.0
2923,LEVY FORD ZONE #10|9256 S STATE ST|SANDY,7/17/2022,1,6.0
2924,LEVY FORD ZONE #10|9256 S STATE ST|SANDY,9/4/2021,1,3.0
2925,LEVY FORD ZONE #10|9256 S STATE ST|SANDY,5/24/2019,1,5.0
2926,LEVY FORD ZONE #10|9256 S STATE ST|SANDY,4/7/2018,1,12.0
2927,LEVY FORD ZONE #10|9256 S STATE ST|SANDY,3/18/2017,1,4.0
2928,LEVY FORD ZONE #10|9256 S STATE ST|SANDY,7/1/2015,1,8.0
2929,LEVY FORD ZONE #10|9256 S STATE ST|SANDY,9/19/2014,1,3.0
2930,LEVY FORD ZONE #10|9256 S STATE ST|SANDY,9/19/2014,1,0.0
2931,LEVY GRAB N GOAL #4|9256 S STATE ST|SANDY,4/18/2026,1,5.0
2932,LEVY GRAB N GOAL #4|9256 S STATE ST|SANDY,9/18/2024,1,8.0
2933,LEVY GRAB N GOAL #4|9256 S STATE ST|SANDY,7/17/2022,1,0.0
2934,LEVY GRAB N GOAL #4|9256 S STATE ST|SANDY,9/4/2021,1,1.0
2935,LEVY GRAB N GOAL #4|9256 S STATE ST|SANDY,8/26/2020,1,13.0
2936,LEVY GRAB N GOAL #4|9256 S STATE ST|SANDY,5/24/2019,1,7.0
2937,LEVY GRAB N GOAL #4|9256 S STATE ST|SANDY,4/7/2018,1,13.0
2938,LEVY GRAB N GOAL #4|9256 S STATE ST|SANDY,3/18/2017,1,7.0
2939,LEVY GRAB N GOAL #4|9256 S STATE ST|SANDY,7/1/2015,1,11.0
2940,LEVY GRAB N GOAL #4|9256 S STATE ST|SANDY,9/19/2014,1,2.0
2941,LEVY ROYAL FEAST EAST #7|9256 S STATE ST|SANDY,4/18/2026,1,8.0
2942,LEVY ROYAL FEAST EAST #7|9256 S STATE ST|SANDY,9/18/2024,1,8.0
2943,LEVY ROYAL FEAST EAST #7|9256 S STATE ST|SANDY,7/17/2022,1,0.0
2944,LEVY ROYAL FEAST EAST #7|9256 S STATE ST|SANDY,9/4/2021,1,4.0
2945,LEVY ROYAL FEAST EAST #7|9256 S STATE ST|SANDY,8/26/2020,1,16.0
2946,LEVY ROYAL FEAST EAST #7|9256 S STATE ST|SANDY,5/24/2019,1,2.0
2947,LEVY ROYAL FEAST EAST #7|9256 S STATE ST|SANDY,4/7/2018,1,15.0
2948,LEVY ROYAL FEAST EAST #7|9256 S STATE ST|SANDY,3/18/2017,1,13.0
2949,LEVY ROYAL FEAST EAST #7|9256 S STATE ST|SANDY,7/1/2015,1,12.0
2950,LEVY ROYAL FEAST EAST #7|9256 S STATE ST|SANDY,9/19/2014,1,3.0
2951,LEWIS CAFE & COURTYARD|590 S WAKARA WY|SALT LAKE CITY,12/30/2025,1,2.0
2952,LEWIS CAFE & COURTYARD|590 S WAKARA WY|SALT LAKE CITY,11/4/2024,1,44.0
2953,LEWIS CAFE & COURTYARD|590 S WAKARA WY|SALT LAKE CITY,10/12/2022,1,21.0
2954,LEWIS CAFE & COURTYARD|590 S WAKARA WY|SALT LAKE CITY,1/31/2022,1,16.0
2955,LEWIS CAFE & COURTYARD|590 S WAKARA WY|SALT LAKE CITY,10/14/2019,1,13.0
2956,LEWIS CAFE & COURTYARD|590 S WAKARA WY|SALT LAKE CITY,9/24/2018,1,11.0
2957,LEWIS CAFE & COURTYARD|590 S WAKARA WY|SALT LAKE CITY,12/6/2017,1,21.0
2958,LEWIS CAFE & COURTYARD|590 S WAKARA WY|SALT LAKE CITY,11/23/2016,1,6.0
2959,LEWIS CAFE & COURTYARD|590 S WAKARA WY|SALT LAKE CITY,8/1/2016,7,18.0
2960,LEWIS CAFE & COURTYARD|590 S WAKARA WY|SALT LAKE CITY,3/31/2016,1,14.0
2961,LIBERTY SENIOR CENTER|251 E 700 S|SALT LAKE CITY,6/23/2025,1,1.0
2962,LIBERTY SENIOR CENTER|251 E 700 S|SALT LAKE CITY,3/1/2024,1,9.0
2963,LIBERTY SENIOR CENTER|251 E 700 S|SALT LAKE CITY,6/21/2022,1,1.0
2964,LIBERTY SENIOR CENTER|251 E 700 S|SALT LAKE CITY,8/2/2021,1,6.0
2965,LIBERTY SENIOR CENTER|251 E 700 S|SALT LAKE CITY,10/8/2019,1,14.0
2966,LIBERTY SENIOR CENTER|251 E 700 S|SALT LAKE CITY,5/17/2018,1,16.0
2967,LIBERTY SENIOR CENTER|251 E 700 S|SALT LAKE CITY,1/19/2017,1,12.0
2968,LIBERTY SENIOR CENTER|251 E 700 S|SALT LAKE CITY,6/1/2015,1,2.0
2969,LIFE CAFE BISTRO|10996 S RIVERFRONT PKWY|SOUTH JORDAN,6/9/2026,1,4.0
2970,LIFE CAFE BISTRO|10996 S RIVERFRONT PKWY|SOUTH JORDAN,8/12/2025,1,6.0
2971,LIFE CAFE BISTRO|10996 S RIVERFRONT PKWY|SOUTH JORDAN,7/15/2024,1,8.0
2972,LIFE CAFE BISTRO|10996 S RIVERFRONT PKWY|SOUTH JORDAN,6/27/2023,1,5.0
2973,LIFE CAFE BISTRO|10996 S RIVERFRONT PKWY|SOUTH JORDAN,6/9/2022,1,3.0
2974,LIFE CAFE BISTRO|10996 S RIVERFRONT PKWY|SOUTH JORDAN,7/21/2021,1,8.0
2975,LIFE CAFE BISTRO|10996 S RIVERFRONT PKWY|SOUTH JORDAN,3/6/2020,1,9.0
2976,LIFE CAFE BISTRO|10996 S RIVERFRONT PKWY|SOUTH JORDAN,5/30/2019,1,2.0
2977,LIFE CAFE BISTRO|10996 S RIVERFRONT PKWY|SOUTH JORDAN,6/12/2018,1,14.0
2978,LIFE CAFE BISTRO|10996 S RIVERFRONT PKWY|SOUTH JORDAN,8/18/2015,2,27.0
2979,LITTLE CAESARS|4696 S HOLLADAY BLVD|HOLLADAY,6/30/2026,1,5.0
2980,LITTLE CAESARS|4696 S HOLLADAY BLVD|HOLLADAY,9/30/2025,1,6.0
2981,LITTLE CAESARS|4696 S HOLLADAY BLVD|HOLLADAY,1/10/2025,1,4.0
2982,LITTLE CAESARS|4696 S HOLLADAY BLVD|HOLLADAY,11/8/2023,1,10.0
2983,LITTLE CAESARS|4696 S HOLLADAY BLVD|HOLLADAY,2/8/2023,1,4.0
2984,LITTLE CAESARS|4696 S HOLLADAY BLVD|HOLLADAY,12/28/2021,1,12.0
2985,LITTLE CAESARS #511|301 W SOUTH TEMPLE ST|SALT LAKE CITY,11/20/2025,1,1.0
2986,LITTLE CAESARS PIZZA|9205 S 700 E|SANDY,2/26/2026,1,5.0
2987,LITTLE CAESARS PIZZA|9205 S 700 E|SANDY,12/1/2025,7,10.0
2988,LITTLE CAESARS PIZZA|9205 S 700 E|SANDY,5/12/2025,1,30.0
2989,LITTLE CAESARS PIZZA|9205 S 700 E|SANDY,7/23/2024,1,15.0
2990,LITTLE CAESARS PIZZA|9205 S 700 E|SANDY,8/29/2022,1,25.0
2991,LITTLE CAESARS PIZZA|9205 S 700 E|SANDY,9/28/2021,1,8.0
2992,LITTLE CAESARS PIZZA|9205 S 700 E|SANDY,1/14/2020,1,13.0
2993,LITTLE CAESARS PIZZA|9205 S 700 E|SANDY,11/14/2018,1,20.0
2994,LITTLE CAESARS PIZZA|9205 S 700 E|SANDY,1/8/2018,1,21.0
2995,LITTLE CAESARS PIZZA|9205 S 700 E|SANDY,3/18/2017,1,1.0
2996,LITTLE CAESARS PIZZA|4124 S REDWOOD RD|TAYLORSVILLE,5/19/2026,1,9.0
2997,LITTLE CAESARS PIZZA|4124 S REDWOOD RD|TAYLORSVILLE,5/28/2025,7,7.0
2998,LITTLE CAESARS PIZZA|4124 S REDWOOD RD|TAYLORSVILLE,1/13/2025,1,7.0
2999,LITTLE CAESARS PIZZA|4124 S REDWOOD RD|TAYLORSVILLE,3/25/2024,1,6.0
3000,LITTLE CAESARS PIZZA|4124 S REDWOOD RD|TAYLORSVILLE,5/30/2023,1,20.0
3001,LITTLE CAESARS PIZZA|4124 S REDWOOD RD|TAYLORSVILLE,8/23/2022,1,16.0
3002,LITTLE CAESARS PIZZA|4124 S REDWOOD RD|TAYLORSVILLE,10/21/2021,1,22.0
3003,LITTLE CAESARS PIZZA|4124 S REDWOOD RD|TAYLORSVILLE,1/16/2020,1,9.0
3004,LITTLE CAESARS PIZZA|4124 S REDWOOD RD|TAYLORSVILLE,4/3/2019,1,8.0
3005,LITTLE CAESARS PIZZA|3380 S 5600 W|WEST VALLEY CITY,2/26/2026,1,6.0
3006,LITTLE CAESARS PIZZA|3380 S 5600 W|WEST VALLEY CITY,5/8/2025,1,3.0
3007,LITTLE CAESARS PIZZA|3380 S 5600 W|WEST VALLEY CITY,3/12/2024,1,9.0
3008,LITTLE CAESARS PIZZA|3380 S 5600 W|WEST VALLEY CITY,6/10/2022,1,10.0
3009,LITTLE CAESARS PIZZA|3380 S 5600 W|WEST VALLEY CITY,7/13/2021,1,30.0
3010,LITTLE CAESARS PIZZA|3380 S 5600 W|WEST VALLEY CITY,9/14/2020,1,7.0
3011,LITTLE CAESARS PIZZA|3380 S 5600 W|WEST VALLEY CITY,8/13/2019,1,7.0
3012,LITTLE CAESARS PIZZA|3380 S 5600 W|WEST VALLEY CITY,10/15/2018,1,14.0
3013,LITTLE CAESARS PIZZA|3380 S 5600 W|WEST VALLEY CITY,1/31/2018,1,8.0
3014,LITTLE CAESARS PIZZA|3380 S 5600 W|WEST VALLEY CITY,5/2/2017,1,5.0
3015,LITTLE CAESARS PIZZA|2301 E 2100 S|SALT LAKE CITY,4/29/2026,1,9.0
3016,LITTLE CAESARS PIZZA|2301 E 2100 S|SALT LAKE CITY,6/5/2025,1,22.0
3017,LITTLE CAESARS PIZZA|2301 E 2100 S|SALT LAKE CITY,9/28/2023,1,36.0
3018,LITTLE CAESARS PIZZA|2301 E 2100 S|SALT LAKE CITY,12/21/2022,2,0.0
3019,LITTLE CAESARS PIZZA|2301 E 2100 S|SALT LAKE CITY,12/20/2022,7,3.0
3020,LITTLE CAESARS PIZZA|2301 E 2100 S|SALT LAKE CITY,11/3/2021,1,36.0
3021,LITTLE CAESARS PIZZA|2301 E 2100 S|SALT LAKE CITY,3/30/2021,1,5.0
3022,LITTLE CAESARS PIZZA|2301 E 2100 S|SALT LAKE CITY,9/16/2019,1,18.0
3023,LITTLE CAESARS PIZZA|2301 E 2100 S|SALT LAKE CITY,12/14/2018,1,9.0
3024,LITTLE CAESARS PIZZA|2301 E 2100 S|SALT LAKE CITY,12/13/2017,1,3.0
3025,LITTLE CAESARS PIZZA|1822 W 12600 S|RIVERTON,7/7/2026,1,3.0
3026,LITTLE CAESARS PIZZA|1822 W 12600 S|RIVERTON,5/2/2025,1,16.0
3027,LITTLE CAESARS PIZZA|1822 W 12600 S|RIVERTON,6/27/2024,1,18.0
3028,LITTLE CAESARS PIZZA|1822 W 12600 S|RIVERTON,8/14/2023,1,28.0
3029,LITTLE CAESARS PIZZA|1822 W 12600 S|RIVERTON,4/22/2022,1,26.0
3030,LITTLE CAESARS PIZZA|1822 W 12600 S|RIVERTON,3/8/2021,1,17.0
3031,LITTLE CAESARS PIZZA|1822 W 12600 S|RIVERTON,10/30/2019,1,6.0
3032,LITTLE CAESARS PIZZA|1822 W 12600 S|RIVERTON,1/23/2019,1,38.0
3033,LITTLE CAESARS PIZZA|1822 W 12600 S|RIVERTON,5/10/2018,1,37.0
3034,LITTLE CAESARS PIZZA|1822 W 12600 S|RIVERTON,8/29/2017,1,33.0
3035,LITTLE CAESARS PIZZA|2120 S 700 E|SALT LAKE CITY,7/2/2025,1,9.0
3036,LITTLE CAESARS PIZZA|2120 S 700 E|SALT LAKE CITY,5/6/2024,1,18.0
3037,LITTLE CAESARS PIZZA|2120 S 700 E|SALT LAKE CITY,6/14/2023,1,17.0
3038,LITTLE CAESARS PIZZA|2120 S 700 E|SALT LAKE CITY,8/25/2022,1,10.0
3039,LITTLE CAESARS PIZZA|2120 S 700 E|SALT LAKE CITY,4/5/2022,7,12.0
3040,LITTLE CAESARS PIZZA|2120 S 700 E|SALT LAKE CITY,8/24/2021,1,17.0
3041,LITTLE CAESARS PIZZA|2120 S 700 E|SALT LAKE CITY,10/24/2019,1,7.0
3042,LITTLE CAESARS PIZZA|2120 S 700 E|SALT LAKE CITY,11/16/2018,1,10.0
3043,LITTLE CAESARS PIZZA|2120 S 700 E|SALT LAKE CITY,1/18/2018,1,7.0
3044,LITTLE CAESARS PIZZA|2120 S 700 E|SALT LAKE CITY,2/3/2017,1,19.0
3045,LITTLE DOLLIE WAFFLES|12000 BIG COTTONWOOD CANYON RD|COTTONWOOD HEIGHTS,12/9/2025,1,0.0
3046,LITTLE DOLLIE WAFFLES|12000 BIG COTTONWOOD CANYON RD|COTTONWOOD HEIGHTS,7/18/2024,2,0.0
3047,LITTLE DOLLIE WAFFLES|12000 BIG COTTONWOOD CANYON RD|COTTONWOOD HEIGHTS,7/16/2024,1,9.0
3048,LITTLE DOLLIE WAFFLES|12000 BIG COTTONWOOD CANYON RD|COTTONWOOD HEIGHTS,4/1/2023,1,16.0
3049,LITTLE DOLLIE WAFFLES|12000 BIG COTTONWOOD CANYON RD|COTTONWOOD HEIGHTS,1/20/2022,1,2.0
3050,LITTLE DOLLIE WAFFLES|12000 BIG COTTONWOOD CANYON RD|COTTONWOOD HEIGHTS,3/18/2021,1,3.0
3051,LITTLE DOLLIE WAFFLES|12000 BIG COTTONWOOD CANYON RD|COTTONWOOD HEIGHTS,2/6/2020,1,5.0
3052,LOG HAVEN - DOG PATIO|6451 E MILLCREEK CANYON RD|MILLCREEK TS,5/4/2026,1,0.0
3053,LOG HAVEN - DOG PATIO|6451 E MILLCREEK CANYON RD|MILLCREEK TS,4/2/2025,1,0.0
3054,LOG HAVEN - DOG PATIO|6451 E MILLCREEK CANYON RD|MILLCREEK TS,3/29/2024,1,0.0
3055,LOG HAVEN - DOG PATIO|6451 E MILLCREEK CANYON RD|MILLCREEK TS,11/5/2019,1,1.0
3056,LOG HAVEN - DOG PATIO|6451 E MILLCREEK CANYON RD|MILLCREEK TS,7/25/2018,1,0.0
3057,LONCHERITO CATERING #D891ZM|1051 S 300 W|SALT LAKE CITY,7/6/2026,1,0.0
3058,LONCHERITO CATERING #D891ZM|1051 S 300 W|SALT LAKE CITY,7/11/2025,1,8.0
3059,LONCHERITO CATERING #D891ZM|1051 S 300 W|SALT LAKE CITY,10/9/2023,1,6.0
3060,LONCHERITO CATERING #D891ZM|1051 S 300 W|SALT LAKE CITY,4/14/2022,1,0.0
3061,LONCHERITO CATERING #D891ZM|1051 S 300 W|SALT LAKE CITY,4/21/2021,7,9.0
3062,LONCHERITO CATERING #D891ZM|1051 S 300 W|SALT LAKE CITY,1/22/2020,1,0.0
3063,LONCHERITO CATERING #D891ZM|1051 S 300 W|SALT LAKE CITY,4/2/2019,7,0.0
3064,LONCHERITO CATERING #D891ZM|1051 S 300 W|SALT LAKE CITY,8/27/2018,1,0.0
3065,LONCHERITO CATERING #D891ZM|1051 S 300 W|SALT LAKE CITY,4/11/2018,7,0.0
3066,LONCHERITO CATERING #D891ZM|1051 S 300 W|SALT LAKE CITY,4/14/2017,1,2.0
3067,LONGHORN STEAKHOUSE|963 E FORT UNION BLVD|MIDVALE,5/12/2026,1,7.0
3068,LONGHORN STEAKHOUSE|963 E FORT UNION BLVD|MIDVALE,10/22/2025,1,11.0
3069,LONGHORN STEAKHOUSE|963 E FORT UNION BLVD|MIDVALE,5/20/2025,1,66.0
3070,LONGHORN STEAKHOUSE|963 E FORT UNION BLVD|MIDVALE,3/27/2024,2,0.0
3071,LONGHORN STEAKHOUSE|963 E FORT UNION BLVD|MIDVALE,3/25/2024,1,34.0
3072,LONGHORN STEAKHOUSE|963 E FORT UNION BLVD|MIDVALE,11/30/2022,1,8.0
3073,LONGHORN STEAKHOUSE|963 E FORT UNION BLVD|MIDVALE,3/3/2022,1,22.0
3074,LONGHORN STEAKHOUSE|963 E FORT UNION BLVD|MIDVALE,5/11/2021,1,16.0
3075,LONGHORN STEAKHOUSE|963 E FORT UNION BLVD|MIDVALE,1/9/2020,1,30.0
3076,LONGHORN STEAKHOUSE|963 E FORT UNION BLVD|MIDVALE,8/13/2019,1,32.0
3077,LOS TAPATIOS 2|3269 W 5400 S|TAYLORSVILLE,1/14/2025,1,9.0
3078,LOS TAPATIOS 2|3269 W 5400 S|TAYLORSVILLE,3/14/2024,2,0.0
3079,LOS TAPATIOS 2|3269 W 5400 S|TAYLORSVILLE,2/29/2024,1,49.0
3080,LOS TAPATIOS 2|3269 W 5400 S|TAYLORSVILLE,1/25/2023,1,40.0
3081,LOS TAPIA KITCHEN #5BVT2|758 S REDWOOD RD|SALT LAKE CITY,11/17/2025,1,1.0
3082,LOS TAPIA KITCHEN #5BVT2|758 S REDWOOD RD|SALT LAKE CITY,6/8/2024,1,14.0
3083,LOVES TRAVEL STOP|25 N REDWOOD RD|SALT LAKE CITY,3/20/2025,7,1.0
3084,LOVES TRAVEL STOP|25 N REDWOOD RD|SALT LAKE CITY,11/14/2024,1,4.0
3085,LOVES TRAVEL STOP|25 N REDWOOD RD|SALT LAKE CITY,10/3/2023,1,21.0
3086,LOVES TRAVEL STOP|25 N REDWOOD RD|SALT LAKE CITY,9/6/2022,1,8.0
3087,LOVES TRAVEL STOP|25 N REDWOOD RD|SALT LAKE CITY,9/8/2020,1,15.0
3088,LOVES TRAVEL STOP|25 N REDWOOD RD|SALT LAKE CITY,1/11/2019,1,14.0
3089,LOVES TRAVEL STOP|25 N REDWOOD RD|SALT LAKE CITY,1/10/2018,1,10.0
3090,LOVES TRAVEL STOP|25 N REDWOOD RD|SALT LAKE CITY,2/17/2016,1,8.0
3091,LOVES TRAVEL STOP|25 N REDWOOD RD|SALT LAKE CITY,11/21/2014,1,12.0
3092,LOVES TRAVEL STOP|25 N REDWOOD RD|SALT LAKE CITY,12/11/2013,1,10.0
3093,LUCKY|1585 W 3500 S|WEST VALLEY CITY,4/13/2026,1,9.0
3094,LUCKY|1585 W 3500 S|WEST VALLEY CITY,10/21/2025,1,9.0
3095,LUCKY|1585 W 3500 S|WEST VALLEY CITY,1/7/2025,1,10.0
3096,LUCKY|1585 W 3500 S|WEST VALLEY CITY,7/15/2024,1,15.0
3097,LUCKY|1585 W 3500 S|WEST VALLEY CITY,2/13/2024,1,3.0
3098,LUCKY|1585 W 3500 S|WEST VALLEY CITY,8/22/2023,1,4.0
3099,LUCKY|1585 W 3500 S|WEST VALLEY CITY,1/23/2023,1,17.0
3100,LUCKY|1585 W 3500 S|WEST VALLEY CITY,8/25/2022,1,12.0
3101,LUCKY|1585 W 3500 S|WEST VALLEY CITY,4/20/2022,1,16.0
3102,LUCKY|1585 W 3500 S|WEST VALLEY CITY,3/4/2021,1,9.0
3103,LUCKY #3197|6936 S REDWOOD RD|WEST JORDAN,5/13/2026,1,2.0
3104,LUCKY #3197|6936 S REDWOOD RD|WEST JORDAN,8/13/2025,1,2.0
3105,LUCKY #3197|6936 S REDWOOD RD|WEST JORDAN,12/16/2024,1,0.0
3106,LUNAS CATERING|1051 S 300 W|SALT LAKE CITY,5/27/2026,1,3.0
3107,LUNCH PRO @ VALLEY BEHAVIORAL HEALTH|1020 MAIN ST|SALT LAKE CITY,4/16/2026,1,5.0
3108,LUNCH PRO @ VALLEY BEHAVIORAL HEALTH|1020 MAIN ST|SALT LAKE CITY,4/15/2026,7,0.0
3109,LUNCH PRO @ VALLEY BEHAVIORAL HEALTH|1020 MAIN ST|SALT LAKE CITY,8/4/2025,1,9.0
3110,LUNCH PRO @ VALLEY BEHAVIORAL HEALTH|1020 MAIN ST|SALT LAKE CITY,5/9/2024,1,6.0
3111,LUNCH PRO @ VALLEY BEHAVIORAL HEALTH|1020 MAIN ST|SALT LAKE CITY,9/12/2023,1,12.0
3112,LUX EVENTS INC|1578 S 300 W|SALT LAKE CITY,12/15/2025,1,3.0
3113,LUX EVENTS INC|1578 S 300 W|SALT LAKE CITY,1/28/2025,1,30.0
3114,LUX EVENTS INC|1578 S 300 W|SALT LAKE CITY,9/26/2024,1,33.0
3115,LUX EVENTS INC|1578 S 300 W|SALT LAKE CITY,5/9/2024,1,21.0
3116,LUX EVENTS INC|1578 S 300 W|SALT LAKE CITY,11/9/2023,1,56.0
3117,LUX EVENTS INC|1578 S 300 W|SALT LAKE CITY,2/27/2023,1,56.0
3118,LUX EVENTS INC|1578 S 300 W|SALT LAKE CITY,2/7/2022,1,23.0
3119,LUX EVENTS INC|1578 S 300 W|SALT LAKE CITY,5/4/2021,1,38.0
3120,LUX EVENTS INC|1578 S 300 W|SALT LAKE CITY,2/13/2020,1,23.0
3121,LUX EVENTS INC|1578 S 300 W|SALT LAKE CITY,10/8/2019,1,25.0
3122,MACEY MARKET SUGAR HOUSE|1638 S 900 E|SALT LAKE CITY,3/25/2026,1,4.0
3123,MACEY MARKET SUGAR HOUSE|1638 S 900 E|SALT LAKE CITY,3/10/2025,1,7.0
3124,MACEY MARKET SUGAR HOUSE|1638 S 900 E|SALT LAKE CITY,3/1/2024,1,0.0
3125,MACEY MARKET SUGAR HOUSE|1638 S 900 E|SALT LAKE CITY,6/23/2023,1,26.0
3126,MACEY MARKET SUGAR HOUSE|1638 S 900 E|SALT LAKE CITY,10/7/2021,1,11.0
3127,MACEY MARKET SUGAR HOUSE|1638 S 900 E|SALT LAKE CITY,9/21/2020,1,10.0
3128,MACEY MARKET SUGAR HOUSE|1638 S 900 E|SALT LAKE CITY,7/19/2019,1,17.0
3129,MACEY MARKET SUGAR HOUSE|1638 S 900 E|SALT LAKE CITY,10/3/2018,1,14.0
3130,MACEY MARKET SUGAR HOUSE|1638 S 900 E|SALT LAKE CITY,10/26/2017,1,24.0
3131,MACEY MARKET SUGAR HOUSE|1638 S 900 E|SALT LAKE CITY,9/30/2016,1,13.0
3132,MACEYS|2040 S 2300 E|SALT LAKE CITY,4/29/2026,1,9.0
3133,MACEYS|2040 S 2300 E|SALT LAKE CITY,6/13/2025,1,27.0
3134,MACEYS|2040 S 2300 E|SALT LAKE CITY,9/28/2023,1,16.0
3135,MACEYS|2040 S 2300 E|SALT LAKE CITY,6/6/2022,1,11.0
3136,MACEYS|2040 S 2300 E|SALT LAKE CITY,12/13/2021,1,9.0
3137,MACEYS|2040 S 2300 E|SALT LAKE CITY,6/17/2020,1,2.0
3138,MACEYS|2040 S 2300 E|SALT LAKE CITY,9/12/2019,1,5.0
3139,MACEYS|2040 S 2300 E|SALT LAKE CITY,1/2/2019,1,12.0
3140,MACEYS|2040 S 2300 E|SALT LAKE CITY,5/31/2018,1,14.0
3141,MACEYS|2040 S 2300 E|SALT LAKE CITY,11/27/2017,1,27.0
3142,MACEYS|4530 S HIGHLAND DR|MILLCREEK TS,3/2/2026,1,7.0
3143,MACEYS|4530 S HIGHLAND DR|MILLCREEK TS,1/7/2026,1,27.0
3144,MACEYS|4530 S HIGHLAND DR|MILLCREEK TS,7/14/2025,1,17.0
3145,MACEYS|4530 S HIGHLAND DR|MILLCREEK TS,1/31/2025,1,10.0
3146,MACEYS|4530 S HIGHLAND DR|MILLCREEK TS,2/27/2024,1,21.0
3147,MACEYS|4530 S HIGHLAND DR|MILLCREEK TS,8/18/2023,1,16.0
3148,MACEYS|4530 S HIGHLAND DR|MILLCREEK TS,4/18/2022,1,29.0
3149,MACEYS|4530 S HIGHLAND DR|MILLCREEK TS,5/12/2021,1,29.0
3150,MACEYS|4530 S HIGHLAND DR|MILLCREEK TS,7/29/2020,1,11.0
3151,MACEYS|4530 S HIGHLAND DR|MILLCREEK TS,11/19/2019,1,6.0
3152,MACEYS SUPERMARKET DELI|3981 S WASATCH BLVD|MILLCREEK TS,2/17/2026,1,10.0
3153,MACEYS SUPERMARKET DELI|3981 S WASATCH BLVD|MILLCREEK TS,4/25/2025,1,12.0
3154,MACEYS SUPERMARKET DELI|3981 S WASATCH BLVD|MILLCREEK TS,12/19/2024,1,12.0
3155,MACEYS SUPERMARKET DELI|3981 S WASATCH BLVD|MILLCREEK TS,7/11/2024,1,15.0
3156,MACEYS SUPERMARKET DELI|3981 S WASATCH BLVD|MILLCREEK TS,11/7/2023,1,52.0
3157,MACEYS SUPERMARKET DELI|3981 S WASATCH BLVD|MILLCREEK TS,3/30/2023,1,17.0
3158,MACEYS SUPERMARKET DELI|3981 S WASATCH BLVD|MILLCREEK TS,2/1/2022,1,18.0
3159,MACEYS SUPERMARKET DELI|3981 S WASATCH BLVD|MILLCREEK TS,3/25/2021,1,17.0
3160,MACEYS SUPERMARKET DELI|3981 S WASATCH BLVD|MILLCREEK TS,8/3/2020,1,3.0
3161,MACEYS SUPERMARKET DELI|3981 S WASATCH BLVD|MILLCREEK TS,1/8/2020,1,18.0
3162,MAD GREEK EXPRESS|4504 S 900 E|MILLCREEK TS,3/5/2026,1,8.0
3163,MAD GREEK EXPRESS|4504 S 900 E|MILLCREEK TS,9/16/2025,1,11.0
3164,MAD GREEK EXPRESS|4504 S 900 E|MILLCREEK TS,3/3/2025,2,3.0
3165,MAD GREEK EXPRESS|4504 S 900 E|MILLCREEK TS,2/25/2025,1,53.0
3166,MAD GREEK EXPRESS|4504 S 900 E|MILLCREEK TS,8/7/2024,1,55.0
3167,MAD GREEK EXPRESS|4504 S 900 E|MILLCREEK TS,1/8/2024,1,46.0
3168,MAD GREEK EXPRESS|4504 S 900 E|MILLCREEK TS,7/13/2023,1,60.0
3169,MAD GREEK EXPRESS|4504 S 900 E|MILLCREEK TS,5/18/2022,1,27.0
3170,MAD GREEK EXPRESS|4504 S 900 E|MILLCREEK TS,6/30/2021,1,29.0
3171,MAD GREEK EXPRESS|4504 S 900 E|MILLCREEK TS,8/12/2020,1,26.0
3172,MAGNA KENNECOTT SENIOR CENTER|9228 W 2700 S|MAGNA TS,2/27/2026,1,4.0
3173,MAGNA KENNECOTT SENIOR CENTER|9228 W 2700 S|MAGNA TS,1/27/2025,1,12.0
3174,MAGNA KENNECOTT SENIOR CENTER|9228 W 2700 S|MAGNA TS,11/29/2023,1,12.0
3175,MAGNA KENNECOTT SENIOR CENTER|9228 W 2700 S|MAGNA TS,6/15/2022,1,0.0
3176,MAGNA KENNECOTT SENIOR CENTER|9228 W 2700 S|MAGNA TS,5/18/2021,1,0.0
3177,MAGNA KENNECOTT SENIOR CENTER|9228 W 2700 S|MAGNA TS,12/2/2019,1,1.0
3178,MAGNA KENNECOTT SENIOR CENTER|9228 W 2700 S|MAGNA TS,2/13/2019,1,1.0
3179,MAGNA KENNECOTT SENIOR CENTER|9228 W 2700 S|MAGNA TS,8/20/2018,1,8.0
3180,MAGNA KENNECOTT SENIOR CENTER|9228 W 2700 S|MAGNA TS,9/11/2017,1,0.0
3181,MAGNA KENNECOTT SENIOR CENTER|9228 W 2700 S|MAGNA TS,8/19/2016,1,0.0
3182,MAGNA MAIN STREET TACOS #|8815 W MAGNA MAIN ST|MAGNA,11/6/2025,1,3.0
3183,MAGNA MAIN STREET TACOS #|8815 W MAGNA MAIN ST|MAGNA,7/4/2024,1,15.0
3184,MAGNA MAIN STREET TACOS #|8815 W MAGNA MAIN ST|MAGNA,6/5/2024,7,7.0
3185,MAGNOLIA EVENT CENTER|1117 W JORDAN PKWY|SOUTH JORDAN,4/13/2026,1,5.0
3186,MAGNOLIA EVENT CENTER|1117 W JORDAN PKWY|SOUTH JORDAN,3/4/2026,2,0.0
3187,MAIN KITCHEN/DELTA CENTER|301 W SOUTH TEMPLE ST|SALT LAKE CITY,10/28/2025,1,8.0
3188,MAIN KITCHEN/DELTA CENTER|301 W SOUTH TEMPLE ST|SALT LAKE CITY,4/2/2024,1,22.0
3189,MAIN KITCHEN/DELTA CENTER|301 W SOUTH TEMPLE ST|SALT LAKE CITY,11/30/2022,1,24.0
3190,MAIN KITCHEN/DELTA CENTER|301 W SOUTH TEMPLE ST|SALT LAKE CITY,12/20/2021,1,11.0
3191,MAIN KITCHEN/DELTA CENTER|301 W SOUTH TEMPLE ST|SALT LAKE CITY,5/12/2021,1,36.0
3192,MAIN KITCHEN/DELTA CENTER|301 W SOUTH TEMPLE ST|SALT LAKE CITY,12/9/2019,1,11.0
3193,MAIN KITCHEN/DELTA CENTER|301 W SOUTH TEMPLE ST|SALT LAKE CITY,7/12/2019,1,0.0
3194,MAIN KITCHEN/DELTA CENTER|301 W SOUTH TEMPLE ST|SALT LAKE CITY,11/5/2018,1,15.0
3195,MAIN KITCHEN/DELTA CENTER|301 W SOUTH TEMPLE ST|SALT LAKE CITY,11/13/2017,1,28.0
3196,MAMMOTH PRACTICE FACILITY|10450 S STATE ST|SANDY,4/30/2026,1,0.0
3197,MANKA RESTAURANT #3CBFO|3536 S STATE ST|SOUTH SALT LAKE,7/2/2026,1,3.0
3198,MANKA RESTAURANT #3CBFO|3536 S STATE ST|SOUTH SALT LAKE,5/27/2025,1,14.0
3199,MANKA RESTAURANT #3CBFO|3536 S STATE ST|SOUTH SALT LAKE,8/9/2024,1,10.0
3200,MANNYS NEIGHBORHOOD BAR|1704 S MAIN ST|SALT LAKE CITY,6/2/2025,1,3.0
3201,MANNYS NEIGHBORHOOD BAR|1704 S MAIN ST|SALT LAKE CITY,4/15/2024,1,36.0
3202,MANNYS NEIGHBORHOOD BAR|1704 S MAIN ST|SALT LAKE CITY,2/6/2023,1,11.0
3203,MANNYS NEIGHBORHOOD BAR|1704 S MAIN ST|SALT LAKE CITY,4/29/2022,2,0.0
3204,MANOLIS|402 E 900 S|SALT LAKE CITY,6/10/2026,1,11.0
3205,MANOLIS|402 E 900 S|SALT LAKE CITY,2/27/2025,1,32.0
3206,MANOLIS|402 E 900 S|SALT LAKE CITY,6/4/2024,1,52.0
3207,MANOLIS|402 E 900 S|SALT LAKE CITY,6/20/2023,1,16.0
3208,MANOLIS|402 E 900 S|SALT LAKE CITY,4/14/2022,1,11.0
3209,MANOLIS|402 E 900 S|SALT LAKE CITY,8/31/2021,1,12.0
3210,MANOLIS|402 E 900 S|SALT LAKE CITY,12/4/2019,1,7.0
3211,MANOLIS|402 E 900 S|SALT LAKE CITY,10/31/2018,1,3.0
3212,MANOLIS|402 E 900 S|SALT LAKE CITY,12/1/2017,1,21.0
3213,MANOLIS|402 E 900 S|SALT LAKE CITY,4/25/2017,1,16.0
3214,MARCATO KITCHEN|545 W 700 S|SALT LAKE CITY,3/27/2026,1,10.0
3215,MARCATO KITCHEN|545 W 700 S|SALT LAKE CITY,10/14/2025,1,22.0
3216,MARCOS PIZZA|6910 S REDWOOD RD|WEST JORDAN,7/6/2026,1,4.0
3217,MARCOS PIZZA|6910 S REDWOOD RD|WEST JORDAN,3/4/2025,1,16.0
3218,MARCOS PIZZA|6910 S REDWOOD RD|WEST JORDAN,2/28/2024,1,29.0
3219,MARCOS PIZZA|6910 S REDWOOD RD|WEST JORDAN,1/5/2023,1,20.0
3220,MARCOS PIZZA|6910 S REDWOOD RD|WEST JORDAN,6/18/2021,1,15.0
3221,MARCOS PIZZA|6910 S REDWOOD RD|WEST JORDAN,2/6/2020,1,21.0
3222,MARCOS PIZZA|6910 S REDWOOD RD|WEST JORDAN,6/27/2019,7,3.0
3223,MARCOS PIZZA|6910 S REDWOOD RD|WEST JORDAN,2/12/2019,1,15.0
3224,MARCOS PIZZA|6910 S REDWOOD RD|WEST JORDAN,1/23/2018,1,16.0
3225,MARCOS PIZZA|6910 S REDWOOD RD|WEST JORDAN,1/31/2017,1,16.0
3226,MARCOS PIZZA|2778 S 5600 W|WEST VALLEY CITY,6/23/2025,1,5.0
3227,MARCOS PIZZA|2778 S 5600 W|WEST VALLEY CITY,3/27/2024,1,14.0
3228,MARCOS PIZZA|2778 S 5600 W|WEST VALLEY CITY,4/13/2023,7,3.0
3229,MARCOS PIZZA|2778 S 5600 W|WEST VALLEY CITY,9/23/2022,1,17.0
3230,MARCOS PIZZA|2778 S 5600 W|WEST VALLEY CITY,10/7/2021,1,20.0
3231,MARCOS PIZZA|2778 S 5600 W|WEST VALLEY CITY,2/19/2020,1,1.0
3232,MARIOTT LIBRARY STARBUCKS|255 S 1500 E|SALT LAKE CITY,2/24/2026,1,3.0
3233,MARK MILLER TOYOTA|730 S WESTTEMPLE ST|SALT LAKE CITY,3/3/2025,1,5.0
3234,MARK MILLER TOYOTA|730 S WESTTEMPLE ST|SALT LAKE CITY,8/28/2023,1,0.0
3235,MARK MILLER TOYOTA|730 S WESTTEMPLE ST|SALT LAKE CITY,10/15/2021,1,7.0
3236,MARK MILLER TOYOTA|730 S WESTTEMPLE ST|SALT LAKE CITY,1/28/2020,1,0.0
3237,MARK MILLER TOYOTA|730 S WESTTEMPLE ST|SALT LAKE CITY,11/15/2018,1,1.0
3238,MARK MILLER TOYOTA|730 S WESTTEMPLE ST|SALT LAKE CITY,11/1/2017,1,2.0
3239,MARK MILLER TOYOTA|730 S WESTTEMPLE ST|SALT LAKE CITY,11/21/2016,1,6.0
3240,MARK MILLER TOYOTA|730 S WESTTEMPLE ST|SALT LAKE CITY,3/16/2015,1,16.0
3241,MARK MILLER TOYOTA|730 S WESTTEMPLE ST|SALT LAKE CITY,1/28/2014,1,14.0
3242,MARK MILLER TOYOTA|730 S WESTTEMPLE ST|SALT LAKE CITY,5/29/2012,1,5.0
3243,MARKET CATERING|1578 S 300 W|SALT LAKE CITY,12/15/2025,1,3.0
3244,MARKET CATERING|1578 S 300 W|SALT LAKE CITY,4/21/2025,1,19.0
3245,MATTEO RISTORANTE ITALIANO|77 W 200 S|SALT LAKE CITY,7/21/2025,1,11.0
3246,MAVERIK 5384|13639 S 200 W|DRAPER,5/14/2026,1,2.0
3247,MAVERIK 5384|13639 S 200 W|DRAPER,3/7/2025,1,2.0
3248,MAVERIK 5384|13639 S 200 W|DRAPER,8/16/2024,1,9.0
3249,MAVERIK 5384|13639 S 200 W|DRAPER,2/16/2024,1,10.0
3250,MAVERIK 5385|9780 S REDWOOD RD|SOUTH JORDAN,1/28/2026,1,3.0
3251,MAVERIK 5385|9780 S REDWOOD RD|SOUTH JORDAN,6/11/2025,1,7.0
3252,MAVERIK 5385|9780 S REDWOOD RD|SOUTH JORDAN,11/6/2024,1,8.0
3253,MAVERIK 5385|9780 S REDWOOD RD|SOUTH JORDAN,11/2/2023,1,1.0
3254,MCDONALDS|7024 S HIGHLAND DR|COTTONWOOD HEIGHTS,7/1/2026,1,7.0
3255,MCDONALDS|7024 S HIGHLAND DR|COTTONWOOD HEIGHTS,11/12/2025,1,4.0
3256,MCDONALDS|7024 S HIGHLAND DR|COTTONWOOD HEIGHTS,4/3/2025,1,11.0
3257,MCDONALDS|7024 S HIGHLAND DR|COTTONWOOD HEIGHTS,5/13/2024,1,4.0
3258,MCDONALDS|7024 S HIGHLAND DR|COTTONWOOD HEIGHTS,9/18/2023,1,12.0
3259,MCDONALDS|7024 S HIGHLAND DR|COTTONWOOD HEIGHTS,8/15/2022,1,9.0
3260,MCDONALDS|7024 S HIGHLAND DR|COTTONWOOD HEIGHTS,7/15/2022,2,0.0
3261,MCDONALDS|7024 S HIGHLAND DR|COTTONWOOD HEIGHTS,5/17/2022,2,0.0
3262,MCDONALDS|28 S STATE ST|SALT LAKE CITY,5/6/2026,1,6.0
3263,MCDONALDS|28 S STATE ST|SALT LAKE CITY,10/9/2025,1,14.0
3264,MCDONALDS|28 S STATE ST|SALT LAKE CITY,3/6/2025,1,6.0
3265,MCDONALDS|28 S STATE ST|SALT LAKE CITY,9/24/2024,1,11.0
3266,MCDONALDS|28 S STATE ST|SALT LAKE CITY,3/25/2024,1,3.0
3267,MCDONALDS|28 S STATE ST|SALT LAKE CITY,9/13/2023,1,3.0
3268,MCDONALDS|28 S STATE ST|SALT LAKE CITY,3/7/2023,1,10.0
3269,MCDONALDS|28 S STATE ST|SALT LAKE CITY,8/11/2022,1,3.0
3270,MCDONALDS|28 S STATE ST|SALT LAKE CITY,2/3/2022,1,14.0
3271,MCDONALDS|28 S STATE ST|SALT LAKE CITY,8/10/2021,1,19.0
3272,MCDONALDS|425 W 7200 S|MIDVALE,4/14/2026,1,7.0
3273,MCDONALDS|425 W 7200 S|MIDVALE,11/12/2025,1,14.0
3274,MCDONALDS|425 W 7200 S|MIDVALE,12/13/2024,7,7.0
3275,MCDONALDS|425 W 7200 S|MIDVALE,8/27/2024,1,12.0
3276,MCDONALDS|425 W 7200 S|MIDVALE,11/27/2023,7,15.0
3277,MCDONALDS|425 W 7200 S|MIDVALE,10/26/2023,1,23.0
3278,MCDONALDS|425 W 7200 S|MIDVALE,8/25/2022,1,19.0
3279,MCDONALDS|425 W 7200 S|MIDVALE,10/28/2021,1,16.0
3280,MCDONALDS|425 W 7200 S|MIDVALE,7/20/2020,1,6.0
3281,MCDONALDS|425 W 7200 S|MIDVALE,2/11/2020,1,15.0
3282,MCDONALDS|1879 E 4800 S|HOLLADAY,1/12/2026,1,5.0
3283,MCDONALDS|1879 E 4800 S|HOLLADAY,7/14/2025,1,2.0
3284,MCDONALDS|1879 E 4800 S|HOLLADAY,1/24/2025,1,7.0
3285,MCDONALDS|1879 E 4800 S|HOLLADAY,2/22/2024,1,1.0
3286,MCDONALDS|1879 E 4800 S|HOLLADAY,8/18/2023,1,4.0
3287,MCDONALDS|1879 E 4800 S|HOLLADAY,2/15/2022,1,14.0
3288,MCDONALDS|1879 E 4800 S|HOLLADAY,8/12/2021,1,8.0
3289,MCDONALDS|1879 E 4800 S|HOLLADAY,8/11/2020,1,8.0
3290,MCDONALDS|1879 E 4800 S|HOLLADAY,2/19/2020,1,11.0
3291,MCDONALDS|1879 E 4800 S|HOLLADAY,8/30/2019,1,16.0
3292,MCDONALDS|3890 S 1100 E|MILLCREEK TS,5/11/2026,1,9.0
3293,MCDONALDS|3890 S 1100 E|MILLCREEK TS,1/5/2026,1,2.0
3294,MCDONALDS|3890 S 1100 E|MILLCREEK TS,9/30/2025,1,9.0
3295,MCDONALDS|3890 S 1100 E|MILLCREEK TS,6/4/2025,1,8.0
3296,MCDONALDS|3890 S 1100 E|MILLCREEK TS,2/3/2025,1,6.0
3297,MCDONALDS|3890 S 1100 E|MILLCREEK TS,5/28/2024,1,15.0
3298,MCDONALDS|3890 S 1100 E|MILLCREEK TS,11/22/2023,1,7.0
3299,MCDONALDS|3890 S 1100 E|MILLCREEK TS,8/26/2022,3,0.0
3300,MCDONALDS|3890 S 1100 E|MILLCREEK TS,7/8/2022,1,11.0
3301,MCDONALDS|3890 S 1100 E|MILLCREEK TS,1/13/2022,1,10.0
3302,MCDONALDS|1533 S STATE ST|SALT LAKE CITY,1/23/2026,1,8.0
3303,MCDONALDS|1533 S STATE ST|SALT LAKE CITY,4/24/2025,1,6.0
3304,MCDONALDS|1533 S STATE ST|SALT LAKE CITY,10/9/2024,1,12.0
3305,MCDONALDS|1533 S STATE ST|SALT LAKE CITY,4/4/2024,1,17.0
3306,MCDONALDS|1533 S STATE ST|SALT LAKE CITY,9/28/2023,1,8.0
3307,MCDONALDS|1533 S STATE ST|SALT LAKE CITY,3/13/2023,1,8.0
3308,MCDONALDS|1533 S STATE ST|SALT LAKE CITY,8/24/2022,1,15.0
3309,MCDONALDS|1533 S STATE ST|SALT LAKE CITY,3/8/2022,1,16.0
3310,MCDONALDS|1533 S STATE ST|SALT LAKE CITY,10/26/2020,1,8.0
3311,MCDONALDS|1533 S STATE ST|SALT LAKE CITY,1/13/2020,7,27.0
3312,MCDONALDS|1896 E 9400 S|SANDY,4/10/2026,1,9.0
3313,MCDONALDS|1896 E 9400 S|SANDY,9/26/2025,1,12.0
3314,MCDONALDS|1896 E 9400 S|SANDY,3/24/2025,1,17.0
3315,MCDONALDS|1896 E 9400 S|SANDY,5/28/2024,1,6.0
3316,MCDONALDS|1896 E 9400 S|SANDY,10/17/2023,1,2.0
3317,MCDONALDS|1896 E 9400 S|SANDY,10/28/2022,1,12.0
3318,MCDONALDS|1896 E 9400 S|SANDY,4/20/2022,1,22.0
3319,MCDONALDS|895 E FORT UNION BLVD|MIDVALE,2/19/2026,7,0.0
3320,MCDONALDS|895 E FORT UNION BLVD|MIDVALE,1/2/2026,1,10.0
3321,MCDONALDS|895 E FORT UNION BLVD|MIDVALE,5/6/2025,1,22.0
3322,MCDONALDS|895 E FORT UNION BLVD|MIDVALE,4/11/2024,1,9.0
3323,MCDONALDS|895 E FORT UNION BLVD|MIDVALE,7/17/2023,1,19.0
3324,MCDONALDS|895 E FORT UNION BLVD|MIDVALE,6/9/2023,2,1.0
3325,MCDONALDS|895 E FORT UNION BLVD|MIDVALE,3/16/2023,2,15.0
3326,MCDONALDS|9376 S 700 E|SANDY,2/24/2026,1,2.0
3327,MCDONALDS|9376 S 700 E|SANDY,7/22/2025,1,3.0
3328,MCDONALDS|9376 S 700 E|SANDY,1/23/2025,1,1.0
3329,MCDONALDS|9376 S 700 E|SANDY,7/15/2024,1,8.0
3330,MCDONALDS|9376 S 700 E|SANDY,7/6/2023,1,2.0
3331,MCDONALDS|11229 S AUTOMALL DR|SANDY,4/6/2026,1,12.0
3332,MCDONALDS|11229 S AUTOMALL DR|SANDY,10/28/2025,1,25.0
3333,MCDONALDS|11229 S AUTOMALL DR|SANDY,12/13/2024,1,6.0
3334,MCDONALDS|11229 S AUTOMALL DR|SANDY,5/24/2024,1,9.0
3335,MCDONALDS|11229 S AUTOMALL DR|SANDY,8/31/2022,1,11.0
3336,MCDONALDS #11456|3497 S 5600 W|WEST VALLEY CITY,1/16/2026,1,0.0
3337,MCDONALDS #11456|3497 S 5600 W|WEST VALLEY CITY,5/6/2025,1,3.0
3338,MCDONALDS #11456|3497 S 5600 W|WEST VALLEY CITY,5/28/2024,1,7.0
3339,MCDONALDS #11456|3497 S 5600 W|WEST VALLEY CITY,12/8/2022,1,6.0
3340,MCDONALDS #11456|3497 S 5600 W|WEST VALLEY CITY,1/28/2022,1,7.0
3341,MCDONALDS #11456|3497 S 5600 W|WEST VALLEY CITY,3/16/2021,1,3.0
3342,MCDONALDS #11456|3497 S 5600 W|WEST VALLEY CITY,12/11/2019,1,19.0
3343,MCDONALDS #11456|3497 S 5600 W|WEST VALLEY CITY,5/21/2019,1,7.0
3344,MCDONALDS #11456|3497 S 5600 W|WEST VALLEY CITY,10/22/2018,1,13.0
3345,MCDONALDS #11456|3497 S 5600 W|WEST VALLEY CITY,5/1/2018,1,10.0
3346,MCDONALDS #11855|5571 S REDWOOD RD|TAYLORSVILLE,5/12/2026,1,6.0
3347,MCDONALDS #11855|5571 S REDWOOD RD|TAYLORSVILLE,8/22/2025,1,0.0
3348,MCDONALDS #11855|5571 S REDWOOD RD|TAYLORSVILLE,12/9/2024,1,2.0
3349,MCDONALDS #11855|5571 S REDWOOD RD|TAYLORSVILLE,5/22/2024,1,15.0
3350,MCDONALDS #11855|5571 S REDWOOD RD|TAYLORSVILLE,11/3/2023,1,20.0
3351,MCDONALDS #11855|5571 S REDWOOD RD|TAYLORSVILLE,3/28/2023,1,20.0
3352,MCDONALDS #11855|5571 S REDWOOD RD|TAYLORSVILLE,9/15/2022,1,7.0
3353,MCDONALDS #11855|5571 S REDWOOD RD|TAYLORSVILLE,2/17/2022,1,21.0
3354,MCDONALDS #11855|5571 S REDWOOD RD|TAYLORSVILLE,3/1/2021,1,2.0
3355,MCDONALDS #11855|5571 S REDWOOD RD|TAYLORSVILLE,1/30/2020,1,9.0
3356,MCDONALDS #14285|10381 S REDWOOD RD|SOUTH JORDAN,2/20/2026,1,3.0
3357,MCDONALDS #14285|10381 S REDWOOD RD|SOUTH JORDAN,6/23/2025,1,3.0
3358,MCDONALDS #14285|10381 S REDWOOD RD|SOUTH JORDAN,11/7/2024,1,2.0
3359,MCDONALDS #14285|10381 S REDWOOD RD|SOUTH JORDAN,4/29/2024,1,19.0
3360,MCDONALDS #14285|10381 S REDWOOD RD|SOUTH JORDAN,10/20/2023,1,22.0
3361,MCDONALDS #14285|10381 S REDWOOD RD|SOUTH JORDAN,3/28/2023,1,8.0
3362,MCDONALDS #14285|10381 S REDWOOD RD|SOUTH JORDAN,8/5/2022,1,7.0
3363,MCDONALDS #14285|10381 S REDWOOD RD|SOUTH JORDAN,1/28/2022,1,16.0
3364,MCDONALDS #14285|10381 S REDWOOD RD|SOUTH JORDAN,5/10/2021,1,12.0
3365,MCDONALDS #14285|10381 S REDWOOD RD|SOUTH JORDAN,8/25/2020,1,7.0
3366,MCDONALDS #18187|1265 W 9000 S|WEST JORDAN,6/8/2026,1,4.0
3367,MCDONALDS #18187|1265 W 9000 S|WEST JORDAN,11/6/2025,1,11.0
3368,MCDONALDS #18187|1265 W 9000 S|WEST JORDAN,3/5/2025,1,7.0
3369,MCDONALDS #18187|1265 W 9000 S|WEST JORDAN,8/29/2024,1,29.0
3370,MCDONALDS #18187|1265 W 9000 S|WEST JORDAN,2/28/2024,1,8.0
3371,MCDONALDS #18187|1265 W 9000 S|WEST JORDAN,7/21/2023,1,10.0
3372,MCDONALDS #18187|1265 W 9000 S|WEST JORDAN,6/13/2022,1,14.0
3373,MCDONALDS #18187|1265 W 9000 S|WEST JORDAN,11/19/2021,1,11.0
3374,MCDONALDS #18187|1265 W 9000 S|WEST JORDAN,5/13/2021,1,20.0
3375,MCDONALDS #18187|1265 W 9000 S|WEST JORDAN,8/26/2020,1,8.0
3376,MCDONALDS #20553|4601 W 6200 S|WEST JORDAN,7/17/2026,1,6.0
3377,MCDONALDS #20553|4601 W 6200 S|WEST JORDAN,12/29/2025,1,2.0
3378,MCDONALDS #20553|4601 W 6200 S|WEST JORDAN,5/22/2025,1,2.0
3379,MCDONALDS #20553|4601 W 6200 S|WEST JORDAN,5/22/2024,1,1.0
3380,MCDONALDS #20553|4601 W 6200 S|WEST JORDAN,7/18/2023,1,18.0
3381,MCDONALDS #20553|4601 W 6200 S|WEST JORDAN,6/13/2022,1,8.0
3382,MCDONALDS #20553|4601 W 6200 S|WEST JORDAN,3/29/2021,1,1.0
3383,MCDONALDS #20553|4601 W 6200 S|WEST JORDAN,1/30/2020,1,4.0
3384,MCDONALDS #20553|4601 W 6200 S|WEST JORDAN,7/15/2019,1,15.0
3385,MCDONALDS #20553|4601 W 6200 S|WEST JORDAN,12/6/2018,1,6.0
3386,MCDONALDS #2108|242 S 700 E|SALT LAKE CITY,11/19/2025,1,0.0
3387,MCDONALDS #2108|242 S 700 E|SALT LAKE CITY,1/29/2025,1,2.0
3388,MCDONALDS #2108|242 S 700 E|SALT LAKE CITY,6/10/2024,1,8.0
3389,MCDONALDS #2108|242 S 700 E|SALT LAKE CITY,8/7/2023,1,6.0
3390,MCDONALDS #2108|242 S 700 E|SALT LAKE CITY,6/28/2023,7,0.0
3391,MCDONALDS #2108|242 S 700 E|SALT LAKE CITY,1/30/2023,1,1.0
3392,MCDONALDS #2108|242 S 700 E|SALT LAKE CITY,8/24/2021,1,8.0
3393,MCDONALDS #2108|242 S 700 E|SALT LAKE CITY,7/21/2020,1,9.0
3394,MCDONALDS #2108|242 S 700 E|SALT LAKE CITY,8/15/2019,1,4.0
3395,MCDONALDS #2108|242 S 700 E|SALT LAKE CITY,2/12/2019,1,3.0
3396,MCDONALDS #22758|3963 W 9000 S|WEST JORDAN,6/16/2026,1,2.0
3397,MCDONALDS #22758|3963 W 9000 S|WEST JORDAN,11/21/2025,1,1.0
3398,MCDONALDS #22758|3963 W 9000 S|WEST JORDAN,3/19/2025,1,2.0
3399,MCDONALDS #22758|3963 W 9000 S|WEST JORDAN,9/17/2024,1,13.0
3400,MCDONALDS #22758|3963 W 9000 S|WEST JORDAN,2/21/2024,1,4.0
3401,MCDONALDS #22758|3963 W 9000 S|WEST JORDAN,8/16/2023,1,4.0
3402,MCDONALDS #22758|3963 W 9000 S|WEST JORDAN,7/26/2022,7,7.0
3403,MCDONALDS #22758|3963 W 9000 S|WEST JORDAN,11/19/2021,1,12.0
3404,MCDONALDS #22758|3963 W 9000 S|WEST JORDAN,5/18/2021,1,2.0
3405,MCDONALDS #22758|3963 W 9000 S|WEST JORDAN,8/26/2020,1,16.0
3406,MCDONALDS #23894|2002 W 12600 S|RIVERTON,4/6/2026,1,10.0
3407,MCDONALDS #23894|2002 W 12600 S|RIVERTON,10/6/2025,1,8.0
3408,MCDONALDS #23894|2002 W 12600 S|RIVERTON,2/25/2025,1,10.0
3409,MCDONALDS #23894|2002 W 12600 S|RIVERTON,8/8/2024,1,8.0
3410,MCDONALDS #23894|2002 W 12600 S|RIVERTON,2/6/2024,1,3.0
3411,MCDONALDS #23894|2002 W 12600 S|RIVERTON,8/10/2023,1,1.0
3412,MCDONALDS #23894|2002 W 12600 S|RIVERTON,12/1/2022,1,17.0
3413,MCDONALDS #23894|2002 W 12600 S|RIVERTON,4/26/2022,1,10.0
3414,MCDONALDS #23894|2002 W 12600 S|RIVERTON,5/17/2021,1,14.0
3415,MCDONALDS #23894|2002 W 12600 S|RIVERTON,6/22/2020,1,15.0
3416,MCDONALDS #24042|3540 S 8400 W|MAGNA TS,3/24/2026,1,8.0
3417,MCDONALDS #24042|3540 S 8400 W|MAGNA TS,8/12/2025,1,1.0
3418,MCDONALDS #24042|3540 S 8400 W|MAGNA TS,11/1/2024,1,3.0
3419,MCDONALDS #24042|3540 S 8400 W|MAGNA TS,5/21/2024,1,8.0
3420,MCDONALDS #24042|3540 S 8400 W|MAGNA TS,1/10/2023,1,8.0
3421,MCDONALDS #24042|3540 S 8400 W|MAGNA TS,7/7/2022,1,5.0
3422,MCDONALDS #24042|3540 S 8400 W|MAGNA TS,11/23/2021,2,0.0
3423,MCDONALDS #24042|3540 S 8400 W|MAGNA TS,11/16/2021,1,6.0
3424,MCDONALDS #24042|3540 S 8400 W|MAGNA TS,5/19/2021,1,8.0
3425,MCDONALDS #24042|3540 S 8400 W|MAGNA TS,8/26/2020,1,9.0
3426,MCDONALDS #31437|11374 S RIVER HEIGHTS|SOUTH JORDAN,2/6/2026,1,1.0
3427,MCDONALDS #31437|11374 S RIVER HEIGHTS|SOUTH JORDAN,7/23/2025,1,2.0
3428,MCDONALDS #31437|11374 S RIVER HEIGHTS|SOUTH JORDAN,12/10/2024,1,2.0
3429,MCDONALDS #31437|11374 S RIVER HEIGHTS|SOUTH JORDAN,5/17/2024,1,12.0
3430,MCDONALDS #31437|11374 S RIVER HEIGHTS|SOUTH JORDAN,11/16/2023,1,8.0
3431,MCDONALDS #31437|11374 S RIVER HEIGHTS|SOUTH JORDAN,5/23/2023,1,2.0
3432,MCDONALDS #31437|11374 S RIVER HEIGHTS|SOUTH JORDAN,8/22/2022,1,16.0
3433,MCDONALDS #31437|11374 S RIVER HEIGHTS|SOUTH JORDAN,2/17/2022,1,9.0
3434,MCDONALDS #31437|11374 S RIVER HEIGHTS|SOUTH JORDAN,5/25/2021,1,7.0
3435,MCDONALDS #31437|11374 S RIVER HEIGHTS|SOUTH JORDAN,10/19/2020,1,6.0
3436,MCDONALDS #32093|13628 S 200 W|DRAPER,5/14/2026,1,1.0
3437,MCDONALDS #32093|13628 S 200 W|DRAPER,1/2/2025,1,10.0
3438,MCDONALDS #32093|13628 S 200 W|DRAPER,6/12/2024,1,27.0
3439,MCDONALDS #32093|13628 S 200 W|DRAPER,9/1/2023,1,8.0
3440,MCDONALDS #32093|13628 S 200 W|DRAPER,8/18/2022,1,19.0
3441,MCDONALDS #32093|13628 S 200 W|DRAPER,2/1/2022,1,9.0
3442,MCDONALDS #32093|13628 S 200 W|DRAPER,4/16/2021,1,20.0
3443,MCDONALDS #32093|13628 S 200 W|DRAPER,2/14/2020,1,19.0
3444,MCDONALDS #32093|13628 S 200 W|DRAPER,9/9/2019,1,16.0
3445,MCDONALDS #32093|13628 S 200 W|DRAPER,2/27/2019,1,12.0
3446,MCDONALDS #3320|3464 W 3500 S|WEST VALLEY CITY,3/26/2026,1,1.0
3447,MCDONALDS #3320|3464 W 3500 S|WEST VALLEY CITY,9/24/2025,1,9.0
3448,MCDONALDS #3320|3464 W 3500 S|WEST VALLEY CITY,11/12/2024,1,6.0
3449,MCDONALDS #3320|3464 W 3500 S|WEST VALLEY CITY,11/20/2023,1,7.0
3450,MCDONALDS #3320|3464 W 3500 S|WEST VALLEY CITY,6/21/2022,1,1.0
3451,MCDONALDS #3320|3464 W 3500 S|WEST VALLEY CITY,3/4/2021,1,6.0
3452,MCDONALDS #3320|3464 W 3500 S|WEST VALLEY CITY,11/21/2019,1,18.0
3453,MCDONALDS #3320|3464 W 3500 S|WEST VALLEY CITY,2/1/2019,1,3.0
3454,MCDONALDS #3320|3464 W 3500 S|WEST VALLEY CITY,7/5/2018,1,4.0
3455,MCDONALDS #3320|3464 W 3500 S|WEST VALLEY CITY,1/26/2018,1,4.0
3456,MCDONALDS #33425|5018 W 13400 S|HERRIMAN,2/17/2026,1,11.0
3457,MCDONALDS #33425|5018 W 13400 S|HERRIMAN,8/15/2025,1,19.0
3458,MCDONALDS #33425|5018 W 13400 S|HERRIMAN,11/20/2024,1,4.0
3459,MCDONALDS #33425|5018 W 13400 S|HERRIMAN,5/8/2024,1,4.0
3460,MCDONALDS #33425|5018 W 13400 S|HERRIMAN,11/20/2023,1,6.0
3461,MCDONALDS #33425|5018 W 13400 S|HERRIMAN,6/22/2023,1,21.0
3462,MCDONALDS #33425|5018 W 13400 S|HERRIMAN,4/25/2022,1,11.0
3463,MCDONALDS #33425|5018 W 13400 S|HERRIMAN,7/19/2021,1,8.0
3464,MCDONALDS #33425|5018 W 13400 S|HERRIMAN,9/10/2020,1,9.0
3465,MCDONALDS #33425|5018 W 13400 S|HERRIMAN,12/2/2019,1,2.0
3466,MCDONALDS #37150|5338 S 5600 W|WEST VALLEY CITY,3/9/2026,1,8.0
3467,MCDONALDS #37150|5338 S 5600 W|WEST VALLEY CITY,8/29/2025,1,5.0
3468,MCDONALDS #37150|5338 S 5600 W|WEST VALLEY CITY,12/17/2024,1,2.0
3469,MCDONALDS #37150|5338 S 5600 W|WEST VALLEY CITY,4/22/2024,1,8.0
3470,MCDONALDS #37150|5338 S 5600 W|WEST VALLEY CITY,10/26/2023,1,0.0
3471,MCDONALDS #37150|5338 S 5600 W|WEST VALLEY CITY,3/27/2023,1,8.0
3472,MCDONALDS #37150|5338 S 5600 W|WEST VALLEY CITY,6/1/2022,1,13.0
3473,MCDONALDS #37150|5338 S 5600 W|WEST VALLEY CITY,2/11/2021,1,6.0
3474,MCDONALDS #37150|5338 S 5600 W|WEST VALLEY CITY,12/5/2019,1,31.0
3475,MCDONALDS #37150|5338 S 5600 W|WEST VALLEY CITY,3/25/2019,1,11.0
3476,MCDONALDS #37265|5706 W 7800 S|WEST JORDAN,4/10/2026,1,3.0
3477,MCDONALDS #37265|5706 W 7800 S|WEST JORDAN,9/16/2025,1,3.0
3478,MCDONALDS #37265|5706 W 7800 S|WEST JORDAN,11/26/2024,1,14.0
3479,MCDONALDS #37265|5706 W 7800 S|WEST JORDAN,5/16/2024,1,2.0
3480,MCDONALDS #37265|5706 W 7800 S|WEST JORDAN,11/22/2023,7,7.0
3481,MCDONALDS #37265|5706 W 7800 S|WEST JORDAN,9/18/2023,1,4.0
3482,MCDONALDS #37265|5706 W 7800 S|WEST JORDAN,8/10/2022,1,8.0
3483,MCDONALDS #37265|5706 W 7800 S|WEST JORDAN,7/15/2021,1,13.0
3484,MCDONALDS #37265|5706 W 7800 S|WEST JORDAN,8/5/2020,1,3.0
3485,MCDONALDS #37265|5706 W 7800 S|WEST JORDAN,5/4/2020,7,6.0
3486,MCDONALDS #4010|3289 E VALLEY ST|MILLCREEK TS,2/11/2026,1,2.0
3487,MCDONALDS #4010|3289 E VALLEY ST|MILLCREEK TS,1/28/2025,1,8.0
3488,MCDONALDS #4010|3289 E VALLEY ST|MILLCREEK TS,8/25/2023,1,27.0
3489,MCDONALDS #4010|3289 E VALLEY ST|MILLCREEK TS,10/18/2022,1,6.0
3490,MCDONALDS #4010|3289 E VALLEY ST|MILLCREEK TS,7/5/2022,7,0.0
3491,MCDONALDS #4010|3289 E VALLEY ST|MILLCREEK TS,4/15/2022,1,6.0
3492,MCDONALDS #4010|3289 E VALLEY ST|MILLCREEK TS,10/20/2020,1,9.0
3493,MCDONALDS #4010|3289 E VALLEY ST|MILLCREEK TS,9/19/2019,1,3.0
3494,MCDONALDS #4010|3289 E VALLEY ST|MILLCREEK TS,12/18/2018,1,11.0
3495,MCDONALDS #4010|3289 E VALLEY ST|MILLCREEK TS,5/23/2018,1,7.0
3496,MCDONALDS #5688|3900 W 5400 S|TAYLORSVILLE,4/15/2026,1,1.0
3497,MCDONALDS #5688|3900 W 5400 S|TAYLORSVILLE,10/8/2025,1,8.0
3498,MCDONALDS #5688|3900 W 5400 S|TAYLORSVILLE,2/27/2025,1,1.0
3499,MCDONALDS #5688|3900 W 5400 S|TAYLORSVILLE,7/31/2024,1,2.0
3500,MCDONALDS #5688|3900 W 5400 S|TAYLORSVILLE,1/2/2024,1,9.0
3501,MCDONALDS #5688|3900 W 5400 S|TAYLORSVILLE,6/13/2023,1,7.0
3502,MCDONALDS #5688|3900 W 5400 S|TAYLORSVILLE,12/8/2022,1,6.0
3503,MCDONALDS #5688|3900 W 5400 S|TAYLORSVILLE,7/21/2022,7,13.0
3504,MCDONALDS #5688|3900 W 5400 S|TAYLORSVILLE,2/7/2022,1,49.0
3505,MCDONALDS #5688|3900 W 5400 S|TAYLORSVILLE,9/9/2020,1,18.0
3506,MCDONALDS #6396|916 W NORTH TEMPLE ST|SALT LAKE CITY,12/19/2024,1,3.0
3507,MCDONALDS #6396|916 W NORTH TEMPLE ST|SALT LAKE CITY,4/24/2024,1,1.0
3508,MCDONALDS #6396|916 W NORTH TEMPLE ST|SALT LAKE CITY,11/8/2023,1,3.0
3509,MCDONALDS #6396|916 W NORTH TEMPLE ST|SALT LAKE CITY,12/8/2022,1,6.0
3510,MCDONALDS #6396|916 W NORTH TEMPLE ST|SALT LAKE CITY,7/28/2021,1,1.0
3511,MCDONALDS #6396|916 W NORTH TEMPLE ST|SALT LAKE CITY,3/15/2021,1,9.0
3512,MCDONALDS #6396|916 W NORTH TEMPLE ST|SALT LAKE CITY,11/8/2019,1,9.0
3513,MCDONALDS #6396|916 W NORTH TEMPLE ST|SALT LAKE CITY,1/14/2019,1,8.0
3514,MCDONALDS #6396|916 W NORTH TEMPLE ST|SALT LAKE CITY,7/9/2018,1,18.0
3515,MCDONALDS #6396|916 W NORTH TEMPLE ST|SALT LAKE CITY,5/22/2018,7,0.0
3516,MCDONALDS #6408|935 E 2100 S|SALT LAKE CITY,4/29/2026,1,3.0
3517,MCDONALDS #6408|935 E 2100 S|SALT LAKE CITY,7/21/2025,1,2.0
3518,MCDONALDS #6408|935 E 2100 S|SALT LAKE CITY,7/29/2024,1,1.0
3519,MCDONALDS #6408|935 E 2100 S|SALT LAKE CITY,11/16/2023,1,3.0
3520,MCDONALDS #6408|935 E 2100 S|SALT LAKE CITY,1/27/2023,1,20.0
3521,MCDONALDS #6408|935 E 2100 S|SALT LAKE CITY,5/5/2022,1,6.0
3522,MCDONALDS #6408|935 E 2100 S|SALT LAKE CITY,2/2/2021,1,13.0
3523,MCDONALDS #6408|935 E 2100 S|SALT LAKE CITY,1/13/2020,1,8.0
3524,MCDONALDS #6408|935 E 2100 S|SALT LAKE CITY,7/30/2019,1,7.0
3525,MCDONALDS #6408|935 E 2100 S|SALT LAKE CITY,2/28/2019,1,18.0
3526,MCDONALDS #6805|1655 S REDWOOD RD|SALT LAKE CITY,4/28/2026,7,1.0
3527,MCDONALDS #6805|1655 S REDWOOD RD|SALT LAKE CITY,12/30/2025,1,2.0
3528,MCDONALDS #6805|1655 S REDWOOD RD|SALT LAKE CITY,1/15/2025,1,2.0
3529,MCDONALDS #6805|1655 S REDWOOD RD|SALT LAKE CITY,7/8/2024,1,8.0
3530,MCDONALDS #6805|1655 S REDWOOD RD|SALT LAKE CITY,1/18/2024,1,7.0
3531,MCDONALDS #6805|1655 S REDWOOD RD|SALT LAKE CITY,8/2/2023,1,2.0
3532,MCDONALDS #6805|1655 S REDWOOD RD|SALT LAKE CITY,10/21/2022,1,1.0
3533,MCDONALDS #6805|1655 S REDWOOD RD|SALT LAKE CITY,1/18/2022,1,2.0
3534,MCDONALDS #6805|1655 S REDWOOD RD|SALT LAKE CITY,5/27/2021,1,8.0
3535,MCDONALDS #6805|1655 S REDWOOD RD|SALT LAKE CITY,2/13/2020,1,1.0
3536,MCDONALDS #8209|303 E 12300 S|DRAPER,2/26/2026,1,1.0
3537,MCDONALDS #8209|303 E 12300 S|DRAPER,9/3/2025,1,41.0
3538,MCDONALDS #8209|303 E 12300 S|DRAPER,3/19/2025,1,4.0
3539,MCDONALDS #8209|303 E 12300 S|DRAPER,7/19/2024,1,16.0
3540,MCDONALDS #8209|303 E 12300 S|DRAPER,11/2/2023,1,18.0
3541,MCDONALDS #8209|303 E 12300 S|DRAPER,2/15/2023,1,29.0
3542,MCDONALDS #8209|303 E 12300 S|DRAPER,7/8/2022,1,16.0
3543,MCDONALDS #8209|303 E 12300 S|DRAPER,12/16/2021,1,20.0
3544,MCDONALDS #8209|303 E 12300 S|DRAPER,5/7/2021,1,36.0
3545,MCDONALDS #8209|303 E 12300 S|DRAPER,1/31/2020,1,14.0
3546,MEGAPLEX 17 - SNAPPY/MAYAN/OBRIENS|9351 S STATE ST|SANDY,6/29/2026,1,6.0
3547,MEGAPLEX 17 - SNAPPY/MAYAN/OBRIENS|9351 S STATE ST|SANDY,9/9/2025,1,8.0
3548,MEGAPLEX 17 - SNAPPY/MAYAN/OBRIENS|9351 S STATE ST|SANDY,9/12/2024,1,3.0
3549,MEGAPLEX 17 - SNAPPY/MAYAN/OBRIENS|9351 S STATE ST|SANDY,10/5/2022,1,11.0
3550,MEGAPLEX 17 - SNAPPY/MAYAN/OBRIENS|9351 S STATE ST|SANDY,1/13/2022,1,4.0
3551,MEGAPLEX 17 - SNAPPY/MAYAN/OBRIENS|9351 S STATE ST|SANDY,7/9/2019,1,17.0
3552,MEGAPLEX 17 - SNAPPY/MAYAN/OBRIENS|9351 S STATE ST|SANDY,9/18/2018,1,4.0
3553,MEGAPLEX 17 - SNAPPY/MAYAN/OBRIENS|9351 S STATE ST|SANDY,12/19/2017,1,19.0
3554,MEGAPLEX 17 - SNAPPY/MAYAN/OBRIENS|9351 S STATE ST|SANDY,10/21/2016,1,17.0
3555,MEGAPLEX 17 - SNAPPY/MAYAN/OBRIENS|9351 S STATE ST|SANDY,8/25/2015,1,6.0
3556,MEGAPLEX 20 - WEST CONCESSIONS|3761 W PARKWAY PLAZA DR|SOUTH JORDAN,1/28/2026,1,7.0
3557,MEGAPLEX 20 - WEST CONCESSIONS|3761 W PARKWAY PLAZA DR|SOUTH JORDAN,5/6/2025,1,22.0
3558,MEGAPLEX 20 - WEST CONCESSIONS|3761 W PARKWAY PLAZA DR|SOUTH JORDAN,8/1/2024,1,5.0
3559,MEGAPLEX 20 - WEST CONCESSIONS|3761 W PARKWAY PLAZA DR|SOUTH JORDAN,10/25/2023,1,5.0
3560,MEGAPLEX 20 - WEST CONCESSIONS|3761 W PARKWAY PLAZA DR|SOUTH JORDAN,1/5/2023,1,5.0
3561,MEGAPLEX 20 - WEST CONCESSIONS|3761 W PARKWAY PLAZA DR|SOUTH JORDAN,3/30/2022,1,26.0
3562,MEGAPLEX 20 - WEST CONCESSIONS|3761 W PARKWAY PLAZA DR|SOUTH JORDAN,4/15/2021,1,8.0
3563,MEGAPLEX 20 - WEST CONCESSIONS|3761 W PARKWAY PLAZA DR|SOUTH JORDAN,2/6/2020,1,9.0
3564,MEGAPLEX 20 - WEST CONCESSIONS|3761 W PARKWAY PLAZA DR|SOUTH JORDAN,6/3/2019,1,8.0
3565,MEGAPLEX 20 - WEST CONCESSIONS|3761 W PARKWAY PLAZA DR|SOUTH JORDAN,9/7/2018,1,11.0
3566,MEMOS FRUITS #098468A|1039 S REDWOOD RD|SALT LAKE CITY,6/20/2025,1,0.0
3567,MEMOS FRUITS #098468A|1039 S REDWOOD RD|SALT LAKE CITY,5/29/2024,1,0.0
3568,MEMOS FRUITS #098468A|1039 S REDWOOD RD|SALT LAKE CITY,8/30/2023,1,3.0
3569,MEMOS FRUITS #098468A|1039 S REDWOOD RD|SALT LAKE CITY,5/27/2021,7,0.0
3570,MEMOS FRUITS #098468A|1039 S REDWOOD RD|SALT LAKE CITY,5/27/2021,1,2.0
3571,MEMOS FRUITS #098468A|1039 S REDWOOD RD|SALT LAKE CITY,5/2/2019,7,6.0
3572,MEMOS FRUITS #098468A|1039 S REDWOOD RD|SALT LAKE CITY,8/28/2018,1,0.0
3573,MEMOS FRUITS #098468A|1039 S REDWOOD RD|SALT LAKE CITY,5/31/2018,7,0.0
3574,MEMOS FRUITS #098468A|1039 S REDWOOD RD|SALT LAKE CITY,9/28/2017,1,3.0
3575,MEMOS FRUITS #098468A|1039 S REDWOOD RD|SALT LAKE CITY,5/19/2017,7,0.0
3576,MEMOS FRUITS #2 #E543FD|1039 S REDWOOD RD|SALT LAKE CITY,6/20/2025,1,0.0
3577,MEMOS FRUITS #2 #E543FD|1039 S REDWOOD RD|SALT LAKE CITY,5/23/2024,1,6.0
3578,MEMOS FRUITS #2 #E543FD|1039 S REDWOOD RD|SALT LAKE CITY,6/8/2023,1,4.0
3579,MEMOS FRUITS #2 #E543FD|1039 S REDWOOD RD|SALT LAKE CITY,5/26/2021,1,8.0
3580,MEMOS FRUITS #2 #E543FD|1039 S REDWOOD RD|SALT LAKE CITY,2/6/2020,7,0.0
3581,MEMOS FRUITS #2 #E543FD|1039 S REDWOOD RD|SALT LAKE CITY,2/4/2019,1,0.0
3582,MEMOS FRUITS #2 #E543FD|1039 S REDWOOD RD|SALT LAKE CITY,5/21/2018,1,17.0
3583,MEMOS FRUITS #2 #E543FD|1039 S REDWOOD RD|SALT LAKE CITY,1/29/2018,7,1.0
3584,MEMOS FRUITS #2 #E543FD|1039 S REDWOOD RD|SALT LAKE CITY,5/5/2017,1,8.0
3585,MEMOS FRUITS #2 #E543FD|1039 S REDWOOD RD|SALT LAKE CITY,1/18/2017,7,0.0
3586,MEMOS FRUITS COMMISSARY|1899 S REDWOOD RD|SALT LAKE CITY,6/20/2025,1,4.0
3587,MEMOS FRUITS COMMISSARY|1899 S REDWOOD RD|SALT LAKE CITY,8/30/2023,1,13.0
3588,MEMOS FRUITS COMMISSARY|1899 S REDWOOD RD|SALT LAKE CITY,5/27/2021,1,12.0
3589,MEMOS FRUITS COMMISSARY|1899 S REDWOOD RD|SALT LAKE CITY,7/9/2019,1,24.0
3590,MEMOS FRUITS COMMISSARY|1899 S REDWOOD RD|SALT LAKE CITY,5/21/2018,1,23.0
3591,MEMOS FRUITS COMMISSARY|1899 S REDWOOD RD|SALT LAKE CITY,1/18/2017,1,6.0
3592,MENCHIES|3165 E 3300 S|MILLCREEK TS,7/13/2026,1,4.0
3593,MENCHIES|3165 E 3300 S|MILLCREEK TS,4/11/2025,2,0.0
3594,MENCHIES|3165 E 3300 S|MILLCREEK TS,4/4/2025,1,44.0
3595,MENCHIES|3165 E 3300 S|MILLCREEK TS,3/28/2024,1,16.0
3596,MENCHIES|3165 E 3300 S|MILLCREEK TS,11/29/2021,1,6.0
3597,MENCHIES|3165 E 3300 S|MILLCREEK TS,7/16/2019,1,4.0
3598,MENCHIES|3165 E 3300 S|MILLCREEK TS,5/22/2018,1,7.0
3599,MENCHIES|3165 E 3300 S|MILLCREEK TS,5/2/2017,1,15.0
3600,MENCHIES|3165 E 3300 S|MILLCREEK TS,3/4/2016,1,7.0
3601,MENCHIES|3165 E 3300 S|MILLCREEK TS,12/1/2014,1,5.0
3602,MENCHIES|541 E 12300 S|DRAPER,5/13/2026,1,5.0
3603,MENCHIES|541 E 12300 S|DRAPER,9/26/2024,1,9.0
3604,MENCHIES|541 E 12300 S|DRAPER,9/25/2023,1,13.0
3605,MENCHIES|541 E 12300 S|DRAPER,10/12/2022,1,9.0
3606,MENCHIES|541 E 12300 S|DRAPER,9/23/2021,1,24.0
3607,MENCHIES|541 E 12300 S|DRAPER,1/13/2020,1,21.0
3608,MENCHIES FROZEN YOGURT|2682 S HIGH COMMONS WY|WEST VALLEY CITY,11/18/2025,1,1.0
3609,MENCHIES FROZEN YOGURT|2682 S HIGH COMMONS WY|WEST VALLEY CITY,8/6/2024,1,3.0
3610,MENCHIES FROZEN YOGURT|2682 S HIGH COMMONS WY|WEST VALLEY CITY,4/13/2023,1,3.0
3611,MENCHIES FROZEN YOGURT|2682 S HIGH COMMONS WY|WEST VALLEY CITY,1/28/2022,1,6.0
3612,METRO CAFE|9750 S 300 W|SANDY,7/1/2026,1,6.0
3613,METRO CAFE|9750 S 300 W|SANDY,6/29/2026,2,2.0
3614,METRO MUSIC HALL|615 W 100 S|SALT LAKE CITY,4/22/2025,1,2.0
3615,METRO MUSIC HALL|615 W 100 S|SALT LAKE CITY,1/23/2024,1,2.0
3616,METRO MUSIC HALL|615 W 100 S|SALT LAKE CITY,11/4/2022,1,15.0
3617,METRO MUSIC HALL|615 W 100 S|SALT LAKE CITY,6/11/2021,1,34.0
3618,METRO MUSIC HALL|615 W 100 S|SALT LAKE CITY,9/14/2017,1,18.0
3619,MEXICAN PURE FLAVOR #019309Z|728 S REDWOOD RD|SALT LAKE CITY,11/17/2025,1,0.0
3620,MILK|49 E 900 S|SALT LAKE CITY,4/29/2026,1,9.0
3621,MILK|49 E 900 S|SALT LAKE CITY,9/26/2025,1,14.0
3622,MILK|49 E 900 S|SALT LAKE CITY,8/8/2024,1,42.0
3623,MILK|49 E 900 S|SALT LAKE CITY,11/3/2023,1,38.0
3624,MILK|49 E 900 S|SALT LAKE CITY,8/25/2022,1,9.0
3625,MILLCREEK CITY 1ST FLOOR PREP/6TH FLR CATERING|1330 E CHAMBERS AVE|MILLCREEK,6/25/2026,1,3.0
3626,MILLCREEK CITY 1ST FLOOR PREP/6TH FLR CATERING|1330 E CHAMBERS AVE|MILLCREEK,9/25/2025,1,2.0
3627,MILLCREEK CITY 1ST FLOOR PREP/6TH FLR CATERING|1330 E CHAMBERS AVE|MILLCREEK,6/27/2024,1,14.0
3628,MILLCREEK COFFEE ROASTERS - COMMISSARY|651 S MAIN ST|SALT LAKE CITY,6/17/2025,1,0.0
3629,MILLCREEK COFFEE ROASTERS - COMMISSARY|651 S MAIN ST|SALT LAKE CITY,6/20/2024,1,21.0
3630,MILLCREEK COFFEE ROASTERS - COMMISSARY|651 S MAIN ST|SALT LAKE CITY,6/6/2022,1,0.0
3631,MILLCREEK COFFEE ROASTERS - COMMISSARY|651 S MAIN ST|SALT LAKE CITY,2/21/2020,1,0.0
3632,MILLCREEK PIZZA HOUSE|1357 E 3300 S|MILLCREEK,9/16/2025,1,3.0
3633,MILLCREEK PIZZA HOUSE|1357 E 3300 S|MILLCREEK,6/27/2024,1,7.0
3634,MILLIES BURGER|2092 S 1000 E|SALT LAKE CITY,8/19/2025,1,8.0
3635,MILLIES BURGER|2092 S 1000 E|SALT LAKE CITY,8/7/2024,1,20.0
3636,MILLIES BURGER|2092 S 1000 E|SALT LAKE CITY,11/14/2023,1,13.0
3637,MILLIES BURGER|2092 S 1000 E|SALT LAKE CITY,4/21/2022,1,9.0
3638,MILLIES BURGER|2092 S 1000 E|SALT LAKE CITY,6/18/2020,1,6.0
3639,MILLIES BURGER|2092 S 1000 E|SALT LAKE CITY,10/9/2019,1,4.0
3640,MILLIES BURGER|2092 S 1000 E|SALT LAKE CITY,1/4/2019,1,11.0
3641,MILLIES BURGER|2092 S 1000 E|SALT LAKE CITY,5/7/2018,1,13.0
3642,MILLIES BURGER|2092 S 1000 E|SALT LAKE CITY,10/18/2017,1,35.0
3643,MILLIES BURGER|2092 S 1000 E|SALT LAKE CITY,11/4/2015,1,31.0
3644,MO BETTAHS|5430 S 900 E|MURRAY,1/6/2026,1,8.0
3645,MO BETTAHS|5430 S 900 E|MURRAY,4/23/2025,1,27.0
3646,MO BETTAHS|11052 S STATE ST|SANDY,2/17/2026,1,7.0
3647,MO BETTAHS|11052 S STATE ST|SANDY,8/28/2025,1,25.0
3648,MO BETTAHS|11052 S STATE ST|SANDY,10/17/2024,1,8.0
3649,MO BETTAHS|11052 S STATE ST|SANDY,12/14/2023,1,14.0
3650,MO BETTAHS|11052 S STATE ST|SANDY,6/28/2023,1,17.0
3651,MO BETTAHS|11052 S STATE ST|SANDY,8/24/2022,1,13.0
3652,MO BETTAHS|11052 S STATE ST|SANDY,1/13/2022,1,7.0
3653,MO BETTAHS|11052 S STATE ST|SANDY,2/19/2020,1,9.0
3654,MO BETTAHS|1646 W 14000 S|BLUFFDALE,6/8/2026,1,11.0
3655,MO BETTAHS|1400 S FOOTHILL DR|SALT LAKE CITY,5/13/2026,1,3.0
3656,MOAB BREWERY|3920 W TERMINAL DR|SALT LAKE CITY,12/12/2025,1,10.0
3657,MOD PIZZA|1148 E FORT UNION BLVD|MIDVALE,1/21/2026,1,8.0
3658,MOD PIZZA|1148 E FORT UNION BLVD|MIDVALE,11/26/2025,2,0.0
3659,MOD PIZZA|1598 W SOUTH JORDAN PKWY|SOUTH JORDAN,2/23/2026,1,9.0
3660,MOD PIZZA|1010 E 2100 S|SALT LAKE CITY,2/17/2026,1,11.0
3661,MOMOMARU HANDROLL|636 S 200 W|SALT LAKE CITY,5/29/2026,7,1.0
3662,MOMOMARU HANDROLL|636 S 200 W|SALT LAKE CITY,2/19/2026,1,8.0
3663,MONKEY WRENCH|1845 S 700 E|SALT LAKE CITY,9/2/2025,1,4.0
3664,MONUMENT HEALTHCARE MILLCREEK|1201 E 4500 S|MILLCREEK,6/8/2026,1,9.0
3665,MONUMENT HEALTHCARE MILLCREEK|1201 E 4500 S|MILLCREEK,9/16/2025,1,14.0
3666,MONUMENT HEALTHCARE MILLCREEK|1201 E 4500 S|MILLCREEK,12/3/2024,1,1.0
3667,MONUMENT HEALTHCARE MILLCREEK|1201 E 4500 S|MILLCREEK,9/5/2024,2,0.0
3668,MONUMENT HEALTHCARE MILLCREEK|1201 E 4500 S|MILLCREEK,8/1/2024,2,7.0
3669,MOONBEAM RESTAURANT AN ARGENTA PUB|1200 BIG COTTONWOOD CANYON RD|COTTONWOOD HEIGHTS,4/13/2026,1,8.0
3670,MOONBEAM RESTAURANT AN ARGENTA PUB|1200 BIG COTTONWOOD CANYON RD|COTTONWOOD HEIGHTS,1/16/2025,1,22.0
3671,MOONBEAM RESTAURANT AN ARGENTA PUB|1200 BIG COTTONWOOD CANYON RD|COTTONWOOD HEIGHTS,4/24/2024,1,44.0
3672,MOONBEAM RESTAURANT AN ARGENTA PUB|1200 BIG COTTONWOOD CANYON RD|COTTONWOOD HEIGHTS,10/16/2023,1,4.0
3673,MOONBEAM RESTAURANT AN ARGENTA PUB|1200 BIG COTTONWOOD CANYON RD|COTTONWOOD HEIGHTS,3/22/2023,1,18.0
3674,MOONBEAM RESTAURANT AN ARGENTA PUB|1200 BIG COTTONWOOD CANYON RD|COTTONWOOD HEIGHTS,1/20/2022,1,21.0
3675,MOONBEAM RESTAURANT AN ARGENTA PUB|1200 BIG COTTONWOOD CANYON RD|COTTONWOOD HEIGHTS,3/18/2021,1,15.0
3676,MOONBEAM RESTAURANT AN ARGENTA PUB|1200 BIG COTTONWOOD CANYON RD|COTTONWOOD HEIGHTS,2/6/2020,1,20.0
3677,MOONBEAM RESTAURANT AN ARGENTA PUB|1200 BIG COTTONWOOD CANYON RD|COTTONWOOD HEIGHTS,12/18/2018,1,27.0
3678,MOONBEAM RESTAURANT AN ARGENTA PUB|1200 BIG COTTONWOOD CANYON RD|COTTONWOOD HEIGHTS,10/12/2018,2,0.0
3679,MOONCHEESE BURGERS #1MOON|3232 S 400 E|SOUTH SALT LAKE,6/4/2026,1,5.0
3680,MOONCHEESE BURGERS #1MOON|3232 S 400 E|SOUTH SALT LAKE,8/14/2025,1,5.0
3681,MOUNTAIN AMERICA CREDIT UNION CAIRNS CAFE|9800 S MONROE ST|SANDY,6/29/2026,1,6.0
3682,MOUNTAIN AMERICA CREDIT UNION CAIRNS CAFE|9800 S MONROE ST|SANDY,1/20/2026,1,30.0
3683,MOUNTAIN AMERICA CREDIT UNION CAIRNS CAFE|9800 S MONROE ST|SANDY,9/24/2025,1,13.0
3684,MOUNTAIN AMERICA CREDIT UNION CAIRNS CAFE|9800 S MONROE ST|SANDY,1/3/2025,1,5.0
3685,MOUNTAIN AMERICA CREDIT UNION CAIRNS CAFE|9800 S MONROE ST|SANDY,8/22/2024,1,13.0
3686,MOUNTAIN AMERICA CREDIT UNION CAIRNS CAFE|9800 S MONROE ST|SANDY,2/6/2024,1,14.0
3687,MOUNTAIN AMERICA CREDIT UNION CAIRNS CAFE|9800 S MONROE ST|SANDY,8/5/2022,1,17.0
3688,MOUNTAIN AMERICA CREDIT UNION CAIRNS CAFE|9800 S MONROE ST|SANDY,1/11/2022,1,5.0
3689,MOUNTAIN WEST HARD CIDER CO DOG PATIO|425 N 400 W|SALT LAKE CITY,2/4/2025,1,0.0
3690,MOUNTAIN WEST HARD CIDER CO DOG PATIO|425 N 400 W|SALT LAKE CITY,5/3/2022,1,0.0
3691,MOZZ ARTISAN PIZZA|545 W 700 S|SALT LAKE CITY,6/16/2026,1,8.0
3692,MOZZ ARTISAN PIZZA|545 W 700 S|SALT LAKE CITY,10/14/2025,1,6.0
3693,MOZZ ARTISAN PIZZA|545 W 700 S|SALT LAKE CITY,8/14/2024,1,16.0
3694,MOZZ ARTISAN PIZZA|545 W 700 S|SALT LAKE CITY,9/11/2023,1,13.0
3695,MOZZ ARTISAN PIZZA|545 W 700 S|SALT LAKE CITY,12/14/2022,1,14.0
3696,MOZZ ARTISAN PIZZA|10420 S RUBICON RD|SOUTH JORDAN,7/1/2026,1,8.0
3697,MOZZ ARTISAN PIZZA|10420 S RUBICON RD|SOUTH JORDAN,10/29/2025,1,4.0
3698,MOZZ ARTISAN PIZZA|10420 S RUBICON RD|SOUTH JORDAN,1/29/2025,1,4.0
3699,MOZZ ARTISAN PIZZA|10420 S RUBICON RD|SOUTH JORDAN,7/18/2024,1,7.0
3700,MOZZ ARTISAN PIZZA|10420 S RUBICON RD|SOUTH JORDAN,1/8/2024,1,10.0
3701,MT OLYMPUS SENIOR CENTER|1635 E MURRAY HOLLADAY|MILLCREEK TS,1/20/2026,1,5.0
3702,MT OLYMPUS SENIOR CENTER|1635 E MURRAY HOLLADAY|MILLCREEK TS,12/19/2024,1,7.0
3703,MT OLYMPUS SENIOR CENTER|1635 E MURRAY HOLLADAY|MILLCREEK TS,9/11/2023,1,4.0
3704,MT OLYMPUS SENIOR CENTER|1635 E MURRAY HOLLADAY|MILLCREEK TS,7/27/2021,1,2.0
3705,MT OLYMPUS SENIOR CENTER|1635 E MURRAY HOLLADAY|MILLCREEK TS,12/26/2019,1,0.0
3706,MT OLYMPUS SENIOR CENTER|1635 E MURRAY HOLLADAY|MILLCREEK TS,12/26/2018,1,1.0
3707,MT OLYMPUS SENIOR CENTER|1635 E MURRAY HOLLADAY|MILLCREEK TS,1/4/2018,1,3.0
3708,MT OLYMPUS SENIOR CENTER|1635 E MURRAY HOLLADAY|MILLCREEK TS,12/23/2016,1,13.0
3709,MT OLYMPUS SENIOR CENTER|1635 E MURRAY HOLLADAY|MILLCREEK TS,10/23/2015,1,9.0
3710,MURPHY EXPRESS|3853 W CAMPUS VIEW DR|WEST JORDAN,3/6/2026,1,5.0
3711,MURPHY EXPRESS|3853 W CAMPUS VIEW DR|WEST JORDAN,2/25/2025,1,10.0
3712,MURPHY EXPRESS|3853 W CAMPUS VIEW DR|WEST JORDAN,1/4/2024,1,0.0
3713,MURPHY EXPRESS|3853 W CAMPUS VIEW DR|WEST JORDAN,1/3/2023,1,0.0
3714,MURPHY EXPRESS|3853 W CAMPUS VIEW DR|WEST JORDAN,6/30/2021,1,8.0
3715,MURPHY EXPRESS|3853 W CAMPUS VIEW DR|WEST JORDAN,10/1/2019,1,4.0
3716,MURPHY EXPRESS|3853 W CAMPUS VIEW DR|WEST JORDAN,10/25/2018,1,9.0
3717,MURPHY EXPRESS|3853 W CAMPUS VIEW DR|WEST JORDAN,6/21/2017,1,13.0
3718,MURPHY EXPRESS|6135 S 5600 W|KEARNS TS,2/3/2026,1,4.0
3719,MURPHY EXPRESS|6135 S 5600 W|KEARNS TS,1/28/2025,1,7.0
3720,MURPHY EXPRESS|6135 S 5600 W|KEARNS TS,10/26/2023,1,4.0
3721,MURPHY EXPRESS|6135 S 5600 W|KEARNS TS,6/17/2022,1,4.0
3722,MURPHY EXPRESS|6135 S 5600 W|KEARNS TS,6/11/2021,2,3.0
3723,MURPHY EXPRESS|6135 S 5600 W|KEARNS TS,5/28/2021,1,4.0
3724,MURPHY EXPRESS|6135 S 5600 W|KEARNS TS,12/13/2019,1,13.0
3725,MURPHY EXPRESS|6135 S 5600 W|KEARNS TS,11/21/2018,1,5.0
3726,MURPHY EXPRESS|6135 S 5600 W|KEARNS TS,1/11/2018,1,4.0
3727,MURPHY EXPRESS|6135 S 5600 W|KEARNS TS,3/1/2017,1,6.0
3728,MURPHYS CAFE 126|12575 S RHETSKI LN|RIVERTON,11/19/2025,1,12.0
3729,MURPHYS CAFE 126|12575 S RHETSKI LN|RIVERTON,4/1/2025,1,10.0
3730,MURPHYS CAFE 126|12575 S RHETSKI LN|RIVERTON,8/8/2024,1,14.0
3731,MURPHYS CAFE 126|12575 S RHETSKI LN|RIVERTON,2/28/2024,1,10.0
3732,MURPHYS CAFE 126|12575 S RHETSKI LN|RIVERTON,9/5/2023,1,13.0
3733,MURPHYS CAFE 126|12575 S RHETSKI LN|RIVERTON,5/24/2022,1,33.0
3734,MURRAY THEATER|4961 S STATE ST|MURRAY,3/6/2026,1,2.0
3735,MURRAY WINGERS DOG PATIO|4790 S STATE ST|MURRAY,1/8/2026,1,0.0
3736,MURRAY WINGERS DOG PATIO|4790 S STATE ST|MURRAY,8/9/2024,1,0.0
3737,MY ARTS PLACE|8987 W MAGNA MAIN ST|MAGNA,1/15/2026,1,4.0
3738,MY ARTS PLACE|8987 W MAGNA MAIN ST|MAGNA,5/28/2024,2,0.0
3739,MY PIE PIZZA|4655 S 2300 E|HOLLADAY,2/19/2026,1,9.0
3740,MY PIE PIZZA|4655 S 2300 E|HOLLADAY,5/21/2025,1,9.0
3741,MY PIE PIZZA|4655 S 2300 E|HOLLADAY,6/13/2024,1,21.0
3742,MY PIE PIZZA|4655 S 2300 E|HOLLADAY,9/11/2023,2,1.0
3743,NANOS BAGELS @ MADDERTAZ|668 E UNION SQUARE|SANDY,5/29/2026,7,6.0
3744,NANOS BAGELS @ MADDERTAZ|668 E UNION SQUARE|SANDY,2/20/2026,1,5.0
3745,NAVAJO HOGAN|447 E 3300 S|SOUTH SALT LAKE,11/19/2025,1,4.0
3746,NAVAJO HOGAN|447 E 3300 S|SOUTH SALT LAKE,11/19/2024,1,8.0
3747,NAVAJO HOGAN|447 E 3300 S|SOUTH SALT LAKE,1/23/2024,2,0.0
3748,NAVAJO HOGAN|447 E 3300 S|SOUTH SALT LAKE,1/16/2024,1,137.0
3749,NAVAJO HOGAN|447 E 3300 S|SOUTH SALT LAKE,8/4/2023,2,0.0
3750,NAVAJO HOGAN|447 E 3300 S|SOUTH SALT LAKE,8/2/2023,7,186.0
3751,NAVAJO HOGAN|447 E 3300 S|SOUTH SALT LAKE,1/17/2023,1,33.0
3752,NAVAJO HOGAN|447 E 3300 S|SOUTH SALT LAKE,2/3/2022,3,6.0
3753,NAVAJO HOGAN|447 E 3300 S|SOUTH SALT LAKE,4/29/2021,1,32.0
3754,NAVAJO HOGAN|447 E 3300 S|SOUTH SALT LAKE,8/28/2019,1,32.0
3755,NEIGHBORHOOD HIVE|2065 E 2100 S|SALT LAKE CITY,6/3/2025,1,1.0
3756,NEIGHBORHOOD HOUSE UTAH|1050 W 500 S|SALT LAKE CITY,7/7/2026,1,12.0
3757,NEIGHBORHOOD HOUSE UTAH|1050 W 500 S|SALT LAKE CITY,3/5/2026,1,7.0
3758,NEIGHBORHOOD HOUSE UTAH|1050 W 500 S|SALT LAKE CITY,3/31/2025,1,3.0
3759,NEIGHBORHOOD HOUSE UTAH|1050 W 500 S|SALT LAKE CITY,9/5/2024,1,1.0
3760,NEIGHBORHOOD HOUSE UTAH|1050 W 500 S|SALT LAKE CITY,5/3/2024,1,1.0
3761,NEIGHBORHOOD HOUSE UTAH|1050 W 500 S|SALT LAKE CITY,1/8/2024,1,4.0
3762,NEIGHBORHOOD HOUSE UTAH|1050 W 500 S|SALT LAKE CITY,6/22/2023,1,0.0
3763,NEIGHBORHOOD HOUSE UTAH|1050 W 500 S|SALT LAKE CITY,12/14/2022,1,1.0
3764,NEIGHBORHOOD HOUSE UTAH|1050 W 500 S|SALT LAKE CITY,10/27/2021,1,6.0
3765,NEIGHBORHOOD HOUSE UTAH|1050 W 500 S|SALT LAKE CITY,10/20/2021,1,0.0
3766,NEWYORKS|56 E 3335 S|SOUTH SALT LAKE,8/11/2025,1,0.0
3767,NICOS RESTAURANT|1458 W NORTH TEMPLE ST|SALT LAKE CITY,2/6/2025,1,6.0
3768,NICOS RESTAURANT|1458 W NORTH TEMPLE ST|SALT LAKE CITY,2/1/2024,1,2.0
3769,NICOS RESTAURANT|1458 W NORTH TEMPLE ST|SALT LAKE CITY,3/27/2023,1,4.0
3770,NICOS RESTAURANT|1458 W NORTH TEMPLE ST|SALT LAKE CITY,9/9/2021,1,9.0
3771,NICOS RESTAURANT|1458 W NORTH TEMPLE ST|SALT LAKE CITY,1/15/2020,1,15.0
3772,NICOS RESTAURANT|1458 W NORTH TEMPLE ST|SALT LAKE CITY,10/16/2018,1,19.0
3773,NICOS RESTAURANT|1458 W NORTH TEMPLE ST|SALT LAKE CITY,1/9/2018,1,24.0
3774,NICOS RESTAURANT|1458 W NORTH TEMPLE ST|SALT LAKE CITY,5/12/2016,1,16.0
3775,NICOS RESTAURANT|1458 W NORTH TEMPLE ST|SALT LAKE CITY,4/16/2015,1,42.0
3776,NICOS RESTAURANT|1458 W NORTH TEMPLE ST|SALT LAKE CITY,7/2/2014,1,35.0
3777,NOMAD EATERY|1722 S FREMONT DR|SALT LAKE CITY,2/9/2026,1,5.0
3778,NOMAD EATERY|1722 S FREMONT DR|SALT LAKE CITY,1/9/2025,1,22.0
3779,NOMAD EATERY|1722 S FREMONT DR|SALT LAKE CITY,4/24/2024,1,1.0
3780,NOMAD EATERY|1722 S FREMONT DR|SALT LAKE CITY,10/25/2023,1,10.0
3781,NOMAD EATERY|1722 S FREMONT DR|SALT LAKE CITY,12/15/2022,1,8.0
3782,NOMAD EATERY|1722 S FREMONT DR|SALT LAKE CITY,8/10/2021,1,17.0
3783,NOODLES & COMPANY|11429 S DISTRICT MAIN DR|SOUTH JORDAN,1/6/2026,1,5.0
3784,NOODLES & COMPANY|11429 S DISTRICT MAIN DR|SOUTH JORDAN,4/15/2025,1,21.0
3785,NOODLES & COMPANY|11429 S DISTRICT MAIN DR|SOUTH JORDAN,10/15/2024,1,13.0
3786,NOODLES & COMPANY|11429 S DISTRICT MAIN DR|SOUTH JORDAN,4/4/2024,1,14.0
3787,NOODLES & COMPANY|11429 S DISTRICT MAIN DR|SOUTH JORDAN,10/17/2023,1,25.0
3788,NOODLES & COMPANY|11429 S DISTRICT MAIN DR|SOUTH JORDAN,1/9/2023,1,13.0
3789,NOODLES & COMPANY|11429 S DISTRICT MAIN DR|SOUTH JORDAN,5/24/2022,1,5.0
3790,NOODLES & COMPANY|11429 S DISTRICT MAIN DR|SOUTH JORDAN,11/2/2021,1,7.0
3791,NOODLES & COMPANY|11429 S DISTRICT MAIN DR|SOUTH JORDAN,3/11/2021,1,7.0
3792,NOODLES & COMPANY|11429 S DISTRICT MAIN DR|SOUTH JORDAN,1/28/2020,1,3.0
3793,NOODLES & COMPANY|2682 S HIGH COMMONS WY|WEST VALLEY CITY,6/18/2026,1,8.0
3794,NOODLES & COMPANY|2682 S HIGH COMMONS WY|WEST VALLEY CITY,1/7/2026,1,4.0
3795,NOODLES & COMPANY|2682 S HIGH COMMONS WY|WEST VALLEY CITY,5/6/2025,1,6.0
3796,NOODLES & COMPANY|2682 S HIGH COMMONS WY|WEST VALLEY CITY,7/19/2024,1,10.0
3797,NOODLES & COMPANY|2682 S HIGH COMMONS WY|WEST VALLEY CITY,4/13/2023,1,4.0
3798,NOODLES & COMPANY|2682 S HIGH COMMONS WY|WEST VALLEY CITY,6/6/2022,1,8.0
3799,NOODLES & COMPANY|2682 S HIGH COMMONS WY|WEST VALLEY CITY,12/1/2021,1,8.0
3800,NOODLES & COMPANY|2682 S HIGH COMMONS WY|WEST VALLEY CITY,9/29/2020,1,12.0
3801,NOODLES & COMPANY|2682 S HIGH COMMONS WY|WEST VALLEY CITY,2/4/2020,1,11.0
3802,NOODLES & COMPANY|2682 S HIGH COMMONS WY|WEST VALLEY CITY,8/22/2019,1,11.0
3803,NOODLES & COMPANY|1152 E 2100 S|SALT LAKE CITY,6/29/2026,1,8.0
3804,NOODLES & COMPANY|1152 E 2100 S|SALT LAKE CITY,10/30/2025,1,8.0
3805,NOODLES & COMPANY|1152 E 2100 S|SALT LAKE CITY,2/13/2025,1,20.0
3806,NOODLES & COMPANY|1152 E 2100 S|SALT LAKE CITY,5/7/2024,1,3.0
3807,NOODLES & COMPANY|1152 E 2100 S|SALT LAKE CITY,8/31/2022,1,11.0
3808,NOODLES & COMPANY|1152 E 2100 S|SALT LAKE CITY,11/5/2021,1,20.0
3809,NOODLES & COMPANY|1152 E 2100 S|SALT LAKE CITY,12/7/2020,1,6.0
3810,NOODLES & COMPANY|1152 E 2100 S|SALT LAKE CITY,11/26/2019,1,10.0
3811,NOODLES & COMPANY|1152 E 2100 S|SALT LAKE CITY,5/29/2019,1,1.0
3812,NOODLES & COMPANY|1152 E 2100 S|SALT LAKE CITY,10/22/2018,1,20.0
3813,NOODLES & COMPANY|6901 S 1300 E|MIDVALE,7/13/2026,1,12.0
3814,NOODLES & COMPANY|6901 S 1300 E|MIDVALE,12/8/2025,1,5.0
3815,NOODLES & COMPANY|6901 S 1300 E|MIDVALE,4/15/2025,1,6.0
3816,NOODLES & COMPANY|6901 S 1300 E|MIDVALE,6/4/2024,1,3.0
3817,NOODLES & COMPANY|6901 S 1300 E|MIDVALE,10/23/2023,1,11.0
3818,NOODLES & COMPANY|6901 S 1300 E|MIDVALE,11/28/2022,1,2.0
3819,NOODLES & COMPANY|6901 S 1300 E|MIDVALE,3/3/2022,1,8.0
3820,NOODLES & COMPANY|6901 S 1300 E|MIDVALE,2/25/2021,1,15.0
3821,NOODLES & COMPANY|6901 S 1300 E|MIDVALE,1/8/2020,1,16.0
3822,NOODLES & COMPANY|6901 S 1300 E|MIDVALE,4/9/2019,1,15.0
3823,NOOR AL SHAM|728 S REDWOOD RD|SALT LAKE CITY,7/30/2025,1,0.0
3824,NOOR AL SHAM|728 S REDWOOD RD|SALT LAKE CITY,1/25/2024,1,6.0
3825,NOOR AL SHAM|728 S REDWOOD RD|SALT LAKE CITY,1/23/2020,1,7.0
3826,NOOR AL SHAM|728 S REDWOOD RD|SALT LAKE CITY,2/22/2018,1,1.0
3827,NOOR AL SHAM|728 S REDWOOD RD|SALT LAKE CITY,12/2/2016,1,2.0
3828,NORDSTROM EBAR|6191 S STATE ST|MURRAY,3/11/2026,1,9.0
3829,NORDSTROM EBAR|6191 S STATE ST|MURRAY,10/23/2025,1,27.0
3830,NORDSTROM EBAR|6191 S STATE ST|MURRAY,1/28/2025,1,10.0
3831,NORDSTROM EBAR|6191 S STATE ST|MURRAY,7/12/2024,1,15.0
3832,NORDSTROM EBAR|6191 S STATE ST|MURRAY,1/5/2024,1,14.0
3833,NORDSTROM EBAR|6191 S STATE ST|MURRAY,7/12/2023,1,23.0
3834,NORDSTROM EBAR|6191 S STATE ST|MURRAY,1/11/2023,1,42.0
3835,NORDSTROM EBAR|6191 S STATE ST|MURRAY,6/9/2021,1,14.0
3836,NORDSTROM EBAR|6191 S STATE ST|MURRAY,1/2/2020,1,9.0
3837,NORDSTROM EBAR|6191 S STATE ST|MURRAY,12/26/2018,1,2.0
3838,NORMAL ICE CREAM|3300 S 1300 E|MILLCREEK,9/16/2025,1,0.0
3839,NORMAL ICE CREAM|3300 S 1300 E|MILLCREEK,8/16/2024,1,14.0
3840,NORMAL ICE CREAM|3300 S 1300 E|MILLCREEK,8/8/2023,1,1.0
3841,NOTOM|926 E 5600 S|SALT LAKE CITY,12/11/2025,1,4.0
3842,NOTOM|926 E 5600 S|SALT LAKE CITY,8/9/2024,1,3.0
3843,NUANS THAI KITCHEN|1871 E FORT UNION BLVD|COTTONWOOD HEIGHTS,4/7/2026,1,11.0
3844,NUANS THAI KITCHEN|1871 E FORT UNION BLVD|COTTONWOOD HEIGHTS,7/10/2025,1,22.0
3845,NUANS THAI KITCHEN|1871 E FORT UNION BLVD|COTTONWOOD HEIGHTS,6/19/2024,1,14.0
3846,NUANS THAI KITCHEN|1871 E FORT UNION BLVD|COTTONWOOD HEIGHTS,10/25/2023,1,24.0
3847,NUR KITCHEN|1391 S 300 W|SALT LAKE CITY,8/25/2025,1,2.0
3848,NUR KITCHEN|1391 S 300 W|SALT LAKE CITY,4/18/2024,1,7.0
3849,NUTRICION 33|262 E 3300 S|SALT LAKE CITY,7/21/2025,1,3.0
3850,NUTRICION 33|262 E 3300 S|SALT LAKE CITY,7/18/2024,1,0.0
3851,NUTRICION 33|262 E 3300 S|SALT LAKE CITY,1/11/2023,1,8.0
3852,NUTRITION A & Z|3952 W 3500 S|WEST VALLEY CITY,1/23/2026,1,4.0
3853,OASIS CAFE|2600 E SUNNYSIDE AVE|SALT LAKE CITY,9/16/2025,1,2.0
3854,OASIS CAFE|2600 E SUNNYSIDE AVE|SALT LAKE CITY,5/29/2024,1,12.0
3855,OASIS CAFE|2600 E SUNNYSIDE AVE|SALT LAKE CITY,8/1/2022,1,15.0
3856,OASIS CAFE|2600 E SUNNYSIDE AVE|SALT LAKE CITY,11/24/2021,1,19.0
3857,OASIS CAFE|2600 E SUNNYSIDE AVE|SALT LAKE CITY,6/24/2020,1,4.0
3858,OASIS CAFE|2600 E SUNNYSIDE AVE|SALT LAKE CITY,6/13/2019,1,5.0
3859,OASIS CAFE|2600 E SUNNYSIDE AVE|SALT LAKE CITY,5/12/2018,1,0.0
3860,OASIS CAFE|2600 E SUNNYSIDE AVE|SALT LAKE CITY,9/7/2017,1,1.0
3861,OASIS CAFE|2600 E SUNNYSIDE AVE|SALT LAKE CITY,6/16/2017,1,6.0
3862,OASIS CAFE|2600 E SUNNYSIDE AVE|SALT LAKE CITY,6/1/2016,1,3.0
3863,OLD TOWNE TAVERN|7662 S MAIN ST|MIDVALE,7/1/2026,7,10.0
3864,OLD TOWNE TAVERN|7662 S MAIN ST|MIDVALE,11/13/2025,1,1.0
3865,OLD TOWNE TAVERN|7662 S MAIN ST|MIDVALE,2/27/2024,2,12.0
3866,OLD TOWNE TAVERN|7662 S MAIN ST|MIDVALE,2/22/2024,1,69.0
3867,OLD TOWNE TAVERN|7662 S MAIN ST|MIDVALE,3/15/2022,1,21.0
3868,OLD TOWNE TAVERN|7662 S MAIN ST|MIDVALE,12/2/2019,1,20.0
3869,OLD TOWNE TAVERN|7662 S MAIN ST|MIDVALE,10/2/2018,1,17.0
3870,OLD TOWNE TAVERN|7662 S MAIN ST|MIDVALE,10/12/2017,1,13.0
3871,OLD TOWNE TAVERN|7662 S MAIN ST|MIDVALE,3/22/2016,1,14.0
3872,OLD TOWNE TAVERN|7662 S MAIN ST|MIDVALE,12/4/2014,7,0.0
3873,OLIVE GARDEN|11364 S RIVER HEIGHTS DR|SOUTH JORDAN,3/23/2026,1,10.0
3874,OLIVE GARDEN|11364 S RIVER HEIGHTS DR|SOUTH JORDAN,10/15/2025,1,5.0
3875,OLIVE GARDEN|11364 S RIVER HEIGHTS DR|SOUTH JORDAN,2/7/2025,1,20.0
3876,OLIVE GARDEN|11364 S RIVER HEIGHTS DR|SOUTH JORDAN,10/7/2024,1,6.0
3877,OLIVE GARDEN|11364 S RIVER HEIGHTS DR|SOUTH JORDAN,5/2/2024,1,2.0
3878,OLIVE GARDEN|11364 S RIVER HEIGHTS DR|SOUTH JORDAN,12/6/2023,1,11.0
3879,OLIVE GARDEN|11364 S RIVER HEIGHTS DR|SOUTH JORDAN,6/5/2023,1,16.0
3880,OLIVE GARDEN|11364 S RIVER HEIGHTS DR|SOUTH JORDAN,12/12/2022,1,9.0
3881,OLIVE GARDEN|11364 S RIVER HEIGHTS DR|SOUTH JORDAN,7/13/2022,1,1.0
3882,OLIVE GARDEN|11364 S RIVER HEIGHTS DR|SOUTH JORDAN,3/2/2022,1,18.0
3883,OLIVE GARDEN #1306|2272 S 1300 E|SALT LAKE CITY,1/22/2026,1,6.0
3884,OLIVE GARDEN #1306|2272 S 1300 E|SALT LAKE CITY,1/27/2025,1,11.0
3885,OLIVE GARDEN #1306|2272 S 1300 E|SALT LAKE CITY,2/22/2024,1,32.0
3886,OLIVE GARDEN #1306|2272 S 1300 E|SALT LAKE CITY,9/25/2023,1,14.0
3887,OLIVE GARDEN #1306|2272 S 1300 E|SALT LAKE CITY,11/1/2021,1,17.0
3888,OLIVE GARDEN #1306|2272 S 1300 E|SALT LAKE CITY,6/2/2020,1,26.0
3889,OLIVE GARDEN #1306|2272 S 1300 E|SALT LAKE CITY,11/21/2019,1,16.0
3890,OLIVE GARDEN #1306|2272 S 1300 E|SALT LAKE CITY,3/5/2019,1,24.0
3891,OLIVE GARDEN #1306|2272 S 1300 E|SALT LAKE CITY,10/29/2018,1,15.0
3892,OLIVE GARDEN #1306|2272 S 1300 E|SALT LAKE CITY,6/19/2018,1,11.0
3893,OLIVE GARDEN #1565|10590 S STATE ST|SANDY,3/30/2026,1,9.0
3894,OLIVE GARDEN #1565|10590 S STATE ST|SANDY,11/17/2025,1,14.0
3895,OLIVE GARDEN #1565|10590 S STATE ST|SANDY,3/24/2025,1,13.0
3896,OLIVE GARDEN #1565|10590 S STATE ST|SANDY,11/20/2024,1,7.0
3897,OLIVE GARDEN #1565|10590 S STATE ST|SANDY,11/1/2023,1,9.0
3898,OLIVE GARDEN #1565|10590 S STATE ST|SANDY,12/28/2022,1,37.0
3899,OLIVE GARDEN #1565|10590 S STATE ST|SANDY,9/13/2022,1,24.0
3900,OLIVE GARDEN #1565|10590 S STATE ST|SANDY,5/19/2022,1,24.0
3901,OLIVE GARDEN #1565|10590 S STATE ST|SANDY,5/18/2021,1,24.0
3902,OLIVE GARDEN #1565|10590 S STATE ST|SANDY,6/10/2020,1,10.0
3903,ON THE HOOK FISH & CHIPS # CHIPS28|570 TAYLOR WY|OUT OF COUNTY,9/29/2025,1,0.0
3904,ON THE HOOK FISH & CHIPS #FISH14|570 TAYLOR WY|OUT OF COUNTY,5/2/2026,1,0.0
3905,ON TIME COMMISSARY|1051 S 300 W|SALT LAKE CITY,7/7/2026,1,9.0
3906,ON TIME COMMISSARY|1051 S 300 W|SALT LAKE CITY,10/8/2025,1,8.0
3907,ON TIME COMMISSARY|1051 S 300 W|SALT LAKE CITY,9/30/2024,1,3.0
3908,ON TIME COMMISSARY|1051 S 300 W|SALT LAKE CITY,3/19/2024,1,6.0
3909,ON TIME COMMISSARY|1051 S 300 W|SALT LAKE CITY,11/29/2023,1,6.0
3910,ON TIME COMMISSARY|1051 S 300 W|SALT LAKE CITY,8/2/2023,2,6.0
3911,ON TIME COMMISSARY|1051 S 300 W|SALT LAKE CITY,8/1/2023,1,17.0
3912,ON TIME COMMISSARY|1051 S 300 W|SALT LAKE CITY,3/22/2023,1,6.0
3913,ON TIME COMMISSARY|1051 S 300 W|SALT LAKE CITY,11/8/2022,1,1.0
3914,ON TIME COMMISSARY|1051 S 300 W|SALT LAKE CITY,8/29/2022,1,0.0
3915,ONTOP LOUNGE & GRILL|328 S STATE ST|SALT LAKE CITY,3/25/2026,1,2.0
3916,ONTOP LOUNGE & GRILL|328 S STATE ST|SALT LAKE CITY,7/10/2024,1,12.0
3917,ONTOP LOUNGE & GRILL|328 S STATE ST|SALT LAKE CITY,1/22/2024,2,1.0
3918,ORIGINAL PANCAKE HOUSE|7044 S UNION PARK AVE|MIDVALE,1/15/2026,1,10.0
3919,ORIGINAL PANCAKE HOUSE|7044 S UNION PARK AVE|MIDVALE,5/13/2025,1,25.0
3920,ORIGINAL PANCAKE HOUSE|7044 S UNION PARK AVE|MIDVALE,7/18/2023,1,26.0
3921,ORIGINAL PANCAKE HOUSE|7044 S UNION PARK AVE|MIDVALE,6/7/2022,1,19.0
3922,ORIGINAL PANCAKE HOUSE|7044 S UNION PARK AVE|MIDVALE,5/24/2021,1,26.0
3923,ORIGINAL PANCAKE HOUSE|7044 S UNION PARK AVE|MIDVALE,12/5/2019,1,24.0
3924,ORIGINAL PANCAKE HOUSE|7044 S UNION PARK AVE|MIDVALE,3/25/2019,1,41.0
3925,ORIGINAL PANCAKE HOUSE|7044 S UNION PARK AVE|MIDVALE,9/6/2018,1,34.0
3926,ORIGINAL PANCAKE HOUSE|7044 S UNION PARK AVE|MIDVALE,3/8/2018,1,27.0
3927,ORIGINAL PANCAKE HOUSE|7044 S UNION PARK AVE|MIDVALE,9/12/2017,1,33.0
3928,OTHERSIDE DONUTS 2 #U446KV|50 S 700 E|SALT LAKE CITY,11/5/2025,1,0.0
3929,OVG ALUMNI HOLDINGS - LEVEL 4 PANTRY|451 S 1400 E|SALT LAKE CITY,11/1/2025,7,10.0
3930,OVG ALUMNI HOLDINGS - LEVEL 4 PANTRY|451 S 1400 E|SALT LAKE CITY,9/9/2025,1,0.0
3931,OVG ALUMNI HOLDINGS - LEVEL 4 PANTRY|451 S 1400 E|SALT LAKE CITY,10/14/2024,2,3.0
3932,OVG ALUMNI HOLDINGS - LEVEL 5 PANTRY|451 S 1400 E|SALT LAKE CITY,11/1/2025,7,2.0
3933,OVG ALUMNI HOLDINGS - LEVEL 5 PANTRY|451 S 1400 E|SALT LAKE CITY,9/9/2025,1,3.0
3934,OVG ALUMNI HOLDINGS - LEVEL 5 PANTRY|451 S 1400 E|SALT LAKE CITY,10/14/2024,2,3.0
3935,OVG ALUMNI HOLDINGS - LEVEL 6 PANTRY|451 S 1400 E|SALT LAKE CITY,11/1/2025,7,8.0
3936,OVG ALUMNI HOLDINGS - LEVEL 6 PANTRY|451 S 1400 E|SALT LAKE CITY,9/9/2025,1,1.0
3937,OVG ALUMNI HOLDINGS - LEVEL 6 PANTRY|451 S 1400 E|SALT LAKE CITY,10/14/2024,2,0.0
3938,PADDOCK LOUNGE|725 E 10600 S|SANDY,8/20/2025,1,4.0
3939,PADDOCK LOUNGE|725 E 10600 S|SANDY,8/5/2024,1,3.0
3940,PANDA EXPRESS|12051 S HERRIMAN MAIN ST|HERRIMAN,7/9/2026,1,7.0
3941,PANDA EXPRESS|12051 S HERRIMAN MAIN ST|HERRIMAN,1/12/2026,1,14.0
3942,PANDA EXPRESS|12051 S HERRIMAN MAIN ST|HERRIMAN,7/11/2025,1,9.0
3943,PANDA EXPRESS|12051 S HERRIMAN MAIN ST|HERRIMAN,11/13/2024,1,0.0
3944,PANDA EXPRESS|12051 S HERRIMAN MAIN ST|HERRIMAN,5/7/2024,1,1.0
3945,PANDA EXPRESS|1126 E 2100 S|SALT LAKE CITY,6/29/2026,1,9.0
3946,PANDA EXPRESS|1126 E 2100 S|SALT LAKE CITY,10/30/2025,1,2.0
3947,PANDA EXPRESS|1126 E 2100 S|SALT LAKE CITY,6/12/2024,1,14.0
3948,PANDA EXPRESS|1126 E 2100 S|SALT LAKE CITY,8/18/2023,1,11.0
3949,PANDA EXPRESS|1126 E 2100 S|SALT LAKE CITY,2/8/2022,1,11.0
3950,PANDA EXPRESS|1126 E 2100 S|SALT LAKE CITY,12/4/2020,1,8.0
3951,PANDA EXPRESS|1126 E 2100 S|SALT LAKE CITY,10/18/2019,1,6.0
3952,PANDA EXPRESS|1126 E 2100 S|SALT LAKE CITY,2/8/2019,1,4.0
3953,PANDA EXPRESS|1126 E 2100 S|SALT LAKE CITY,8/1/2018,1,3.0
3954,PANDA EXPRESS|1126 E 2100 S|SALT LAKE CITY,10/19/2017,1,9.0
3955,PANDA EXPRESS|5503 W 7800 S|WEST JORDAN,7/14/2026,1,5.0
3956,PANDA EXPRESS|5503 W 7800 S|WEST JORDAN,12/5/2025,1,21.0
3957,PANDA EXPRESS|5503 W 7800 S|WEST JORDAN,4/1/2025,1,13.0
3958,PANDA EXPRESS|5503 W 7800 S|WEST JORDAN,8/1/2024,1,3.0
3959,PANDA EXPRESS|5503 W 7800 S|WEST JORDAN,12/7/2023,1,13.0
3960,PANDA EXPRESS|5503 W 7800 S|WEST JORDAN,6/5/2023,1,6.0
3961,PANDA EXPRESS|5503 W 7800 S|WEST JORDAN,7/26/2022,1,8.0
3962,PANDA EXPRESS|188 S RIO GRANDE ST|SALT LAKE CITY,2/27/2026,1,3.0
3963,PANDA EXPRESS|188 S RIO GRANDE ST|SALT LAKE CITY,1/7/2025,1,6.0
3964,PANDA EXPRESS|188 S RIO GRANDE ST|SALT LAKE CITY,3/14/2024,1,9.0
3965,PANDA EXPRESS|188 S RIO GRANDE ST|SALT LAKE CITY,1/4/2023,1,9.0
3966,PANDA EXPRESS|188 S RIO GRANDE ST|SALT LAKE CITY,3/29/2022,1,11.0
3967,PANDA EXPRESS|188 S RIO GRANDE ST|SALT LAKE CITY,10/1/2021,7,0.0
3968,PANDA EXPRESS|188 S RIO GRANDE ST|SALT LAKE CITY,6/23/2021,1,5.0
3969,PANDA EXPRESS|188 S RIO GRANDE ST|SALT LAKE CITY,1/31/2020,1,0.0
3970,PANDA EXPRESS|188 S RIO GRANDE ST|SALT LAKE CITY,3/8/2019,1,8.0
3971,PANDA EXPRESS|188 S RIO GRANDE ST|SALT LAKE CITY,1/9/2018,1,1.0
3972,PANDA EXPRESS|3717 S CONSTITUTION BLVD|WEST VALLEY CITY,2/24/2026,1,11.0
3973,PANDA EXPRESS|3717 S CONSTITUTION BLVD|WEST VALLEY CITY,7/21/2025,1,16.0
3974,PANDA EXPRESS|3717 S CONSTITUTION BLVD|WEST VALLEY CITY,5/8/2024,1,8.0
3975,PANDA EXPRESS|3717 S CONSTITUTION BLVD|WEST VALLEY CITY,8/14/2023,1,13.0
3976,PANDA EXPRESS|3717 S CONSTITUTION BLVD|WEST VALLEY CITY,10/13/2022,1,13.0
3977,PANDA EXPRESS|3717 S CONSTITUTION BLVD|WEST VALLEY CITY,3/1/2022,1,20.0
3978,PANDA EXPRESS|5888 S STATE ST|MURRAY,10/16/2025,1,8.0
3979,PANDA EXPRESS|5888 S STATE ST|MURRAY,2/7/2025,7,0.0
3980,PANDA EXPRESS|5888 S STATE ST|MURRAY,12/13/2024,1,11.0
3981,PANDA EXPRESS|5888 S STATE ST|MURRAY,6/24/2024,1,19.0
3982,PANDA EXPRESS|5888 S STATE ST|MURRAY,12/6/2023,1,23.0
3983,PANDA EXPRESS|5888 S STATE ST|MURRAY,6/6/2023,1,23.0
3984,PANDA EXPRESS|5888 S STATE ST|MURRAY,12/7/2021,2,2.0
3985,PANDA EXPRESS|5888 S STATE ST|MURRAY,12/7/2021,1,2.0
3986,PANDA EXPRESS|5888 S STATE ST|MURRAY,11/29/2021,2,3.0
3987,PANDA EXPRESS|5888 S STATE ST|MURRAY,11/16/2021,1,13.0
3988,PANDA EXPRESS|10450 S STATE ST|SANDY,4/30/2026,1,11.0
3989,PANDA EXPRESS|10450 S STATE ST|SANDY,10/2/2025,1,11.0
3990,PANDA EXPRESS|10450 S STATE ST|SANDY,4/25/2025,1,9.0
3991,PANDA EXPRESS|10450 S STATE ST|SANDY,10/23/2024,1,4.0
3992,PANDA EXPRESS|10450 S STATE ST|SANDY,5/2/2024,1,7.0
3993,PANDA EXPRESS|10450 S STATE ST|SANDY,10/18/2023,1,7.0
3994,PANDA EXPRESS|10450 S STATE ST|SANDY,10/6/2022,1,10.0
3995,PANDA EXPRESS|10450 S STATE ST|SANDY,4/8/2022,1,13.0
3996,PANDA EXPRESS|10450 S STATE ST|SANDY,4/21/2021,1,7.0
3997,PANDA EXPRESS|10450 S STATE ST|SANDY,12/10/2019,1,13.0
3998,PANDA EXPRESS|200 S CENTRAL CAMPUS DR|SALT LAKE CITY,7/8/2026,1,11.0
3999,PANDA EXPRESS|3920 W TERMINAL DR|SALT LAKE CITY,4/17/2026,1,13.0
4000,PANDA EXPRESS|3920 W TERMINAL DR|SALT LAKE CITY,10/30/2025,1,6.0
4001,PANDA EXPRESS|3920 W TERMINAL DR|SALT LAKE CITY,2/20/2025,1,12.0
4002,PANDA EXPRESS|3920 W TERMINAL DR|SALT LAKE CITY,9/20/2024,1,3.0
4003,PANDA EXPRESS|3920 W TERMINAL DR|SALT LAKE CITY,3/8/2024,1,2.0
4004,PANDA EXPRESS|3920 W TERMINAL DR|SALT LAKE CITY,10/20/2023,1,11.0
4005,PANDA EXPRESS|3920 W TERMINAL DR|SALT LAKE CITY,3/24/2023,1,12.0
4006,PANDA EXPRESS|3920 W TERMINAL DR|SALT LAKE CITY,10/28/2022,1,20.0
4007,PANDA EXPRESS|6927 S PARK CENTRE DR|COTTONWOOD HEIGHTS,5/29/2026,1,3.0
4008,PANDA EXPRESS|6927 S PARK CENTRE DR|COTTONWOOD HEIGHTS,12/1/2025,1,2.0
4009,PANDA EXPRESS|6927 S PARK CENTRE DR|COTTONWOOD HEIGHTS,4/23/2025,1,8.0
4010,PANDA EXPRESS|6927 S PARK CENTRE DR|COTTONWOOD HEIGHTS,7/18/2024,1,11.0
4011,PANDA EXPRESS|6927 S PARK CENTRE DR|COTTONWOOD HEIGHTS,11/13/2023,1,8.0
4012,PANDA EXPRESS|6927 S PARK CENTRE DR|COTTONWOOD HEIGHTS,4/21/2023,1,12.0
4013,PANDA EXPRESS|6927 S PARK CENTRE DR|COTTONWOOD HEIGHTS,9/21/2022,1,7.0
4014,PANDA EXPRESS|6927 S PARK CENTRE DR|COTTONWOOD HEIGHTS,3/29/2022,1,15.0
4015,PANDA EXPRESS|6927 S PARK CENTRE DR|COTTONWOOD HEIGHTS,9/2/2020,1,5.0
4016,PANDA EXPRESS|6927 S PARK CENTRE DR|COTTONWOOD HEIGHTS,12/11/2019,1,14.0
4017,PANDA EXPRESS|3509 S 8150 W|MAGNA,3/24/2026,1,8.0
4018,PANDA EXPRESS|3509 S 8150 W|MAGNA,8/12/2025,1,7.0
4019,PANDA EXPRESS|3509 S 8150 W|MAGNA,10/22/2024,1,8.0
4020,PANDA EXPRESS|3509 S 8150 W|MAGNA,11/8/2023,1,12.0
4021,PANDA EXPRESS|6910 S REDWOOD RD|WEST JORDAN,2/17/2026,1,12.0
4022,PANDA EXPRESS|6910 S REDWOOD RD|WEST JORDAN,3/3/2025,1,2.0
4023,PANDA EXPRESS|6910 S REDWOOD RD|WEST JORDAN,8/7/2024,1,9.0
4024,PANDA EXPRESS|6910 S REDWOOD RD|WEST JORDAN,2/28/2024,1,9.0
4025,PANDA EXPRESS|6910 S REDWOOD RD|WEST JORDAN,9/12/2023,1,2.0
4026,PANDA EXPRESS|6910 S REDWOOD RD|WEST JORDAN,1/5/2023,1,8.0
4027,PANDA EXPRESS|6910 S REDWOOD RD|WEST JORDAN,1/3/2022,1,13.0
4028,PANDA EXPRESS|6910 S REDWOOD RD|WEST JORDAN,8/25/2020,1,5.0
4029,PANDA EXPRESS|6910 S REDWOOD RD|WEST JORDAN,12/20/2019,1,3.0
4030,PANDA EXPRESS|6910 S REDWOOD RD|WEST JORDAN,7/19/2019,1,5.0
4031,PANDA EXPRESS #1011|3051 S COLT PLAZA DR|WEST VALLEY CITY,7/1/2026,1,8.0
4032,PANDA EXPRESS #1011|3051 S COLT PLAZA DR|WEST VALLEY CITY,11/17/2025,1,8.0
4033,PANDA EXPRESS #1011|3051 S COLT PLAZA DR|WEST VALLEY CITY,2/13/2025,1,2.0
4034,PANDA EXPRESS #1011|3051 S COLT PLAZA DR|WEST VALLEY CITY,2/28/2024,1,9.0
4035,PANDA EXPRESS #1011|3051 S COLT PLAZA DR|WEST VALLEY CITY,8/12/2022,1,15.0
4036,PANDA EXPRESS #1011|3051 S COLT PLAZA DR|WEST VALLEY CITY,12/7/2021,1,10.0
4037,PANDA EXPRESS #1011|3051 S COLT PLAZA DR|WEST VALLEY CITY,9/3/2020,1,2.0
4038,PANDA EXPRESS #1011|3051 S COLT PLAZA DR|WEST VALLEY CITY,11/12/2019,1,7.0
4039,PANDA EXPRESS #1011|3051 S COLT PLAZA DR|WEST VALLEY CITY,3/4/2019,1,13.0
4040,PANDA EXPRESS #1011|3051 S COLT PLAZA DR|WEST VALLEY CITY,9/19/2018,1,10.0
4041,PANDA EXPRESS #3088|11513 S 4000 W|SOUTH JORDAN,4/15/2026,1,3.0
4042,PANDA EXPRESS #3088|11513 S 4000 W|SOUTH JORDAN,9/16/2025,1,4.0
4043,PANDA EXPRESS #3088|11513 S 4000 W|SOUTH JORDAN,2/25/2025,1,9.0
4044,PANDA EXPRESS #3088|11513 S 4000 W|SOUTH JORDAN,8/15/2024,1,4.0
4045,PANDA EXPRESS #3088|11513 S 4000 W|SOUTH JORDAN,2/20/2024,1,9.0
4046,PANDA EXPRESS #3088|11513 S 4000 W|SOUTH JORDAN,8/2/2023,1,1.0
4047,PANDA EXPRESS #3088|11513 S 4000 W|SOUTH JORDAN,8/22/2022,1,7.0
4048,PANDA EXPRESS #3088|11513 S 4000 W|SOUTH JORDAN,2/14/2022,1,17.0
4049,PANDA EXPRESS #3088|11513 S 4000 W|SOUTH JORDAN,7/8/2021,1,11.0
4050,PANDA EXPRESS #3088|11513 S 4000 W|SOUTH JORDAN,9/10/2020,1,6.0
4051,PANDA EXPRESS #611|5594 S REDWOOD RD|TAYLORSVILLE,1/21/2026,1,9.0
4052,PANDA EXPRESS #611|5594 S REDWOOD RD|TAYLORSVILLE,4/8/2025,1,6.0
4053,PANDA EXPRESS #611|5594 S REDWOOD RD|TAYLORSVILLE,9/26/2024,1,9.0
4054,PANDA EXPRESS #611|5594 S REDWOOD RD|TAYLORSVILLE,2/9/2024,1,7.0
4055,PANDA EXPRESS #611|5594 S REDWOOD RD|TAYLORSVILLE,9/7/2023,7,3.0
4056,PANDA EXPRESS #611|5594 S REDWOOD RD|TAYLORSVILLE,8/16/2023,1,9.0
4057,PANDA EXPRESS #611|5594 S REDWOOD RD|TAYLORSVILLE,2/9/2023,1,3.0
4058,PANDA EXPRESS #611|5594 S REDWOOD RD|TAYLORSVILLE,6/29/2022,1,8.0
4059,PANDA EXPRESS #611|5594 S REDWOOD RD|TAYLORSVILLE,11/9/2021,1,12.0
4060,PANDA EXPRESS #611|5594 S REDWOOD RD|TAYLORSVILLE,8/25/2020,1,3.0
4061,PANDA EXPRESS #749|64 E 12300 S|DRAPER,12/15/2025,1,1.0
4062,PANDA EXPRESS #749|64 E 12300 S|DRAPER,3/6/2025,1,7.0
4063,PANDA EXPRESS #749|64 E 12300 S|DRAPER,7/19/2024,1,26.0
4064,PANDA EXPRESS #749|64 E 12300 S|DRAPER,10/27/2023,1,14.0
4065,PANDA EXPRESS #749|64 E 12300 S|DRAPER,12/12/2022,1,4.0
4066,PANDA EXPRESS #749|64 E 12300 S|DRAPER,5/31/2022,1,8.0
4067,PANDA EXPRESS #749|64 E 12300 S|DRAPER,11/23/2021,1,2.0
4068,PANDA EXPRESS #749|64 E 12300 S|DRAPER,9/25/2020,1,4.0
4069,PANDA EXPRESS #749|64 E 12300 S|DRAPER,10/9/2019,1,5.0
4070,PANDA EXPRESS #749|64 E 12300 S|DRAPER,4/15/2019,1,7.0
4071,PANDA EXPRESS #848|10555 S REDWOOD RD|SOUTH JORDAN,2/20/2026,1,3.0
4072,PANDA EXPRESS #848|10555 S REDWOOD RD|SOUTH JORDAN,6/23/2025,1,1.0
4073,PANDA EXPRESS #848|10555 S REDWOOD RD|SOUTH JORDAN,11/4/2024,1,4.0
4074,PANDA EXPRESS #848|10555 S REDWOOD RD|SOUTH JORDAN,4/22/2024,1,11.0
4075,PANDA EXPRESS #848|10555 S REDWOOD RD|SOUTH JORDAN,9/15/2023,1,6.0
4076,PANDA EXPRESS #848|10555 S REDWOOD RD|SOUTH JORDAN,1/5/2023,1,8.0
4077,PANDA EXPRESS #848|10555 S REDWOOD RD|SOUTH JORDAN,6/6/2022,1,20.0
4078,PANDA EXPRESS #848|10555 S REDWOOD RD|SOUTH JORDAN,11/19/2021,1,5.0
4079,PANDA EXPRESS #848|10555 S REDWOOD RD|SOUTH JORDAN,5/17/2021,1,11.0
4080,PANDA EXPRESS #848|10555 S REDWOOD RD|SOUTH JORDAN,8/25/2020,1,3.0
4081,PANDA EXPRESS #856|4645 S 4000 W|WEST VALLEY CITY,10/16/2025,1,6.0
4082,PANDA EXPRESS #856|4645 S 4000 W|WEST VALLEY CITY,11/4/2024,1,2.0
4083,PANDA EXPRESS #856|4645 S 4000 W|WEST VALLEY CITY,4/22/2024,1,3.0
4084,PANDA EXPRESS #856|4645 S 4000 W|WEST VALLEY CITY,10/9/2023,1,3.0
4085,PANDA EXPRESS #856|4645 S 4000 W|WEST VALLEY CITY,12/27/2022,1,2.0
4086,PANDA EXPRESS #856|4645 S 4000 W|WEST VALLEY CITY,4/19/2022,1,3.0
4087,PANDA EXPRESS #856|4645 S 4000 W|WEST VALLEY CITY,3/10/2021,1,0.0
4088,PANDA EXPRESS #856|4645 S 4000 W|WEST VALLEY CITY,2/18/2020,1,8.0
4089,PANDA EXPRESS #856|4645 S 4000 W|WEST VALLEY CITY,9/17/2019,1,9.0
4090,PANDA EXPRESS #856|4645 S 4000 W|WEST VALLEY CITY,1/2/2019,1,5.0
4091,PAPA JOHNS PIZZA|1811 W 9000 S|WEST JORDAN,3/5/2026,1,6.0
4092,PAPA JOHNS PIZZA|1811 W 9000 S|WEST JORDAN,4/29/2025,1,14.0
4093,PAPA JOHNS PIZZA|1811 W 9000 S|WEST JORDAN,7/30/2024,1,12.0
4094,PAPA JOHNS PIZZA|1811 W 9000 S|WEST JORDAN,9/21/2023,1,13.0
4095,PAPA JOHNS PIZZA|1811 W 9000 S|WEST JORDAN,4/25/2022,1,7.0
4096,PAPA JOHNS PIZZA|1811 W 9000 S|WEST JORDAN,6/10/2021,1,13.0
4097,PAPA JOHNS PIZZA|1811 W 9000 S|WEST JORDAN,8/25/2020,1,25.0
4098,PAPA JOHNS PIZZA|1811 W 9000 S|WEST JORDAN,7/19/2019,1,27.0
4099,PAPA JOHNS PIZZA|1811 W 9000 S|WEST JORDAN,10/25/2018,1,16.0
4100,PAPA JOHNS PIZZA|1811 W 9000 S|WEST JORDAN,11/20/2017,1,17.0
4101,PAPA JOHNS PIZZA|124 E 900 S|SALT LAKE CITY,10/16/2025,1,3.0
4102,PAPA JOHNS PIZZA|124 E 900 S|SALT LAKE CITY,7/22/2024,1,18.0
4103,PAPA JOHNS PIZZA|124 E 900 S|SALT LAKE CITY,10/30/2023,1,17.0
4104,PAPA JOHNS PIZZA|124 E 900 S|SALT LAKE CITY,10/11/2022,1,15.0
4105,PAPA JOHNS PIZZA|124 E 900 S|SALT LAKE CITY,1/10/2022,1,8.0
4106,PAPA JOHNS PIZZA|124 E 900 S|SALT LAKE CITY,2/4/2021,1,6.0
4107,PAPA JOHNS PIZZA|124 E 900 S|SALT LAKE CITY,8/27/2019,1,6.0
4108,PAPA JOHNS PIZZA #1367|753 E 3300 S|MILLCREEK TS,11/17/2025,1,2.0
4109,PAPA JOHNS PIZZA #1367|753 E 3300 S|MILLCREEK TS,8/8/2024,1,21.0
4110,PAPA JOHNS PIZZA #1367|753 E 3300 S|MILLCREEK TS,5/3/2023,1,17.0
4111,PAPA JOHNS PIZZA #1367|753 E 3300 S|MILLCREEK TS,2/23/2022,1,24.0
4112,PAPA JOHNS PIZZA #1367|753 E 3300 S|MILLCREEK TS,12/11/2020,1,5.0
4113,PAPA JOHNS PIZZA #1367|753 E 3300 S|MILLCREEK TS,8/29/2019,1,23.0
4114,PAPA JOHNS PIZZA #1367|753 E 3300 S|MILLCREEK TS,11/20/2018,1,23.0
4115,PAPA JOHNS PIZZA #1367|753 E 3300 S|MILLCREEK TS,2/5/2018,1,4.0
4116,PAPA JOHNS PIZZA #1367|753 E 3300 S|MILLCREEK TS,2/3/2017,1,22.0
4117,PAPA JOHNS PIZZA #1367|753 E 3300 S|MILLCREEK TS,4/12/2016,1,21.0
4118,PAPA JOHNS PIZZA #1524|3510 S 4400 W|WEST VALLEY CITY,1/22/2026,1,9.0
4119,PAPA JOHNS PIZZA #1524|3510 S 4400 W|WEST VALLEY CITY,3/3/2025,1,15.0
4120,PAPA JOHNS PIZZA #1524|3510 S 4400 W|WEST VALLEY CITY,5/29/2024,1,15.0
4121,PAPA JOHNS PIZZA #1524|3510 S 4400 W|WEST VALLEY CITY,9/13/2022,1,27.0
4122,PAPA JOHNS PIZZA #1524|3510 S 4400 W|WEST VALLEY CITY,8/2/2021,1,9.0
4123,PAPA JOHNS PIZZA #1524|3510 S 4400 W|WEST VALLEY CITY,2/5/2020,1,27.0
4124,PAPA JOHNS PIZZA #1524|3510 S 4400 W|WEST VALLEY CITY,4/3/2019,1,21.0
4125,PAPA JOHNS PIZZA #1524|3510 S 4400 W|WEST VALLEY CITY,7/23/2018,1,34.0
4126,PAPA JOHNS PIZZA #1524|3510 S 4400 W|WEST VALLEY CITY,10/10/2017,1,1.0
4127,PAPA JOHNS PIZZA #1524|3510 S 4400 W|WEST VALLEY CITY,7/27/2016,1,10.0
4128,PAPA JOHNS PIZZA #1565|1844 E FORT UNION BLVD|COTTONWOOD HEIGHTS,12/31/2025,1,4.0
4129,PAPA JOHNS PIZZA #1565|1844 E FORT UNION BLVD|COTTONWOOD HEIGHTS,1/21/2025,1,21.0
4130,PAPA JOHNS PIZZA #1565|1844 E FORT UNION BLVD|COTTONWOOD HEIGHTS,12/11/2023,1,7.0
4131,PAPA JOHNS PIZZA #1565|1844 E FORT UNION BLVD|COTTONWOOD HEIGHTS,2/23/2023,1,5.0
4132,PAPA JOHNS PIZZA #1565|1844 E FORT UNION BLVD|COTTONWOOD HEIGHTS,5/12/2022,1,16.0
4133,PAPA JOHNS PIZZA #1565|1844 E FORT UNION BLVD|COTTONWOOD HEIGHTS,7/20/2021,1,22.0
4134,PAPA JOHNS PIZZA #1565|1844 E FORT UNION BLVD|COTTONWOOD HEIGHTS,9/2/2020,1,35.0
4135,PAPA JOHNS PIZZA #1565|1844 E FORT UNION BLVD|COTTONWOOD HEIGHTS,5/21/2019,1,20.0
4136,PAPA JOHNS PIZZA #1565|1844 E FORT UNION BLVD|COTTONWOOD HEIGHTS,8/9/2018,2,6.0
4137,PAPA JOHNS PIZZA #1565|1844 E FORT UNION BLVD|COTTONWOOD HEIGHTS,8/1/2018,1,37.0
4138,PAPA JOHNS PIZZA #2074|1230 W 600 N|SALT LAKE CITY,4/7/2025,1,7.0
4139,PAPA JOHNS PIZZA #2074|1230 W 600 N|SALT LAKE CITY,7/9/2024,1,2.0
4140,PAPA JOHNS PIZZA #2074|1230 W 600 N|SALT LAKE CITY,10/2/2023,1,13.0
4141,PAPA JOHNS PIZZA #2074|1230 W 600 N|SALT LAKE CITY,8/18/2022,1,28.0
4142,PAPA JOHNS PIZZA #2074|1230 W 600 N|SALT LAKE CITY,8/31/2021,1,12.0
4143,PAPA JOHNS PIZZA #2074|1230 W 600 N|SALT LAKE CITY,12/11/2019,1,3.0
4144,PAPA JOHNS PIZZA #2074|1230 W 600 N|SALT LAKE CITY,9/13/2018,1,30.0
4145,PAPA JOHNS PIZZA #2074|1230 W 600 N|SALT LAKE CITY,12/11/2017,1,23.0
4146,PAPA JOHNS PIZZA #2074|1230 W 600 N|SALT LAKE CITY,6/2/2016,1,22.0
4147,PAPA JOHNS PIZZA #2074|1230 W 600 N|SALT LAKE CITY,2/23/2016,1,6.0
4148,PAPA JOHNS PIZZA #2715|767 E 12300 S|DRAPER,12/9/2025,1,6.0
4149,PAPA JOHNS PIZZA #2715|767 E 12300 S|DRAPER,12/5/2024,1,28.0
4150,PAPA JOHNS PIZZA #2715|767 E 12300 S|DRAPER,2/16/2024,1,13.0
4151,PAPA JOHNS PIZZA #2715|767 E 12300 S|DRAPER,7/18/2022,1,19.0
4152,PAPA JOHNS PIZZA #2715|767 E 12300 S|DRAPER,10/7/2021,1,31.0
4153,PAPA JOHNS PIZZA #2715|767 E 12300 S|DRAPER,7/6/2020,1,23.0
4154,PAPA JOHNS PIZZA #2715|767 E 12300 S|DRAPER,9/12/2019,1,16.0
4155,PAPA JOHNS PIZZA #2715|767 E 12300 S|DRAPER,4/11/2019,2,7.0
4156,PAPA JOHNS PIZZA #2715|767 E 12300 S|DRAPER,4/10/2019,7,115.0
4157,PAPA JOHNS PIZZA #2715|767 E 12300 S|DRAPER,12/13/2018,1,26.0
4158,PAREA|320 E 900 S|SALT LAKE CITY,1/29/2026,1,5.0
4159,PAREA|320 E 900 S|SALT LAKE CITY,9/30/2025,7,1.0
4160,PAREA|320 E 900 S|SALT LAKE CITY,6/5/2025,1,18.0
4161,PATRICKS PUB|163 W 200 S|SALT LAKE CITY,7/14/2025,1,3.0
4162,PATRICKS PUB|163 W 200 S|SALT LAKE CITY,9/28/2023,1,1.0
4163,PATRICKS PUB|163 W 200 S|SALT LAKE CITY,6/30/2021,1,9.0
4164,PATRICKS PUB|163 W 200 S|SALT LAKE CITY,5/14/2019,1,2.0
4165,PATTY SHACK|1207 W 4800 S|TAYLORSVILLE,2/19/2026,1,9.0
4166,PATTY SHACK|1207 W 4800 S|TAYLORSVILLE,11/18/2024,1,18.0
4167,PATTY SHACK|1207 W 4800 S|TAYLORSVILLE,1/8/2024,1,14.0
4168,PATTY SHACK|1207 W 4800 S|TAYLORSVILLE,2/9/2023,1,5.0
4169,PATTY SHACK|1207 W 4800 S|TAYLORSVILLE,12/13/2022,2,2.0
4170,PAXTON PUB|365 W PAXTON AVE|SALT LAKE CITY,12/15/2025,1,9.0
4171,PAXTON PUB|365 W PAXTON AVE|SALT LAKE CITY,9/26/2024,1,17.0
4172,PAXTON PUB|365 W PAXTON AVE|SALT LAKE CITY,11/9/2023,1,14.0
4173,PAXTON PUB|365 W PAXTON AVE|SALT LAKE CITY,12/19/2022,1,17.0
4174,PENNY ANNS CAFE|1810 S MAIN ST|SALT LAKE CITY,2/4/2026,1,11.0
4175,PENNY ANNS CAFE|1810 S MAIN ST|SALT LAKE CITY,8/4/2025,1,14.0
4176,PENNY ANNS CAFE|1810 S MAIN ST|SALT LAKE CITY,2/11/2025,1,17.0
4177,PENNY ANNS CAFE|1810 S MAIN ST|SALT LAKE CITY,10/1/2024,1,22.0
4178,PENNY ANNS CAFE|1810 S MAIN ST|SALT LAKE CITY,5/13/2024,1,36.0
4179,PENNY ANNS CAFE|1810 S MAIN ST|SALT LAKE CITY,11/15/2023,1,54.0
4180,PENNY ANNS CAFE|1810 S MAIN ST|SALT LAKE CITY,3/28/2023,1,24.0
4181,PENNY ANNS CAFE|1810 S MAIN ST|SALT LAKE CITY,11/16/2022,7,0.0
4182,PENNY ANNS CAFE|1810 S MAIN ST|SALT LAKE CITY,11/16/2022,1,30.0
4183,PENNY ANNS CAFE|1810 S MAIN ST|SALT LAKE CITY,1/11/2022,1,45.0
4184,PERCH COFFEE|1295 E MILLER AVE|MILLCREEK,6/9/2026,1,3.0
4185,PF CHANGS|3920 W TERMINAL DR|SALT LAKE CITY,2/13/2026,1,9.0
4186,PF CHANGS|3920 W TERMINAL DR|SALT LAKE CITY,8/22/2025,1,11.0
4187,PIE PARTY|3130 S HIGHLAND DR|SALT LAKE CITY,11/21/2025,1,9.0
4188,PIE PARTY|3130 S HIGHLAND DR|SALT LAKE CITY,11/15/2024,1,7.0
4189,PIG BOYS TRUCK 1 #A992FB|1567 E 3900 S|MILLCREEK TS,8/21/2025,1,6.0
4190,PIG BOYS TRUCK 1 #A992FB|1567 E 3900 S|MILLCREEK TS,12/2/2024,1,4.0
4191,PIG BOYS TRUCK 1 #A992FB|1567 E 3900 S|MILLCREEK TS,4/5/2024,1,0.0
4192,PIG BOYS TRUCK 1 #A992FB|1567 E 3900 S|MILLCREEK TS,3/20/2023,1,1.0
4193,PIG BOYS TRUCK 1 #A992FB|1567 E 3900 S|MILLCREEK TS,2/8/2022,1,4.0
4194,PIG BOYS TRUCK 1 #A992FB|1567 E 3900 S|MILLCREEK TS,2/23/2021,1,1.0
4195,PIG BOYS TRUCK 1 #A992FB|1567 E 3900 S|MILLCREEK TS,9/1/2020,1,2.0
4196,PIG BOYS TRUCK 1 #A992FB|1567 E 3900 S|MILLCREEK TS,2/7/2020,7,2.0
4197,PIG BOYS TRUCK 1 #A992FB|1567 E 3900 S|MILLCREEK TS,11/14/2019,1,2.0
4198,PIG BOYS TRUCK 1 #A992FB|1567 E 3900 S|MILLCREEK TS,2/27/2019,7,7.0
4199,PIG BOYS TRUCK 2 #568MHE|1567 E 3900 S|MILLCREEK TS,8/21/2025,1,1.0
4200,PIG BOYS TRUCK 2 #568MHE|1567 E 3900 S|MILLCREEK TS,12/2/2024,1,1.0
4201,PIG BOYS TRUCK 2 #568MHE|1567 E 3900 S|MILLCREEK TS,4/5/2024,1,1.0
4202,PIG BOYS TRUCK 2 #568MHE|1567 E 3900 S|MILLCREEK TS,3/20/2023,1,2.0
4203,PIG BOYS TRUCK 2 #568MHE|1567 E 3900 S|MILLCREEK TS,2/8/2022,1,4.0
4204,PIG BOYS TRUCK 2 #568MHE|1567 E 3900 S|MILLCREEK TS,2/23/2021,1,5.0
4205,PIG BOYS TRUCK 2 #568MHE|1567 E 3900 S|MILLCREEK TS,9/1/2020,1,5.0
4206,PIG BOYS TRUCK 2 #568MHE|1567 E 3900 S|MILLCREEK TS,2/7/2020,1,4.0
4207,PIG BOYS TRUCK 2 #568MHE|1567 E 3900 S|MILLCREEK TS,11/14/2019,1,1.0
4208,PIG BOYS TRUCK 2 #568MHE|1567 E 3900 S|MILLCREEK TS,2/27/2019,7,2.0
4209,PIKO MEXICAN GRILL|511 S 500 E|SALT LAKE CITY,7/8/2026,1,7.0
4210,PIKO MEXICAN GRILL|511 S 500 E|SALT LAKE CITY,1/27/2026,1,9.0
4211,PIKO MEXICAN GRILL|511 S 500 E|SALT LAKE CITY,4/17/2025,1,22.0
4212,PIKO MEXICAN GRILL|511 S 500 E|SALT LAKE CITY,12/10/2024,1,10.0
4213,PIN HIGH CAFE - ROSE PARK|1386 N REDWOOD RD|SALT LAKE CITY,3/30/2026,1,5.0
4214,PIN HIGH CAFE - ROSE PARK|1386 N REDWOOD RD|SALT LAKE CITY,7/25/2024,1,1.0
4215,PIN HIGH CAFE - ROSE PARK|1386 N REDWOOD RD|SALT LAKE CITY,10/18/2023,1,1.0
4216,PIT CAFE|3951 W 5400 S|WEST VALLEY CITY,2/9/2026,1,4.0
4217,PIZZA HUT|731 E 2100 S|SALT LAKE CITY,2/27/2026,1,5.0
4218,PIZZA HUT|731 E 2100 S|SALT LAKE CITY,8/11/2025,1,3.0
4219,PIZZA HUT|731 E 2100 S|SALT LAKE CITY,8/7/2024,1,11.0
4220,PIZZA HUT|731 E 2100 S|SALT LAKE CITY,2/2/2024,1,4.0
4221,PIZZA HUT|731 E 2100 S|SALT LAKE CITY,6/14/2023,1,9.0
4222,PIZZA HUT|731 E 2100 S|SALT LAKE CITY,4/21/2022,1,6.0
4223,PIZZA HUT #39581|5526 W 7800 S|WEST JORDAN,4/10/2026,1,9.0
4224,PIZZA HUT #39581|5526 W 7800 S|WEST JORDAN,10/1/2025,1,4.0
4225,PIZZA HUT #39581|5526 W 7800 S|WEST JORDAN,1/29/2025,1,8.0
4226,PIZZA HUT #39581|5526 W 7800 S|WEST JORDAN,6/14/2024,1,9.0
4227,PIZZA HUT #39581|5526 W 7800 S|WEST JORDAN,12/12/2023,2,10.0
4228,PIZZA HUT #39581|5526 W 7800 S|WEST JORDAN,12/7/2023,1,12.0
4229,PIZZA HUT #39581|5526 W 7800 S|WEST JORDAN,6/5/2023,1,7.0
4230,PIZZA HUT 788272|3304 S 2300 E|SALT LAKE CITY,5/13/2026,1,4.0
4231,PIZZA HUT 788272|3304 S 2300 E|SALT LAKE CITY,5/12/2025,1,8.0
4232,PIZZA HUT 788272|3304 S 2300 E|SALT LAKE CITY,3/21/2025,2,0.0
4233,PIZZA STAND NORTH SIDE|9256 S STATE ST|SANDY,4/18/2026,1,9.0
4234,PIZZA STAND NORTH SIDE|9256 S STATE ST|SANDY,9/18/2024,1,8.0
4235,PIZZA STAND NORTH SIDE|9256 S STATE ST|SANDY,7/17/2022,1,1.0
4236,PIZZA STAND NORTH SIDE|9256 S STATE ST|SANDY,9/4/2021,1,2.0
4237,PIZZERIA TASSO #173945A|4734 S HOLLADAY BLVD|HOLLADAY,11/3/2025,1,3.0
4238,PIZZERIA TASSO #173945A|4734 S HOLLADAY BLVD|HOLLADAY,5/1/2024,2,0.0
4239,PIZZERIA TASSO #173945A|4734 S HOLLADAY BLVD|HOLLADAY,4/29/2024,1,109.0
4240,PIZZERIA TASSO #173945A|4734 S HOLLADAY BLVD|HOLLADAY,1/24/2022,1,2.0
4241,PIZZERIA TASSO #173945A|4734 S HOLLADAY BLVD|HOLLADAY,8/28/2020,1,1.0
4242,PIZZERIA TASSO #173945A|4734 S HOLLADAY BLVD|HOLLADAY,12/23/2019,1,3.0
4243,PIZZERIA TASSO #173945A|4734 S HOLLADAY BLVD|HOLLADAY,8/30/2019,7,0.0
4244,PIZZERIA TASSO #173945A|4734 S HOLLADAY BLVD|HOLLADAY,6/8/2019,1,0.0
4245,POINT AFTER - DOG PATIO|5445 S 900 E|MURRAY,10/1/2025,1,0.0
4246,POINT AFTER - DOG PATIO|5445 S 900 E|MURRAY,5/13/2024,1,0.0
4247,POINT AFTER - DOG PATIO|5445 S 900 E|MURRAY,5/3/2023,1,0.0
4248,POINT AFTER - DOG PATIO|5445 S 900 E|MURRAY,2/17/2022,1,0.0
4249,POINT AFTER - DOG PATIO|5445 S 900 E|MURRAY,5/13/2021,1,0.0
4250,POINT AFTER - DOG PATIO|5445 S 900 E|MURRAY,7/23/2020,1,2.0
4251,POINT AFTER - DOG PATIO|5445 S 900 E|MURRAY,5/3/2019,1,0.0
4252,PONCHINS FOOD ON WHEELS #T127HC|877 W 400 S|SALT LAKE CITY,10/28/2025,1,5.0
4253,PONCHINS FOOD ON WHEELS #T127HC|877 W 400 S|SALT LAKE CITY,8/9/2023,1,0.0
4254,PORCUPINE PUB & GRILL|3698 E 7000 S|COTTONWOOD HEIGHTS,5/11/2026,1,12.0
4255,PORCUPINE PUB & GRILL|3698 E 7000 S|COTTONWOOD HEIGHTS,10/13/2025,1,10.0
4256,PORCUPINE PUB & GRILL|3698 E 7000 S|COTTONWOOD HEIGHTS,3/24/2025,1,22.0
4257,PORCUPINE PUB & GRILL|3698 E 7000 S|COTTONWOOD HEIGHTS,4/1/2024,1,12.0
4258,PORCUPINE PUB & GRILL|3698 E 7000 S|COTTONWOOD HEIGHTS,10/19/2023,1,17.0
4259,PORCUPINE PUB & GRILL|3698 E 7000 S|COTTONWOOD HEIGHTS,1/25/2023,1,4.0
4260,PORCUPINE PUB & GRILL|3698 E 7000 S|COTTONWOOD HEIGHTS,9/13/2022,1,5.0
4261,PORCUPINE PUB & GRILL|3698 E 7000 S|COTTONWOOD HEIGHTS,3/21/2022,1,46.0
4262,PORCUPINE PUB & GRILL|3698 E 7000 S|COTTONWOOD HEIGHTS,8/25/2020,1,1.0
4263,PORCUPINE PUB & GRILL|3698 E 7000 S|COTTONWOOD HEIGHTS,1/11/2019,1,17.0
4264,PORT OF SUBS #207|1320 S SWANER RD|SALT LAKE CITY,6/9/2026,1,8.0
4265,PORT OF SUBS #207|1320 S SWANER RD|SALT LAKE CITY,1/24/2025,1,2.0
4266,PORT OF SUBS #207|1320 S SWANER RD|SALT LAKE CITY,1/25/2024,1,1.0
4267,PORT OF SUBS #207|1320 S SWANER RD|SALT LAKE CITY,3/21/2023,1,1.0
4268,PORT OF SUBS #207|1320 S SWANER RD|SALT LAKE CITY,8/10/2021,1,3.0
4269,PORT OF SUBS #207|1320 S SWANER RD|SALT LAKE CITY,5/11/2021,2,0.0
4270,PORT OF SUBS #210|5215 W WILEY POST WY|SALT LAKE CITY,4/29/2026,1,7.0
4271,PORT OF SUBS #210|5215 W WILEY POST WY|SALT LAKE CITY,1/8/2025,1,4.0
4272,PORT OF SUBS #210|5215 W WILEY POST WY|SALT LAKE CITY,1/22/2024,1,1.0
4273,PORT OF SUBS #210|5215 W WILEY POST WY|SALT LAKE CITY,3/30/2023,1,3.0
4274,PORT OF SUBS #210|5215 W WILEY POST WY|SALT LAKE CITY,9/21/2021,1,9.0
4275,PORT OF SUBS #210|5215 W WILEY POST WY|SALT LAKE CITY,1/23/2020,1,1.0
4276,PORT OF SUBS #210|5215 W WILEY POST WY|SALT LAKE CITY,10/16/2018,1,27.0
4277,PORT OF SUBS #210|5215 W WILEY POST WY|SALT LAKE CITY,1/5/2018,1,15.0
4278,PORT OF SUBS #210|5215 W WILEY POST WY|SALT LAKE CITY,6/10/2016,1,0.0
4279,PORT OF SUBS #210|5215 W WILEY POST WY|SALT LAKE CITY,6/9/2016,1,36.0
4280,PRETTY BIRD|146 S REGENT ST|SALT LAKE CITY,4/20/2026,1,5.0
4281,PRETTY BIRD|146 S REGENT ST|SALT LAKE CITY,3/11/2025,1,25.0
4282,PRETTY BIRD|146 S REGENT ST|SALT LAKE CITY,6/6/2024,1,18.0
4283,PRETTY BIRD|146 S REGENT ST|SALT LAKE CITY,1/17/2024,7,3.0
4284,PRETTY BIRD|146 S REGENT ST|SALT LAKE CITY,9/18/2023,1,4.0
4285,PRETTY BIRD|146 S REGENT ST|SALT LAKE CITY,12/13/2022,1,4.0
4286,PRETTY BIRD|146 S REGENT ST|SALT LAKE CITY,3/3/2022,1,17.0
4287,PRETTY BIRD|146 S REGENT ST|SALT LAKE CITY,3/15/2021,1,3.0
4288,PRETTY BIRD|146 S REGENT ST|SALT LAKE CITY,10/1/2019,1,5.0
4289,PRETTY BIRD|146 S REGENT ST|SALT LAKE CITY,8/28/2018,1,27.0
4290,PRETZEL CART @ HOGLE ZOO - BRIDGE|2600 E SUNNYSIDE AVE|SALT LAKE CITY,7/1/2026,1,0.0
4291,PRETZEL CART @ HOGLE ZOO - BRIDGE|2600 E SUNNYSIDE AVE|SALT LAKE CITY,5/29/2024,1,0.0
4292,PRETZEL CART @ HOGLE ZOO - BRIDGE|2600 E SUNNYSIDE AVE|SALT LAKE CITY,6/13/2019,1,4.0
4293,PRETZEL CART @ HOGLE ZOO - BRIDGE|2600 E SUNNYSIDE AVE|SALT LAKE CITY,7/2/2018,1,3.0
4294,PRETZEL CART @ HOGLE ZOO - BRIDGE|2600 E SUNNYSIDE AVE|SALT LAKE CITY,6/16/2017,1,1.0
4295,PRETZEL CART @ HOGLE ZOO - ENTRY|2600 E SUNNYSIDE AVE|SALT LAKE CITY,7/1/2026,1,0.0
4296,PRETZEL CART @ HOGLE ZOO - ENTRY|2600 E SUNNYSIDE AVE|SALT LAKE CITY,5/29/2024,1,0.0
4297,PRETZEL CART @ HOGLE ZOO - ENTRY|2600 E SUNNYSIDE AVE|SALT LAKE CITY,8/15/2022,1,1.0
4298,PRETZEL CART @ HOGLE ZOO - ENTRY|2600 E SUNNYSIDE AVE|SALT LAKE CITY,7/3/2018,1,0.0
4299,PRETZEL CART @ HOGLE ZOO - ENTRY|2600 E SUNNYSIDE AVE|SALT LAKE CITY,6/16/2017,1,0.0
4300,PRIMARY CHILDRENS HOSPITAL - MOUNTAINSIDE CAFE|100 N MARIO CAPECCHI DR|SALT LAKE CITY,2/26/2026,7,13.0
4301,PRIMARY CHILDRENS HOSPITAL - MOUNTAINSIDE CAFE|100 N MARIO CAPECCHI DR|SALT LAKE CITY,1/14/2026,1,9.0
4302,PRIMARY CHILDRENS HOSPITAL - MOUNTAINSIDE CAFE|100 N MARIO CAPECCHI DR|SALT LAKE CITY,2/27/2025,1,14.0
4303,PRIMARY CHILDRENS HOSPITAL - MOUNTAINSIDE CAFE|100 N MARIO CAPECCHI DR|SALT LAKE CITY,1/16/2024,1,8.0
4304,PRIMARY CHILDRENS HOSPITAL - MOUNTAINSIDE CAFE|100 N MARIO CAPECCHI DR|SALT LAKE CITY,5/31/2023,1,3.0
4305,PRIMARY CHILDRENS HOSPITAL - MOUNTAINSIDE CAFE|100 N MARIO CAPECCHI DR|SALT LAKE CITY,11/1/2022,1,7.0
4306,PRIMARY CHILDRENS HOSPITAL - MOUNTAINSIDE CAFE|100 N MARIO CAPECCHI DR|SALT LAKE CITY,6/15/2022,1,22.0
4307,PRIMARY CHILDRENS HOSPITAL - MOUNTAINSIDE CAFE|100 N MARIO CAPECCHI DR|SALT LAKE CITY,12/9/2019,1,16.0
4308,PRIMARY CHILDRENS HOSPITAL - MOUNTAINSIDE CAFE|100 N MARIO CAPECCHI DR|SALT LAKE CITY,4/12/2019,1,11.0
4309,PRIMARY CHILDRENS HOSPITAL - MOUNTAINSIDE CAFE|100 N MARIO CAPECCHI DR|SALT LAKE CITY,10/16/2018,1,19.0
4310,PRIMARY CHILDRENS HOSPITAL - TREE HOUSE CAFE|100 N MARIO CAPECCHI DR|SALT LAKE CITY,1/14/2026,1,6.0
4311,PRIMARY CHILDRENS HOSPITAL - TREE HOUSE CAFE|100 N MARIO CAPECCHI DR|SALT LAKE CITY,2/27/2025,1,7.0
4312,PRIMARY CHILDRENS HOSPITAL - TREE HOUSE CAFE|100 N MARIO CAPECCHI DR|SALT LAKE CITY,1/16/2024,1,1.0
4313,PRIMARY CHILDRENS HOSPITAL - TREE HOUSE CAFE|100 N MARIO CAPECCHI DR|SALT LAKE CITY,11/1/2022,1,14.0
4314,PRIMARY CHILDRENS HOSPITAL - TREE HOUSE CAFE|100 N MARIO CAPECCHI DR|SALT LAKE CITY,1/14/2022,1,1.0
4315,PRIMARY CHILDRENS HOSPITAL - TREE HOUSE CAFE|100 N MARIO CAPECCHI DR|SALT LAKE CITY,10/16/2018,1,10.0
4316,PRIMARY CHILDRENS HOSPITAL - TREE HOUSE CAFE|100 N MARIO CAPECCHI DR|SALT LAKE CITY,12/15/2017,1,10.0
4317,PRIMARY CHILDRENS HOSPITAL - TREE HOUSE CAFE|100 N MARIO CAPECCHI DR|SALT LAKE CITY,6/23/2016,1,4.0
4318,PRIMARY CHILDRENS HOSPITAL - TREE HOUSE CAFE|100 N MARIO CAPECCHI DR|SALT LAKE CITY,7/29/2015,1,12.0
4319,PRIMARY CHILDRENS HOSPITAL - TREE HOUSE CAFE|100 N MARIO CAPECCHI DR|SALT LAKE CITY,11/7/2014,1,2.0
4320,PRIME CORN @ SQUARE KITCHEN|751 W 800 S|SALT LAKE CITY,9/15/2025,1,6.0
4321,PRIME CORN @ SQUARE KITCHEN|751 W 800 S|SALT LAKE CITY,3/6/2024,1,0.0
4322,PROPER BURGER COMPANY - DOG PATIO|865 S MAIN ST|SALT LAKE CITY,5/19/2026,1,0.0
4323,PROPER BURGER COMPANY - DOG PATIO|865 S MAIN ST|SALT LAKE CITY,5/27/2025,1,0.0
4324,PROPER BURGER COMPANY - DOG PATIO|865 S MAIN ST|SALT LAKE CITY,6/10/2024,1,1.0
4325,PROPER BURGER COMPANY - DOG PATIO|865 S MAIN ST|SALT LAKE CITY,4/28/2022,1,1.0
4326,PROPER BURGER COMPANY - DOG PATIO|865 S MAIN ST|SALT LAKE CITY,2/18/2020,1,0.0
4327,PROPER BURGER COMPANY - DOG PATIO|865 S MAIN ST|SALT LAKE CITY,11/6/2018,1,11.0
4328,PUBLIK COFFEE|502 E 3RD AVE|SALT LAKE CITY,6/2/2025,1,3.0
4329,PUBLIK COFFEE|502 E 3RD AVE|SALT LAKE CITY,8/24/2023,1,8.0
4330,PUBLIK COFFEE|502 E 3RD AVE|SALT LAKE CITY,8/8/2022,1,9.0
4331,PUBLIK COFFEE|502 E 3RD AVE|SALT LAKE CITY,4/15/2021,1,22.0
4332,PUBLIK COFFEE|502 E 3RD AVE|SALT LAKE CITY,6/12/2019,1,15.0
4333,PUBLIK COFFEE|502 E 3RD AVE|SALT LAKE CITY,6/15/2018,1,13.0
4334,PUBLIK COFFEE|502 E 3RD AVE|SALT LAKE CITY,12/14/2016,1,11.0
4335,QUALITY QUICK STOP|938 N 900 W|SALT LAKE CITY,11/25/2025,1,7.0
4336,QUALITY QUICK STOP|938 N 900 W|SALT LAKE CITY,3/26/2025,7,10.0
4337,QUALITY QUICK STOP|938 N 900 W|SALT LAKE CITY,10/11/2024,1,23.0
4338,QUALITY QUICK STOP|938 N 900 W|SALT LAKE CITY,12/21/2023,1,11.0
4339,QUALITY QUICK STOP|938 N 900 W|SALT LAKE CITY,11/14/2022,1,17.0
4340,QUALITY QUICK STOP|938 N 900 W|SALT LAKE CITY,3/18/2021,1,15.0
4341,QUALITY QUICK STOP|938 N 900 W|SALT LAKE CITY,10/10/2019,1,15.0
4342,QUALITY QUICK STOP|938 N 900 W|SALT LAKE CITY,9/4/2018,1,17.0
4343,QUIZNOS|1775 S 4130 W|SALT LAKE CITY,12/22/2025,1,9.0
4344,QUIZNOS|1775 S 4130 W|SALT LAKE CITY,12/20/2024,1,5.0
4345,QUIZNOS|1775 S 4130 W|SALT LAKE CITY,4/12/2024,1,10.0
4346,QUIZNOS|1775 S 4130 W|SALT LAKE CITY,10/12/2023,1,5.0
4347,QUIZNOS|1775 S 4130 W|SALT LAKE CITY,2/3/2023,1,11.0
4348,QUIZNOS|1775 S 4130 W|SALT LAKE CITY,8/31/2021,1,9.0
4349,RADISSON HOTEL SLC DOWNTOWN - CAFETERIA|215 W SOUTH TEMPLE ST|SALT LAKE CITY,3/9/2026,1,1.0
4350,RADISSON HOTEL SLC DOWNTOWN - CAFETERIA|215 W SOUTH TEMPLE ST|SALT LAKE CITY,1/14/2025,1,7.0
4351,RADISSON SLC DOWNTOWN - COPPER CANYON GRILL HOUSE|215 W SOUTH TEMPLE ST|SALT LAKE CITY,3/9/2026,1,0.0
4352,RADISSON SLC DOWNTOWN - COPPER CANYON GRILL HOUSE|215 W SOUTH TEMPLE ST|SALT LAKE CITY,1/14/2025,1,24.0
4353,RADISSON SLC DOWNTOWN - COPPER CANYON GRILL HOUSE|215 W SOUTH TEMPLE ST|SALT LAKE CITY,8/15/2023,2,14.0
4354,RAISING CANES|3346 S 5600 W|WEST VALLEY CITY,3/26/2026,1,9.0
4355,RAISING CANES|3346 S 5600 W|WEST VALLEY CITY,9/3/2025,1,3.0
4356,RAISING CANES|3346 S 5600 W|WEST VALLEY CITY,1/2/2025,1,5.0
4357,RAISING CANES|3346 S 5600 W|WEST VALLEY CITY,10/10/2023,1,23.0
4358,RAISING CANES|3346 S 5600 W|WEST VALLEY CITY,5/25/2022,1,10.0
4359,RAISING CANES CHICKEN FINGERS|890 E FORT UNION BLVD|MIDVALE,7/1/2026,1,9.0
4360,RAISING CANES CHICKEN FINGERS|890 E FORT UNION BLVD|MIDVALE,12/11/2025,1,8.0
4361,RAISING CANES CHICKEN FINGERS|890 E FORT UNION BLVD|MIDVALE,5/20/2025,1,13.0
4362,RAISING CANES CHICKEN FINGERS|890 E FORT UNION BLVD|MIDVALE,1/25/2024,1,7.0
4363,RAISING CANES CHICKEN FINGERS|890 E FORT UNION BLVD|MIDVALE,6/28/2023,1,11.0
4364,RAISING CANES CHICKEN FINGERS|890 E FORT UNION BLVD|MIDVALE,11/15/2022,1,13.0
4365,RAISING CANES CHICKEN FINGERS|10986 S STATE ST|SANDY,6/29/2026,1,4.0
4366,RAISING CANES CHICKEN FINGERS|10986 S STATE ST|SANDY,12/2/2025,1,15.0
4367,RAISING CANES CHICKEN FINGERS|10986 S STATE ST|SANDY,2/25/2025,1,8.0
4368,RAISING CANES CHICKEN FINGERS|10986 S STATE ST|SANDY,8/8/2024,1,3.0
4369,RAISING CANES CHICKEN FINGERS|2150 S STATE ST|SOUTH SALT LAKE,5/21/2026,1,9.0
4370,RAISING CANES CHICKEN FINGERS|2150 S STATE ST|SOUTH SALT LAKE,11/18/2025,1,17.0
4371,RAISING CANES CHICKEN FINGERS|2150 S STATE ST|SOUTH SALT LAKE,5/1/2025,1,13.0
4372,RAISING CANES CHICKEN FINGERS|2150 S STATE ST|SOUTH SALT LAKE,8/24/2023,1,6.0
4373,RAISING CANES CHICKEN FINGERS|2150 S STATE ST|SOUTH SALT LAKE,6/6/2022,3,0.0
4374,RAISING CANES CHICKEN FINGERS|2150 S STATE ST|SOUTH SALT LAKE,3/29/2022,1,19.0
4375,RAISING CANES CHICKEN FINGERS|3788 W 11400 S|SOUTH JORDAN,1/7/2026,1,8.0
4376,RAISING CANES CHICKEN FINGERS|3788 W 11400 S|SOUTH JORDAN,6/26/2025,1,9.0
4377,RAISING CANES CHICKEN FINGERS|3788 W 11400 S|SOUTH JORDAN,11/7/2024,1,16.0
4378,RAISING CANES CHICKEN FINGERS|3788 W 11400 S|SOUTH JORDAN,4/30/2024,1,20.0
4379,RAISING CANES CHICKEN FINGERS|3788 W 11400 S|SOUTH JORDAN,10/17/2023,1,25.0
4380,RAISING CANES CHICKEN FINGERS|3788 W 11400 S|SOUTH JORDAN,2/1/2023,1,19.0
4381,RAISING CANES CHICKEN FINGERS|3788 W 11400 S|SOUTH JORDAN,7/28/2022,7,1.0
4382,RAISING CANES CHICKEN FINGERS|3788 W 11400 S|SOUTH JORDAN,7/15/2022,1,17.0
4383,RAISING CANES CHICKEN FINGERS|3788 W 11400 S|SOUTH JORDAN,1/12/2022,1,13.0
4384,RAMEN ICHIZU|915 S WASHINGTON ST|SALT LAKE CITY,4/16/2026,2,12.0
4385,RAMEN ICHIZU|915 S WASHINGTON ST|SALT LAKE CITY,4/9/2026,7,75.0
4386,RAMEN ICHIZU|915 S WASHINGTON ST|SALT LAKE CITY,12/8/2025,2,4.0
4387,RAMEN ICHIZU|915 S WASHINGTON ST|SALT LAKE CITY,12/5/2025,7,10.0
4388,RAMEN ICHIZU|915 S WASHINGTON ST|SALT LAKE CITY,7/16/2025,1,5.0
4389,RAMEN MONSTER|200 S CENTRAL CAMPUS DR|SALT LAKE CITY,11/17/2025,1,0.0
4390,RAMEN MONSTER|151 S CONNOR ST|SALT LAKE CITY,11/17/2025,1,0.0
4391,RAMEN MONSTER|1701 S STUDENT LIFE WY|SALT LAKE CITY,11/17/2025,1,0.0
4392,RANCHERITOS|775 W NORTH TEMPLE|SALT LAKE CITY,4/22/2025,1,6.0
4393,RANCHERITOS|775 W NORTH TEMPLE|SALT LAKE CITY,12/2/2024,1,11.0
4394,RANCHERITOS|775 W NORTH TEMPLE|SALT LAKE CITY,6/7/2024,1,19.0
4395,RANCHERITOS|775 W NORTH TEMPLE|SALT LAKE CITY,1/23/2024,1,5.0
4396,RANCHERITOS|775 W NORTH TEMPLE|SALT LAKE CITY,7/12/2023,1,16.0
4397,RANCHERITOS|775 W NORTH TEMPLE|SALT LAKE CITY,3/21/2023,7,15.0
4398,RANCHERITOS|775 W NORTH TEMPLE|SALT LAKE CITY,9/6/2022,1,10.0
4399,RANCHERITOS DRAPER|12250 S STATE ST|DRAPER,6/10/2026,1,4.0
4400,RANCHERITOS DRAPER|12250 S STATE ST|DRAPER,3/6/2025,1,20.0
4401,RANCHERITOS DRAPER|12250 S STATE ST|DRAPER,7/29/2024,1,24.0
4402,RANCHERITOS DRAPER|12250 S STATE ST|DRAPER,9/5/2023,1,32.0
4403,RANCHERITOS DRAPER|12250 S STATE ST|DRAPER,3/27/2023,2,21.0
4404,RANCHERITOS DRAPER|12250 S STATE ST|DRAPER,3/21/2023,1,38.0
4405,RANCHERITOS DRAPER|12250 S STATE ST|DRAPER,5/25/2022,1,47.0
4406,RANCHERITOS DRAPER|12250 S STATE ST|DRAPER,11/23/2021,1,42.0
4407,RANCHERITOS HOLLADAY|4735 S HIGHLAND DR|HOLLADAY,6/22/2026,1,12.0
4408,RANCHERITOS HOLLADAY|4735 S HIGHLAND DR|HOLLADAY,11/3/2025,1,8.0
4409,RANCHERITOS HOLLADAY|4735 S HIGHLAND DR|HOLLADAY,5/7/2025,1,12.0
4410,RANCHERITOS HOLLADAY|4735 S HIGHLAND DR|HOLLADAY,11/1/2024,1,7.0
4411,RANCHERITOS HOLLADAY|4735 S HIGHLAND DR|HOLLADAY,1/2/2024,1,15.0
4412,RANCHERITOS HOLLADAY|4735 S HIGHLAND DR|HOLLADAY,3/20/2023,1,34.0
4413,RANCHERITOS HOLLADAY|4735 S HIGHLAND DR|HOLLADAY,12/9/2021,1,26.0
4414,RANCHERITOS HOLLADAY|4735 S HIGHLAND DR|HOLLADAY,4/7/2021,2,2.0
4415,RC WILLEY|13300 S 200 W|DRAPER,3/26/2025,1,4.0
4416,RC WILLEY|13300 S 200 W|DRAPER,2/2/2024,1,9.0
4417,RC WILLEY|13300 S 200 W|DRAPER,10/12/2022,1,6.0
4418,RC WILLEY|13300 S 200 W|DRAPER,1/16/2020,1,10.0
4419,RC WILLEY|13300 S 200 W|DRAPER,1/7/2019,1,6.0
4420,RC WILLEY|13300 S 200 W|DRAPER,2/7/2018,1,12.0
4421,RC WILLEY|13300 S 200 W|DRAPER,1/23/2017,1,20.0
4422,RC WILLEY|13300 S 200 W|DRAPER,11/10/2015,1,10.0
4423,RC WILLEY|13300 S 200 W|DRAPER,9/15/2014,1,9.0
4424,RC WILLEY|2301 S 300 W|SOUTH SALT LAKE,5/21/2026,1,3.0
4425,RC WILLEY|2301 S 300 W|SOUTH SALT LAKE,5/20/2025,1,0.0
4426,RC WILLEY|2301 S 300 W|SOUTH SALT LAKE,9/21/2023,1,0.0
4427,RC WILLEY|2301 S 300 W|SOUTH SALT LAKE,2/8/2022,1,0.0
4428,RC WILLEY|2301 S 300 W|SOUTH SALT LAKE,9/11/2019,1,7.0
4429,RC WILLEY|2301 S 300 W|SOUTH SALT LAKE,4/23/2018,1,9.0
4430,RC WILLEY|2301 S 300 W|SOUTH SALT LAKE,2/28/2017,1,10.0
4431,REAL 100 LIONS CLUB & PANTRY|9256 S STATE ST|SANDY,4/18/2026,1,3.0
4432,REAL 100 LIONS CLUB & PANTRY|9256 S STATE ST|SANDY,9/18/2024,1,6.0
4433,REAL 100 LIONS CLUB & PANTRY|9256 S STATE ST|SANDY,7/17/2022,1,13.0
4434,REAL 100 LIONS CLUB & PANTRY|9256 S STATE ST|SANDY,9/4/2021,1,10.0
4435,REAL 100 LIONS CLUB & PANTRY|9256 S STATE ST|SANDY,8/26/2020,1,8.0
4436,REAL 100 LIONS CLUB & PANTRY|9256 S STATE ST|SANDY,5/24/2019,1,10.0
4437,REAL 100 LIONS CLUB & PANTRY|9256 S STATE ST|SANDY,5/24/2019,1,4.0
4438,REAL 100 LIONS CLUB & PANTRY|9256 S STATE ST|SANDY,4/7/2018,1,7.0
4439,REAL 100 LIONS CLUB & PANTRY|9256 S STATE ST|SANDY,3/18/2017,1,7.0
4440,REAL 100 LIONS CLUB & PANTRY|9256 S STATE ST|SANDY,9/7/2016,1,1.0
4441,REAL FOODS|2209 S HIGHLAND DR|SALT LAKE CITY,1/20/2026,1,9.0
4442,REAL FOODS|2209 S HIGHLAND DR|SALT LAKE CITY,10/21/2025,1,8.0
4443,REAL FOODS|2209 S HIGHLAND DR|SALT LAKE CITY,5/8/2024,1,30.0
4444,REAL FOODS|2209 S HIGHLAND DR|SALT LAKE CITY,10/25/2022,1,33.0
4445,REAL FOODS|2209 S HIGHLAND DR|SALT LAKE CITY,10/25/2021,1,42.0
4446,REAL FOODS|2209 S HIGHLAND DR|SALT LAKE CITY,12/17/2019,1,10.0
4447,REAL FOODS|2209 S HIGHLAND DR|SALT LAKE CITY,6/20/2019,1,15.0
4448,REAL FOODS|2209 S HIGHLAND DR|SALT LAKE CITY,10/30/2018,1,14.0
4449,REAL FOODS|2209 S HIGHLAND DR|SALT LAKE CITY,4/16/2018,1,16.0
4450,REAL FOODS|2209 S HIGHLAND DR|SALT LAKE CITY,3/21/2017,1,24.0
4451,REAL INTERFORM CLUB|9256 S STATE ST|SANDY,4/18/2026,1,1.0
4452,REAL INTERFORM CLUB|9256 S STATE ST|SANDY,9/18/2024,1,6.0
4453,REAL INTERFORM CLUB|9256 S STATE ST|SANDY,7/17/2022,1,7.0
4454,REAL INTERFORM CLUB|9256 S STATE ST|SANDY,9/4/2021,1,6.0
4455,REAL INTERFORM CLUB|9256 S STATE ST|SANDY,8/26/2020,1,21.0
4456,REAL INTERFORM CLUB|9256 S STATE ST|SANDY,8/24/2019,1,15.0
4457,REAL INTERFORM CLUB|9256 S STATE ST|SANDY,4/7/2018,1,5.0
4458,REAL INTERFORM CLUB|9256 S STATE ST|SANDY,9/7/2016,1,13.0
4459,REAL INTERFORM CLUB|9256 S STATE ST|SANDY,7/1/2015,1,22.0
4460,REAL INTERFORM CLUB|9256 S STATE ST|SANDY,9/19/2014,1,8.0
4461,REAL SALT LAKE MAIN KITCHEN|9256 S STATE ST|SANDY,4/18/2026,1,11.0
4462,REAL SALT LAKE MAIN KITCHEN|9256 S STATE ST|SANDY,2/10/2025,1,1.0
4463,REAL SALT LAKE MAIN KITCHEN|9256 S STATE ST|SANDY,9/18/2024,1,3.0
4464,REAL SALT LAKE MAIN KITCHEN|9256 S STATE ST|SANDY,7/17/2022,1,9.0
4465,REAL SALT LAKE MAIN KITCHEN|9256 S STATE ST|SANDY,9/4/2021,1,12.0
4466,REAL SALT LAKE MAIN KITCHEN|9256 S STATE ST|SANDY,8/26/2020,1,8.0
4467,REAL SALT LAKE MAIN KITCHEN|9256 S STATE ST|SANDY,8/24/2019,1,17.0
4468,REAL SALT LAKE MAIN KITCHEN|9256 S STATE ST|SANDY,3/8/2019,1,24.0
4469,REAL SALT LAKE MAIN KITCHEN|9256 S STATE ST|SANDY,4/7/2018,1,9.0
4470,REAL SALT LAKE MAIN KITCHEN|9256 S STATE ST|SANDY,4/11/2017,7,4.0
4471,REAL SUITE PANTRY 4TH FLOOR|9256 S STATE ST|SANDY,4/18/2026,1,2.0
4472,REAL SUITE PANTRY 4TH FLOOR|9256 S STATE ST|SANDY,9/18/2024,1,1.0
4473,REAL SUITE PANTRY 4TH FLOOR|9256 S STATE ST|SANDY,7/17/2022,1,6.0
4474,REAL SUITE PANTRY 4TH FLOOR|9256 S STATE ST|SANDY,9/4/2021,1,0.0
4475,REAL SUITE PANTRY 4TH FLOOR|9256 S STATE ST|SANDY,8/26/2020,1,5.0
4476,REAL SUITE PANTRY 4TH FLOOR|9256 S STATE ST|SANDY,5/24/2019,1,0.0
4477,REAL SUITE PANTRY 4TH FLOOR|9256 S STATE ST|SANDY,4/7/2018,1,4.0
4478,REAL SUITE PANTRY 4TH FLOOR|9256 S STATE ST|SANDY,9/7/2016,1,1.0
4479,REAL SUITE PANTRY 4TH FLOOR|9256 S STATE ST|SANDY,9/19/2014,1,0.0
4480,REAL SUITE PANTRY 4TH FLOOR|9256 S STATE ST|SANDY,8/7/2013,1,0.0
4481,REAL TAQUERIA DOG PATIO|1869 E MURRAY HOLLADAY RD|HOLLADAY,4/6/2026,1,0.0
4482,REAL TAQUERIA DOG PATIO|1869 E MURRAY HOLLADAY RD|HOLLADAY,4/3/2025,1,0.0
4483,REAL TAQUERIA RESTAURANT #1A37B|1869 E MURRAY HOLLADAY RD|HOLLADAY,4/6/2026,1,0.0
4484,REAL TAQUERIA RESTAURANT #1A37B|1869 E MURRAY HOLLADAY RD|HOLLADAY,7/3/2025,1,3.0
4485,REBEL #916|95 W 10600 S|SANDY,8/4/2025,1,4.0
4486,REBEL #916|95 W 10600 S|SANDY,7/23/2024,1,6.0
4487,REBEL #916|95 W 10600 S|SANDY,1/11/2023,1,11.0
4488,REBEL #916|95 W 10600 S|SANDY,12/13/2021,1,10.0
4489,RED FOOD TRUCK#X258MU|751 W 800 S|SALT LAKE CITY,6/22/2026,1,4.0
4490,RED FOOD TRUCK#X258MU|751 W 800 S|SALT LAKE CITY,6/14/2025,1,15.0
4491,RED IGUANA 2 RED TREE ROOM|866 W SOUTHTEMPLE ST|SALT LAKE CITY,7/15/2026,1,5.0
4492,RED IGUANA 2 RED TREE ROOM|866 W SOUTHTEMPLE ST|SALT LAKE CITY,12/9/2024,1,6.0
4493,RED IGUANA 2 RED TREE ROOM|866 W SOUTHTEMPLE ST|SALT LAKE CITY,9/13/2023,1,1.0
4494,RED IGUANA 2 RED TREE ROOM|866 W SOUTHTEMPLE ST|SALT LAKE CITY,11/21/2022,1,1.0
4495,RED IGUANA 2 RED TREE ROOM|866 W SOUTHTEMPLE ST|SALT LAKE CITY,8/25/2021,1,2.0
4496,RED IGUANA 2 RED TREE ROOM|866 W SOUTHTEMPLE ST|SALT LAKE CITY,7/19/2019,1,7.0
4497,RED IGUANA 2 RED TREE ROOM|866 W SOUTHTEMPLE ST|SALT LAKE CITY,4/12/2018,1,8.0
4498,RED IGUANA 2 RED TREE ROOM|866 W SOUTHTEMPLE ST|SALT LAKE CITY,8/25/2016,1,2.0
4499,RED IGUANA 2 RED TREE ROOM|866 W SOUTHTEMPLE ST|SALT LAKE CITY,5/22/2015,1,3.0
4500,RED IGUANA 2 RED TREE ROOM|866 W SOUTHTEMPLE ST|SALT LAKE CITY,5/7/2014,1,2.0
4501,RED LOBSTER|298 E WINCHESTER ST|MURRAY,3/25/2026,1,5.0
4502,RED LOBSTER|298 E WINCHESTER ST|MURRAY,10/8/2025,1,20.0
4503,RED LOBSTER|298 E WINCHESTER ST|MURRAY,4/16/2025,1,28.0
4504,RED LOBSTER|298 E WINCHESTER ST|MURRAY,11/14/2024,1,16.0
4505,RED LOBSTER|298 E WINCHESTER ST|MURRAY,7/15/2024,1,48.0
4506,RED LOBSTER|298 E WINCHESTER ST|MURRAY,2/12/2024,1,34.0
4507,RED LOBSTER|298 E WINCHESTER ST|MURRAY,10/16/2023,1,35.0
4508,RED LOBSTER|298 E WINCHESTER ST|MURRAY,6/8/2023,7,0.0
4509,RED LOBSTER|298 E WINCHESTER ST|MURRAY,5/25/2023,1,41.0
4510,RED LOBSTER|298 E WINCHESTER ST|MURRAY,4/19/2022,1,36.0
4511,RED LOBSTER|2294 S 1300 E|SALT LAKE CITY,2/2/2026,1,5.0
4512,RED LOBSTER|2294 S 1300 E|SALT LAKE CITY,4/3/2025,1,27.0
4513,RED LOBSTER|2294 S 1300 E|SALT LAKE CITY,5/7/2024,1,25.0
4514,RED LOBSTER|2294 S 1300 E|SALT LAKE CITY,6/8/2023,1,12.0
4515,RED LOBSTER|2294 S 1300 E|SALT LAKE CITY,5/22/2023,2,17.0
4516,RED LOBSTER|2294 S 1300 E|SALT LAKE CITY,5/14/2023,7,16.0
4517,RED LOBSTER|2294 S 1300 E|SALT LAKE CITY,8/30/2022,1,15.0
4518,RED LOBSTER|2294 S 1300 E|SALT LAKE CITY,1/28/2022,1,36.0
4519,RED LOBSTER|2294 S 1300 E|SALT LAKE CITY,6/4/2020,1,39.0
4520,RED LOBSTER|2294 S 1300 E|SALT LAKE CITY,11/13/2019,1,12.0
4521,RED ROBIN #410|316 E WINCHESTER ST|MURRAY,3/25/2026,1,3.0
4522,RED ROBIN #410|316 E WINCHESTER ST|MURRAY,10/8/2025,1,27.0
4523,RED ROBIN #410|316 E WINCHESTER ST|MURRAY,4/16/2025,1,13.0
4524,RED ROBIN #410|316 E WINCHESTER ST|MURRAY,11/14/2024,1,30.0
4525,RED ROBIN #410|316 E WINCHESTER ST|MURRAY,7/15/2024,1,33.0
4526,RED ROBIN #410|316 E WINCHESTER ST|MURRAY,2/12/2024,1,14.0
4527,RED ROBIN #410|316 E WINCHESTER ST|MURRAY,10/16/2023,1,30.0
4528,RED ROBIN #410|316 E WINCHESTER ST|MURRAY,5/25/2023,1,54.0
4529,RED ROBIN #410|316 E WINCHESTER ST|MURRAY,12/28/2022,1,16.0
4530,RED ROBIN #410|316 E WINCHESTER ST|MURRAY,2/2/2022,1,22.0
4531,RED ROCK PLACE DOG PATIO|6227 S STATE ST|MURRAY,5/12/2026,1,0.0
4532,RED ROCK PLACE DOG PATIO|6227 S STATE ST|MURRAY,11/15/2024,1,0.0
4533,RED ROCK PLACE DOG PATIO|6227 S STATE ST|MURRAY,10/23/2023,1,0.0
4534,RED ROCK PLACE DOG PATIO|6227 S STATE ST|MURRAY,8/23/2022,1,0.0
4535,RED ROCK PLACE DOG PATIO|6227 S STATE ST|MURRAY,4/26/2021,1,0.0
4536,REDWOOD FOOD SERVICE - PIZZA STATION|4600 S REDWOOD RD|SALT LAKE CITY,6/8/2026,1,2.0
4537,REDWOOD FOOD SERVICE - PIZZA STATION|4600 S REDWOOD RD|SALT LAKE CITY,2/13/2025,1,1.0
4538,REDWOOD FOOD SERVICE - PIZZA STATION|4600 S REDWOOD RD|SALT LAKE CITY,1/10/2024,1,1.0
4539,REGAL CINEMAS 14 & RPX|5516 S REDWOOD RD|TAYLORSVILLE,6/30/2026,1,3.0
4540,REGAL CINEMAS 14 & RPX|5516 S REDWOOD RD|TAYLORSVILLE,1/14/2025,1,11.0
4541,REGAL CINEMAS 14 & RPX|5516 S REDWOOD RD|TAYLORSVILLE,1/22/2024,1,12.0
4542,REGAL CINEMAS 14 & RPX|5516 S REDWOOD RD|TAYLORSVILLE,6/22/2022,1,3.0
4543,REGAL CINEMAS 14 & RPX|5516 S REDWOOD RD|TAYLORSVILLE,6/9/2021,1,6.0
4544,REGAL CINEMAS 14 & RPX|5516 S REDWOOD RD|TAYLORSVILLE,4/17/2019,1,3.0
4545,REGAL CINEMAS 14 & RPX|5516 S REDWOOD RD|TAYLORSVILLE,3/28/2018,1,8.0
4546,REGAL CINEMAS 14 & RPX|5516 S REDWOOD RD|TAYLORSVILLE,4/24/2017,1,6.0
4547,RENEES CHEESECAKE|2037 W 13800 S|RIVERTON,11/20/2025,1,1.0
4548,RENEES CHEESECAKE|2037 W 13800 S|RIVERTON,11/21/2024,1,0.0
4549,RENEES CHEESECAKE|2037 W 13800 S|RIVERTON,11/16/2023,1,0.0
4550,RENEES CHEESECAKE|2037 W 13800 S|RIVERTON,6/6/2022,1,7.0
4551,RENEES CHEESECAKE|2037 W 13800 S|RIVERTON,9/1/2020,1,1.0
4552,RENEES CHEESECAKE #F117SZ|2037 W 13800 S|RIVERTON,11/20/2025,1,0.0
4553,RENEES CHEESECAKE #F117SZ|2037 W 13800 S|RIVERTON,11/21/2024,1,0.0
4554,RENEES CHEESECAKE #F117SZ|2037 W 13800 S|RIVERTON,11/27/2023,1,0.0
4555,RENEES CHEESECAKE #F117SZ|2037 W 13800 S|RIVERTON,5/13/2022,1,1.0
4556,RENEES CHEESECAKE #F117SZ|2037 W 13800 S|RIVERTON,5/12/2022,1,9.0
4557,RENEES CHEESECAKE #F117SZ|2037 W 13800 S|RIVERTON,4/29/2021,1,0.0
4558,RENEES CHEESECAKE #F117SZ|2037 W 13800 S|RIVERTON,9/1/2020,1,0.0
4559,REPEAL|19 E 200 S|SALT LAKE CITY,1/7/2026,1,12.0
4560,RESIDENCE INN SLC COTTONWOOD|6425 S 3000 E|SALT LAKE CITY,6/4/2025,1,6.0
4561,RESIDENCE INN SLC COTTONWOOD|6425 S 3000 E|SALT LAKE CITY,6/25/2024,1,3.0
4562,RESTAURANT & FAMILY MART 1|3435 S MAIN ST|SOUTH SALT LAKE,3/16/2026,1,7.0
4563,REVEL SOCIAL|145 W PIERPONT AVE|SALT LAKE CITY,12/9/2025,1,4.0
4564,REVEL SOCIAL|145 W PIERPONT AVE|SALT LAKE CITY,11/15/2024,1,3.0
4565,REVEL SOCIAL|145 W PIERPONT AVE|SALT LAKE CITY,9/23/2022,1,0.0
4566,RIO ACAI|14557 S 790 W|BLUFFDALE,11/17/2025,1,0.0
4567,RIO GRANDE CAFE 1300 EAST|258 S 1300 E|SALT LAKE CITY,6/8/2026,1,5.0
4568,RIO GRANDE CAFE 1300 EAST|258 S 1300 E|SALT LAKE CITY,11/5/2025,1,8.0
4569,RIO GRANDE CAFE 1300 EAST|258 S 1300 E|SALT LAKE CITY,2/4/2025,1,7.0
4570,RIO GRANDE CAFE 1300 EAST|258 S 1300 E|SALT LAKE CITY,3/5/2024,1,2.0
4571,RIO GRANDE CAFE 1300 EAST|258 S 1300 E|SALT LAKE CITY,9/6/2023,1,5.0
4572,RIO GRANDE CAFE 1300 EAST|258 S 1300 E|SALT LAKE CITY,3/27/2023,1,8.0
4573,RIO GRANDE CAFE 1300 EAST|258 S 1300 E|SALT LAKE CITY,8/3/2021,1,5.0
4574,RIO GRANDE CAFE 1300 EAST|258 S 1300 E|SALT LAKE CITY,6/10/2020,1,0.0
4575,RIO GRANDE CAFE 1300 EAST|258 S 1300 E|SALT LAKE CITY,8/12/2019,1,4.0
4576,RIO GRANDE CAFE 1300 EAST|258 S 1300 E|SALT LAKE CITY,3/25/2019,1,12.0
4577,RIO TINTO STADIUM EXECUTIVE CLUB|9256 S STATE ST|SANDY,5/1/2025,1,2.0
4578,RIO TINTO STADIUM EXECUTIVE CLUB|9256 S STATE ST|SANDY,9/18/2024,1,10.0
4579,RIO TINTO STADIUM EXECUTIVE CLUB|9256 S STATE ST|SANDY,7/17/2022,1,9.0
4580,RIO TINTO STADIUM EXECUTIVE CLUB|9256 S STATE ST|SANDY,9/4/2021,1,5.0
4581,RIO TINTO STADIUM EXECUTIVE CLUB|9256 S STATE ST|SANDY,8/26/2020,1,6.0
4582,RIO TINTO STADIUM EXECUTIVE CLUB|9256 S STATE ST|SANDY,8/26/2020,1,3.0
4583,RIO TINTO STADIUM EXECUTIVE CLUB|9256 S STATE ST|SANDY,5/24/2019,1,3.0
4584,RIO TINTO STADIUM EXECUTIVE CLUB|9256 S STATE ST|SANDY,4/7/2018,1,15.0
4585,RIO TINTO STADIUM EXECUTIVE CLUB|9256 S STATE ST|SANDY,3/18/2017,1,34.0
4586,RITAS ITALIAN ICE|4608 W PARTRIDGE HILL LN|RIVERTON,11/3/2025,1,4.0
4587,RITAS ITALIAN ICE|4608 W PARTRIDGE HILL LN|RIVERTON,11/4/2024,1,2.0
4588,RITAS ITALIAN ICE|4608 W PARTRIDGE HILL LN|RIVERTON,10/23/2023,1,9.0
4589,RIVERS BEND SENIOR CENTER|1300 W 300 N|SALT LAKE CITY,2/10/2025,1,1.0
4590,RIVERS BEND SENIOR CENTER|1300 W 300 N|SALT LAKE CITY,11/9/2023,1,1.0
4591,RIVERS BEND SENIOR CENTER|1300 W 300 N|SALT LAKE CITY,2/21/2023,1,1.0
4592,RIVERS BEND SENIOR CENTER|1300 W 300 N|SALT LAKE CITY,6/25/2021,1,1.0
4593,RIVERS BEND SENIOR CENTER|1300 W 300 N|SALT LAKE CITY,1/11/2019,1,7.0
4594,RIVERS BEND SENIOR CENTER|1300 W 300 N|SALT LAKE CITY,1/12/2018,1,2.0
4595,RIVERS BEND SENIOR CENTER|1300 W 300 N|SALT LAKE CITY,3/21/2016,1,0.0
4596,RIVERTON SENIOR CENTER|12914 S REDWOOD|RIVERTON,7/13/2026,1,1.0
4597,RIVERTON SENIOR CENTER|12914 S REDWOOD|RIVERTON,5/20/2026,7,0.0
4598,RIVERTON SENIOR CENTER|12914 S REDWOOD|RIVERTON,10/25/2024,1,18.0
4599,RIVERTON SENIOR CENTER|12914 S REDWOOD|RIVERTON,10/24/2023,1,7.0
4600,RIVERTON SENIOR CENTER|12914 S REDWOOD|RIVERTON,2/24/2022,1,5.0
4601,RIVERTON SENIOR CENTER|12914 S REDWOOD|RIVERTON,9/8/2020,1,3.0
4602,RIVERTON SENIOR CENTER|12914 S REDWOOD|RIVERTON,1/9/2019,1,4.0
4603,RIVERTON SENIOR CENTER|12914 S REDWOOD|RIVERTON,1/29/2018,1,7.0
4604,RIVERTON SENIOR CENTER|12914 S REDWOOD|RIVERTON,2/6/2017,1,12.0
4605,RIVERTON SENIOR CENTER|12914 S REDWOOD|RIVERTON,1/12/2016,1,6.0
4606,ROBERTSONS|4490 S HIGHLAND DR|MILLCREEK TS,2/2/2026,1,3.0
4607,ROBERTSONS|4490 S HIGHLAND DR|MILLCREEK TS,2/7/2025,1,0.0
4608,ROBERTSONS|4490 S HIGHLAND DR|MILLCREEK TS,9/21/2023,1,11.0
4609,ROBERTSONS|4490 S HIGHLAND DR|MILLCREEK TS,12/2/2021,1,18.0
4610,ROBERTSONS|4490 S HIGHLAND DR|MILLCREEK TS,7/31/2020,1,16.0
4611,ROBERTSONS|4490 S HIGHLAND DR|MILLCREEK TS,6/19/2019,1,15.0
4612,ROBERTSONS|4490 S HIGHLAND DR|MILLCREEK TS,6/8/2018,1,22.0
4613,ROBERTSONS|4490 S HIGHLAND DR|MILLCREEK TS,8/3/2016,1,1.0
4614,ROBERTSONS|4490 S HIGHLAND DR|MILLCREEK TS,10/27/2014,1,9.0
4615,ROBERTSONS|4490 S HIGHLAND DR|MILLCREEK TS,12/12/2013,1,33.0
4616,ROBINS NEST|268 S STATE ST|SALT LAKE CITY,4/8/2026,1,8.0
4617,ROBINS NEST|268 S STATE ST|SALT LAKE CITY,9/18/2025,1,25.0
4618,ROBINS NEST|268 S STATE ST|SALT LAKE CITY,1/28/2025,1,11.0
4619,ROBINS NEST|268 S STATE ST|SALT LAKE CITY,7/2/2024,1,9.0
4620,ROBINS NEST|268 S STATE ST|SALT LAKE CITY,12/6/2023,1,5.0
4621,ROBINS NEST|268 S STATE ST|SALT LAKE CITY,6/15/2023,1,7.0
4622,RODANDO SABORES #7HBZ8|609 E 2100 S|SALT LAKE CITY,4/20/2026,1,4.0
4623,ROLLING BISTRO #TRUCK 5|5176 W LIBERATOR DR|KEARNS,6/7/2024,1,4.0
4624,ROLLING BISTRO #TRUCK 5|5176 W LIBERATOR DR|KEARNS,8/5/2023,1,0.0
4625,ROLLING BISTRO #TRUCK 5|5176 W LIBERATOR DR|KEARNS,5/12/2022,1,6.0
4626,ROLLING BISTRO #TRUCK 5|5176 W LIBERATOR DR|KEARNS,7/1/2021,1,10.0
4627,ROLLING BISTRO #TRUCK 5|5176 W LIBERATOR DR|KEARNS,4/8/2021,7,0.0
4628,ROLLING BISTRO #TRUCK 5|5176 W LIBERATOR DR|KEARNS,3/4/2020,7,2.0
4629,ROLLING BISTRO #TRUCK 5|5176 W LIBERATOR DR|KEARNS,6/22/2019,1,1.0
4630,ROOTD CAFE DOG PATIO PERMIT|2577 BENGAL BLVD|COTTONWOOD HEIGHTS,10/27/2025,1,0.0
4631,ROOTD CAFE DOG PATIO PERMIT|2577 BENGAL BLVD|COTTONWOOD HEIGHTS,8/27/2024,1,0.0
4632,ROOTD CAFE DOG PATIO PERMIT|2577 BENGAL BLVD|COTTONWOOD HEIGHTS,9/11/2023,1,0.0
4633,ROOTD CAFE DOG PATIO PERMIT|2577 BENGAL BLVD|COTTONWOOD HEIGHTS,1/13/2022,1,0.0
4634,ROOTS COFFEE & CO|774 S 300 W|SALT LAKE CITY,12/17/2024,1,5.0
4635,ROOTS COFFEE & CO|774 S 300 W|SALT LAKE CITY,8/1/2023,1,5.0
4636,ROOTS COFFEE & CO|774 S 300 W|SALT LAKE CITY,1/3/2022,1,4.0
4637,ROOTS COFFEE & CO SUGARHOUSE|1386 S 1100 E|SALT LAKE CITY,8/6/2025,1,2.0
4638,ROOTS COFFEE & CO SUGARHOUSE|1386 S 1100 E|SALT LAKE CITY,2/5/2024,1,12.0
4639,ROUNDS PUTT LOUNGE|3939 S WASATCH BLVD|MILLCREEK,1/20/2026,1,3.0
4640,ROXBERRY JUICE COMPANY|1283 DRAPER PKWY|DRAPER,3/18/2025,1,4.0
4641,ROXBERRY JUICE COMPANY|1283 DRAPER PKWY|DRAPER,2/14/2024,1,23.0
4642,RSL TRAINING ACADEMY|14787 S ACADEMY PKWY|HERRIMAN,3/23/2026,1,3.0
4643,RSL TRAINING ACADEMY|14787 S ACADEMY PKWY|HERRIMAN,3/10/2025,1,2.0
4644,RSL TRAINING ACADEMY|14787 S ACADEMY PKWY|HERRIMAN,9/23/2024,1,1.0
4645,RSL TRAINING ACADEMY|14787 S ACADEMY PKWY|HERRIMAN,4/8/2024,1,9.0
4646,RSL TRAINING ACADEMY|14787 S ACADEMY PKWY|HERRIMAN,5/22/2023,1,2.0
4647,RSL TRAINING ACADEMY|14787 S ACADEMY PKWY|HERRIMAN,10/10/2022,1,1.0
4648,RSL TRAINING ACADEMY ZBRA CONCESSIONS|14787 S ACADEMY PKWY|HERRIMAN,5/19/2026,1,8.0
4649,RSL TRAINING ACADEMY ZBRA CONCESSIONS|14787 S ACADEMY PKWY|HERRIMAN,11/17/2025,1,8.0
4650,RSL TRAINING ACADEMY ZBRA CONCESSIONS|14787 S ACADEMY PKWY|HERRIMAN,3/10/2025,1,0.0
4651,RSL TRAINING ACADEMY ZBRA CONCESSIONS|14787 S ACADEMY PKWY|HERRIMAN,9/23/2024,1,0.0
4652,RSL TRAINING ACADEMY ZBRA CONCESSIONS|14787 S ACADEMY PKWY|HERRIMAN,4/8/2024,1,1.0
4653,RSL TRAINING ACADEMY ZBRA CONCESSIONS|14787 S ACADEMY PKWY|HERRIMAN,10/19/2023,1,0.0
4654,RSL TRAINING ACADEMY ZBRA CONCESSIONS|14787 S ACADEMY PKWY|HERRIMAN,11/7/2022,1,1.0
4655,RUNWAY CAFE|2211 W NORTH TEMPLE ST|SALT LAKE CITY,3/11/2025,1,11.0
4656,RUNWAY CAFE|2211 W NORTH TEMPLE ST|SALT LAKE CITY,7/2/2024,1,10.0
4657,RUNWAY CAFE|2211 W NORTH TEMPLE ST|SALT LAKE CITY,1/24/2024,1,12.0
4658,RUNWAY CAFE|2211 W NORTH TEMPLE ST|SALT LAKE CITY,7/28/2023,1,20.0
4659,RUNWAY CAFE|2211 W NORTH TEMPLE ST|SALT LAKE CITY,10/13/2022,1,41.0
4660,SAGATO BAKERY & CAFE|44 W 7200 S|MIDVALE,3/6/2026,1,1.0
4661,SAGATO BAKERY & CAFE|44 W 7200 S|MIDVALE,2/26/2026,1,114.0
4662,SAGATO BAKERY & CAFE|44 W 7200 S|MIDVALE,9/19/2024,1,27.0
4663,SAGATO BAKERY & CAFE|44 W 7200 S|MIDVALE,1/12/2024,1,51.0
4664,SAGATO BAKERY & CAFE|44 W 7200 S|MIDVALE,6/21/2023,1,40.0
4665,SAGATO BAKERY & CAFE|44 W 7200 S|MIDVALE,7/7/2022,1,16.0
4666,SAGATO BAKERY & CAFE|44 W 7200 S|MIDVALE,6/2/2021,1,14.0
4667,SAGATO BAKERY & CAFE|44 W 7200 S|MIDVALE,12/11/2019,1,20.0
4668,SAGATO BAKERY & CAFE|44 W 7200 S|MIDVALE,6/4/2019,1,20.0
4669,SAGATO BAKERY & CAFE|44 W 7200 S|MIDVALE,12/27/2018,1,29.0
4670,SALT CITY BBQ|545 W 700 S|SALT LAKE CITY,10/17/2025,2,12.0
4671,SALT CITY BBQ|545 W 700 S|SALT LAKE CITY,10/13/2025,7,119.0
4672,SALT CITY BBQ|545 W 700 S|SALT LAKE CITY,7/30/2025,1,1.0
4673,SALT CITY SMOKEHOUSE 306/DELTA CENTER|301 W SOUTH TEMPLE ST|SALT LAKE CITY,11/20/2025,1,9.0
4674,SALT CITY SMOKEHOUSE 306/DELTA CENTER|301 W SOUTH TEMPLE ST|SALT LAKE CITY,4/2/2024,1,1.0
4675,SALT LAKE BREWING CO AIRPORT|3920 W TERMINAL DR|SALT LAKE CITY,2/13/2026,1,11.0
4676,SALT LAKE BREWING CO AIRPORT|3920 W TERMINAL DR|SALT LAKE CITY,12/12/2025,7,5.0
4677,SALT LAKE BREWING CO AIRPORT|3920 W TERMINAL DR|SALT LAKE CITY,7/11/2025,1,21.0
4678,SALT LAKE BREWING CO AIRPORT|3920 W TERMINAL DR|SALT LAKE CITY,9/20/2024,1,8.0
4679,SALT LAKE BREWING CO AIRPORT|3920 W TERMINAL DR|SALT LAKE CITY,1/4/2024,1,16.0
4680,SALT LAKE BREWING CO AIRPORT|3920 W TERMINAL DR|SALT LAKE CITY,5/16/2023,1,13.0
4681,SALT LAKE BREWING CO AIRPORT|3920 W TERMINAL DR|SALT LAKE CITY,10/28/2022,1,15.0
4682,SALT LAKE CLINIC FAULT LINE CAFE|333 S 900 E|SALT LAKE CITY,7/6/2026,1,2.0
4683,SALT LAKE CLINIC FAULT LINE CAFE|333 S 900 E|SALT LAKE CITY,6/26/2025,1,15.0
4684,SALT LAKE CLINIC FAULT LINE CAFE|333 S 900 E|SALT LAKE CITY,10/30/2023,1,4.0
4685,SALT LAKE CLINIC FAULT LINE CAFE|333 S 900 E|SALT LAKE CITY,1/12/2022,1,9.0
4686,SALT LAKE CLINIC FAULT LINE CAFE|333 S 900 E|SALT LAKE CITY,4/1/2019,1,8.0
4687,SALT LAKE CLINIC FAULT LINE CAFE|333 S 900 E|SALT LAKE CITY,3/19/2018,1,2.0
4688,SALT LAKE CLINIC FAULT LINE CAFE|333 S 900 E|SALT LAKE CITY,2/10/2017,1,2.0
4689,SALT LAKE CLINIC FAULT LINE CAFE|333 S 900 E|SALT LAKE CITY,1/4/2016,1,10.0
4690,SALT LAKE CLINIC FAULT LINE CAFE|333 S 900 E|SALT LAKE CITY,11/19/2014,1,12.0
4691,SALT LAKE CLINIC FAULT LINE CAFE|333 S 900 E|SALT LAKE CITY,5/31/2013,1,16.0
4692,SALT LAKE COUNTRY CLUB - MAIN KITCHEN|2400 E COUNTRY CLUB DR|SALT LAKE CITY,5/13/2026,1,13.0
4693,SALT LAKE COUNTRY CLUB - MAIN KITCHEN|2400 E COUNTRY CLUB DR|SALT LAKE CITY,5/28/2025,1,21.0
4694,SALT LAKE COUNTRY CLUB - MAIN KITCHEN|2400 E COUNTRY CLUB DR|SALT LAKE CITY,4/30/2024,1,9.0
4695,SALT LAKE COUNTRY CLUB - MAIN KITCHEN|2400 E COUNTRY CLUB DR|SALT LAKE CITY,6/28/2022,1,15.0
4696,SALT LAKE COUNTRY CLUB - MAIN KITCHEN|2400 E COUNTRY CLUB DR|SALT LAKE CITY,6/24/2020,1,8.0
4697,SALT LAKE COUNTRY CLUB - MAIN KITCHEN|2400 E COUNTRY CLUB DR|SALT LAKE CITY,11/8/2019,1,19.0
4698,SALT LAKE COUNTRY CLUB - MAIN KITCHEN|2400 E COUNTRY CLUB DR|SALT LAKE CITY,5/10/2019,1,21.0
4699,SALT LAKE COUNTRY CLUB - MAIN KITCHEN|2400 E COUNTRY CLUB DR|SALT LAKE CITY,11/13/2018,1,14.0
4700,SALT LAKE COUNTRY CLUB - MAIN KITCHEN|2400 E COUNTRY CLUB DR|SALT LAKE CITY,3/21/2018,1,19.0
4701,SALT LAKE COUNTRY CLUB - MAIN KITCHEN|2400 E COUNTRY CLUB DR|SALT LAKE CITY,6/8/2017,1,9.0
4702,SALT LAKE MARRIOTT DOWNTOWN AT CITY CREEK - BUFFET|75 S WEST TEMPLE ST|SALT LAKE CITY,8/1/2025,1,1.0
4703,SALT LAKE MARRIOTT DOWNTOWN AT CITY CREEK - BUFFET|75 S WEST TEMPLE ST|SALT LAKE CITY,3/26/2024,1,1.0
4704,SALT LAKE MARRIOTT DOWNTOWN AT CITY CREEK - BUFFET|75 S WEST TEMPLE ST|SALT LAKE CITY,8/23/2022,1,7.0
4705,SALT LAKE MARRIOTT DOWNTOWN AT CITY CREEK - BUFFET|75 S WEST TEMPLE ST|SALT LAKE CITY,10/6/2021,1,3.0
4706,SALT LAKE MARRIOTT DOWNTOWN AT CITY CREEK - BUFFET|75 S WEST TEMPLE ST|SALT LAKE CITY,2/19/2021,2,1.0
4707,SALT LAKE MARRIOTT DOWNTOWN AT CITY CREEK-STARBUCK|75 S WEST TEMPLE ST|SALT LAKE CITY,2/13/2025,1,2.0
4708,SALT LAKE MARRIOTT DOWNTOWN AT CITY CREEK-STARBUCK|75 S WEST TEMPLE ST|SALT LAKE CITY,3/26/2024,1,8.0
4709,SALT LAKE MARRIOTT DOWNTOWN AT CITY CREEK-STARBUCK|75 S WEST TEMPLE ST|SALT LAKE CITY,1/3/2022,1,4.0
4710,SALT LAKE MARRIOTT DOWNTOWN AT CITY CREEK-STARBUCK|75 S WEST TEMPLE ST|SALT LAKE CITY,2/20/2021,2,0.0
4711,SALT LAKE MARRIOTT/CONCIERGE LOUNGE|220 S STATE ST|SALT LAKE CITY,11/12/2025,1,9.0
4712,SALT LAKE MARRIOTT/CONCIERGE LOUNGE|220 S STATE ST|SALT LAKE CITY,1/15/2025,1,3.0
4713,SALT LAKE MARRIOTT/CONCIERGE LOUNGE|220 S STATE ST|SALT LAKE CITY,5/2/2024,1,3.0
4714,SALT LAKE MARRIOTT/CONCIERGE LOUNGE|220 S STATE ST|SALT LAKE CITY,9/26/2023,1,5.0
4715,SALT LAKE MARRIOTT/CONCIERGE LOUNGE|220 S STATE ST|SALT LAKE CITY,10/18/2022,1,7.0
4716,SALT LAKE MARRIOTT/CONCIERGE LOUNGE|220 S STATE ST|SALT LAKE CITY,6/30/2021,1,5.0
4717,SALT LAKE MARRIOTT/CONCIERGE LOUNGE|220 S STATE ST|SALT LAKE CITY,2/21/2020,1,1.0
4718,SALT LAKE MARRIOTT/CONCIERGE LOUNGE|220 S STATE ST|SALT LAKE CITY,12/4/2018,1,4.0
4719,SALTAIR SKY SOUTH EAST BAR|12408 W SALTAIR DR|MAGNA,8/8/2025,1,1.0
4720,SALTAIR SKY SOUTH WEST BAR|12408 W SALTAIR DR|MAGNA,8/8/2025,1,1.0
4721,SALTAIR SKY SOUTH WEST BAR|12408 W SALTAIR DR|MAGNA,6/13/2025,1,10.0
4722,SALTD CATERING CO|67 W 1700 S|SALT LAKE CITY,6/25/2025,1,0.0
4723,SALTD CATERING CO|67 W 1700 S|SALT LAKE CITY,3/30/2022,1,0.0
4724,SALTY PINEAPPLE #229019Z|13262 S ROSECREST RD|HERRIMAN,4/23/2026,1,3.0
4725,SALVATION ARMY|438 S 900 W|SALT LAKE CITY,11/18/2025,1,0.0
4726,SALVATION ARMY|438 S 900 W|SALT LAKE CITY,10/14/2024,1,0.0
4727,SALVATION ARMY|438 S 900 W|SALT LAKE CITY,5/24/2024,1,1.0
4728,SALVATION ARMY|438 S 900 W|SALT LAKE CITY,1/22/2024,1,0.0
4729,SALVATION ARMY|438 S 900 W|SALT LAKE CITY,8/30/2023,1,1.0
4730,SALVATION ARMY|438 S 900 W|SALT LAKE CITY,10/24/2022,1,0.0
4731,SALVATION ARMY|438 S 900 W|SALT LAKE CITY,6/24/2021,1,1.0
4732,SALVATION ARMY|438 S 900 W|SALT LAKE CITY,5/20/2019,1,0.0
4733,SALVATION ARMY|438 S 900 W|SALT LAKE CITY,12/7/2018,1,3.0
4734,SALVATION ARMY|438 S 900 W|SALT LAKE CITY,8/2/2018,1,10.0
4735,SALVATION ARMY #6E6YR|438 S 900 W|SALT LAKE CITY,6/23/2026,1,3.0
4736,SALVATION ARMY #6E6YR|438 S 900 W|SALT LAKE CITY,4/17/2025,1,0.0
4737,SALVATION ARMY #6E6YR|438 S 900 W|SALT LAKE CITY,4/11/2024,1,1.0
4738,SALVATION ARMY #6E6YR|438 S 900 W|SALT LAKE CITY,9/24/2022,1,1.0
4739,SALVATION ARMY #6E6YR|438 S 900 W|SALT LAKE CITY,11/2/2021,1,1.0
4740,SAMS CLUB #6686 DELI|1905 S 300 W|SALT LAKE CITY,4/24/2026,1,1.0
4741,SAMS CLUB #6686 DELI|1905 S 300 W|SALT LAKE CITY,4/15/2025,1,14.0
4742,SAMS CLUB #6686 DELI|1905 S 300 W|SALT LAKE CITY,2/21/2023,1,5.0
4743,SAMS CLUB #6686 DELI|1905 S 300 W|SALT LAKE CITY,2/25/2022,1,2.0
4744,SAMS CLUB #6686 DELI|1905 S 300 W|SALT LAKE CITY,9/15/2020,1,4.0
4745,SAMS CLUB #6686 DELI|1905 S 300 W|SALT LAKE CITY,2/12/2019,1,8.0
4746,SAMS CLUB #6686 DELI|1905 S 300 W|SALT LAKE CITY,2/20/2018,1,15.0
4747,SAMS CLUB #6686 DELI|1905 S 300 W|SALT LAKE CITY,10/31/2016,1,7.0
4748,SAMS CLUB #6686 DELI|1905 S 300 W|SALT LAKE CITY,7/30/2015,1,1.0
4749,SAMS CLUB #6686 DELI|1905 S 300 W|SALT LAKE CITY,3/7/2014,1,1.0
4750,SAMS CLUB FOOD COURT #4730|7571 S 3800 W|WEST JORDAN,11/4/2025,1,3.0
4751,SAMS CLUB FOOD COURT #4730|7571 S 3800 W|WEST JORDAN,11/18/2024,1,4.0
4752,SAMS CLUB FOOD COURT #4730|7571 S 3800 W|WEST JORDAN,11/27/2023,1,12.0
4753,SAMS CLUB FOOD COURT #4730|7571 S 3800 W|WEST JORDAN,1/11/2023,1,9.0
4754,SAMS CLUB FOOD COURT #4730|7571 S 3800 W|WEST JORDAN,3/18/2022,1,9.0
4755,SAMS CLUB FOOD COURT #4730|7571 S 3800 W|WEST JORDAN,3/4/2021,1,1.0
4756,SAMS CLUB FOOD COURT #4730|7571 S 3800 W|WEST JORDAN,7/8/2019,1,6.0
4757,SAMS CLUB FOOD COURT #4730|7571 S 3800 W|WEST JORDAN,10/25/2018,1,6.0
4758,SAMS CLUB FOOD COURT #4730|7571 S 3800 W|WEST JORDAN,8/11/2017,1,13.0
4759,SAMS CLUB FOOD COURT #4730|7571 S 3800 W|WEST JORDAN,9/30/2016,1,4.0
4760,SANDY STOP SHELL|7820 S 700 E|SANDY,6/12/2026,1,4.0
4761,SANDY STOP SHELL|7820 S 700 E|SANDY,3/21/2025,1,9.0
4762,SANDY STOP SHELL|7820 S 700 E|SANDY,9/20/2023,1,8.0
4763,SANDY STOP SHELL|7820 S 700 E|SANDY,7/13/2022,1,3.0
4764,SANDY STOP SHELL|7820 S 700 E|SANDY,4/6/2021,1,5.0
4765,SANDY STOP SHELL|7820 S 700 E|SANDY,7/25/2019,1,14.0
4766,SANDY STOP SHELL|7820 S 700 E|SANDY,4/3/2018,1,15.0
4767,SANDY STOP SHELL|7820 S 700 E|SANDY,4/14/2017,1,8.0
4768,SANTORINIS AND SWIG|9256 S STATE ST|SANDY,4/18/2026,1,6.0
4769,SANTORINIS AND SWIG|9256 S STATE ST|SANDY,9/18/2024,1,17.0
4770,SANTORINIS AND SWIG|9256 S STATE ST|SANDY,7/17/2022,1,1.0
4771,SANTORINIS AND SWIG|9256 S STATE ST|SANDY,9/4/2021,1,7.0
4772,SANTORINIS AND SWIG|9256 S STATE ST|SANDY,8/24/2019,1,36.0
4773,SANTORINIS AND SWIG|9256 S STATE ST|SANDY,4/7/2018,1,3.0
4774,SANTORINIS AND SWIG|9256 S STATE ST|SANDY,3/18/2017,1,10.0
4775,SANTORINIS AND SWIG|9256 S STATE ST|SANDY,7/1/2015,1,1.0
4776,SANTORINIS AND SWIG|9256 S STATE ST|SANDY,9/19/2014,1,11.0
4777,SANTORINIS AND SWIG|9256 S STATE ST|SANDY,8/7/2013,1,1.0
4778,SAOLA|7307 S CANYON CENTER PKWY|COTTONWOOD HEIGHTS,3/6/2026,7,0.0
4779,SAOLA|7307 S CANYON CENTER PKWY|COTTONWOOD HEIGHTS,12/8/2025,1,7.0
4780,SAOLA|7307 S CANYON CENTER PKWY|COTTONWOOD HEIGHTS,3/24/2025,1,59.0
4781,SAOLA|7307 S CANYON CENTER PKWY|COTTONWOOD HEIGHTS,8/20/2024,1,83.0
4782,SAOLA|7307 S CANYON CENTER PKWY|COTTONWOOD HEIGHTS,2/15/2024,1,32.0
4783,SAOLA|7307 S CANYON CENTER PKWY|COTTONWOOD HEIGHTS,3/10/2022,1,64.0
4784,SAOLA|7307 S CANYON CENTER PKWY|COTTONWOOD HEIGHTS,3/14/2019,1,39.0
4785,SAPA FOOD HUB #T78 8YS|722 S STATE ST|SALT LAKE CITY,2/13/2026,1,6.0
4786,SAPORI ITALIAN BAKERY & CAFE|3667 S HIGHLAND DR|MILLCREEK,6/4/2026,1,3.0
4787,SAPP BROS -- C STORE|1953 W CALIFORNIA AVE|SALT LAKE CITY,4/24/2026,1,2.0
4788,SAPP BROS -- C STORE|1953 W CALIFORNIA AVE|SALT LAKE CITY,4/3/2025,1,7.0
4789,SAPP BROS -- C STORE|1953 W CALIFORNIA AVE|SALT LAKE CITY,1/23/2024,1,0.0
4790,SAPP BROS -- C STORE|1953 W CALIFORNIA AVE|SALT LAKE CITY,1/3/2023,1,12.0
4791,SAPP BROS -- C STORE|1953 W CALIFORNIA AVE|SALT LAKE CITY,10/26/2021,1,2.0
4792,SAPP BROS -- C STORE|1953 W CALIFORNIA AVE|SALT LAKE CITY,9/9/2020,1,6.0
4793,SAPP BROS -- C STORE|1953 W CALIFORNIA AVE|SALT LAKE CITY,2/26/2019,1,1.0
4794,SAPP BROS -- C STORE|1953 W CALIFORNIA AVE|SALT LAKE CITY,3/5/2018,1,0.0
4795,SAPP BROS -- C STORE|1953 W CALIFORNIA AVE|SALT LAKE CITY,7/6/2017,1,1.0
4796,SAPP BROS -- C STORE|1953 W CALIFORNIA AVE|SALT LAKE CITY,2/11/2016,1,1.0
4797,SAVAGE FISH|970 E 3300 S|MILLCREEK,10/15/2025,1,1.0
4798,SAVAGE FISH|970 E 3300 S|MILLCREEK,2/29/2024,1,12.0
4799,SCION CIDER DOG PATIO|916 S JEFFERSON ST|SALT LAKE CITY,5/28/2026,1,0.0
4800,SCION CIDER DOG PATIO|916 S JEFFERSON ST|SALT LAKE CITY,1/6/2025,1,0.0
4801,SCION CIDER DOG PATIO|916 S JEFFERSON ST|SALT LAKE CITY,8/24/2023,1,0.0
4802,SCOOTERS COFFEE|3479 W 12600 S|RIVERTON,12/15/2025,1,4.0
4803,SCOOTERS COFFEE|3479 W 12600 S|RIVERTON,11/18/2024,1,1.0
4804,SCOOTERS COFFEE|3479 W 12600 S|RIVERTON,11/21/2023,1,10.0
4805,SCOVILLES - DOG PATIO|2121 S MCCLELLAND ST|SALT LAKE CITY,7/28/2025,1,0.0
4806,SECOND SUMMIT HARD CIDER DOG PATIO|4010 S MAIN ST|MILLCREEK,1/20/2026,1,0.0
4807,SECOND SUMMIT HARD CIDER DOG PATIO|4010 S MAIN ST|MILLCREEK,11/14/2024,1,1.0
4808,SECRET PIZZA CLUB SLC|1000 S MAIN ST|SALT LAKE CITY,3/9/2026,1,8.0
4809,SELMA FOOD|7520 S 2700 E|COTTONWOOD HEIGHTS,6/2/2026,1,4.0
4810,SELMA FOOD|7520 S 2700 E|COTTONWOOD HEIGHTS,6/25/2024,1,7.0
4811,SELMA FOOD|7520 S 2700 E|COTTONWOOD HEIGHTS,7/17/2019,1,5.0
4812,SELMA FOOD|7520 S 2700 E|COTTONWOOD HEIGHTS,6/11/2018,1,5.0
4813,SELMA FOOD|7520 S 2700 E|COTTONWOOD HEIGHTS,1/17/2018,1,4.0
4814,SELMA FOOD|7520 S 2700 E|COTTONWOOD HEIGHTS,9/30/2016,1,4.0
4815,SELMA FOOD|7520 S 2700 E|COTTONWOOD HEIGHTS,7/16/2015,1,1.0
4816,SELMA FOOD|7520 S 2700 E|COTTONWOOD HEIGHTS,8/1/2014,1,1.0
4817,SELMA FOOD|7520 S 2700 E|COTTONWOOD HEIGHTS,7/30/2013,1,1.0
4818,SELMA FOOD|7520 S 2700 E|COTTONWOOD HEIGHTS,6/21/2010,1,0.0
4819,SENOR POLLO MEXICAN GRILL|2121 S MCCLELLAND ST|SALT LAKE CITY,1/21/2026,1,7.0
4820,SENOR POLLO MEXICAN GRILL|2121 S MCCLELLAND ST|SALT LAKE CITY,2/18/2025,1,43.0
4821,SENOR POLLO MEXICAN GRILL|2121 S MCCLELLAND ST|SALT LAKE CITY,1/26/2024,1,15.0
4822,SEVEN ELEVEN|4682 S 5600 W|WEST VALLEY CITY,10/29/2025,1,4.0
4823,SEVEN ELEVEN|4682 S 5600 W|WEST VALLEY CITY,1/10/2025,1,13.0
4824,SEVEN ELEVEN|4682 S 5600 W|WEST VALLEY CITY,3/4/2024,1,8.0
4825,SEVEN ELEVEN|4682 S 5600 W|WEST VALLEY CITY,5/31/2023,1,25.0
4826,SEVEN ELEVEN|4682 S 5600 W|WEST VALLEY CITY,4/28/2022,1,10.0
4827,SEVEN ELEVEN|5696 W 3500 S|WEST VALLEY CITY,11/10/2025,1,3.0
4828,SEVEN ELEVEN|5696 W 3500 S|WEST VALLEY CITY,10/21/2024,1,9.0
4829,SEVEN ELEVEN|5696 W 3500 S|WEST VALLEY CITY,4/17/2023,1,9.0
4830,SEVEN ELEVEN|5696 W 3500 S|WEST VALLEY CITY,1/26/2022,1,11.0
4831,SEVEN ELEVEN|887 E 400 S|SALT LAKE CITY,4/9/2026,1,8.0
4832,SEVEN ELEVEN|887 E 400 S|SALT LAKE CITY,5/22/2025,1,12.0
4833,SEVEN ELEVEN|887 E 400 S|SALT LAKE CITY,7/23/2024,1,9.0
4834,SEVEN ELEVEN|887 E 400 S|SALT LAKE CITY,10/23/2023,1,9.0
4835,SEVEN ELEVEN|887 E 400 S|SALT LAKE CITY,1/18/2023,1,2.0
4836,SEVEN ELEVEN|887 E 400 S|SALT LAKE CITY,8/26/2021,1,31.0
4837,SEVEN ELEVEN|887 E 400 S|SALT LAKE CITY,7/10/2020,2,0.0
4838,SEVEN ELEVEN|887 E 400 S|SALT LAKE CITY,7/8/2020,1,6.0
4839,SEVEN ELEVEN|887 E 400 S|SALT LAKE CITY,6/7/2019,1,13.0
4840,SEVEN ELEVEN|887 E 400 S|SALT LAKE CITY,9/5/2018,1,8.0
4841,SEVEN ELEVEN|1157 W CALIFORNIA AVE|SALT LAKE CITY,3/24/2026,1,8.0
4842,SEVEN ELEVEN|1157 W CALIFORNIA AVE|SALT LAKE CITY,12/2/2024,1,12.0
4843,SEVEN ELEVEN|1157 W CALIFORNIA AVE|SALT LAKE CITY,3/25/2024,1,35.0
4844,SEVEN ELEVEN|1157 W CALIFORNIA AVE|SALT LAKE CITY,6/5/2023,1,10.0
4845,SEVEN ELEVEN|1157 W CALIFORNIA AVE|SALT LAKE CITY,10/4/2021,1,20.0
4846,SEVEN ELEVEN|1157 W CALIFORNIA AVE|SALT LAKE CITY,2/5/2020,1,34.0
4847,SEVEN ELEVEN|1157 W CALIFORNIA AVE|SALT LAKE CITY,11/26/2018,1,18.0
4848,SEVEN ELEVEN|1157 W CALIFORNIA AVE|SALT LAKE CITY,2/22/2018,1,24.0
4849,SEVEN ELEVEN|1157 W CALIFORNIA AVE|SALT LAKE CITY,12/19/2016,1,17.0
4850,SEVEN ELEVEN|1157 W CALIFORNIA AVE|SALT LAKE CITY,5/7/2015,1,15.0
4851,SEVEN ELEVEN # 45957A|524 W 4500 S|MURRAY,1/14/2026,1,2.0
4852,SEVEN ELEVEN # 45957A|524 W 4500 S|MURRAY,10/22/2025,2,1.0
4853,SEVEN ELEVEN #12957A|6852 S STATE ST|MIDVALE,6/17/2026,1,9.0
4854,SEVEN ELEVEN #12957A|6852 S STATE ST|MIDVALE,3/6/2025,1,22.0
4855,SEVEN ELEVEN #12957A|6852 S STATE ST|MIDVALE,5/20/2024,1,32.0
4856,SEVEN ELEVEN #12957A|6852 S STATE ST|MIDVALE,8/14/2023,1,22.0
4857,SEVEN ELEVEN #12957A|6852 S STATE ST|MIDVALE,11/4/2022,2,0.0
4858,SEVEN ELEVEN #12957A|6852 S STATE ST|MIDVALE,11/4/2022,1,138.0
4859,SEVEN ELEVEN #12957A|6852 S STATE ST|MIDVALE,12/20/2021,1,30.0
4860,SEVEN ELEVEN #12957A|6852 S STATE ST|MIDVALE,12/11/2019,1,22.0
4861,SEVEN ELEVEN #12957A|6852 S STATE ST|MIDVALE,10/25/2018,1,12.0
4862,SEVEN ELEVEN #12957A|6852 S STATE ST|MIDVALE,2/28/2018,1,8.0
4863,SEVEN ELEVEN #18147C|501 E 2100 S|SALT LAKE CITY,4/22/2026,1,9.0
4864,SEVEN ELEVEN #18147C|501 E 2100 S|SALT LAKE CITY,6/23/2025,1,17.0
4865,SEVEN ELEVEN #18147C|501 E 2100 S|SALT LAKE CITY,8/9/2024,1,10.0
4866,SEVEN ELEVEN #18147C|501 E 2100 S|SALT LAKE CITY,9/25/2023,2,15.0
4867,SEVEN ELEVEN #18147C|501 E 2100 S|SALT LAKE CITY,7/6/2023,2,16.0
4868,SEVEN ELEVEN #18633A|776 S 1300 E|SALT LAKE CITY,1/22/2026,1,4.0
4869,SEVEN ELEVEN #18633A|776 S 1300 E|SALT LAKE CITY,1/7/2025,1,6.0
4870,SEVEN ELEVEN #18633A|776 S 1300 E|SALT LAKE CITY,9/29/2023,1,40.0
4871,SEVEN ELEVEN #18633A|776 S 1300 E|SALT LAKE CITY,10/24/2022,1,22.0
4872,SEVEN ELEVEN #18633A|776 S 1300 E|SALT LAKE CITY,11/30/2021,1,11.0
4873,SEVEN ELEVEN #18633A|776 S 1300 E|SALT LAKE CITY,8/13/2020,1,15.0
4874,SEVEN ELEVEN #18633A|776 S 1300 E|SALT LAKE CITY,6/7/2019,1,18.0
4875,SEVEN ELEVEN #18633A|776 S 1300 E|SALT LAKE CITY,9/5/2018,1,15.0
4876,SEVEN ELEVEN #18633A|776 S 1300 E|SALT LAKE CITY,10/26/2017,1,10.0
4877,SEVEN ELEVEN #18633A|776 S 1300 E|SALT LAKE CITY,11/21/2016,1,4.0
4878,SEVEN ELEVEN #21858D|904 E 3900 S|MILLCREEK,1/8/2026,1,8.0
4879,SEVEN ELEVEN #21858D|904 E 3900 S|MILLCREEK,12/5/2025,2,0.0
4880,SEVEN ELEVEN #21888C|911 E 3300 S|MILLCREEK,11/12/2025,1,1.0
4881,SEVEN ELEVEN #21888C|911 E 3300 S|MILLCREEK,7/8/2024,1,1.0
4882,SEVEN ELEVEN #21888C|911 E 3300 S|MILLCREEK,8/30/2023,1,19.0
4883,SEVEN ELEVEN #21888C|911 E 3300 S|MILLCREEK,1/24/2022,1,3.0
4884,SEVEN ELEVEN #21888C|911 E 3300 S|MILLCREEK,3/2/2021,1,3.0
4885,SEVEN ELEVEN #21888C|911 E 3300 S|MILLCREEK,8/29/2019,1,6.0
4886,SEVEN ELEVEN #22965B|3180 W 5400 S|TAYLORSVILLE,6/18/2026,1,2.0
4887,SEVEN ELEVEN #22965B|3180 W 5400 S|TAYLORSVILLE,10/28/2024,1,21.0
4888,SEVEN ELEVEN #22965B|3180 W 5400 S|TAYLORSVILLE,1/8/2024,1,23.0
4889,SEVEN ELEVEN #22965B|3180 W 5400 S|TAYLORSVILLE,3/16/2023,1,15.0
4890,SEVEN ELEVEN #22965B|3180 W 5400 S|TAYLORSVILLE,6/8/2022,1,15.0
4891,SEVEN ELEVEN #22965B|3180 W 5400 S|TAYLORSVILLE,7/31/2021,1,17.0
4892,SEVEN ELEVEN #22965B|3180 W 5400 S|TAYLORSVILLE,8/26/2020,1,3.0
4893,SEVEN ELEVEN #22965B|3180 W 5400 S|TAYLORSVILLE,7/15/2019,1,7.0
4894,SEVEN ELEVEN #22965B|3180 W 5400 S|TAYLORSVILLE,10/8/2018,1,12.0
4895,SEVEN ELEVEN #22965B|3180 W 5400 S|TAYLORSVILLE,10/8/2018,1,15.0
4896,SEVEN ELEVEN #22967B|2296 E FORT UNION BLVD|COTTONWOOD HEIGHTS,1/2/2026,1,2.0
4897,SEVEN ELEVEN #22967B|2296 E FORT UNION BLVD|COTTONWOOD HEIGHTS,11/1/2024,1,16.0
4898,SEVEN ELEVEN #22967B|2296 E FORT UNION BLVD|COTTONWOOD HEIGHTS,10/3/2023,1,20.0
4899,SEVEN ELEVEN #22967B|2296 E FORT UNION BLVD|COTTONWOOD HEIGHTS,4/1/2022,1,13.0
4900,SEVEN ELEVEN #22967B|2296 E FORT UNION BLVD|COTTONWOOD HEIGHTS,9/16/2020,1,18.0
4901,SEVEN ELEVEN #22967B|2296 E FORT UNION BLVD|COTTONWOOD HEIGHTS,10/4/2019,1,17.0
4902,SEVEN ELEVEN #22967B|2296 E FORT UNION BLVD|COTTONWOOD HEIGHTS,8/1/2018,1,24.0
4903,SEVEN ELEVEN #22967B|2296 E FORT UNION BLVD|COTTONWOOD HEIGHTS,6/5/2017,1,30.0
4904,SEVEN ELEVEN #22967B|2296 E FORT UNION BLVD|COTTONWOOD HEIGHTS,3/23/2016,1,21.0
4905,SEVEN ELEVEN #22967B|2296 E FORT UNION BLVD|COTTONWOOD HEIGHTS,9/12/2014,1,1.0
4906,SEVEN ELEVEN #23387C|5894 S STATE ST|MURRAY,1/26/2026,1,2.0
4907,SEVEN ELEVEN #23387C|5894 S STATE ST|MURRAY,12/9/2024,1,14.0
4908,SEVEN ELEVEN #23387C|5894 S STATE ST|MURRAY,3/11/2024,1,9.0
4909,SEVEN ELEVEN #23387C|5894 S STATE ST|MURRAY,6/9/2023,1,15.0
4910,SEVEN ELEVEN #23387C|5894 S STATE ST|MURRAY,6/6/2022,1,3.0
4911,SEVEN ELEVEN #23387C|5894 S STATE ST|MURRAY,12/16/2021,2,1.0
4912,SEVEN ELEVEN #25791B|4110 S REDWOOD RD|TAYLORSVILLE,5/19/2026,1,1.0
4913,SEVEN ELEVEN #25791B|4110 S REDWOOD RD|TAYLORSVILLE,5/29/2025,1,6.0
4914,SEVEN ELEVEN #25791B|4110 S REDWOOD RD|TAYLORSVILLE,7/30/2024,1,13.0
4915,SEVEN ELEVEN #25791B|4110 S REDWOOD RD|TAYLORSVILLE,10/3/2023,1,20.0
4916,SEVEN ELEVEN #25791B|4110 S REDWOOD RD|TAYLORSVILLE,12/20/2022,1,12.0
4917,SEVEN ELEVEN #25791B|4110 S REDWOOD RD|TAYLORSVILLE,11/30/2021,1,12.0
4918,SEVEN ELEVEN #25791B|4110 S REDWOOD RD|TAYLORSVILLE,10/22/2020,1,5.0
4919,SEVEN ELEVEN #25791B|4110 S REDWOOD RD|TAYLORSVILLE,12/3/2019,1,12.0
4920,SEVEN ELEVEN #25791B|4110 S REDWOOD RD|TAYLORSVILLE,3/1/2019,1,10.0
4921,SEVEN ELEVEN #25791B|4110 S REDWOOD RD|TAYLORSVILLE,5/7/2018,1,9.0
4922,SEVEN ELEVEN #26357C|3898 W 4700 S|WEST VALLEY CITY,12/12/2025,1,0.0
4923,SEVEN ELEVEN #26357C|3898 W 4700 S|WEST VALLEY CITY,7/15/2024,1,13.0
4924,SEVEN ELEVEN #26357C|3898 W 4700 S|WEST VALLEY CITY,10/10/2023,1,5.0
4925,SEVEN ELEVEN #26357C|3898 W 4700 S|WEST VALLEY CITY,2/3/2022,1,15.0
4926,SEVEN ELEVEN #26357C|3898 W 4700 S|WEST VALLEY CITY,3/9/2020,1,28.0
4927,SEVEN ELEVEN #26357C|3898 W 4700 S|WEST VALLEY CITY,2/4/2019,1,18.0
4928,SEVEN ELEVEN #26999C|175 E 800 S|SALT LAKE CITY,3/24/2026,1,9.0
4929,SEVEN ELEVEN #26999C|175 E 800 S|SALT LAKE CITY,6/9/2025,1,6.0
4930,SEVEN ELEVEN #26999C|175 E 800 S|SALT LAKE CITY,10/7/2024,1,12.0
4931,SEVEN ELEVEN #26999C|175 E 800 S|SALT LAKE CITY,12/26/2023,1,22.0
4932,SEVEN ELEVEN #27126D|114 W 1300 S|SALT LAKE CITY,12/1/2025,1,7.0
4933,SEVEN ELEVEN #27126D|114 W 1300 S|SALT LAKE CITY,11/18/2024,1,13.0
4934,SEVEN ELEVEN #27126D|114 W 1300 S|SALT LAKE CITY,2/6/2024,1,3.0
4935,SEVEN ELEVEN #27126D|114 W 1300 S|SALT LAKE CITY,12/6/2023,2,0.0
4936,SEVEN ELEVEN #27330B|1285 N REDWOOD RD|SALT LAKE CITY,11/25/2025,1,3.0
4937,SEVEN ELEVEN #27330B|1285 N REDWOOD RD|SALT LAKE CITY,2/3/2025,1,38.0
4938,SEVEN ELEVEN #27330B|1285 N REDWOOD RD|SALT LAKE CITY,3/8/2024,1,23.0
4939,SEVEN ELEVEN #27330B|1285 N REDWOOD RD|SALT LAKE CITY,6/15/2023,1,17.0
4940,SEVEN ELEVEN #27330B|1285 N REDWOOD RD|SALT LAKE CITY,2/4/2022,1,9.0
4941,SEVEN ELEVEN #27330B|1285 N REDWOOD RD|SALT LAKE CITY,3/15/2021,1,9.0
4942,SEVEN ELEVEN #27330B|1285 N REDWOOD RD|SALT LAKE CITY,10/28/2019,1,7.0
4943,SEVEN ELEVEN #27330B|1285 N REDWOOD RD|SALT LAKE CITY,11/13/2018,1,20.0
4944,SEVEN ELEVEN #27330B|1285 N REDWOOD RD|SALT LAKE CITY,1/29/2018,1,21.0
4945,SEVEN ELEVEN #27330B|1285 N REDWOOD RD|SALT LAKE CITY,8/30/2016,1,21.0
4946,SEVEN ELEVEN #33977 B|4750 S HOLLADAY BLVD|HOLLADAY,5/14/2026,1,4.0
4947,SEVEN ELEVEN #33977 B|4750 S HOLLADAY BLVD|HOLLADAY,5/21/2025,1,10.0
4948,SEVEN ELEVEN #33977 B|4750 S HOLLADAY BLVD|HOLLADAY,2/27/2024,1,9.0
4949,SEVEN ELEVEN #33977 B|4750 S HOLLADAY BLVD|HOLLADAY,2/8/2023,1,16.0
4950,SEVEN ELEVEN #33977 B|4750 S HOLLADAY BLVD|HOLLADAY,3/29/2021,1,8.0
4951,SEVEN ELEVEN #33977 B|4750 S HOLLADAY BLVD|HOLLADAY,10/24/2019,1,9.0
4952,SEVEN ELEVEN #33977 B|4750 S HOLLADAY BLVD|HOLLADAY,11/16/2018,1,5.0
4953,SEVEN ELEVEN #33977 B|4750 S HOLLADAY BLVD|HOLLADAY,11/20/2017,2,14.0
4954,SEVEN ELEVEN #33977 B|4750 S HOLLADAY BLVD|HOLLADAY,11/16/2017,1,52.0
4955,SEVEN ELEVEN #33977 B|4750 S HOLLADAY BLVD|HOLLADAY,8/2/2016,1,16.0
4956,SEVEN ELEVEN #34472B|9657 S STATE ST|SANDY,7/1/2026,1,9.0
4957,SEVEN ELEVEN #34472B|9657 S STATE ST|SANDY,10/6/2025,1,15.0
4958,SEVEN ELEVEN #34472B|9657 S STATE ST|SANDY,1/21/2025,1,23.0
4959,SEVEN ELEVEN #34472B|9657 S STATE ST|SANDY,4/22/2024,1,3.0
4960,SEVEN ELEVEN #34472B|9657 S STATE ST|SANDY,7/31/2023,1,17.0
4961,SEVEN ELEVEN #34472B|9657 S STATE ST|SANDY,6/13/2023,2,1.0
4962,SEVEN ELEVEN #41131A|3486 S 8400 W|MAGNA,3/16/2026,1,2.0
4963,SEVEN ELEVEN #41131A|3486 S 8400 W|MAGNA,5/8/2025,1,2.0
4964,SEVEN ELEVEN #41131A|3486 S 8400 W|MAGNA,5/21/2024,1,2.0
4965,SEVEN ELEVEN #41131A|3486 S 8400 W|MAGNA,12/2/2022,1,29.0
4966,SEVEN ELEVEN #41131A|3486 S 8400 W|MAGNA,2/11/2022,1,8.0
4967,SEVEN ELEVEN #42140A|15835 S REDWOOD RD|BLUFFDALE,6/8/2026,7,0.0
4968,SEVEN ELEVEN #42140A|15835 S REDWOOD RD|BLUFFDALE,1/7/2026,1,8.0
4969,SEVEN ELEVEN #42140A|15835 S REDWOOD RD|BLUFFDALE,4/1/2025,1,21.0
4970,SEVEN ELEVEN #42140A|15835 S REDWOOD RD|BLUFFDALE,6/26/2024,1,8.0
4971,SEVEN ELEVEN 25424|2287 E 3300 S|MILLCREEK TS,5/19/2025,1,5.0
4972,SEVEN ELEVEN 25424|2287 E 3300 S|MILLCREEK TS,4/8/2024,1,5.0
4973,SEVEN ELEVEN 25424|2287 E 3300 S|MILLCREEK TS,3/9/2022,1,9.0
4974,SEVEN ELEVEN 25424|2287 E 3300 S|MILLCREEK TS,11/13/2019,1,8.0
4975,SEVEN ELEVEN 25424|2287 E 3300 S|MILLCREEK TS,9/26/2018,1,6.0
4976,SEVEN ELEVEN 25424|2287 E 3300 S|MILLCREEK TS,8/25/2017,1,15.0
4977,SEVEN ELEVEN 25424|2287 E 3300 S|MILLCREEK TS,4/25/2016,1,7.0
4978,SEVEN ELEVEN 26348A|2694 S STATE ST|SOUTH SALT LAKE,8/13/2025,1,3.0
4979,SEVEN ELEVEN 26348A|2694 S STATE ST|SOUTH SALT LAKE,9/20/2024,1,19.0
4980,SEVEN ELEVEN 26348A|2694 S STATE ST|SOUTH SALT LAKE,8/12/2022,1,16.0
4981,SEVEN ELEVEN 26348A|2694 S STATE ST|SOUTH SALT LAKE,3/24/2021,1,13.0
4982,SEVEN ELEVEN 26348A|2694 S STATE ST|SOUTH SALT LAKE,9/27/2019,1,10.0
4983,SEVEN ELEVEN 26348A|2694 S STATE ST|SOUTH SALT LAKE,10/9/2018,1,12.0
4984,SEVEN ELEVEN STORE #23850C|4811 S STATE ST|MURRAY,10/30/2025,1,5.0
4985,SEVEN ELEVEN STORE #23850C|4811 S STATE ST|MURRAY,8/20/2024,1,27.0
4986,SEVEN ELEVEN STORE #23850C|4811 S STATE ST|MURRAY,3/19/2024,7,7.0
4987,SEVEN ELEVEN STORE #23850C|4811 S STATE ST|MURRAY,11/3/2023,1,35.0
4988,SEVEN ELEVEN STORE #23850C|4811 S STATE ST|MURRAY,2/13/2023,1,38.0
4989,SEVEN ELEVEN STORE #23850C|4811 S STATE ST|MURRAY,2/18/2022,1,28.0
4990,SEVEN ELEVEN STORE #26838C|4807 W 3500 S|WEST VALLEY CITY,4/29/2026,1,9.0
4991,SEVEN ELEVEN STORE #26838C|4807 W 3500 S|WEST VALLEY CITY,6/26/2025,1,7.0
4992,SEVEN ELEVEN STORE #26838C|4807 W 3500 S|WEST VALLEY CITY,7/16/2024,1,13.0
4993,SEVEN ELEVEN STORE #26838C|4807 W 3500 S|WEST VALLEY CITY,1/12/2023,1,16.0
4994,SEVEN ELEVEN STORE #26838C|4807 W 3500 S|WEST VALLEY CITY,12/17/2021,1,30.0
4995,SEVEN ELEVEN STORE #26838C|4807 W 3500 S|WEST VALLEY CITY,2/6/2020,2,1.0
4996,SEVEN ELEVEN STORE #26838C|4807 W 3500 S|WEST VALLEY CITY,2/5/2020,7,3.0
4997,SEVEN ELEVEN STORE #26838C|4807 W 3500 S|WEST VALLEY CITY,11/15/2019,1,24.0
4998,SEVEN ELEVEN STORE #26838C|4807 W 3500 S|WEST VALLEY CITY,11/30/2018,1,5.0
4999,SEVEN ELEVEN STORE #26838C|4807 W 3500 S|WEST VALLEY CITY,2/21/2018,1,27.0
5000,SEVEN ELEVEN STORE #35627B|2471 S 7200 W|WEST VALLEY CITY,12/8/2025,1,5.0
5001,SEVEN ELEVEN STORE #35627B|2471 S 7200 W|WEST VALLEY CITY,5/5/2025,7,3.0
5002,SEVEN ELEVEN STORE #35627B|2471 S 7200 W|WEST VALLEY CITY,10/24/2024,1,26.0
5003,SEVEN ELEVEN STORE #35627B|2471 S 7200 W|WEST VALLEY CITY,4/18/2024,2,6.0
5004,SHA MUU|23 N 900 W|SALT LAKE CITY,12/12/2025,1,6.0
5005,SHACK SHAVE ICE|7061 S REDWOOD RD|WEST JORDAN,8/4/2025,1,2.0
5006,SHACK SHAVE ICE|7061 S REDWOOD RD|WEST JORDAN,7/17/2024,1,7.0
5007,SHACK SHAVE ICE|7061 S REDWOOD RD|WEST JORDAN,8/8/2023,1,8.0
5008,SHACK SHAVE ICE|7061 S REDWOOD RD|WEST JORDAN,8/23/2022,1,15.0
5009,SHACK SHAVE ICE|7061 S REDWOOD RD|WEST JORDAN,8/17/2020,1,0.0
5010,SHACK SHAVE ICE|7061 S REDWOOD RD|WEST JORDAN,7/23/2019,1,0.0
5011,SHAHRAZAD|1615 W 2100 S|SALT LAKE CITY,2/19/2026,1,8.0
5012,SHAHRAZAD|1615 W 2100 S|SALT LAKE CITY,1/14/2025,1,9.0
5013,SHAHRAZAD|1615 W 2100 S|SALT LAKE CITY,7/30/2024,1,5.0
5014,SHAHRAZAD|1615 W 2100 S|SALT LAKE CITY,1/18/2024,1,0.0
5015,SHAHRAZAD|1615 W 2100 S|SALT LAKE CITY,1/8/2024,1,25.0
5016,SHAHRAZAD|1615 W 2100 S|SALT LAKE CITY,7/25/2023,2,4.0
5017,SHAHRAZAD|1615 W 2100 S|SALT LAKE CITY,7/20/2023,2,5.0
5018,SHAHRAZAD|1615 W 2100 S|SALT LAKE CITY,7/13/2023,1,136.0
5019,SHAHRAZAD|1615 W 2100 S|SALT LAKE CITY,5/11/2022,1,14.0
5020,SHAHRAZAD|1615 W 2100 S|SALT LAKE CITY,9/2/2021,2,9.0
5021,SHAKE SHACK|28 S STATE ST|SALT LAKE CITY,3/12/2026,1,10.0
5022,SHAKE SHACK|28 S STATE ST|SALT LAKE CITY,7/15/2025,1,2.0
5023,SHAKE SHACK|1314 S FOOTHILL DR|SALT LAKE CITY,5/13/2026,1,1.0
5024,SHAKE SHACK|1314 S FOOTHILL DR|SALT LAKE CITY,9/15/2025,1,1.0
5025,SHAKE SHACK|3920 W TERMINAL DR|SALT LAKE CITY,5/28/2026,1,6.0
5026,SHAKE SHACK|3920 W TERMINAL DR|SALT LAKE CITY,2/18/2026,7,6.0
5027,SHAKE SHACK|3920 W TERMINAL DR|SALT LAKE CITY,9/26/2025,1,14.0
5028,SHAKE SHACK|3920 W TERMINAL DR|SALT LAKE CITY,11/5/2024,1,8.0
5029,SHAKE SHACK|3920 W TERMINAL DR|SALT LAKE CITY,3/8/2024,1,8.0
5030,SHAKE SHACK|3920 W TERMINAL DR|SALT LAKE CITY,7/21/2023,1,19.0
5031,SHAKE SHACK|3920 W TERMINAL DR|SALT LAKE CITY,12/2/2022,1,17.0
5032,SHAKE SHACK|3920 W TERMINAL DR|SALT LAKE CITY,7/13/2021,1,2.0
5033,SHAKE SHACK|11020 S STATE ST|SANDY,4/15/2026,1,0.0
5034,SHAKE SHACK|11020 S STATE ST|SANDY,12/17/2025,1,5.0
5035,SHAKE SHACK|11020 S STATE ST|SANDY,8/28/2025,1,9.0
5036,SHAKE SHACK|11020 S STATE ST|SANDY,2/27/2025,1,3.0
5037,SHAKE SHACK|11020 S STATE ST|SANDY,10/17/2024,1,8.0
5038,SHAKE SHACK|11020 S STATE ST|SANDY,9/18/2023,1,16.0
5039,SHAKE SHACK|11020 S STATE ST|SANDY,8/24/2022,1,14.0
5040,SHAKE SHACK|11020 S STATE ST|SANDY,2/24/2022,1,1.0
5041,SHAKE SHACK|11020 S STATE ST|SANDY,4/13/2021,1,0.0
5042,SHAKE SHACK|11020 S STATE ST|SANDY,1/9/2020,1,4.0
5043,SHAKESMART|1836 E STUDENT LIFE AVE|SALT LAKE CITY,2/12/2026,1,10.0
5044,SHAKESMART|1836 E STUDENT LIFE AVE|SALT LAKE CITY,1/28/2025,1,5.0
5045,SHAKESMART|1836 E STUDENT LIFE AVE|SALT LAKE CITY,11/1/2023,1,6.0
5046,SHAKESMART|1836 E STUDENT LIFE AVE|SALT LAKE CITY,4/25/2023,1,2.0
5047,SHAKESMART|1836 E STUDENT LIFE AVE|SALT LAKE CITY,6/2/2022,1,13.0
5048,SHAKESMART|1836 E STUDENT LIFE AVE|SALT LAKE CITY,11/2/2021,1,16.0
5049,SHAKESMART|1836 E STUDENT LIFE AVE|SALT LAKE CITY,11/7/2019,1,10.0
5050,SHAKESMART|1836 E STUDENT LIFE AVE|SALT LAKE CITY,10/15/2018,1,10.0
5051,SHAKESMART|1836 E STUDENT LIFE AVE|SALT LAKE CITY,10/26/2017,1,15.0
5052,SHAKESMART|1836 E STUDENT LIFE AVE|SALT LAKE CITY,4/18/2016,1,7.0
5053,SHELL RONI CATERING #|5150 S WEST RIDGE BLVD|WEST VALLEY CITY,7/7/2025,1,1.0
5054,SHELL RONI CUSTOMER CATERING|1337 S MAIN ST|SALT LAKE CITY,3/9/2026,1,10.0
5055,SHELL RONI CUSTOMER CATERING|1337 S MAIN ST|SALT LAKE CITY,7/7/2025,1,13.0
5056,SHELL RONI CUSTOMER CATERING|1337 S MAIN ST|SALT LAKE CITY,10/29/2024,1,8.0
5057,SHELL RONI CUSTOMER CATERING|1337 S MAIN ST|SALT LAKE CITY,5/30/2024,1,11.0
5058,SHWELETYAR SUSHI|545 W 700 S|SALT LAKE CITY,12/5/2025,1,9.0
5059,SHWELETYAR SUSHI|545 W 700 S|SALT LAKE CITY,10/14/2025,7,14.0
5060,SHWELETYAR SUSHI|545 W 700 S|SALT LAKE CITY,5/14/2024,2,13.0
5061,SHWELETYAR SUSHI|545 W 700 S|SALT LAKE CITY,5/1/2024,1,38.0
5062,SIDEWINDER @ BRIGHTON|8517 S SNAKE CREEK RD|SALT LAKE COUNTY,4/22/2026,1,10.0
5063,SIDEWINDER @ BRIGHTON|8517 S SNAKE CREEK RD|SALT LAKE COUNTY,2/12/2025,1,32.0
5064,SIDEWINDER @ BRIGHTON|8517 S SNAKE CREEK RD|SALT LAKE COUNTY,4/3/2024,1,29.0
5065,SIEGFRIED DELICATESSEN|20 W 200 S|SALT LAKE CITY,6/16/2025,1,6.0
5066,SIEGFRIED DELICATESSEN|20 W 200 S|SALT LAKE CITY,11/28/2023,7,12.0
5067,SIEGFRIED DELICATESSEN|20 W 200 S|SALT LAKE CITY,8/21/2023,1,26.0
5068,SIEGFRIED DELICATESSEN|20 W 200 S|SALT LAKE CITY,2/15/2022,1,40.0
5069,SIEGFRIED DELICATESSEN|20 W 200 S|SALT LAKE CITY,5/6/2021,1,18.0
5070,SIEGFRIED DELICATESSEN|20 W 200 S|SALT LAKE CITY,8/15/2019,1,9.0
5071,SIEGFRIED DELICATESSEN|20 W 200 S|SALT LAKE CITY,3/12/2019,1,33.0
5072,SIEGFRIED DELICATESSEN|20 W 200 S|SALT LAKE CITY,7/18/2018,2,27.0
5073,SIEGFRIED DELICATESSEN|20 W 200 S|SALT LAKE CITY,6/28/2018,1,22.0
5074,SIEGFRIED DELICATESSEN|20 W 200 S|SALT LAKE CITY,6/22/2017,1,31.0
5075,SILVERSIDE DELI|2121 S MCCLELLAND ST|SALT LAKE CITY,1/21/2026,1,4.0
5076,SILVERSIDE DELI|2121 S MCCLELLAND ST|SALT LAKE CITY,3/21/2025,1,15.0
5077,SILVERSIDE DELI|2121 S MCCLELLAND ST|SALT LAKE CITY,1/26/2024,1,18.0
5078,SKILLETS DOG PATIO|282 E 900 S|SALT LAKE CITY,10/16/2025,1,0.0
5079,SKY VENUE|149 W PIERPONT AVE|SALT LAKE CITY,12/8/2025,1,4.0
5080,SKY VENUE|149 W PIERPONT AVE|SALT LAKE CITY,11/15/2024,1,9.0
5081,SKY VENUE|149 W PIERPONT AVE|SALT LAKE CITY,9/23/2022,1,27.0
5082,SL BEES 1ST BASE GRILL|11111 S BALLPARK DR|SOUTH JORDAN,5/20/2026,1,2.0
5083,SL BEES 1ST BASE GRILL|11111 S BALLPARK DR|SOUTH JORDAN,8/20/2025,1,1.0
5084,SL BEES 3RD BASE MARKET|11111 S BALLPARK DR|SOUTH JORDAN,5/20/2026,1,0.0
5085,SL BEES 3RD BASE MARKET|11111 S BALLPARK DR|SOUTH JORDAN,8/20/2025,1,3.0
5086,SL BEES CLUB BAR AND STAGING|11111 S BALLPARK DR|SOUTH JORDAN,5/20/2026,1,3.0
5087,SL BEES CLUB BAR AND STAGING|11111 S BALLPARK DR|SOUTH JORDAN,8/20/2025,1,10.0
5088,SL BEES CLUB KITCHEN|11111 S BALLPARK DR|SOUTH JORDAN,5/20/2026,1,1.0
5089,SL BEES CLUB KITCHEN|11111 S BALLPARK DR|SOUTH JORDAN,8/20/2025,1,0.0
5090,SL BEES HOME PLATE CHICKEN SHACK|11111 S BALLPARK DR|SOUTH JORDAN,5/20/2026,1,7.0
5091,SL BEES HOME PLATE CHICKEN SHACK|11111 S BALLPARK DR|SOUTH JORDAN,8/20/2025,1,13.0
5092,SL BEES HOMEPLATE CANTINA|11111 S BALLPARK DR|SOUTH JORDAN,5/20/2026,1,6.0
5093,SL BEES HOMEPLATE CANTINA|11111 S BALLPARK DR|SOUTH JORDAN,8/20/2025,1,0.0
5094,SL BEES RIGHT FIELD BARBECUE|11111 S BALLPARK DR|SOUTH JORDAN,5/20/2026,1,2.0
5095,SL BEES RIGHT FIELD BARBECUE|11111 S BALLPARK DR|SOUTH JORDAN,8/20/2025,1,4.0
5096,SL COMMUNITY COLLEGE CULINARY ARTS|9750 S 300 W|SANDY,11/10/2025,1,7.0
5097,SL COMMUNITY COLLEGE CULINARY ARTS|9750 S 300 W|SANDY,3/17/2025,1,12.0
5098,SL COMMUNITY COLLEGE CULINARY ARTS|9750 S 300 W|SANDY,7/9/2024,1,30.0
5099,SL COMMUNITY COLLEGE CULINARY ARTS|9750 S 300 W|SANDY,1/31/2024,1,25.0
5100,SL COMMUNITY COLLEGE CULINARY ARTS|9750 S 300 W|SANDY,9/26/2022,1,16.0
5101,SL COMMUNITY COLLEGE CULINARY ARTS|9750 S 300 W|SANDY,1/4/2022,1,14.0
5102,SL COMMUNITY COLLEGE CULINARY ARTS|9750 S 300 W|SANDY,12/10/2019,1,1.0
5103,SL COMMUNITY COLLEGE CULINARY ARTS|9750 S 300 W|SANDY,3/25/2019,7,8.0
5104,SL COMMUNITY COLLEGE CULINARY ARTS|9750 S 300 W|SANDY,3/1/2019,1,35.0
5105,SL COMMUNITY COLLEGE CULINARY ARTS|9750 S 300 W|SANDY,3/28/2018,1,15.0
5106,SLACKWATER SLC|684 S 500 W|SALT LAKE CITY,4/9/2026,1,9.0
5107,SLACKWATER SLC|684 S 500 W|SALT LAKE CITY,4/16/2025,1,35.0
5108,SLACKWATER SLC|684 S 500 W|SALT LAKE CITY,8/12/2024,1,5.0
5109,SLACKWATER SLC|684 S 500 W|SALT LAKE CITY,1/23/2024,1,4.0
5110,SLACKWATER SLC|684 S 500 W|SALT LAKE CITY,8/14/2023,1,31.0
5111,SLACKWATER SLC|684 S 500 W|SALT LAKE CITY,12/14/2022,1,24.0
5112,SLC EATERY|1017 S MAIN ST|SALT LAKE CITY,7/10/2026,1,14.0
5113,SLC EATERY|1017 S MAIN ST|SALT LAKE CITY,7/29/2025,1,14.0
5114,SLC EATERY|1017 S MAIN ST|SALT LAKE CITY,8/7/2024,1,19.0
5115,SLC EATERY|1017 S MAIN ST|SALT LAKE CITY,10/19/2023,1,35.0
5116,SLC EATERY|1017 S MAIN ST|SALT LAKE CITY,6/15/2023,1,13.0
5117,SLC EATERY|1017 S MAIN ST|SALT LAKE CITY,10/20/2022,1,10.0
5118,SLC EATERY|1017 S MAIN ST|SALT LAKE CITY,9/3/2020,1,0.0
5119,SLC EATERY|1017 S MAIN ST|SALT LAKE CITY,10/16/2019,1,21.0
5120,SLCC CONCESSIONS JORDAN CAMPUS|3491 W 9000 S|WEST JORDAN,4/23/2026,1,6.0
5121,SLCC CONCESSIONS JORDAN CAMPUS|3491 W 9000 S|WEST JORDAN,1/23/2025,1,7.0
5122,SLCC REDWOOD FOOD SERVICE|4600 S REDWOOD RD|SALT LAKE CITY,6/8/2026,1,2.0
5123,SLCC REDWOOD FOOD SERVICE|4600 S REDWOOD RD|SALT LAKE CITY,2/13/2025,1,7.0
5124,SLCC REDWOOD FOOD SERVICE|4600 S REDWOOD RD|SALT LAKE CITY,9/16/2024,1,9.0
5125,SLCC REDWOOD FOOD SERVICE|4600 S REDWOOD RD|SALT LAKE CITY,1/10/2024,1,11.0
5126,SLCC VISITING RESTAURANT SPACE #103 B|4600 S REDWOOD RD|SALT LAKE CITY,6/8/2026,1,0.0
5127,SLCC VISITING RESTAURANT SPACE #103 B|4600 S REDWOOD RD|SALT LAKE CITY,2/13/2025,1,0.0
5128,SLCC VISITING RESTAURANT SPACE #103 B|4600 S REDWOOD RD|SALT LAKE CITY,1/10/2024,1,1.0
5129,SLCO MEALS ON WHEELS|2001 S STATE ST|SALT LAKE CITY,3/2/2026,1,5.0
5130,SLCO MEALS ON WHEELS|2001 S STATE ST|SALT LAKE CITY,8/20/2025,1,10.0
5131,SLCO MEALS ON WHEELS|2001 S STATE ST|SALT LAKE CITY,1/31/2025,1,9.0
5132,SLCO MEALS ON WHEELS|2001 S STATE ST|SALT LAKE CITY,3/14/2023,1,2.0
5133,SLCO MEALS ON WHEELS|2001 S STATE ST|SALT LAKE CITY,5/4/2021,1,19.0
5134,SLCO MEALS ON WHEELS|2001 S STATE ST|SALT LAKE CITY,12/5/2019,1,3.0
5135,SLCO MEALS ON WHEELS|2001 S STATE ST|SALT LAKE CITY,6/20/2019,2,12.0
5136,SLCO MEALS ON WHEELS|2001 S STATE ST|SALT LAKE CITY,5/21/2019,1,5.0
5137,SLCO MEALS ON WHEELS|2001 S STATE ST|SALT LAKE CITY,2/19/2019,2,0.0
5138,SLICE HOUSE BY TONY GEMIGNANI|1332 S FOOTHILL DR|SALT LAKE CITY,5/13/2026,1,11.0
5139,SLICE HOUSE BY TONY GEMIGNANI|1332 S FOOTHILL DR|SALT LAKE CITY,9/15/2025,1,14.0
5140,SLOPESIDE SMOKE SHACK #BARBCUE|1391 S 300 W|SALT LAKE CITY,6/11/2026,1,1.0
5141,SLOPESIDE SMOKE SHACK #BARBCUE|1391 S 300 W|SALT LAKE CITY,9/27/2025,1,0.0
5142,SLUICE BOX|12000 BIG COTTONWOOD CANYON RD|SALT LAKE CITY,2/27/2026,1,9.0
5143,SLUICE BOX|12000 BIG COTTONWOOD CANYON RD|SALT LAKE CITY,1/16/2025,1,3.0
5144,SMASHBURGER 1788|1028 E 2100 S|SALT LAKE CITY,2/17/2026,7,15.0
5145,SMASHBURGER 1788|1028 E 2100 S|SALT LAKE CITY,1/21/2026,1,2.0
5146,SMASHBURGER 1788|1028 E 2100 S|SALT LAKE CITY,6/2/2025,1,29.0
5147,SMITHS #132|212 E 12300 S|DRAPER,6/5/2026,1,9.0
5148,SMITHS #132|212 E 12300 S|DRAPER,2/18/2025,1,14.0
5149,SMITHS #132|212 E 12300 S|DRAPER,7/5/2024,1,26.0
5150,SMITHS #132|212 E 12300 S|DRAPER,4/4/2023,1,23.0
5151,SMITHS #132|212 E 12300 S|DRAPER,8/18/2022,1,9.0
5152,SMITHS #132|212 E 12300 S|DRAPER,2/3/2022,1,15.0
5153,SMITHS #132|212 E 12300 S|DRAPER,9/14/2021,7,3.0
5154,SMITHS #132|212 E 12300 S|DRAPER,4/22/2021,1,8.0
5155,SMITHS #132|212 E 12300 S|DRAPER,1/22/2020,1,11.0
5156,SMITHS #132|212 E 12300 S|DRAPER,7/19/2019,1,18.0
5157,SMITHS #138|1634 W SOUTH JORDAN PKWY|SOUTH JORDAN,11/4/2025,1,4.0
5158,SMITHS #138|1634 W SOUTH JORDAN PKWY|SOUTH JORDAN,11/7/2024,1,14.0
5159,SMITHS #138|1634 W SOUTH JORDAN PKWY|SOUTH JORDAN,1/16/2024,1,19.0
5160,SMITHS #138|1634 W SOUTH JORDAN PKWY|SOUTH JORDAN,11/17/2022,1,5.0
5161,SMITHS #138|1634 W SOUTH JORDAN PKWY|SOUTH JORDAN,2/15/2022,1,20.0
5162,SMITHS #138|1634 W SOUTH JORDAN PKWY|SOUTH JORDAN,3/30/2021,1,17.0
5163,SMITHS #138|1634 W SOUTH JORDAN PKWY|SOUTH JORDAN,11/26/2019,1,15.0
5164,SMITHS #138|1634 W SOUTH JORDAN PKWY|SOUTH JORDAN,1/11/2019,1,8.0
5165,SMITHS #138|1634 W SOUTH JORDAN PKWY|SOUTH JORDAN,4/17/2018,1,10.0
5166,SMITHS #138|1634 W SOUTH JORDAN PKWY|SOUTH JORDAN,4/12/2017,1,21.0
5167,SMITHS #44|876 E 800 S|SALT LAKE CITY,6/10/2026,1,8.0
5168,SMITHS #44|876 E 800 S|SALT LAKE CITY,11/13/2025,1,10.0
5169,SMITHS #44|876 E 800 S|SALT LAKE CITY,5/14/2025,1,10.0
5170,SMITHS #44|876 E 800 S|SALT LAKE CITY,6/18/2024,1,13.0
5171,SMITHS #44|876 E 800 S|SALT LAKE CITY,2/8/2024,7,7.0
5172,SMITHS #44|876 E 800 S|SALT LAKE CITY,10/9/2023,1,5.0
5173,SMITHS #44|876 E 800 S|SALT LAKE CITY,1/19/2023,1,19.0
5174,SMITHS #44|876 E 800 S|SALT LAKE CITY,4/15/2022,1,20.0
5175,SMITHS #44|876 E 800 S|SALT LAKE CITY,8/12/2021,1,5.0
5176,SMITHS #44|876 E 800 S|SALT LAKE CITY,7/14/2020,1,8.0
5177,SMITHS #47|2039 E 9400 S|SANDY,6/16/2026,1,6.0
5178,SMITHS #47|2039 E 9400 S|SANDY,10/23/2025,1,9.0
5179,SMITHS #47|2039 E 9400 S|SANDY,3/12/2025,1,21.0
5180,SMITHS #47|2039 E 9400 S|SANDY,6/18/2024,1,5.0
5181,SMITHS #47|2039 E 9400 S|SANDY,10/13/2023,1,10.0
5182,SMITHS #47|2039 E 9400 S|SANDY,3/2/2023,1,7.0
5183,SMITHS #47|2039 E 9400 S|SANDY,6/13/2022,1,7.0
5184,SMITHS #47|2039 E 9400 S|SANDY,9/21/2020,1,8.0
5185,SMITHS #47|2039 E 9400 S|SANDY,1/15/2020,1,22.0
5186,SMITHS #47|2039 E 9400 S|SANDY,3/20/2019,1,15.0
5187,SMITHS #77|402 E SIXTH AVE|SALT LAKE CITY,6/2/2025,1,11.0
5188,SMITHS #77|402 E SIXTH AVE|SALT LAKE CITY,4/1/2024,1,7.0
5189,SMITHS #77|402 E SIXTH AVE|SALT LAKE CITY,7/25/2023,1,9.0
5190,SMITHS #77|402 E SIXTH AVE|SALT LAKE CITY,12/6/2022,1,22.0
5191,SMITHS #77|402 E SIXTH AVE|SALT LAKE CITY,5/4/2022,1,14.0
5192,SMITHS #77|402 E SIXTH AVE|SALT LAKE CITY,10/13/2021,1,20.0
5193,SMITHS #77|402 E SIXTH AVE|SALT LAKE CITY,8/13/2020,1,6.0
5194,SMITHS #77|402 E SIXTH AVE|SALT LAKE CITY,9/9/2019,1,7.0
5195,SMITHS #77|402 E SIXTH AVE|SALT LAKE CITY,3/13/2019,1,16.0
5196,SMITHS #77|402 E SIXTH AVE|SALT LAKE CITY,9/6/2018,1,14.0
5197,SMITHS - STARBUCKS|5710 W 7800 S|WEST JORDAN,5/22/2026,1,4.0
5198,SMITHS - STARBUCKS|5710 W 7800 S|WEST JORDAN,4/29/2025,1,15.0
5199,SMITHS - STARBUCKS|5710 W 7800 S|WEST JORDAN,10/26/2023,1,10.0
5200,SMITHS - STARBUCKS|5710 W 7800 S|WEST JORDAN,7/26/2022,1,6.0
5201,SMITHS - STARBUCKS|5710 W 7800 S|WEST JORDAN,7/2/2021,1,9.0
5202,SMITHS - STARBUCKS|5710 W 7800 S|WEST JORDAN,3/9/2021,1,3.0
5203,SMITHS - STARBUCKS|5710 W 7800 S|WEST JORDAN,10/28/2019,1,7.0
5204,SMITHS - STARBUCKS|5710 W 7800 S|WEST JORDAN,10/15/2018,1,2.0
5205,SMITHS - STARBUCKS|5710 W 7800 S|WEST JORDAN,10/20/2017,1,1.0
5206,SMITHS - STARBUCKS|5710 W 7800 S|WEST JORDAN,7/29/2016,1,16.0
5207,SMITHS COFFEE SHOP #147|5620 W 4100 S|WEST VALLEY CITY,10/29/2025,1,3.0
5208,SMITHS COFFEE SHOP #147|5620 W 4100 S|WEST VALLEY CITY,10/24/2024,1,3.0
5209,SMITHS COFFEE SHOP #147|5620 W 4100 S|WEST VALLEY CITY,7/17/2023,1,1.0
5210,SMITHS COFFEE SHOP #147|5620 W 4100 S|WEST VALLEY CITY,1/28/2022,1,13.0
5211,SMITHS COFFEE SHOP #147|5620 W 4100 S|WEST VALLEY CITY,3/6/2020,1,0.0
5212,SMITHS COFFEE SHOP #147|5620 W 4100 S|WEST VALLEY CITY,2/11/2019,1,7.0
5213,SMITHS COFFEE SHOP #147|5620 W 4100 S|WEST VALLEY CITY,2/28/2018,1,2.0
5214,SMITHS EXPRESS|873 E SOUTHTEMPLE ST|SALT LAKE CITY,8/6/2025,1,2.0
5215,SMITHS EXPRESS|873 E SOUTHTEMPLE ST|SALT LAKE CITY,2/27/2024,1,0.0
5216,SMITHS EXPRESS|873 E SOUTHTEMPLE ST|SALT LAKE CITY,2/1/2023,1,4.0
5217,SMITHS EXPRESS|873 E SOUTHTEMPLE ST|SALT LAKE CITY,10/13/2021,1,2.0
5218,SMITHS EXPRESS|873 E SOUTHTEMPLE ST|SALT LAKE CITY,2/14/2020,1,9.0
5219,SMITHS EXPRESS|873 E SOUTHTEMPLE ST|SALT LAKE CITY,1/25/2019,1,3.0
5220,SMITHS EXPRESS|873 E SOUTHTEMPLE ST|SALT LAKE CITY,1/19/2018,1,3.0
5221,SMITHS EXPRESS|873 E SOUTHTEMPLE ST|SALT LAKE CITY,8/22/2016,1,24.0
5222,SMITHS EXPRESS|873 E SOUTHTEMPLE ST|SALT LAKE CITY,10/20/2014,1,14.0
5223,SMITHS EXPRESS|873 E SOUTHTEMPLE ST|SALT LAKE CITY,12/17/2013,1,9.0
5224,SMITHS FOOD AND DRUG #212|13893 S REDWOOD RD|BLUFFDALE,5/26/2026,1,1.0
5225,SNOW AND MILK|45 W 3300 S|MILLCREEK,6/8/2026,1,1.0
5226,SNOWBIRD RESORT - AERIE LOUNGE|9320 S CLIFF LODGE DR|SANDY,1/26/2026,1,9.0
5227,SNOWBIRD RESORT - AERIE LOUNGE|9320 S CLIFF LODGE DR|SANDY,1/16/2025,1,18.0
5228,SNOWBIRD RESORT - AERIE LOUNGE|9320 S CLIFF LODGE DR|SANDY,2/8/2024,1,13.0
5229,SNOWBIRD RESORT - AERIE LOUNGE|9320 S CLIFF LODGE DR|SANDY,3/30/2022,1,1.0
5230,SNOWBIRD RESORT - AERIE LOUNGE|9320 S CLIFF LODGE DR|SANDY,3/24/2021,1,0.0
5231,SNOWBIRD RESORT - AERIE LOUNGE|9320 S CLIFF LODGE DR|SANDY,10/3/2019,1,0.0
5232,SNOWBIRD RESORT - AERIE LOUNGE|9320 S CLIFF LODGE DR|SANDY,12/4/2018,1,8.0
5233,SNOWBIRD RESORT - AERIE LOUNGE|9320 S CLIFF LODGE DR|SANDY,12/19/2017,1,4.0
5234,SNOWBIRD RESORT - AERIE LOUNGE|9320 S CLIFF LODGE DR|SANDY,3/2/2017,1,2.0
5235,SNOWBIRD RESORT - AERIE LOUNGE|9320 S CLIFF LODGE DR|SANDY,4/5/2016,1,1.0
5236,SNOWBIRD RESORT - BAKED & BREWED CAFE|9385 S SNOWBIRD CENTER DR|SANDY,1/16/2025,1,4.0
5237,SNOWBIRD RESORT - BAKED & BREWED CAFE|9385 S SNOWBIRD CENTER DR|SANDY,9/20/2023,1,4.0
5238,SNOWBIRD RESORT - BAKED & BREWED CAFE|9385 S SNOWBIRD CENTER DR|SANDY,11/29/2021,1,15.0
5239,SNOWBIRD RESORT - BAKED & BREWED CAFE|9385 S SNOWBIRD CENTER DR|SANDY,3/10/2021,1,2.0
5240,SNOWBIRD RESORT - BAKED & BREWED CAFE|9385 S SNOWBIRD CENTER DR|SANDY,2/4/2020,1,17.0
5241,SNOWBIRD RESORT - BAKED & BREWED CAFE|9385 S SNOWBIRD CENTER DR|SANDY,12/19/2018,1,9.0
5242,SNOWBIRD RESORT - BAKED & BREWED CAFE|9385 S SNOWBIRD CENTER DR|SANDY,1/24/2018,1,3.0
5243,SNOWBIRD RESORT - BAKED & BREWED CAFE|9385 S SNOWBIRD CENTER DR|SANDY,3/9/2017,1,5.0
5244,SNOWBIRD RESORT - BAKED & BREWED CAFE|9385 S SNOWBIRD CENTER DR|SANDY,4/5/2016,1,16.0
5245,SNOWBIRD RESORT - BAKED & BREWED CAFE|9385 S SNOWBIRD CENTER DR|SANDY,11/23/2015,2,11.0
5246,SNOWBIRD RESORT - BIRD FEEDER|9320 S CLIFF LODGE DR|SANDY,1/16/2026,1,7.0
5247,SNOWBIRD RESORT - BIRD FEEDER|9320 S CLIFF LODGE DR|SANDY,1/16/2025,1,12.0
5248,SNOWBIRD RESORT - BIRD FEEDER|9320 S CLIFF LODGE DR|SANDY,3/28/2024,1,11.0
5249,SNOWBIRD RESORT - BIRD FEEDER|9320 S CLIFF LODGE DR|SANDY,8/30/2022,2,1.0
5250,SNOWBIRD RESORT - BIRD FEEDER|9320 S CLIFF LODGE DR|SANDY,8/10/2022,1,18.0
5251,SNOWBIRD RESORT - BIRD FEEDER|9320 S CLIFF LODGE DR|SANDY,3/10/2021,1,1.0
5252,SNOWBIRD RESORT - BIRD FEEDER|9320 S CLIFF LODGE DR|SANDY,2/4/2020,1,29.0
5253,SNOWBIRD RESORT - BIRD FEEDER|9320 S CLIFF LODGE DR|SANDY,1/29/2019,1,11.0
5254,SNOWBIRD RESORT - BIRD FEEDER|9320 S CLIFF LODGE DR|SANDY,1/24/2018,1,6.0
5255,SNOWBIRD RESORT - BIRD FEEDER|9320 S CLIFF LODGE DR|SANDY,3/9/2017,1,2.0
5256,SNOWBIRD RESORT - CENTER COMMISSARY|9385 S SNOWBIRD CENTER DR|SANDY,11/12/2025,1,1.0
5257,SNOWBIRD RESORT - CENTER COMMISSARY|9385 S SNOWBIRD CENTER DR|SANDY,4/1/2024,1,2.0
5258,SNOWBIRD RESORT - CENTER COMMISSARY|9385 S SNOWBIRD CENTER DR|SANDY,3/24/2021,1,14.0
5259,SNOWBIRD RESORT - CENTER COMMISSARY|9385 S SNOWBIRD CENTER DR|SANDY,10/10/2019,1,13.0
5260,SNOWBIRD RESORT - CENTER COMMISSARY|9385 S SNOWBIRD CENTER DR|SANDY,1/18/2018,1,3.0
5261,SNOWBIRD RESORT - CENTER COMMISSARY|9385 S SNOWBIRD CENTER DR|SANDY,3/9/2017,1,0.0
5262,SNOWBIRD RESORT - CENTER COMMISSARY|9385 S SNOWBIRD CENTER DR|SANDY,11/23/2015,2,2.0
5263,SNOWBIRD RESORT - CLIFF COMMISSARY|9320 S CLIFF LODGE DR|SANDY,1/16/2026,1,5.0
5264,SNOWBIRD RESORT - CLIFF COMMISSARY|9320 S CLIFF LODGE DR|SANDY,4/8/2024,1,0.0
5265,SNOWBIRD RESORT - CLIFF COMMISSARY|9320 S CLIFF LODGE DR|SANDY,3/30/2022,1,1.0
5266,SNOWBIRD RESORT - CLIFF COMMISSARY|9320 S CLIFF LODGE DR|SANDY,3/24/2021,1,9.0
5267,SNOWBIRD RESORT - CLIFF COMMISSARY|9320 S CLIFF LODGE DR|SANDY,1/27/2020,1,11.0
5268,SNOWBIRD RESORT - CLIFF COMMISSARY|9320 S CLIFF LODGE DR|SANDY,1/3/2019,1,10.0
5269,SNOWBIRD RESORT - CLIFF COMMISSARY|9320 S CLIFF LODGE DR|SANDY,1/30/2018,1,7.0
5270,SNOWBIRD RESORT - CLIFF COMMISSARY|9320 S CLIFF LODGE DR|SANDY,3/2/2017,1,2.0
5271,SNOWBIRD RESORT - CLIFF COMMISSARY|9320 S CLIFF LODGE DR|SANDY,4/5/2016,1,8.0
5272,SNOWBIRD RESORT - COMMISSARY 3D|9320 S CLIFF LODGE DR|SANDY,1/6/2026,1,0.0
5273,SNOWBIRD RESORT - COMMISSARY 3D|9320 S CLIFF LODGE DR|SANDY,4/8/2024,1,1.0
5274,SNOWBIRD RESORT - COMMISSARY 3D|9320 S CLIFF LODGE DR|SANDY,3/30/2022,1,13.0
5275,SNOWBIRD RESORT - COMMISSARY 3D|9320 S CLIFF LODGE DR|SANDY,3/24/2021,1,3.0
5276,SNOWBIRD RESORT - COMMISSARY 3D|9320 S CLIFF LODGE DR|SANDY,1/27/2020,1,1.0
5277,SNOWBIRD RESORT - COMMISSARY 3D|9320 S CLIFF LODGE DR|SANDY,1/3/2019,1,3.0
5278,SNOWBIRD RESORT - COMMISSARY 3D|9320 S CLIFF LODGE DR|SANDY,1/24/2018,1,6.0
5279,SNOWBIRD RESORT - COMMISSARY 3D|9320 S CLIFF LODGE DR|SANDY,3/2/2017,1,1.0
5280,SNOWBIRD RESORT - FORKLIFT RESTAURANT|9320 S CLIFF LODGE DR|SANDY,1/16/2026,1,5.0
5281,SNOWBIRD RESORT - FORKLIFT RESTAURANT|9320 S CLIFF LODGE DR|SANDY,6/9/2025,1,51.0
5282,SNOWBIRD RESORT - FORKLIFT RESTAURANT|9320 S CLIFF LODGE DR|SANDY,1/16/2025,1,9.0
5283,SNOWBIRD RESORT - FORKLIFT RESTAURANT|9320 S CLIFF LODGE DR|SANDY,3/28/2024,1,35.0
5284,SNOWBIRD RESORT - FORKLIFT RESTAURANT|9320 S CLIFF LODGE DR|SANDY,8/10/2022,1,38.0
5285,SNOWBIRD RESORT - FORKLIFT RESTAURANT|9320 S CLIFF LODGE DR|SANDY,3/10/2021,1,15.0
5286,SNOWBIRD RESORT - FORKLIFT RESTAURANT|9320 S CLIFF LODGE DR|SANDY,2/4/2020,1,13.0
5287,SNOWBIRD RESORT - FORKLIFT RESTAURANT|9320 S CLIFF LODGE DR|SANDY,1/29/2019,1,33.0
5288,SNOWBIRD RESORT - FORKLIFT RESTAURANT|9320 S CLIFF LODGE DR|SANDY,7/18/2018,7,6.0
5289,SNOWBIRD RESORT - FORKLIFT RESTAURANT|9320 S CLIFF LODGE DR|SANDY,1/24/2018,1,12.0
5290,SNOWBIRD RESORT - LODGE BISTRO|9260 E LODGE DR|SANDY,1/16/2026,1,10.0
5291,SNOWBIRD RESORT - LODGE BISTRO|9260 E LODGE DR|SANDY,1/16/2025,1,21.0
5292,SNOWBIRD RESORT - LODGE BISTRO|9260 E LODGE DR|SANDY,4/8/2024,1,21.0
5293,SNOWBIRD RESORT - LODGE BISTRO|9260 E LODGE DR|SANDY,4/1/2024,7,0.0
5294,SNOWBIRD RESORT - LODGE BISTRO|9260 E LODGE DR|SANDY,3/17/2022,2,3.0
5295,SNOWBIRD RESORT - LODGE BISTRO|9260 E LODGE DR|SANDY,3/11/2022,1,33.0
5296,SNOWBIRD RESORT - LODGE BISTRO|9260 E LODGE DR|SANDY,3/5/2019,1,33.0
5297,SNOWBIRD RESORT - LODGE BISTRO|9260 E LODGE DR|SANDY,10/11/2017,1,17.0
5298,SNOWBIRD RESORT - LODGE BISTRO|9260 E LODGE DR|SANDY,3/13/2017,1,18.0
5299,SNOWBIRD RESORT - LODGE BISTRO|9260 E LODGE DR|SANDY,4/5/2016,1,15.0
5300,SNOWBIRD RESORT - ROOM SERVICE KITCHEN|9320 S CLIFF LODGE DR|SANDY,1/6/2026,1,9.0
5301,SNOWBIRD RESORT - ROOM SERVICE KITCHEN|9320 S CLIFF LODGE DR|SANDY,7/26/2024,1,0.0
5302,SNOWBIRD RESORT - ROOM SERVICE KITCHEN|9320 S CLIFF LODGE DR|SANDY,3/24/2022,1,8.0
5303,SNOWBIRD RESORT - ROOM SERVICE KITCHEN|9320 S CLIFF LODGE DR|SANDY,3/24/2021,1,0.0
5304,SNOWBIRD RESORT - ROOM SERVICE KITCHEN|9320 S CLIFF LODGE DR|SANDY,3/24/2021,1,2.0
5305,SNOWBIRD RESORT - ROOM SERVICE KITCHEN|9320 S CLIFF LODGE DR|SANDY,10/3/2019,1,0.0
5306,SNOWBIRD RESORT - ROOM SERVICE KITCHEN|9320 S CLIFF LODGE DR|SANDY,9/6/2018,1,10.0
5307,SNOWBIRD RESORT - ROOM SERVICE KITCHEN|9320 S CLIFF LODGE DR|SANDY,8/4/2017,1,17.0
5308,SNOWBIRD RESORT - ROOM SERVICE KITCHEN|9320 S CLIFF LODGE DR|SANDY,11/23/2015,2,4.0
5309,SNOWBIRD RESORT - STEAK PIT|9385 S SNOWBIRD CENTER DR|SANDY,1/26/2026,1,9.0
5310,SNOWBIRD RESORT - STEAK PIT|9385 S SNOWBIRD CENTER DR|SANDY,1/16/2025,1,7.0
5311,SNOWBIRD RESORT - STEAK PIT|9385 S SNOWBIRD CENTER DR|SANDY,2/8/2024,1,18.0
5312,SNOWBIRD RESORT - STEAK PIT|9385 S SNOWBIRD CENTER DR|SANDY,12/13/2021,1,23.0
5313,SNOWBIRD RESORT - STEAK PIT|9385 S SNOWBIRD CENTER DR|SANDY,3/12/2019,1,26.0
5314,SNOWBIRD RESORT - STEAK PIT|9385 S SNOWBIRD CENTER DR|SANDY,2/9/2018,1,8.0
5315,SNOWBIRD RESORT - STEAK PIT|9385 S SNOWBIRD CENTER DR|SANDY,4/3/2017,1,12.0
5316,SNOWBIRD RESORT - STEAK PIT|9385 S SNOWBIRD CENTER DR|SANDY,4/12/2016,1,22.0
5317,SNOWBIRD RESORT - STEAK PIT|9385 S SNOWBIRD CENTER DR|SANDY,11/23/2015,2,19.0
5318,SNOWBIRD RESORT - TWIN PEAKS|9320 S CLIFF LODGE DR|SANDY,3/10/2026,1,2.0
5319,SNOWBIRD RESORT - TWIN PEAKS|9320 S CLIFF LODGE DR|SANDY,4/8/2024,1,13.0
5320,SNOWBIRD RESORT - TWIN PEAKS|9320 S CLIFF LODGE DR|SANDY,8/30/2022,1,15.0
5321,SNOWBIRD RESORT - TWIN PEAKS|9320 S CLIFF LODGE DR|SANDY,9/6/2018,1,0.0
5322,SNOWBIRD RESORT - WILDFLOWER RESTAURANT|9121 E SNOWBIRD CENTER DR|SANDY,1/26/2026,1,10.0
5323,SNOWBIRD RESORT - WILDFLOWER RESTAURANT|9121 E SNOWBIRD CENTER DR|SANDY,1/16/2025,1,14.0
5324,SNOWBIRD RESORT - WILDFLOWER RESTAURANT|9121 E SNOWBIRD CENTER DR|SANDY,4/8/2024,1,45.0
5325,SNOWBIRD RESORT - WILDFLOWER RESTAURANT|9121 E SNOWBIRD CENTER DR|SANDY,3/22/2022,1,28.0
5326,SNOWBIRD RESORT - WILDFLOWER RESTAURANT|9121 E SNOWBIRD CENTER DR|SANDY,4/7/2021,1,13.0
5327,SNOWBIRD RESORT - WILDFLOWER RESTAURANT|9121 E SNOWBIRD CENTER DR|SANDY,12/17/2019,1,37.0
5328,SNOWBIRD RESORT - WILDFLOWER RESTAURANT|9121 E SNOWBIRD CENTER DR|SANDY,2/11/2019,1,36.0
5329,SNOWBIRD RESORT - WILDFLOWER RESTAURANT|9121 E SNOWBIRD CENTER DR|SANDY,3/7/2018,1,27.0
5330,SNOWBIRD RESORT - WILDFLOWER RESTAURANT|9121 E SNOWBIRD CENTER DR|SANDY,3/31/2017,1,11.0
5331,SNOWBIRD RESORT - WILDFLOWER RESTAURANT|9121 E SNOWBIRD CENTER DR|SANDY,4/5/2016,1,7.0
5332,SOBE EATS CULINARY CONCEPTS #SOBE 1|167 W 4500 S|MURRAY,2/26/2026,1,4.0
5333,SOBE EATS CULINARY CONCEPTS #SOBE 1|167 W 4500 S|MURRAY,9/20/2025,1,2.0
5334,SOBE EATS CULINARY CONCEPTS #SOBE 1|167 W 4500 S|MURRAY,4/8/2025,1,3.0
5335,SOBE EATS CULINARY CONCEPTS #SOBE 1|167 W 4500 S|MURRAY,8/29/2024,1,1.0
5336,SOBE EATS CULINARY CONCEPTS #SOBE 1|167 W 4500 S|MURRAY,9/22/2022,1,7.0
5337,SOBE EATS CULINARY CONCEPTS #SOBE 1|167 W 4500 S|MURRAY,5/22/2021,1,7.0
5338,SOBE EATS CULINARY CONCEPTS #SOBE 1|167 W 4500 S|MURRAY,7/30/2020,7,2.0
5339,SOBE EATS CULINARY CONCEPTS #SOBE 1|167 W 4500 S|MURRAY,12/18/2019,1,0.0
5340,SOBE EATS CULINARY CONCEPTS #SOBE 1|167 W 4500 S|MURRAY,9/7/2019,1,0.0
5341,SOBE EATS CULINARY CONCEPTS 3 #SOBE 2|167 W 4500 S|MURRAY,5/21/2026,1,1.0
5342,SOBE EATS CULINARY CONCEPTS 3 #SOBE 2|167 W 4500 S|MURRAY,9/21/2024,1,4.0
5343,SOBE EATS CULINARY CONCEPTS 3 #SOBE 2|167 W 4500 S|MURRAY,4/26/2022,1,16.0
5344,SOBE EATS CULINARY CONCEPTS 3 #SOBE 2|167 W 4500 S|MURRAY,7/2/2021,1,4.0
5345,SODEXO AT BROADCOM|25 E SCENIC POINTE DR|DRAPER,7/9/2026,1,3.0
5346,SODEXO AT BROADCOM|25 E SCENIC POINTE DR|DRAPER,3/26/2025,1,5.0
5347,SODEXO AT BROADCOM|25 E SCENIC POINTE DR|DRAPER,7/10/2024,1,25.0
5348,SODEXO DOMINION ENERGY SLC|1140 W 200 S|SALT LAKE CITY,6/30/2026,1,8.0
5349,SODEXO DOMINION ENERGY SLC|1140 W 200 S|SALT LAKE CITY,7/25/2025,1,11.0
5350,SODEXO DOMINION ENERGY SLC|1140 W 200 S|SALT LAKE CITY,6/9/2023,1,1.0
5351,SODEXO DOMINION ENERGY SLC|1140 W 200 S|SALT LAKE CITY,3/31/2022,1,0.0
5352,SODEXO DOMINION ENERGY SLC|1140 W 200 S|SALT LAKE CITY,10/25/2019,1,5.0
5353,SODEXO DOMINION ENERGY SLC|1140 W 200 S|SALT LAKE CITY,2/14/2019,1,6.0
5354,SODEXO DOMINION ENERGY SLC|1140 W 200 S|SALT LAKE CITY,10/19/2018,1,1.0
5355,SODEXO DOMINION ENERGY SLC|1140 W 200 S|SALT LAKE CITY,6/26/2018,1,25.0
5356,SODEXO DOMINION ENERGY SLC|1140 W 200 S|SALT LAKE CITY,4/3/2018,1,1.0
5357,SODEXO LIVE @ MAEC AUTONOMOUS STORE|9575 S STATE ST|SANDY,6/17/2026,1,1.0
5358,SODEXO LIVE @ MAEC AUTONOMOUS STORE|9575 S STATE ST|SANDY,9/5/2025,1,1.0
5359,SODEXO LIVE @ MAEC AUTONOMOUS STORE|9575 S STATE ST|SANDY,9/30/2024,1,0.0
5360,SODEXO LIVE @ MAEC AUTONOMOUS STORE|9575 S STATE ST|SANDY,3/22/2024,1,11.0
5361,SODEXO LIVE @ MAEC KITCHEN|9575 S STATE ST|SANDY,6/17/2026,1,7.0
5362,SODEXO LIVE @ MAEC KITCHEN|9575 S STATE ST|SANDY,1/16/2026,1,36.0
5363,SODEXO LIVE @ MAEC KITCHEN|9575 S STATE ST|SANDY,9/5/2025,1,6.0
5364,SODEXO LIVE @ MAEC KITCHEN|9575 S STATE ST|SANDY,5/6/2025,1,3.0
5365,SODEXO LIVE @ MAEC KITCHEN|9575 S STATE ST|SANDY,9/30/2024,1,4.0
5366,SODEXO LIVE @ MAEC KITCHEN|9575 S STATE ST|SANDY,6/30/2022,1,15.0
5367,SODEXO LIVE @ MAEC STAND 1|9575 S STATE ST|SANDY,6/17/2026,1,4.0
5368,SODEXO LIVE @ MAEC STAND 1|9575 S STATE ST|SANDY,9/5/2025,1,7.0
5369,SODEXO LIVE @ MAEC STAND 1|9575 S STATE ST|SANDY,9/30/2024,1,0.0
5370,SODEXO LIVE @ MAEC STAND 1|9575 S STATE ST|SANDY,6/30/2022,1,7.0
5371,SODEXO LIVE @ MAEC STAND 2|9575 S STATE ST|SANDY,6/17/2026,1,2.0
5372,SODEXO LIVE @ MAEC STAND 2|9575 S STATE ST|SANDY,9/5/2025,1,2.0
5373,SODEXO LIVE @ MAEC STAND 2|9575 S STATE ST|SANDY,9/30/2024,1,1.0
5374,SODEXO LIVE @ MAEC STAND 2|9575 S STATE ST|SANDY,6/30/2022,1,3.0
5375,SODEXO LIVE @ MAEC STAND 3/4|9575 S STATE ST|SANDY,6/17/2026,1,4.0
5376,SODEXO LIVE @ MAEC STAND 3/4|9575 S STATE ST|SANDY,8/1/2025,1,12.0
5377,SODEXO LIVE @ MAEC STAND 3/4|9575 S STATE ST|SANDY,9/30/2024,1,0.0
5378,SODEXO LIVE @ MAEC STAND 3/4|9575 S STATE ST|SANDY,3/21/2024,1,32.0
5379,SODEXO LIVE @ MAEC STAND 3/4|9575 S STATE ST|SANDY,6/30/2022,1,3.0
5380,SODEXO LIVE @ MAEC STAND 5|9575 S STATE ST|SANDY,6/17/2026,1,2.0
5381,SODEXO LIVE @ MAEC STAND 5|9575 S STATE ST|SANDY,9/5/2025,1,2.0
5382,SODEXO LIVE @ MAEC STAND 5|9575 S STATE ST|SANDY,9/30/2024,1,0.0
5383,SODEXO LIVE @ MAEC STAND 5|9575 S STATE ST|SANDY,6/30/2022,1,2.0
5384,SODEXO LIVE @ SALT PALACE GRAB AND GO STORE|100 S WEST TEMPLE ST|SALT LAKE CITY,2/12/2026,1,6.0
5385,SODEXO LIVE @ SALT PALACE GRAB AND GO STORE|100 S WEST TEMPLE ST|SALT LAKE CITY,9/25/2025,1,0.0
5386,SODEXO LIVE @ SALT PALACE GRAB AND GO STORE|100 S WEST TEMPLE ST|SALT LAKE CITY,9/25/2024,1,6.0
5387,SODEXO LIVE @ SALT PALACE GRAB AND GO STORE|100 S WEST TEMPLE ST|SALT LAKE CITY,9/22/2023,1,4.0
5388,SODEXO LIVE @ SALT PALACE HALL 1|100 S WEST TEMPLE ST|SALT LAKE CITY,2/12/2026,1,7.0
5389,SODEXO LIVE @ SALT PALACE HALL 1|100 S WEST TEMPLE ST|SALT LAKE CITY,9/25/2024,1,4.0
5390,SODEXO LIVE @ SALT PALACE HALL 1|100 S WEST TEMPLE ST|SALT LAKE CITY,9/22/2023,1,16.0
5391,SODEXO LIVE @ SALT PALACE HALL 1|100 S WEST TEMPLE ST|SALT LAKE CITY,9/22/2022,1,1.0
5392,SODEXO LIVE @ SALT PALACE HALL 1|100 S WEST TEMPLE ST|SALT LAKE CITY,1/11/2022,1,13.0
5393,SODEXO LIVE @ SALT PALACE SATELLITE|100 S WEST TEMPLE ST|SALT LAKE CITY,2/12/2026,1,6.0
5394,SODEXO LIVE @ SALT PALACE SATELLITE|100 S WEST TEMPLE ST|SALT LAKE CITY,9/25/2024,1,1.0
5395,SODEXO LIVE @ SALT PALACE SATELLITE|100 S WEST TEMPLE ST|SALT LAKE CITY,9/22/2022,1,0.0
5396,SODEXO LIVE @ SALT PALACE SATELLITE|100 S WEST TEMPLE ST|SALT LAKE CITY,9/16/2021,1,19.0
5397,SODEXO LIVE @ SALT PALACE STAND C|100 S WEST TEMPLE ST|SALT LAKE CITY,2/12/2026,1,7.0
5398,SODEXO LIVE @ SALT PALACE STAND C|100 S WEST TEMPLE ST|SALT LAKE CITY,9/25/2024,1,6.0
5399,SODEXO LIVE @ SALT PALACE STAND C|100 S WEST TEMPLE ST|SALT LAKE CITY,9/22/2022,1,0.0
5400,SODEXO LIVE @ SALT PALACE STAND C|100 S WEST TEMPLE ST|SALT LAKE CITY,9/16/2021,1,0.0
5401,SODEXO LIVE @ SALT PALACE STAND D|100 S WEST TEMPLE ST|SALT LAKE CITY,2/12/2026,1,4.0
5402,SODEXO LIVE @ SALT PALACE STAND D|100 S WEST TEMPLE ST|SALT LAKE CITY,9/25/2024,1,3.0
5403,SODEXO LIVE @ SALT PALACE STAND D|100 S WEST TEMPLE ST|SALT LAKE CITY,9/22/2022,1,13.0
5404,SODEXO LIVE @ SALT PALACE STAND D|100 S WEST TEMPLE ST|SALT LAKE CITY,1/11/2022,1,1.0
5405,SODEXO LIVE @ SALT PALACE STAND E|100 S WEST TEMPLE ST|SALT LAKE CITY,2/11/2026,1,4.0
5406,SODEXO LIVE @ SALT PALACE STAND E|100 S WEST TEMPLE ST|SALT LAKE CITY,9/25/2024,1,2.0
5407,SODEXO LIVE @ SALT PALACE STAND E|100 S WEST TEMPLE ST|SALT LAKE CITY,9/22/2022,1,8.0
5408,SODEXO LIVE @ SALT PALACE STAND E|100 S WEST TEMPLE ST|SALT LAKE CITY,1/11/2022,1,7.0
5409,SOI GOT HANDS @ SALT LAKE CITY COMMISSARY|3678 W 2100 S|SALT LAKE CITY,2/9/2026,1,2.0
5410,SONIC DRIVE IN|849 E FORT UNION BLVD|MIDVALE,6/1/2026,2,0.0
5411,SONIC DRIVE IN|849 E FORT UNION BLVD|MIDVALE,5/28/2026,7,126.0
5412,SONIC DRIVE IN|849 E FORT UNION BLVD|MIDVALE,1/30/2026,1,2.0
5413,SONIC DRIVE IN|849 E FORT UNION BLVD|MIDVALE,12/31/2025,1,9.0
5414,SONIC DRIVE IN|849 E FORT UNION BLVD|MIDVALE,5/6/2025,2,0.0
5415,SONIC DRIVE IN|849 E FORT UNION BLVD|MIDVALE,5/5/2025,1,51.0
5416,SONIC DRIVE IN|849 E FORT UNION BLVD|MIDVALE,1/2/2024,1,46.0
5417,SONIC DRIVE IN|4561 S 4000 W|WEST VALLEY CITY,6/16/2026,1,11.0
5418,SONIC DRIVE IN|4561 S 4000 W|WEST VALLEY CITY,10/30/2025,1,27.0
5419,SONIC DRIVE IN|4561 S 4000 W|WEST VALLEY CITY,11/4/2024,1,16.0
5420,SONIC DRIVE IN|4561 S 4000 W|WEST VALLEY CITY,3/4/2024,1,37.0
5421,SONIC DRIVE IN|4561 S 4000 W|WEST VALLEY CITY,6/7/2023,2,8.0
5422,SONIC DRIVE IN|4561 S 4000 W|WEST VALLEY CITY,3/29/2023,2,26.0
5423,SONIC DRIVE IN|10225 S STATE ST|SANDY,3/30/2026,1,11.0
5424,SONIC DRIVE IN|10225 S STATE ST|SANDY,9/29/2025,1,19.0
5425,SONIC DRIVE IN|10225 S STATE ST|SANDY,2/7/2025,1,16.0
5426,SONIC DRIVE IN|10225 S STATE ST|SANDY,8/2/2024,1,5.0
5427,SONIC DRIVE IN|10225 S STATE ST|SANDY,12/20/2023,1,8.0
5428,SONIC DRIVE IN|10225 S STATE ST|SANDY,5/10/2023,1,3.0
5429,SONIC DRIVE IN|10225 S STATE ST|SANDY,1/27/2023,2,0.0
5430,SONIC DRIVE IN|10225 S STATE ST|SANDY,1/9/2023,2,2.0
5431,SOUND BREW COFFEE|202 E 500 S|SALT LAKE CITY,2/12/2026,1,0.0
5432,SOUND BREW COFFEE|202 E 500 S|SALT LAKE CITY,2/20/2025,1,12.0
5433,SOUNDWELL/BACK BAR|149 W 200 S|SALT LAKE CITY,12/9/2025,1,3.0
5434,SOUNDWELL/BACK BAR|149 W 200 S|SALT LAKE CITY,4/11/2024,1,2.0
5435,SOUNDWELL/BACK BAR|149 W 200 S|SALT LAKE CITY,1/10/2023,1,4.0
5436,SOUTH TOWNE CENTER TRAY WASH|10450 S STATE ST|SANDY,10/2/2025,1,4.0
5437,SOUTH TOWNE CENTER TRAY WASH|10450 S STATE ST|SANDY,10/22/2024,1,0.0
5438,SOUTH TOWNE CENTER TRAY WASH|10450 S STATE ST|SANDY,10/27/2022,1,2.0
5439,SOUTH TOWNE CENTER TRAY WASH|10450 S STATE ST|SANDY,11/8/2021,1,0.0
5440,SOUTH TOWNE CENTER TRAY WASH|10450 S STATE ST|SANDY,10/14/2019,1,2.0
5441,SOUTH TOWNE CENTER TRAY WASH|10450 S STATE ST|SANDY,4/3/2018,1,17.0
5442,SOUTH TOWNE CENTER TRAY WASH|10450 S STATE ST|SANDY,11/29/2016,1,2.0
5443,SOUTHERN XPOSURE|1737 N BECK ST|SALT LAKE CITY,1/17/2025,1,3.0
5444,SOUTHERN XPOSURE|1737 N BECK ST|SALT LAKE CITY,11/2/2023,1,2.0
5445,SOUTHERN XPOSURE|1737 N BECK ST|SALT LAKE CITY,10/27/2022,1,6.0
5446,SOUTHERN XPOSURE|1737 N BECK ST|SALT LAKE CITY,10/7/2020,1,0.0
5447,SPEEDWAY #9419|2112 E 2100 S|SALT LAKE CITY,7/30/2025,1,3.0
5448,SPEEDWAY #9419|2112 E 2100 S|SALT LAKE CITY,1/8/2024,1,4.0
5449,SPEEDWAY #9419|2112 E 2100 S|SALT LAKE CITY,10/14/2021,1,5.0
5450,SPEEDWAY #9419|2112 E 2100 S|SALT LAKE CITY,1/22/2020,1,3.0
5451,SPEEDWAY #9420|2187 W 4700 S|TAYLORSVILLE,11/12/2024,1,2.0
5452,SPEEDWAY #9420|2187 W 4700 S|TAYLORSVILLE,10/13/2023,1,2.0
5453,SPEEDWAY #9420|2187 W 4700 S|TAYLORSVILLE,7/21/2022,1,7.0
5454,SPEEDWAY #9420|2187 W 4700 S|TAYLORSVILLE,6/14/2021,1,0.0
5455,SPEEDWAY #9420|2187 W 4700 S|TAYLORSVILLE,1/9/2020,1,1.0
5456,SPEEDWAY #9424|3301 S 2300 E|MILLCREEK,7/13/2026,1,4.0
5457,SPEEDWAY #9424|3301 S 2300 E|MILLCREEK,5/12/2025,1,9.0
5458,SPEEDWAY #9424|3301 S 2300 E|MILLCREEK,11/29/2023,1,1.0
5459,SPEEDWAY #9424|3301 S 2300 E|MILLCREEK,12/3/2021,1,9.0
5460,SPEEDWAY #9424|3301 S 2300 E|MILLCREEK,11/25/2019,1,8.0
5461,SPEEDWAY #9425|3587 W 4700 S|TAYLORSVILLE,2/12/2025,1,3.0
5462,SPEEDWAY #9425|3587 W 4700 S|TAYLORSVILLE,10/10/2023,1,3.0
5463,SPEEDWAY #9425|3587 W 4700 S|TAYLORSVILLE,7/28/2022,1,1.0
5464,SPEEDWAY #9425|3587 W 4700 S|TAYLORSVILLE,6/16/2021,1,0.0
5465,SPEEDWAY #9425|3587 W 4700 S|TAYLORSVILLE,2/21/2020,1,6.0
5466,SPEEDWAY #9430|4841 S REDWOOD RD|TAYLORSVILLE,11/12/2024,1,3.0
5467,SPEEDWAY #9430|4841 S REDWOOD RD|TAYLORSVILLE,10/13/2023,1,7.0
5468,SPEEDWAY #9430|4841 S REDWOOD RD|TAYLORSVILLE,7/22/2022,1,8.0
5469,SPEEDWAY #9430|4841 S REDWOOD RD|TAYLORSVILLE,6/21/2021,1,0.0
5470,SPEEDWAY #9437|680 E 400 S|SALT LAKE CITY,5/26/2026,1,2.0
5471,SPEEDWAY #9437|680 E 400 S|SALT LAKE CITY,5/19/2025,1,3.0
5472,SPEEDWAY #9437|680 E 400 S|SALT LAKE CITY,3/19/2024,1,2.0
5473,SPEEDWAY #9437|680 E 400 S|SALT LAKE CITY,2/9/2023,1,3.0
5474,SPEEDWAY #9437|680 E 400 S|SALT LAKE CITY,6/9/2021,1,1.0
5475,SPEEDWAY #9437|680 E 400 S|SALT LAKE CITY,2/28/2020,2,7.0
5476,SPEEDWAY #9437|680 E 400 S|SALT LAKE CITY,2/7/2020,2,11.0
5477,SPEEDWAY #9437|680 E 400 S|SALT LAKE CITY,1/17/2020,2,16.0
5478,SPEEDWAY #9437|680 E 400 S|SALT LAKE CITY,11/5/2019,1,21.0
5479,SPEEDWAY #9445|897 E 6600 S|MURRAY,4/23/2026,1,1.0
5480,SPEEDWAY #9445|897 E 6600 S|MURRAY,2/24/2025,1,6.0
5481,SPEEDWAY #9445|897 E 6600 S|MURRAY,2/9/2024,1,10.0
5482,SPEEDWAY #9445|897 E 6600 S|MURRAY,2/14/2023,1,2.0
5483,SPEEDWAY #9445|897 E 6600 S|MURRAY,2/2/2022,1,2.0
5484,SPEEDWAY #9445|897 E 6600 S|MURRAY,12/16/2019,1,5.0
5485,SPRINGHILL SUITES|2206 S 1300 E|SALT LAKE CITY,3/25/2026,1,1.0
5486,SPRINGHILL SUITES|2206 S 1300 E|SALT LAKE CITY,3/10/2025,1,1.0
5487,SPRINGHILL SUITES|2206 S 1300 E|SALT LAKE CITY,12/4/2023,1,16.0
5488,SPRINGHILL SUITES|2206 S 1300 E|SALT LAKE CITY,5/10/2022,1,3.0
5489,SPRINGHILL SUITES|2206 S 1300 E|SALT LAKE CITY,11/21/2019,1,1.0
5490,SPRINGHILL SUITES MARRIOTT SALT LAKE CITY|625 S 300 W|SALT LAKE CITY,4/14/2026,1,5.0
5491,SPRITZ!|110 W BROADWAY ST|SALT LAKE CITY,7/16/2025,1,2.0
5492,SPROUTS FARMERS MARKET|216 S 700 E|SALT LAKE CITY,11/19/2025,1,7.0
5493,SPROUTS FARMERS MARKET|216 S 700 E|SALT LAKE CITY,6/10/2024,1,17.0
5494,SPROUTS FARMERS MARKET|216 S 700 E|SALT LAKE CITY,8/7/2023,1,20.0
5495,SPROUTS FARMERS MARKET|216 S 700 E|SALT LAKE CITY,8/2/2022,1,0.0
5496,SPROUTS FARMERS MARKET|216 S 700 E|SALT LAKE CITY,10/19/2021,1,10.0
5497,SPROUTS FARMERS MARKET|216 S 700 E|SALT LAKE CITY,10/7/2020,1,8.0
5498,SPROUTS FARMERS MARKET|216 S 700 E|SALT LAKE CITY,7/25/2019,1,4.0
5499,SPROUTS FARMERS MARKET|216 S 700 E|SALT LAKE CITY,10/17/2018,1,16.0
5500,SPROUTS FARMERS MARKET|216 S 700 E|SALT LAKE CITY,1/10/2018,1,15.0
5501,SPROUTS FARMERS MARKET|216 S 700 E|SALT LAKE CITY,12/1/2016,1,6.0
5502,SPROUTS FARMERS MARKET|1785 E MURRAY HOLLADAY RD|MILLCREEK TS,6/1/2026,1,9.0
5503,SPROUTS FARMERS MARKET|1785 E MURRAY HOLLADAY RD|MILLCREEK TS,8/20/2025,1,3.0
5504,SPROUTS FARMERS MARKET|1785 E MURRAY HOLLADAY RD|MILLCREEK TS,11/15/2024,1,0.0
5505,SPROUTS FARMERS MARKET|1785 E MURRAY HOLLADAY RD|MILLCREEK TS,11/28/2023,1,7.0
5506,SPROUTS FARMERS MARKET|1785 E MURRAY HOLLADAY RD|MILLCREEK TS,6/27/2022,1,11.0
5507,SPROUTS FARMERS MARKET|1785 E MURRAY HOLLADAY RD|MILLCREEK TS,5/13/2021,1,11.0
5508,SPROUTS FARMERS MARKET|1785 E MURRAY HOLLADAY RD|MILLCREEK TS,3/16/2020,1,3.0
5509,SPROUTS FARMERS MARKET|1785 E MURRAY HOLLADAY RD|MILLCREEK TS,7/3/2019,1,11.0
5510,SPROUTS FARMERS MARKET|1785 E MURRAY HOLLADAY RD|MILLCREEK TS,10/10/2018,1,2.0
5511,SPROUTS FARMERS MARKET|1785 E MURRAY HOLLADAY RD|MILLCREEK TS,1/5/2018,1,22.0
5512,SQUATTERS PUB BREWERY - DOG PATIO|147 W BROADWAY ST|SALT LAKE CITY,7/8/2025,1,0.0
5513,SQUATTERS PUB BREWERY - DOG PATIO|147 W BROADWAY ST|SALT LAKE CITY,4/29/2024,1,0.0
5514,SQUATTERS PUB BREWERY - DOG PATIO|147 W BROADWAY ST|SALT LAKE CITY,10/17/2022,1,0.0
5515,SQUATTERS PUB BREWERY - DOG PATIO|147 W BROADWAY ST|SALT LAKE CITY,5/7/2021,1,0.0
5516,SQUATTERS PUB BREWERY - DOG PATIO|147 W BROADWAY ST|SALT LAKE CITY,1/25/2019,1,0.0
5517,STAR OF INDIA|1000 S MAIN ST|SALT LAKE CITY,4/30/2026,1,5.0
5518,STARBUCKS|6223 S DIXIE DR|WEST JORDAN,4/13/2026,1,5.0
5519,STARBUCKS|6223 S DIXIE DR|WEST JORDAN,7/1/2025,1,9.0
5520,STARBUCKS|6223 S DIXIE DR|WEST JORDAN,7/29/2024,1,3.0
5521,STARBUCKS|6223 S DIXIE DR|WEST JORDAN,10/16/2023,1,11.0
5522,STARBUCKS|6223 S DIXIE DR|WEST JORDAN,9/22/2022,1,4.0
5523,STARBUCKS|6223 S DIXIE DR|WEST JORDAN,6/9/2021,1,2.0
5524,STARBUCKS|6223 S DIXIE DR|WEST JORDAN,7/10/2019,1,6.0
5525,STARBUCKS|6223 S DIXIE DR|WEST JORDAN,10/16/2018,1,2.0
5526,STARBUCKS|6223 S DIXIE DR|WEST JORDAN,10/13/2017,1,1.0
5527,STARBUCKS|3981 S WASATCH BLVD|SALT LAKE CITY,2/17/2026,1,2.0
5528,STARBUCKS|3981 S WASATCH BLVD|SALT LAKE CITY,12/19/2024,1,0.0
5529,STARBUCKS|2039 E 9400 S|SANDY,4/10/2026,1,2.0
5530,STARBUCKS|2039 E 9400 S|SANDY,3/28/2025,1,6.0
5531,STARBUCKS|2039 E 9400 S|SANDY,10/13/2023,1,4.0
5532,STARBUCKS|2039 E 9400 S|SANDY,3/25/2022,1,3.0
5533,STARBUCKS|4065 S 5600 W|WEST VALLEY CITY,7/15/2026,1,0.0
5534,STARBUCKS|4065 S 5600 W|WEST VALLEY CITY,9/23/2025,1,7.0
5535,STARBUCKS|4065 S 5600 W|WEST VALLEY CITY,12/2/2024,1,2.0
5536,STARBUCKS|4065 S 5600 W|WEST VALLEY CITY,1/9/2024,1,2.0
5537,STARBUCKS|11505 S 4000 W|SOUTH JORDAN,6/16/2026,1,3.0
5538,STARBUCKS|11505 S 4000 W|SOUTH JORDAN,7/30/2025,1,1.0
5539,STARBUCKS|11505 S 4000 W|SOUTH JORDAN,10/17/2024,1,9.0
5540,STARBUCKS|11505 S 4000 W|SOUTH JORDAN,1/5/2024,1,18.0
5541,STARBUCKS|11505 S 4000 W|SOUTH JORDAN,3/16/2023,1,17.0
5542,STARBUCKS|11505 S 4000 W|SOUTH JORDAN,5/23/2022,1,9.0
5543,STARBUCKS|11505 S 4000 W|SOUTH JORDAN,7/16/2021,1,3.0
5544,STARBUCKS|11505 S 4000 W|SOUTH JORDAN,6/19/2020,1,1.0
5545,STARBUCKS|11505 S 4000 W|SOUTH JORDAN,5/2/2019,1,6.0
5546,STARBUCKS|11505 S 4000 W|SOUTH JORDAN,8/16/2018,1,1.0
5547,STARBUCKS #17957|80 S MAIN ST|SALT LAKE CITY,5/26/2026,1,0.0
5548,STARBUCKS #17957|80 S MAIN ST|SALT LAKE CITY,5/12/2025,1,9.0
5549,STARBUCKS #17957|80 S MAIN ST|SALT LAKE CITY,2/20/2024,1,10.0
5550,STARBUCKS #17957|80 S MAIN ST|SALT LAKE CITY,3/18/2022,1,3.0
5551,STARBUCKS #17957|80 S MAIN ST|SALT LAKE CITY,3/19/2021,1,0.0
5552,STARBUCKS #17957|80 S MAIN ST|SALT LAKE CITY,5/3/2019,1,0.0
5553,STARBUCKS #17957|80 S MAIN ST|SALT LAKE CITY,3/20/2018,1,7.0
5554,STARBUCKS #17957|80 S MAIN ST|SALT LAKE CITY,2/3/2017,1,4.0
5555,STARBUCKS 24HR|3920 W TERMINAL DR|SALT LAKE CITY,11/21/2025,1,2.0
5556,STARBUCKS 24HR|3920 W TERMINAL DR|SALT LAKE CITY,12/10/2024,1,10.0
5557,STARBUCKS 24HR|3920 W TERMINAL DR|SALT LAKE CITY,12/14/2023,1,23.0
5558,STARBUCKS 24HR|3920 W TERMINAL DR|SALT LAKE CITY,1/20/2023,1,7.0
5559,STARBUCKS 24HR|3920 W TERMINAL DR|SALT LAKE CITY,7/13/2021,1,11.0
5560,STARBUCKS @ MACEYS|2040 S 2300 E|SALT LAKE CITY,6/13/2025,1,5.0
5561,STARBUCKS @ MACEYS|2040 S 2300 E|SALT LAKE CITY,9/28/2023,1,0.0
5562,STARBUCKS @ MACEYS|2040 S 2300 E|SALT LAKE CITY,10/11/2021,1,5.0
5563,STARBUCKS @ MACEYS|2040 S 2300 E|SALT LAKE CITY,9/12/2019,1,2.0
5564,STARBUCKS @ MACEYS|2040 S 2300 E|SALT LAKE CITY,5/31/2018,1,1.0
5565,STARBUCKS @ MACEYS|2040 S 2300 E|SALT LAKE CITY,6/5/2017,1,12.0
5566,STARBUCKS @ MACEYS|2040 S 2300 E|SALT LAKE CITY,12/7/2015,1,16.0
5567,STARBUCKS @ MACEYS|2040 S 2300 E|SALT LAKE CITY,10/30/2014,1,19.0
5568,STARBUCKS @ MACEYS|2040 S 2300 E|SALT LAKE CITY,6/11/2013,1,15.0
5569,STARBUCKS @ MACEYS|2040 S 2300 E|SALT LAKE CITY,11/23/2010,1,2.0
5570,STARBUCKS @ MACEYS|5632 S 900 E|MURRAY,7/17/2025,1,2.0
5571,STARBUCKS @ MACEYS|5632 S 900 E|MURRAY,5/20/2024,1,2.0
5572,STARBUCKS @ MACEYS|5632 S 900 E|MURRAY,5/31/2023,1,7.0
5573,STARBUCKS @ MACEYS|5632 S 900 E|MURRAY,3/28/2022,1,1.0
5574,STARBUCKS @ MACEYS|5632 S 900 E|MURRAY,9/21/2020,1,0.0
5575,STARBUCKS @ MACEYS|5632 S 900 E|MURRAY,4/18/2019,1,3.0
5576,STARBUCKS @ MACEYS|5632 S 900 E|MURRAY,4/3/2018,1,7.0
5577,STARBUCKS @ MACEYS|5632 S 900 E|MURRAY,4/14/2017,1,19.0
5578,STARBUCKS @ MACEYS|5632 S 900 E|MURRAY,3/30/2016,1,9.0
5579,STARBUCKS @ MACEYS|5632 S 900 E|MURRAY,2/12/2015,1,1.0
5580,STARBUCKS @ SMITHS|5448 W DAYBREAK PKWY|SOUTH JORDAN,2/17/2026,1,5.0
5581,STARBUCKS @ SMITHS|5448 W DAYBREAK PKWY|SOUTH JORDAN,2/20/2025,1,3.0
5582,STARBUCKS @ SMITHS|5448 W DAYBREAK PKWY|SOUTH JORDAN,2/13/2024,1,1.0
5583,STARBUCKS @ SMITHS|5448 W DAYBREAK PKWY|SOUTH JORDAN,7/20/2023,1,3.0
5584,STARBUCKS @ SMITHS|5448 W DAYBREAK PKWY|SOUTH JORDAN,4/4/2022,1,0.0
5585,STARBUCKS @ SMITHS|5448 W DAYBREAK PKWY|SOUTH JORDAN,2/8/2021,1,1.0
5586,STARBUCKS @ SMITHS|5448 W DAYBREAK PKWY|SOUTH JORDAN,10/28/2019,1,1.0
5587,STARBUCKS @ SMITHS|5448 W DAYBREAK PKWY|SOUTH JORDAN,12/3/2018,1,3.0
5588,STARBUCKS @ SMITHS|5448 W DAYBREAK PKWY|SOUTH JORDAN,12/15/2017,1,2.0
5589,STARBUCKS @ SMITHS|5448 W DAYBREAK PKWY|SOUTH JORDAN,10/27/2016,1,5.0
5590,STARBUCKS @ SMITHS FOOD & DRUG|5560 W 13400 S|HERRIMAN,6/29/2026,1,3.0
5591,STARBUCKS @ SMITHS FOOD & DRUG|5560 W 13400 S|HERRIMAN,6/13/2025,1,2.0
5592,STARBUCKS @ SMITHS FOOD & DRUG|5560 W 13400 S|HERRIMAN,6/27/2024,1,0.0
5593,STARBUCKS @ SMITHS FOOD & DRUG|5560 W 13400 S|HERRIMAN,7/7/2023,1,2.0
5594,STARBUCKS @ SMITHS FOOD & DRUG|5560 W 13400 S|HERRIMAN,6/22/2022,1,7.0
5595,STARBUCKS @ SMITHS FOOD & DRUG|5560 W 13400 S|HERRIMAN,3/31/2021,1,3.0
5596,STARBUCKS @ SMITHS FOOD & DRUG|5560 W 13400 S|HERRIMAN,10/29/2019,1,6.0
5597,STARBUCKS @ SMITHS FOOD & DRUG|5560 W 13400 S|HERRIMAN,10/11/2018,1,4.0
5598,STARBUCKS @ SMITHS MARKETPLACE|3215 S VALLEY ST|MILLCREEK TS,2/11/2026,1,2.0
5599,STARBUCKS @ SMITHS MARKETPLACE|3215 S VALLEY ST|MILLCREEK TS,1/28/2025,1,4.0
5600,STARBUCKS @ SMITHS MARKETPLACE|3215 S VALLEY ST|MILLCREEK TS,1/16/2024,1,10.0
5601,STARBUCKS @ SMITHS MARKETPLACE|3215 S VALLEY ST|MILLCREEK TS,1/10/2022,1,0.0
5602,STARBUCKS @ SMITHS MARKETPLACE|3215 S VALLEY ST|MILLCREEK TS,2/27/2020,1,10.0
5603,STARBUCKS @ SMITHS MARKETPLACE|3215 S VALLEY ST|MILLCREEK TS,2/20/2019,1,0.0
5604,STARBUCKS @ SMITHS MARKETPLACE|3215 S VALLEY ST|MILLCREEK TS,2/7/2018,1,2.0
5605,STARBUCKS @ SMITHS MARKETPLACE|3215 S VALLEY ST|MILLCREEK TS,2/9/2017,1,6.0
5606,STARBUCKS @ SMITHS MARKETPLACE|3215 S VALLEY ST|MILLCREEK TS,2/5/2016,1,4.0
5607,STARBUCKS @ TARGET|10130 S STATE ST|SANDY,12/8/2025,1,3.0
5608,STARBUCKS @ TARGET|10130 S STATE ST|SANDY,12/5/2024,1,0.0
5609,STARBUCKS @ TARGET|10130 S STATE ST|SANDY,12/5/2023,1,1.0
5610,STARBUCKS @ TARGET|10130 S STATE ST|SANDY,9/9/2022,1,0.0
5611,STARBUCKS @ TARGET|10130 S STATE ST|SANDY,9/27/2021,1,3.0
5612,STARBUCKS @ TARGET|10130 S STATE ST|SANDY,7/29/2020,1,0.0
5613,STARBUCKS @ TARGET|10130 S STATE ST|SANDY,7/9/2019,1,13.0
5614,STARBUCKS @ TARGET|10130 S STATE ST|SANDY,5/30/2018,1,7.0
5615,STARBUCKS @ TARGET|10130 S STATE ST|SANDY,5/8/2017,1,1.0
5616,STARBUCKS @ TARGET|10130 S STATE ST|SANDY,2/1/2016,1,1.0
5617,STARBUCKS @ WESTMINSTER UNIVERSITY|1840 S 1300 E|SALT LAKE CITY,8/13/2025,1,0.0
5618,STARBUCKS @ WESTMINSTER UNIVERSITY|1840 S 1300 E|SALT LAKE CITY,5/22/2024,1,4.0
5619,STARBUCKS AT SMITHS #495|1820 W 9000 S|WEST JORDAN,6/1/2026,1,1.0
5620,STARBUCKS AT SMITHS #495|1820 W 9000 S|WEST JORDAN,4/15/2025,1,4.0
5621,STARBUCKS AT SMITHS #495|1820 W 9000 S|WEST JORDAN,11/6/2024,1,1.0
5622,STARBUCKS AT SMITHS #495|1820 W 9000 S|WEST JORDAN,10/27/2023,1,13.0
5623,STARBUCKS AT SMITHS #495|1820 W 9000 S|WEST JORDAN,9/27/2022,1,4.0
5624,STARBUCKS AT SMITHS #495|1820 W 9000 S|WEST JORDAN,9/16/2021,1,2.0
5625,STARBUCKS AT SMITHS #495|1820 W 9000 S|WEST JORDAN,9/21/2020,1,5.0
5626,STARBUCKS AT SMITHS #495|1820 W 9000 S|WEST JORDAN,6/4/2019,1,3.0
5627,STARBUCKS AT SMITHS #495|1820 W 9000 S|WEST JORDAN,6/28/2018,1,1.0
5628,STARBUCKS AT SMITHS #495|1820 W 9000 S|WEST JORDAN,1/10/2017,1,0.0
5629,STARBUCKS COFFEE|922 E 2100 S|SALT LAKE CITY,6/26/2025,1,2.0
5630,STARBUCKS COFFEE|922 E 2100 S|SALT LAKE CITY,11/16/2023,1,0.0
5631,STARBUCKS COFFEE|922 E 2100 S|SALT LAKE CITY,11/9/2021,1,1.0
5632,STARBUCKS COFFEE|922 E 2100 S|SALT LAKE CITY,11/25/2019,1,7.0
5633,STARBUCKS COFFEE|922 E 2100 S|SALT LAKE CITY,11/20/2018,1,3.0
5634,STARBUCKS COFFEE|922 E 2100 S|SALT LAKE CITY,11/15/2017,1,4.0
5635,STARBUCKS COFFEE|922 E 2100 S|SALT LAKE CITY,8/10/2016,1,1.0
5636,STARBUCKS COFFEE|922 E 2100 S|SALT LAKE CITY,9/30/2014,1,6.0
5637,STARBUCKS COFFEE|13629 S 600 W|DRAPER,5/14/2026,1,1.0
5638,STARBUCKS COFFEE|3898 S 900 E|MILLCREEK TS,11/10/2025,1,4.0
5639,STARBUCKS COFFEE|3898 S 900 E|MILLCREEK TS,11/15/2024,1,6.0
5640,STARBUCKS COFFEE|3898 S 900 E|MILLCREEK TS,8/30/2023,1,3.0
5641,STARBUCKS COFFEE|3898 S 900 E|MILLCREEK TS,10/27/2021,1,7.0
5642,STARBUCKS COFFEE|3898 S 900 E|MILLCREEK TS,12/19/2019,1,4.0
5643,STARBUCKS COFFEE|3898 S 900 E|MILLCREEK TS,1/2/2019,1,0.0
5644,STARBUCKS COFFEE|3898 S 900 E|MILLCREEK TS,12/8/2017,1,1.0
5645,STARBUCKS COFFEE|3898 S 900 E|MILLCREEK TS,8/16/2016,1,10.0
5646,STARBUCKS COFFEE|3898 S 900 E|MILLCREEK TS,9/23/2014,1,6.0
5647,STARBUCKS COFFEE|3898 S 900 E|MILLCREEK TS,1/30/2013,1,7.0
5648,STARBUCKS COFFEE|5500 S REDWOOD RD|TAYLORSVILLE,2/24/2026,1,5.0
5649,STARBUCKS COFFEE|5500 S REDWOOD RD|TAYLORSVILLE,10/24/2024,1,7.0
5650,STARBUCKS COFFEE|5500 S REDWOOD RD|TAYLORSVILLE,1/12/2024,7,10.0
5651,STARBUCKS COFFEE|5500 S REDWOOD RD|TAYLORSVILLE,9/29/2023,1,36.0
5652,STARBUCKS COFFEE|5500 S REDWOOD RD|TAYLORSVILLE,7/19/2022,1,15.0
5653,STARBUCKS COFFEE|5500 S REDWOOD RD|TAYLORSVILLE,6/23/2021,1,8.0
5654,STARBUCKS COFFEE|5500 S REDWOOD RD|TAYLORSVILLE,10/22/2019,1,11.0
5655,STARBUCKS COFFEE|5500 S REDWOOD RD|TAYLORSVILLE,11/2/2018,1,10.0
5656,STARBUCKS COFFEE|5500 S REDWOOD RD|TAYLORSVILLE,11/2/2017,1,8.0
5657,STARBUCKS COFFEE|5500 S REDWOOD RD|TAYLORSVILLE,10/5/2017,7,0.0
5658,STARBUCKS COFFEE|50 N MEDICAL DR|SALT LAKE CITY,12/31/2025,1,1.0
5659,STARBUCKS COFFEE|50 N MEDICAL DR|SALT LAKE CITY,2/6/2025,1,6.0
5660,STARBUCKS COFFEE|50 N MEDICAL DR|SALT LAKE CITY,5/8/2024,7,0.0
5661,STARBUCKS COFFEE|50 N MEDICAL DR|SALT LAKE CITY,11/8/2023,1,1.0
5662,STARBUCKS COFFEE|50 N MEDICAL DR|SALT LAKE CITY,5/19/2023,7,0.0
5663,STARBUCKS COFFEE|50 N MEDICAL DR|SALT LAKE CITY,1/25/2023,1,3.0
5664,STARBUCKS COFFEE|50 N MEDICAL DR|SALT LAKE CITY,12/15/2021,1,3.0
5665,STARBUCKS COFFEE|50 N MEDICAL DR|SALT LAKE CITY,10/28/2019,1,7.0
5666,STARBUCKS COFFEE|50 N MEDICAL DR|SALT LAKE CITY,8/3/2018,1,2.0
5667,STARBUCKS COFFEE|50 N MEDICAL DR|SALT LAKE CITY,10/23/2017,1,17.0
5668,STARBUCKS COFFEE|9354 S VILLAGE SHOP DR|SANDY,12/29/2025,1,5.0
5669,STARBUCKS COFFEE|9354 S VILLAGE SHOP DR|SANDY,12/5/2024,1,11.0
5670,STARBUCKS COFFEE|9354 S VILLAGE SHOP DR|SANDY,12/5/2023,1,7.0
5671,STARBUCKS COFFEE|9354 S VILLAGE SHOP DR|SANDY,6/17/2022,1,0.0
5672,STARBUCKS COFFEE|9354 S VILLAGE SHOP DR|SANDY,3/24/2021,1,1.0
5673,STARBUCKS COFFEE|9354 S VILLAGE SHOP DR|SANDY,7/19/2019,1,1.0
5674,STARBUCKS COFFEE|9354 S VILLAGE SHOP DR|SANDY,5/7/2018,1,9.0
5675,STARBUCKS COFFEE|9354 S VILLAGE SHOP DR|SANDY,4/6/2017,1,7.0
5676,STARBUCKS COFFEE|9354 S VILLAGE SHOP DR|SANDY,2/3/2016,1,6.0
5677,STARBUCKS COFFEE|9354 S VILLAGE SHOP DR|SANDY,1/22/2015,1,0.0
5678,STARBUCKS COFFEE|2723 W 3500 S|WEST VALLEY CITY,10/30/2025,1,3.0
5679,STARBUCKS COFFEE|2723 W 3500 S|WEST VALLEY CITY,11/15/2024,1,23.0
5680,STARBUCKS COFFEE|2723 W 3500 S|WEST VALLEY CITY,9/30/2022,1,10.0
5681,STARBUCKS COFFEE|2723 W 3500 S|WEST VALLEY CITY,9/14/2021,1,17.0
5682,STARBUCKS COFFEE|2723 W 3500 S|WEST VALLEY CITY,4/8/2021,1,8.0
5683,STARBUCKS COFFEE|2723 W 3500 S|WEST VALLEY CITY,9/27/2019,1,4.0
5684,STARBUCKS COFFEE|2723 W 3500 S|WEST VALLEY CITY,7/9/2018,1,2.0
5685,STARBUCKS COFFEE|2723 W 3500 S|WEST VALLEY CITY,6/19/2017,1,4.0
5686,STARBUCKS COFFEE|2723 W 3500 S|WEST VALLEY CITY,7/8/2016,1,7.0
5687,STARBUCKS COFFEE|2723 W 3500 S|WEST VALLEY CITY,6/5/2015,1,8.0
5688,STARBUCKS COFFEE|14716 S 568 W|BLUFFDALE,1/10/2025,1,1.0
5689,STARBUCKS COFFEE|2993 S 5600 W|WEST VALLEY CITY,10/16/2025,1,1.0
5690,STARBUCKS COFFEE|2993 S 5600 W|WEST VALLEY CITY,6/28/2024,1,8.0
5691,STARBUCKS COFFEE|2993 S 5600 W|WEST VALLEY CITY,9/25/2023,7,14.0
5692,STARBUCKS COFFEE|2993 S 5600 W|WEST VALLEY CITY,10/28/2022,1,1.0
5693,STARBUCKS COFFEE|2993 S 5600 W|WEST VALLEY CITY,10/8/2021,1,12.0
5694,STARBUCKS COFFEE|2993 S 5600 W|WEST VALLEY CITY,1/28/2020,1,8.0
5695,STARBUCKS COFFEE|2993 S 5600 W|WEST VALLEY CITY,1/28/2019,1,4.0
5696,STARBUCKS COFFEE|2993 S 5600 W|WEST VALLEY CITY,1/31/2018,1,10.0
5697,STARBUCKS COFFEE|2993 S 5600 W|WEST VALLEY CITY,10/4/2016,1,5.0
5698,STARBUCKS COFFEE|2993 S 5600 W|WEST VALLEY CITY,5/8/2015,1,17.0
5699,STARBUCKS COFFEE #5890|7184 S UNION PARK AVE|MIDVALE,3/31/2026,1,1.0
5700,STARBUCKS COFFEE #5890|7184 S UNION PARK AVE|MIDVALE,2/19/2025,1,7.0
5701,STARBUCKS COFFEE #5890|7184 S UNION PARK AVE|MIDVALE,1/3/2024,1,7.0
5702,STARBUCKS COFFEE #5890|7184 S UNION PARK AVE|MIDVALE,12/15/2022,1,0.0
5703,STARBUCKS COFFEE #5890|7184 S UNION PARK AVE|MIDVALE,12/14/2021,1,5.0
5704,STARBUCKS COFFEE #5890|7184 S UNION PARK AVE|MIDVALE,11/19/2019,1,7.0
5705,STARBUCKS COFFEE #5890|7184 S UNION PARK AVE|MIDVALE,9/12/2018,1,6.0
5706,STARBUCKS COFFEE #5890|7184 S UNION PARK AVE|MIDVALE,9/11/2017,1,7.0
5707,STARBUCKS COFFEE #5890|7184 S UNION PARK AVE|MIDVALE,9/26/2016,1,20.0
5708,STARBUCKS COFFEE #5890|7184 S UNION PARK AVE|MIDVALE,10/27/2014,1,27.0
5709,STARBUCKS COFFEE #82726|14672 S SENTINEL RIDGE BLVD|HERRIMAN,12/16/2025,1,2.0
5710,STARBUCKS COFFEE #9580|1960 E 9400 S|SANDY,2/27/2026,1,1.0
5711,STARBUCKS COFFEE #9580|1960 E 9400 S|SANDY,2/27/2025,1,3.0
5712,STARBUCKS COFFEE #9580|1960 E 9400 S|SANDY,10/17/2023,1,2.0
5713,STARBUCKS COFFEE #9580|1960 E 9400 S|SANDY,5/26/2022,1,3.0
5714,STARBUCKS COFFEE #9580|1960 E 9400 S|SANDY,5/24/2021,1,3.0
5715,STARBUCKS COFFEE #9580|1960 E 9400 S|SANDY,10/15/2019,1,9.0
5716,STARBUCKS COFFEE #9580|1960 E 9400 S|SANDY,11/7/2018,1,11.0
5717,STARBUCKS COFFEE #9580|1960 E 9400 S|SANDY,11/6/2017,1,4.0
5718,STARBUCKS COFFEE #9580|1960 E 9400 S|SANDY,1/19/2017,1,10.0
5719,STARBUCKS COFFEE #9580|1960 E 9400 S|SANDY,12/1/2015,1,9.0
5720,STARBUCKS COFFEE 70468|5546 S 5600 W|WEST VALLEY CITY,8/29/2025,1,4.0
5721,STARBUCKS COFFEE 70468|5546 S 5600 W|WEST VALLEY CITY,7/16/2024,1,1.0
5722,STARBUCKS COFFEE COMPANY|4056 S REDWOOD RD|TAYLORSVILLE,9/17/2024,1,4.0
5723,STARBUCKS COFFEE COMPANY|4056 S REDWOOD RD|TAYLORSVILLE,8/24/2023,1,11.0
5724,STARBUCKS COFFEE COMPANY|4056 S REDWOOD RD|TAYLORSVILLE,6/22/2022,1,4.0
5725,STARBUCKS COFFEE COMPANY|4056 S REDWOOD RD|TAYLORSVILLE,6/15/2021,1,2.0
5726,STARBUCKS COFFEE COMPANY|2053 W 12600 S|RIVERTON,8/7/2025,1,5.0
5727,STARBUCKS COFFEE COMPANY|2053 W 12600 S|RIVERTON,7/1/2024,1,0.0
5728,STARBUCKS COFFEE COMPANY|2053 W 12600 S|RIVERTON,7/10/2023,1,6.0
5729,STARBUCKS COFFEE COMPANY|2053 W 12600 S|RIVERTON,3/11/2022,1,1.0
5730,STARBUCKS COFFEE COMPANY|5049 W 13400 S|RIVERTON,10/22/2025,1,2.0
5731,STARBUCKS COFFEE COMPANY|5049 W 13400 S|RIVERTON,1/9/2025,1,6.0
5732,STARBUCKS COFFEE COMPANY|5049 W 13400 S|RIVERTON,4/1/2024,1,6.0
5733,STARBUCKS COFFEE COMPANY|5049 W 13400 S|RIVERTON,2/23/2024,2,0.0
5734,STARBUCKS COFFEE COMPANY|8971 S 3400 W|WEST JORDAN,6/16/2026,1,5.0
5735,STARBUCKS COFFEE COMPANY|8971 S 3400 W|WEST JORDAN,5/6/2025,1,11.0
5736,STARBUCKS COFFEE COMPANY|8971 S 3400 W|WEST JORDAN,1/3/2024,1,26.0
5737,STARBUCKS COFFEE COMPANY|8971 S 3400 W|WEST JORDAN,10/3/2022,1,16.0
5738,STARBUCKS COFFEE COMPANY|8971 S 3400 W|WEST JORDAN,4/14/2021,1,6.0
5739,STARBUCKS COFFEE COMPANY|8971 S 3400 W|WEST JORDAN,10/11/2019,1,4.0
5740,STARBUCKS COFFEE COMPANY|1440 S FOOTHILL DR|SALT LAKE CITY,7/6/2026,1,3.0
5741,STARBUCKS COFFEE COMPANY|1440 S FOOTHILL DR|SALT LAKE CITY,6/23/2025,1,6.0
5742,STARBUCKS COFFEE COMPANY|1440 S FOOTHILL DR|SALT LAKE CITY,9/20/2023,1,16.0
5743,STARBUCKS COFFEE COMPANY|1440 S FOOTHILL DR|SALT LAKE CITY,3/22/2022,1,10.0
5744,STARBUCKS COFFEE COMPANY|1440 S FOOTHILL DR|SALT LAKE CITY,3/22/2021,1,0.0
5745,STARBUCKS COFFEE COMPANY|1440 S FOOTHILL DR|SALT LAKE CITY,4/23/2019,1,0.0
5746,STARBUCKS COFFEE COMPANY|1589 W 11400 S|SOUTH JORDAN,1/15/2026,1,2.0
5747,STARBUCKS COFFEE COMPANY|1589 W 11400 S|SOUTH JORDAN,11/20/2024,1,2.0
5748,STARBUCKS COFFEE COMPANY|1589 W 11400 S|SOUTH JORDAN,11/7/2023,1,9.0
5749,STARBUCKS COFFEE COMPANY|1589 W 11400 S|SOUTH JORDAN,9/1/2022,1,5.0
5750,STARBUCKS COFFEE COMPANY|1589 W 11400 S|SOUTH JORDAN,8/30/2021,1,1.0
5751,STARBUCKS COFFEE COMPANY|7025 S HIGHLAND DR|COTTONWOOD HEIGHTS,3/11/2025,1,3.0
5752,STARBUCKS COFFEE COMPANY|7025 S HIGHLAND DR|COTTONWOOD HEIGHTS,2/12/2024,1,11.0
5753,STARBUCKS COFFEE COMPANY|7025 S HIGHLAND DR|COTTONWOOD HEIGHTS,2/6/2023,1,10.0
5754,STARBUCKS COFFEE COMPANY|7025 S HIGHLAND DR|COTTONWOOD HEIGHTS,2/1/2022,1,2.0
5755,STARBUCKS COFFEE COMPANY|7025 S HIGHLAND DR|COTTONWOOD HEIGHTS,7/17/2019,1,13.0
5756,STARBUCKS COFFEE COMPANY|7025 S HIGHLAND DR|COTTONWOOD HEIGHTS,5/18/2018,1,6.0
5757,STARBUCKS CONCOURSE A|3920 W TERMINAL DR|SALT LAKE CITY,11/21/2025,1,3.0
5758,STARBUCKS CONCOURSE A|3920 W TERMINAL DR|SALT LAKE CITY,12/10/2024,1,6.0
5759,STARBUCKS CONCOURSE A|3920 W TERMINAL DR|SALT LAKE CITY,12/14/2023,1,10.0
5760,STARBUCKS CONCOURSE A|3920 W TERMINAL DR|SALT LAKE CITY,1/20/2023,1,7.0
5761,STARBUCKS CONCOURSE A|3920 W TERMINAL DR|SALT LAKE CITY,11/1/2021,1,8.0
5762,STARBUCKS PRE SECURITY|3920 W TERMINAL DR|SALT LAKE CITY,7/11/2025,1,4.0
5763,STARBUCKS PRE SECURITY|3920 W TERMINAL DR|SALT LAKE CITY,3/8/2024,1,8.0
5764,STARBUCKS PRE SECURITY|3920 W TERMINAL DR|SALT LAKE CITY,1/20/2023,1,4.0
5765,STARBUCKS PRE SECURITY|3920 W TERMINAL DR|SALT LAKE CITY,7/13/2021,1,16.0
5766,STARBUCKS@ SMITHS 212|13893 S REDWOOD RD|BLUFFDALE,5/26/2026,1,0.0
5767,STARLEY COMMONS CAFE|72 S CENTRAL CAMPUS DR|SALT LAKE CITY,2/12/2026,1,5.0
5768,STARLEY COMMONS CAFE|72 S CENTRAL CAMPUS DR|SALT LAKE CITY,2/3/2025,1,17.0
5769,STARLEY COMMONS CAFE|72 S CENTRAL CAMPUS DR|SALT LAKE CITY,11/1/2023,1,13.0
5770,STARLEY COMMONS CAFE|72 S CENTRAL CAMPUS DR|SALT LAKE CITY,9/20/2022,1,13.0
5771,STARLEY COMMONS CAFE|72 S CENTRAL CAMPUS DR|SALT LAKE CITY,12/1/2021,1,33.0
5772,STARLEY COMMONS CAFE|72 S CENTRAL CAMPUS DR|SALT LAKE CITY,8/28/2020,1,0.0
5773,STARLEY COMMONS CAFE|72 S CENTRAL CAMPUS DR|SALT LAKE CITY,9/11/2019,1,11.0
5774,STARLEY COMMONS CAFE|72 S CENTRAL CAMPUS DR|SALT LAKE CITY,10/16/2018,1,35.0
5775,STARLEY COMMONS CAFE|72 S CENTRAL CAMPUS DR|SALT LAKE CITY,12/8/2017,1,12.0
5776,STARLEY COMMONS CAFE|72 S CENTRAL CAMPUS DR|SALT LAKE CITY,7/19/2016,1,17.0
5777,STELLA GRILL|4291 S 900 E|MILLCREEK TS,2/3/2026,1,10.0
5778,STELLA GRILL|4291 S 900 E|MILLCREEK TS,10/13/2025,1,24.0
5779,STELLA GRILL|4291 S 900 E|MILLCREEK TS,6/16/2025,1,21.0
5780,STELLA GRILL|4291 S 900 E|MILLCREEK TS,2/3/2025,1,51.0
5781,STELLA GRILL|4291 S 900 E|MILLCREEK TS,9/3/2024,1,48.0
5782,STELLA GRILL|4291 S 900 E|MILLCREEK TS,4/4/2024,1,50.0
5783,STELLA GRILL|4291 S 900 E|MILLCREEK TS,11/30/2023,1,23.0
5784,STELLA GRILL|4291 S 900 E|MILLCREEK TS,7/14/2023,2,13.0
5785,STELLA GRILL|4291 S 900 E|MILLCREEK TS,7/13/2023,1,185.0
5786,STELLA GRILL|4291 S 900 E|MILLCREEK TS,1/14/2022,1,23.0
5787,SUBWAY|625 W 5300 S|MURRAY,3/4/2026,1,2.0
5788,SUBWAY|625 W 5300 S|MURRAY,5/23/2025,1,22.0
5789,SUBWAY|625 W 5300 S|MURRAY,8/6/2024,1,16.0
5790,SUBWAY|625 W 5300 S|MURRAY,10/30/2023,1,10.0
5791,SUBWAY|625 W 5300 S|MURRAY,1/13/2023,1,11.0
5792,SUBWAY|625 W 5300 S|MURRAY,2/28/2022,1,21.0
5793,SUBWAY|625 W 5300 S|MURRAY,7/23/2020,1,12.0
5794,SUBWAY|625 W 5300 S|MURRAY,2/21/2020,1,7.0
5795,SUBWAY|625 W 5300 S|MURRAY,6/27/2019,1,14.0
5796,SUBWAY|625 W 5300 S|MURRAY,10/8/2018,1,11.0
5797,SUBWAY|18 W 100 S|SALT LAKE CITY,5/26/2026,1,3.0
5798,SUBWAY|18 W 100 S|SALT LAKE CITY,5/12/2025,1,7.0
5799,SUBWAY|18 W 100 S|SALT LAKE CITY,2/20/2024,2,8.0
5800,SUBWAY|18 W 100 S|SALT LAKE CITY,1/11/2024,2,9.0
5801,SUBWAY|311 W 600 S|SALT LAKE CITY,4/10/2026,1,5.0
5802,SUBWAY|311 W 600 S|SALT LAKE CITY,4/7/2025,1,2.0
5803,SUBWAY|311 W 600 S|SALT LAKE CITY,5/30/2024,1,10.0
5804,SUBWAY|311 W 600 S|SALT LAKE CITY,8/2/2023,1,15.0
5805,SUBWAY|311 W 600 S|SALT LAKE CITY,5/9/2022,1,5.0
5806,SUBWAY|311 W 600 S|SALT LAKE CITY,7/8/2021,1,12.0
5807,SUBWAY|311 W 600 S|SALT LAKE CITY,11/18/2019,1,1.0
5808,SUBWAY|311 W 600 S|SALT LAKE CITY,5/3/2019,1,3.0
5809,SUBWAY|311 W 600 S|SALT LAKE CITY,8/17/2018,1,3.0
5810,SUBWAY|311 W 600 S|SALT LAKE CITY,3/8/2018,1,3.0
5811,SUBWAY|3307 S STATE ST|SOUTH SALT LAKE,2/3/2026,1,6.0
5812,SUBWAY|3307 S STATE ST|SOUTH SALT LAKE,5/1/2025,1,12.0
5813,SUBWAY|3307 S STATE ST|SOUTH SALT LAKE,7/26/2024,1,12.0
5814,SUBWAY|3307 S STATE ST|SOUTH SALT LAKE,8/25/2023,1,10.0
5815,SUBWAY|3307 S STATE ST|SOUTH SALT LAKE,7/14/2022,1,7.0
5816,SUBWAY|3307 S STATE ST|SOUTH SALT LAKE,1/12/2021,1,22.0
5817,SUBWAY|3307 S STATE ST|SOUTH SALT LAKE,12/12/2019,1,5.0
5818,SUBWAY|3307 S STATE ST|SOUTH SALT LAKE,3/25/2019,1,10.0
5819,SUBWAY|3307 S STATE ST|SOUTH SALT LAKE,3/15/2018,1,8.0
5820,SUBWAY|3307 S STATE ST|SOUTH SALT LAKE,3/21/2017,1,8.0
5821,SUBWAY|2885 S HIGHLAND DR|SALT LAKE CITY,11/18/2025,1,1.0
5822,SUBWAY|2885 S HIGHLAND DR|SALT LAKE CITY,8/20/2024,1,11.0
5823,SUBWAY|2885 S HIGHLAND DR|SALT LAKE CITY,10/30/2023,1,4.0
5824,SUBWAY|2885 S HIGHLAND DR|SALT LAKE CITY,11/4/2021,1,20.0
5825,SUBWAY|2885 S HIGHLAND DR|SALT LAKE CITY,7/30/2019,1,3.0
5826,SUBWAY|2885 S HIGHLAND DR|SALT LAKE CITY,11/20/2018,1,14.0
5827,SUBWAY|2885 S HIGHLAND DR|SALT LAKE CITY,1/5/2018,1,19.0
5828,SUBWAY|2885 S HIGHLAND DR|SALT LAKE CITY,10/13/2016,1,18.0
5829,SUBWAY|2885 S HIGHLAND DR|SALT LAKE CITY,12/4/2014,1,12.0
5830,SUBWAY|2885 S HIGHLAND DR|SALT LAKE CITY,11/15/2013,1,5.0
5831,SUBWAY|3187 W 5400 S|TAYLORSVILLE,2/10/2026,1,7.0
5832,SUBWAY|3187 W 5400 S|TAYLORSVILLE,10/15/2024,1,9.0
5833,SUBWAY|3187 W 5400 S|TAYLORSVILLE,12/11/2023,1,35.0
5834,SUBWAY|3187 W 5400 S|TAYLORSVILLE,1/23/2023,1,7.0
5835,SUBWAY|7157 S BINGHAM JUNCTION BLVD|MIDVALE,10/23/2025,1,7.0
5836,SUBWAY|7157 S BINGHAM JUNCTION BLVD|MIDVALE,7/15/2024,1,11.0
5837,SUBWAY|7157 S BINGHAM JUNCTION BLVD|MIDVALE,9/8/2023,1,12.0
5838,SUBWAY|7157 S BINGHAM JUNCTION BLVD|MIDVALE,12/12/2022,1,3.0
5839,SUBWAY|7157 S BINGHAM JUNCTION BLVD|MIDVALE,12/9/2021,1,2.0
5840,SUBWAY|7157 S BINGHAM JUNCTION BLVD|MIDVALE,1/8/2020,1,15.0
5841,SUBWAY|7157 S BINGHAM JUNCTION BLVD|MIDVALE,3/19/2019,1,5.0
5842,SUBWAY|7157 S BINGHAM JUNCTION BLVD|MIDVALE,6/4/2018,1,14.0
5843,SUBWAY|7157 S BINGHAM JUNCTION BLVD|MIDVALE,9/13/2017,1,25.0
5844,SUBWAY|7157 S BINGHAM JUNCTION BLVD|MIDVALE,9/29/2016,1,8.0
5845,SUBWAY #12739|4926 W 6200 S|KEARNS TS,4/8/2026,1,12.0
5846,SUBWAY #12739|4926 W 6200 S|KEARNS TS,9/10/2025,1,22.0
5847,SUBWAY #12739|4926 W 6200 S|KEARNS TS,2/26/2025,1,16.0
5848,SUBWAY #12739|4926 W 6200 S|KEARNS TS,7/29/2024,1,3.0
5849,SUBWAY #12739|4926 W 6200 S|KEARNS TS,1/23/2024,1,11.0
5850,SUBWAY #12739|4926 W 6200 S|KEARNS TS,5/1/2023,1,22.0
5851,SUBWAY #12739|4926 W 6200 S|KEARNS TS,8/10/2022,1,6.0
5852,SUBWAY #12739|4926 W 6200 S|KEARNS TS,1/28/2022,1,18.0
5853,SUBWAY #12739|4926 W 6200 S|KEARNS TS,6/1/2021,2,0.0
5854,SUBWAY #12739|4926 W 6200 S|KEARNS TS,5/28/2021,1,23.0
5855,SUBWAY #1288|5932 S STATE ST|MURRAY,8/20/2025,1,7.0
5856,SUBWAY #1288|5932 S STATE ST|MURRAY,8/12/2024,1,9.0
5857,SUBWAY #1288|5932 S STATE ST|MURRAY,11/1/2023,1,15.0
5858,SUBWAY #1288|5932 S STATE ST|MURRAY,2/3/2023,1,10.0
5859,SUBWAY #1288|5932 S STATE ST|MURRAY,4/11/2022,1,2.0
5860,SUBWAY #1288|5932 S STATE ST|MURRAY,5/4/2021,1,2.0
5861,SUBWAY #1288|5932 S STATE ST|MURRAY,1/24/2020,1,5.0
5862,SUBWAY #1288|5932 S STATE ST|MURRAY,5/1/2019,1,2.0
5863,SUBWAY #1288|5932 S STATE ST|MURRAY,7/20/2018,1,19.0
5864,SUBWAY #1288|5932 S STATE ST|MURRAY,10/6/2017,1,10.0
5865,SUBWAY #13784|1704 W NORTHTEMPLE ST|SALT LAKE CITY,11/15/2024,1,5.0
5866,SUBWAY #13784|1704 W NORTHTEMPLE ST|SALT LAKE CITY,1/22/2024,1,10.0
5867,SUBWAY #13784|1704 W NORTHTEMPLE ST|SALT LAKE CITY,2/23/2023,1,2.0
5868,SUBWAY #13784|1704 W NORTHTEMPLE ST|SALT LAKE CITY,9/1/2021,1,11.0
5869,SUBWAY #13784|1704 W NORTHTEMPLE ST|SALT LAKE CITY,1/13/2020,1,13.0
5870,SUBWAY #13784|1704 W NORTHTEMPLE ST|SALT LAKE CITY,10/22/2018,1,6.0
5871,SUBWAY #13784|1704 W NORTHTEMPLE ST|SALT LAKE CITY,1/9/2018,1,13.0
5872,SUBWAY #13784|1704 W NORTHTEMPLE ST|SALT LAKE CITY,6/7/2016,1,22.0
5873,SUBWAY #13784|1704 W NORTHTEMPLE ST|SALT LAKE CITY,2/5/2015,1,13.0
5874,SUBWAY #13784|1704 W NORTHTEMPLE ST|SALT LAKE CITY,4/24/2014,1,1.0
5875,SUBWAY #3790|9015 S REDWOOD RD|WEST JORDAN,12/11/2025,1,6.0
5876,SUBWAY #3790|9015 S REDWOOD RD|WEST JORDAN,3/25/2025,1,10.0
5877,SUBWAY #3790|9015 S REDWOOD RD|WEST JORDAN,5/21/2024,1,22.0
5878,SUBWAY #3790|9015 S REDWOOD RD|WEST JORDAN,7/25/2023,1,19.0
5879,SUBWAY #3790|9015 S REDWOOD RD|WEST JORDAN,4/6/2022,1,4.0
5880,SUBWAY #3790|9015 S REDWOOD RD|WEST JORDAN,6/2/2021,1,9.0
5881,SUBWAY #3790|9015 S REDWOOD RD|WEST JORDAN,8/17/2020,1,4.0
5882,SUBWAY #3790|9015 S REDWOOD RD|WEST JORDAN,7/17/2019,1,12.0
5883,SUBWAY #3790|9015 S REDWOOD RD|WEST JORDAN,10/30/2018,1,14.0
5884,SUBWAY #3790|9015 S REDWOOD RD|WEST JORDAN,11/20/2017,1,18.0
5885,SUDANESE FOOD TRUCK #8A5LZ|3232 S 400 E|SOUTH SALT LAKE,10/28/2024,1,6.0
5886,SUGAR HOUSE COFFEE|2011 S 1100 E|SALT LAKE CITY,10/8/2025,1,2.0
5887,SUGAR HOUSE COFFEE|2011 S 1100 E|SALT LAKE CITY,7/22/2024,1,13.0
5888,SUGAR HOUSE COFFEE|2011 S 1100 E|SALT LAKE CITY,6/22/2023,1,11.0
5889,SUGAR HOUSE COFFEE|2011 S 1100 E|SALT LAKE CITY,1/31/2022,1,20.0
5890,SUGAR HOUSE COFFEE|2011 S 1100 E|SALT LAKE CITY,11/5/2019,1,19.0
5891,SUGAR HOUSE COFFEE|2011 S 1100 E|SALT LAKE CITY,11/26/2018,1,13.0
5892,SUGAR HOUSE COFFEE|2011 S 1100 E|SALT LAKE CITY,2/6/2018,1,15.0
5893,SUGAR HOUSE COFFEE|2011 S 1100 E|SALT LAKE CITY,3/21/2017,1,10.0
5894,SUGAR HOUSE COFFEE|2011 S 1100 E|SALT LAKE CITY,4/11/2016,1,8.0
5895,SUGAR HOUSE COFFEE|2011 S 1100 E|SALT LAKE CITY,9/22/2014,1,36.0
5896,SUGAR HOUSE HEALTH CENTER DELI|1280 E STRINGHAM AVE|SALT LAKE CITY,6/30/2026,1,1.0
5897,SUGAR HOUSE HEALTH CENTER DELI|1280 E STRINGHAM AVE|SALT LAKE CITY,6/20/2025,1,6.0
5898,SUGAR HOUSE HEALTH CENTER DELI|1280 E STRINGHAM AVE|SALT LAKE CITY,5/7/2024,1,0.0
5899,SUGAR HOUSE HEALTH CENTER DELI|1280 E STRINGHAM AVE|SALT LAKE CITY,3/23/2022,1,8.0
5900,SUGAR HOUSE PIZZA|1063 E 2100 S|SALT LAKE CITY,1/21/2026,1,3.0
5901,SUGAR SPACE/DOG PATIO|132 S 800 W|SALT LAKE CITY,7/21/2025,1,0.0
5902,SUGAR SPACE/DOG PATIO|132 S 800 W|SALT LAKE CITY,12/7/2023,1,0.0
5903,SUITES PANTRY/DELTA CENTER|301 W SOUTH TEMPLE ST|SALT LAKE CITY,12/17/2025,1,9.0
5904,SUITES PANTRY/DELTA CENTER|301 W SOUTH TEMPLE ST|SALT LAKE CITY,4/2/2024,1,1.0
5905,SUMMIT SNACKS 537/DELTA CENTER|301 W SOUTH TEMPLE ST|SALT LAKE CITY,11/20/2025,1,0.0
5906,SUMMIT SNACKS 537/DELTA CENTER|301 W SOUTH TEMPLE ST|SALT LAKE CITY,4/2/2024,1,0.0
5907,SUMMIT SNACKS 537/DELTA CENTER|301 W SOUTH TEMPLE ST|SALT LAKE CITY,11/30/2022,1,6.0
5908,SUMMIT SNACKS 537/DELTA CENTER|301 W SOUTH TEMPLE ST|SALT LAKE CITY,5/26/2021,1,4.0
5909,SUMMIT SNACKS 537/DELTA CENTER|301 W SOUTH TEMPLE ST|SALT LAKE CITY,11/18/2019,1,14.0
5910,SUMMIT SNACKS 537/DELTA CENTER|301 W SOUTH TEMPLE ST|SALT LAKE CITY,11/5/2018,1,15.0
5911,SUMMIT SNACKS 537/DELTA CENTER|301 W SOUTH TEMPLE ST|SALT LAKE CITY,11/13/2017,1,6.0
5912,SUMMIT VISTA - COTTONWOOD CAFE/COPPERVIEW TERRACE|3390 W SIGNAL PEAK DR|TAYLORSVILLE,3/2/2026,1,14.0
5913,SUMMIT VISTA - COTTONWOOD CAFE/COPPERVIEW TERRACE|3390 W SIGNAL PEAK DR|TAYLORSVILLE,6/9/2025,1,8.0
5914,SUMMIT VISTA - COTTONWOOD CAFE/COPPERVIEW TERRACE|3390 W SIGNAL PEAK DR|TAYLORSVILLE,7/17/2024,1,10.0
5915,SUMMIT VISTA - COTTONWOOD CAFE/COPPERVIEW TERRACE|3390 W SIGNAL PEAK DR|TAYLORSVILLE,12/11/2023,2,0.0
5916,SUMMIT VISTA - COTTONWOOD CAFE/COPPERVIEW TERRACE|3390 W SIGNAL PEAK DR|TAYLORSVILLE,11/27/2023,1,18.0
5917,SUMMIT VISTA - COTTONWOOD CAFE/COPPERVIEW TERRACE|3390 W SIGNAL PEAK DR|TAYLORSVILLE,4/21/2023,1,7.0
5918,SUMMIT VISTA - COTTONWOOD CAFE/COPPERVIEW TERRACE|3390 W SIGNAL PEAK DR|TAYLORSVILLE,12/15/2022,1,13.0
5919,SUMMIT VISTA - COTTONWOOD CAFE/COPPERVIEW TERRACE|3390 W SIGNAL PEAK DR|TAYLORSVILLE,8/4/2022,1,8.0
5920,SUMMIT VISTA - COTTONWOOD CAFE/COPPERVIEW TERRACE|3390 W SIGNAL PEAK DR|TAYLORSVILLE,1/24/2022,1,21.0
5921,SUMMIT VISTA - COTTONWOOD CAFE/COPPERVIEW TERRACE|3390 W SIGNAL PEAK DR|TAYLORSVILLE,2/11/2020,1,4.0
5922,SUNROOM COFFEE|470 W 200 N|SALT LAKE CITY,9/16/2025,1,1.0
5923,SUPER CHIX|10431 S STATE ST|SANDY,3/30/2026,1,6.0
5924,SUPER CHIX|10431 S STATE ST|SANDY,9/15/2025,1,21.0
5925,SWEET HAZEL AND CO BAKESHOP AND  BISTRO|1000 S MAIN ST|SALT LAKE CITY,8/4/2025,1,2.0
5926,SWEET SHOPS|10450 S STATE ST|SANDY,8/18/2025,1,4.0
5927,SWEET SHOPS|10450 S STATE ST|SANDY,7/2/2024,1,0.0
5928,SWEET SHOPS|10450 S STATE ST|SANDY,7/26/2022,1,2.0
5929,SWIG|5575 S 900 E|MURRAY,2/5/2026,1,4.0
5930,SWIG|5575 S 900 E|MURRAY,2/4/2025,1,13.0
5931,SWIG|5575 S 900 E|MURRAY,1/29/2024,1,23.0
5932,SWIG|5575 S 900 E|MURRAY,2/3/2023,1,22.0
5933,SWIG|5575 S 900 E|MURRAY,1/25/2022,1,13.0
5934,SWIG|5575 S 900 E|MURRAY,1/10/2022,2,6.0
5935,SWIG|5575 S 900 E|MURRAY,11/18/2021,7,4.0
5936,SWIG|5575 S 900 E|MURRAY,10/8/2021,2,7.0
5937,SWIG|5575 S 900 E|MURRAY,8/18/2021,2,6.0
5938,SWIG|5575 S 900 E|MURRAY,8/9/2021,2,4.0
5939,SWIG|2057 E FORT UNION BLVD|COTTONWOOD HEIGHTS,9/5/2025,1,7.0
5940,SWIG|2057 E FORT UNION BLVD|COTTONWOOD HEIGHTS,9/23/2024,1,4.0
5941,SWIG|2057 E FORT UNION BLVD|COTTONWOOD HEIGHTS,11/1/2023,1,8.0
5942,SWIG|2057 E FORT UNION BLVD|COTTONWOOD HEIGHTS,11/4/2022,1,2.0
5943,SWIG|8382 W ARBOR PAR DR|MAGNA,2/27/2026,1,2.0
5944,SWIG|8382 W ARBOR PAR DR|MAGNA,2/6/2025,1,9.0
5945,SWIG|1855 S 700 E|SALT LAKE CITY,5/14/2025,1,3.0
5946,SWIG 319/DELTA CENTER|301 W SOUTH TEMPLE ST|SALT LAKE CITY,11/20/2025,1,1.0
5947,SWIG 319/DELTA CENTER|301 W SOUTH TEMPLE ST|SALT LAKE CITY,4/2/2024,1,1.0
5948,SWIG 521/DELTA CENTER|301 W SOUTH TEMPLE ST|SALT LAKE CITY,11/20/2025,1,4.0
5949,SWIG 521/DELTA CENTER|301 W SOUTH TEMPLE ST|SALT LAKE CITY,4/2/2024,1,7.0
5950,SWIG N SWEETS|196 W 12300 S|DRAPER,4/9/2026,1,9.0
5951,SWIG N SWEETS|196 W 12300 S|DRAPER,11/12/2024,1,18.0
5952,SWIG N SWEETS|196 W 12300 S|DRAPER,2/5/2024,1,22.0
5953,SWIG N SWEETS|196 W 12300 S|DRAPER,7/27/2022,1,23.0
5954,TABLE X|1457 E 3350 S|MILLCREEK TS,2/11/2026,1,6.0
5955,TABLE X|1457 E 3350 S|MILLCREEK TS,8/13/2025,1,29.0
5956,TABLE X|1457 E 3350 S|MILLCREEK TS,5/8/2024,1,32.0
5957,TABLE X|1457 E 3350 S|MILLCREEK TS,7/13/2022,1,8.0
5958,TABLE X|1457 E 3350 S|MILLCREEK TS,1/23/2020,1,8.0
5959,TABLE X|1457 E 3350 S|MILLCREEK TS,8/28/2018,1,4.0
5960,TABLE X|1457 E 3350 S|MILLCREEK TS,4/19/2017,1,16.0
5961,TACO BELL # 040483|1826 W 4100 S|WEST VALLEY CITY,5/7/2025,1,10.0
5962,TACO BELL # 040483|1826 W 4100 S|WEST VALLEY CITY,11/1/2024,1,14.0
5963,TACO BELL # 040483|1826 W 4100 S|WEST VALLEY CITY,2/22/2024,1,2.0
5964,TACO BELL #040973|5786 W 7800 S|WEST JORDAN,7/16/2026,1,8.0
5965,TACO BELL #040973|5786 W 7800 S|WEST JORDAN,9/23/2025,1,4.0
5966,TACO BELL #25389|1287 E DRAPER PKWY|DRAPER,6/11/2026,1,9.0
5967,TACO BELL #25389|1287 E DRAPER PKWY|DRAPER,4/2/2025,1,2.0
5968,TACO BELL #25389|1287 E DRAPER PKWY|DRAPER,8/28/2024,1,5.0
5969,TACO BELL #25389|1287 E DRAPER PKWY|DRAPER,2/26/2024,1,10.0
5970,TACO BELL #25389|1287 E DRAPER PKWY|DRAPER,11/14/2022,1,9.0
5971,TACO BELL #25389|1287 E DRAPER PKWY|DRAPER,4/28/2022,1,10.0
5972,TACO BELL #25389|1287 E DRAPER PKWY|DRAPER,10/14/2021,1,19.0
5973,TACO BELL #25389|1287 E DRAPER PKWY|DRAPER,1/23/2020,1,17.0
5974,TACO BELL #25389|1287 E DRAPER PKWY|DRAPER,8/2/2019,1,34.0
5975,TACO BELL #25389|1287 E DRAPER PKWY|DRAPER,12/20/2018,1,19.0
5976,TACO BELL #29608|11456 S DISTRICT DR|SOUTH JORDAN,1/14/2026,1,7.0
5977,TACO BELL #29608|11456 S DISTRICT DR|SOUTH JORDAN,6/26/2025,1,3.0
5978,TACO BELL #29608|11456 S DISTRICT DR|SOUTH JORDAN,12/2/2024,1,8.0
5979,TACO BELL #29608|11456 S DISTRICT DR|SOUTH JORDAN,5/13/2024,1,28.0
5980,TACO BELL #29608|11456 S DISTRICT DR|SOUTH JORDAN,11/1/2023,1,9.0
5981,TACO BELL #29608|11456 S DISTRICT DR|SOUTH JORDAN,5/1/2023,1,6.0
5982,TACO BELL #29608|11456 S DISTRICT DR|SOUTH JORDAN,6/8/2022,1,4.0
5983,TACO BELL #29608|11456 S DISTRICT DR|SOUTH JORDAN,11/29/2021,1,6.0
5984,TACO BELL #29608|11456 S DISTRICT DR|SOUTH JORDAN,5/20/2021,1,17.0
5985,TACO BELL #29608|11456 S DISTRICT DR|SOUTH JORDAN,9/3/2020,1,5.0
5986,TACO BELL 33154|1966 E FORT UNION BLVD|COTTONWOOD HEIGHTS,11/6/2025,1,9.0
5987,TACO BELL 33154|1966 E FORT UNION BLVD|COTTONWOOD HEIGHTS,12/16/2024,1,8.0
5988,TACO BELL 33154|1966 E FORT UNION BLVD|COTTONWOOD HEIGHTS,11/14/2023,1,5.0
5989,TACO BELL 33154|1966 E FORT UNION BLVD|COTTONWOOD HEIGHTS,11/10/2022,7,4.0
5990,TACO BELL 33154|1966 E FORT UNION BLVD|COTTONWOOD HEIGHTS,10/21/2022,1,5.0
5991,TACO BELL 33154|1966 E FORT UNION BLVD|COTTONWOOD HEIGHTS,1/10/2022,1,7.0
5992,TACO BELL 33154|1966 E FORT UNION BLVD|COTTONWOOD HEIGHTS,10/14/2019,1,11.0
5993,TACO BELL 33154|1966 E FORT UNION BLVD|COTTONWOOD HEIGHTS,12/17/2018,1,10.0
5994,TACO BELL 33154|1966 E FORT UNION BLVD|COTTONWOOD HEIGHTS,3/20/2018,1,9.0
5995,TACO BELL 33154|1966 E FORT UNION BLVD|COTTONWOOD HEIGHTS,6/22/2017,1,15.0
5996,TACO BELL 33165|3447 S 5600 W|WEST VALLEY CITY,9/3/2025,1,2.0
5997,TACO BELL 33165|3447 S 5600 W|WEST VALLEY CITY,9/5/2024,1,8.0
5998,TACO BELL 33165|3447 S 5600 W|WEST VALLEY CITY,6/1/2023,1,3.0
5999,TACO BELL 33165|3447 S 5600 W|WEST VALLEY CITY,4/11/2022,1,4.0
6000,TACO BELL 33165|3447 S 5600 W|WEST VALLEY CITY,3/16/2021,1,6.0
6001,TACO BELL 33165|3447 S 5600 W|WEST VALLEY CITY,12/3/2019,1,8.0
6002,TACO BELL 33165|3447 S 5600 W|WEST VALLEY CITY,1/2/2019,1,3.0
6003,TACO BELL 33165|3447 S 5600 W|WEST VALLEY CITY,11/6/2018,2,2.0
6004,TACO BELL 33165|3447 S 5600 W|WEST VALLEY CITY,9/28/2018,7,7.0
6005,TACO BELL 33165|3447 S 5600 W|WEST VALLEY CITY,3/14/2018,1,4.0
6006,TACO BELL 33167|3475 W 3500 S|WEST VALLEY CITY,9/24/2025,1,9.0
6007,TACO BELL 33167|3475 W 3500 S|WEST VALLEY CITY,9/23/2024,1,8.0
6008,TACO BELL 33167|3475 W 3500 S|WEST VALLEY CITY,2/10/2023,1,7.0
6009,TACO BELL 33167|3475 W 3500 S|WEST VALLEY CITY,2/2/2022,1,8.0
6010,TACO BELL 33167|3475 W 3500 S|WEST VALLEY CITY,12/15/2020,1,3.0
6011,TACO BELL 33167|3475 W 3500 S|WEST VALLEY CITY,8/15/2019,1,9.0
6012,TACO BELL 33167|3475 W 3500 S|WEST VALLEY CITY,10/26/2018,1,24.0
6013,TACO BELL 33167|3475 W 3500 S|WEST VALLEY CITY,1/8/2018,1,7.0
6014,TACO BELL 33167|3475 W 3500 S|WEST VALLEY CITY,3/27/2017,1,3.0
6015,TACO BELL 33170|1685 W 7000 S|WEST JORDAN,5/11/2026,1,8.0
6016,TACO BELL 33170|1685 W 7000 S|WEST JORDAN,3/4/2025,1,6.0
6017,TACO BELL 33170|1685 W 7000 S|WEST JORDAN,5/21/2024,1,3.0
6018,TACO BELL 33170|1685 W 7000 S|WEST JORDAN,8/29/2023,1,7.0
6019,TACO BELL 33170|1685 W 7000 S|WEST JORDAN,3/21/2022,1,6.0
6020,TACO BELL 33170|1685 W 7000 S|WEST JORDAN,1/18/2022,1,4.0
6021,TACO BELL 33170|1685 W 7000 S|WEST JORDAN,9/17/2020,1,15.0
6022,TACO BELL 33170|1685 W 7000 S|WEST JORDAN,10/14/2019,1,9.0
6023,TACO BELL 33170|1685 W 7000 S|WEST JORDAN,12/5/2018,1,9.0
6024,TACO BELL 33170|1685 W 7000 S|WEST JORDAN,2/13/2018,1,8.0
6025,TACO BELL 33171|2212 S 1300 E|SALT LAKE CITY,11/21/2025,1,3.0
6026,TACO BELL 33171|2212 S 1300 E|SALT LAKE CITY,11/15/2024,1,16.0
6027,TACO BELL 33171|2212 S 1300 E|SALT LAKE CITY,12/4/2023,1,4.0
6028,TACO BELL 33171|2212 S 1300 E|SALT LAKE CITY,1/25/2022,1,11.0
6029,TACO BELL 33171|2212 S 1300 E|SALT LAKE CITY,1/21/2020,1,3.0
6030,TACO BELL 33171|2212 S 1300 E|SALT LAKE CITY,4/23/2019,1,2.0
6031,TACO BELL 33171|2212 S 1300 E|SALT LAKE CITY,7/26/2018,1,3.0
6032,TACO BELL 33171|2212 S 1300 E|SALT LAKE CITY,9/15/2017,1,8.0
6033,TACO BELL 33176|5534 W 6200 S|KEARNS TS,12/2/2025,1,3.0
6034,TACO BELL 33176|5534 W 6200 S|KEARNS TS,1/28/2025,1,11.0
6035,TACO BELL 33176|5534 W 6200 S|KEARNS TS,1/23/2024,1,3.0
6036,TACO BELL 33176|5534 W 6200 S|KEARNS TS,5/4/2023,1,12.0
6037,TACO BELL 33176|5534 W 6200 S|KEARNS TS,1/31/2022,1,14.0
6038,TACO BELL 33176|5534 W 6200 S|KEARNS TS,3/25/2021,1,2.0
6039,TACO BELL 33176|5534 W 6200 S|KEARNS TS,9/1/2020,1,0.0
6040,TACO BELL 33176|5534 W 6200 S|KEARNS TS,8/8/2019,1,13.0
6041,TACO BELL 33176|5534 W 6200 S|KEARNS TS,9/12/2018,1,6.0
6042,TACO BELL 33176|5534 W 6200 S|KEARNS TS,12/27/2017,1,6.0
6043,TACO BELL 33179|3545 S 8400 W|MAGNA TS,6/10/2026,1,2.0
6044,TACO BELL 33179|3545 S 8400 W|MAGNA TS,8/6/2025,1,1.0
6045,TACO BELL 33179|3545 S 8400 W|MAGNA TS,11/1/2024,1,4.0
6046,TACO BELL 33179|3545 S 8400 W|MAGNA TS,1/5/2024,1,2.0
6047,TACO BELL 33179|3545 S 8400 W|MAGNA TS,12/15/2022,1,3.0
6048,TACO BELL 33179|3545 S 8400 W|MAGNA TS,3/4/2022,1,2.0
6049,TACO BELL 33179|3545 S 8400 W|MAGNA TS,3/18/2021,1,7.0
6050,TACO BELL 33179|3545 S 8400 W|MAGNA TS,12/11/2019,1,21.0
6051,TACO BELL 33179|3545 S 8400 W|MAGNA TS,1/31/2019,1,28.0
6052,TACO BELL 33179|3545 S 8400 W|MAGNA TS,5/8/2018,1,5.0
6053,TACO MANIA #7AAH5|7786 S 5600 W|WEST JORDAN,6/19/2025,1,1.0
6054,TACO MANIA #7AAH5|7786 S 5600 W|WEST JORDAN,5/16/2024,2,0.0
6055,TACO MANIA #7AAH5|7786 S 5600 W|WEST JORDAN,5/14/2024,1,128.0
6056,TACO MANIA #7AAH5|7786 S 5600 W|WEST JORDAN,11/20/2023,1,0.0
6057,TACO TIME|810 S STATE ST|SALT LAKE CITY,3/17/2026,1,10.0
6058,TACO TIME|810 S STATE ST|SALT LAKE CITY,6/25/2025,1,24.0
6059,TACO TIME|810 S STATE ST|SALT LAKE CITY,8/13/2024,1,34.0
6060,TACO TIME|810 S STATE ST|SALT LAKE CITY,1/24/2024,1,18.0
6061,TACO TIME|810 S STATE ST|SALT LAKE CITY,4/20/2023,1,25.0
6062,TACO TIME|810 S STATE ST|SALT LAKE CITY,8/25/2022,1,19.0
6063,TACO TIME|810 S STATE ST|SALT LAKE CITY,1/3/2022,1,5.0
6064,TACO TIME|810 S STATE ST|SALT LAKE CITY,4/27/2021,1,15.0
6065,TACO TIME|810 S STATE ST|SALT LAKE CITY,2/10/2020,1,19.0
6066,TACO TIME|810 S STATE ST|SALT LAKE CITY,4/24/2019,1,16.0
6067,TACONTENTO 2 #T408N|2134 E 2100 S|SALT LAKE CITY,4/29/2026,1,6.0
6068,TACONTENTO 2 #T408N|2134 E 2100 S|SALT LAKE CITY,6/3/2025,1,18.0
6069,TACONTENTO 2 #T408N|2134 E 2100 S|SALT LAKE CITY,6/27/2023,1,13.0
6070,TACONTENTO 2 #T408N|2134 E 2100 S|SALT LAKE CITY,3/23/2022,1,4.0
6071,TACONTENTO 2 #T408N|2134 E 2100 S|SALT LAKE CITY,4/16/2021,1,3.0
6072,TACONTENTO 2 #T408N|2134 E 2100 S|SALT LAKE CITY,10/5/2020,7,1.0
6073,TACONTENTO 2 #T408N|2134 E 2100 S|SALT LAKE CITY,10/28/2019,2,3.0
6074,TACONTENTO 2 #T408N|2134 E 2100 S|SALT LAKE CITY,10/17/2019,1,1.0
6075,TACONTENTO 2 #T408N|2134 E 2100 S|SALT LAKE CITY,9/18/2019,1,18.0
6076,TACONTENTO 3 #6N3NE|6785 S STATE ST|MURRAY,1/23/2026,1,2.0
6077,TACONTENTO 3 #6N3NE|6785 S STATE ST|MURRAY,7/29/2024,1,6.0
6078,TACONTENTO 5 #6CAY6|3551 S WEST TEMPLE|SOUTH SALT LAKE,6/8/2026,1,5.0
6079,TACONTENTO 5 #6CAY6|3551 S WEST TEMPLE|SOUTH SALT LAKE,9/14/2025,1,7.0
6080,TACONTENTO 5 #6CAY6|3551 S WEST TEMPLE|SOUTH SALT LAKE,10/16/2024,1,18.0
6081,TACOS 801|1290 S 300 W|SALT LAKE CITY,5/12/2026,1,8.0
6082,TACOS AL VAPOR #2G897YX|728 S REDWOOD RD|SALT LAKE CITY,11/17/2025,1,3.0
6083,TACOS COSTA GRANDE #051942Z|229 W 4800 S|MURRAY,6/13/2026,1,2.0
6084,TACOS COSTA GRANDE #302060Z|4503 S STATE ST|MURRAY,4/30/2026,1,3.0
6085,TACOS COSTA GRANDE #302060Z|4503 S STATE ST|MURRAY,9/20/2025,1,22.0
6086,TACOS COSTA GRANDE #302060Z|4503 S STATE ST|MURRAY,3/4/2025,1,7.0
6087,TACOS COSTA GRANDE #302060Z|4503 S STATE ST|MURRAY,8/22/2024,1,7.0
6088,TACOS COSTA GRANDE #302060Z|4503 S STATE ST|MURRAY,1/29/2024,1,22.0
6089,TACOS COSTA GRANDE #302060Z|4503 S STATE ST|MURRAY,4/27/2022,1,15.0
6090,TACOS COSTA GRANDE #302060Z|4503 S STATE ST|MURRAY,8/4/2021,1,17.0
6091,TACOS EL CONDE #U564RY|751 W 800 S|SALT LAKE CITY,8/19/2025,1,3.0
6092,TACOS EL CONDE #U564RY|751 W 800 S|SALT LAKE CITY,2/1/2024,7,9.0
6093,TACOS EL CONDE #U564RY|751 W 800 S|SALT LAKE CITY,12/5/2023,1,0.0
6094,TACOS EL CONDE #U564RY|751 W 800 S|SALT LAKE CITY,10/25/2022,1,9.0
6095,TACOS EL CUNADO #3|676 W CENTER ST|MIDVALE,6/18/2026,1,1.0
6096,TACOS EL CUNADO #3|676 W CENTER ST|MIDVALE,7/15/2025,1,32.0
6097,TACOS EL CUNADO #3|676 W CENTER ST|MIDVALE,3/28/2024,1,0.0
6098,TACOS EL MORENO|630 W CENTER ST|MIDVALE,2/23/2026,1,2.0
6099,TACOS EL MORENO|630 W CENTER ST|MIDVALE,1/29/2025,1,8.0
6100,TACOS EL MORENO|630 W CENTER ST|MIDVALE,4/24/2024,1,12.0
6101,TACOS EL MORENO|630 W CENTER ST|MIDVALE,6/15/2022,1,6.0
6102,TACOS EL MORENO|630 W CENTER ST|MIDVALE,4/20/2021,1,16.0
6103,TACOS EL MORENO|630 W CENTER ST|MIDVALE,2/11/2020,7,0.0
6104,TACOS EL MORENO|630 W CENTER ST|MIDVALE,8/14/2019,1,24.0
6105,TACOS EL MORENO|630 W CENTER ST|MIDVALE,2/27/2019,7,7.0
6106,TACOS EL MORENO|630 W CENTER ST|MIDVALE,7/2/2018,1,23.0
6107,TACOS EL MORENO|630 W CENTER ST|MIDVALE,2/27/2018,7,2.0
6108,TACOS EL PARIENTE II|7273 S STATE ST|MIDVALE,1/27/2026,1,2.0
6109,TACOS EL PARIENTE II|7273 S STATE ST|MIDVALE,2/6/2025,1,2.0
6110,TACOS EL PARIENTE II|7273 S STATE ST|MIDVALE,4/24/2024,1,6.0
6111,TACOS EL PARIENTE II|7273 S STATE ST|MIDVALE,11/8/2023,1,14.0
6112,TACOS EL PARIENTE II|7273 S STATE ST|MIDVALE,12/1/2021,1,8.0
6113,TACOS EL PARIENTE II|7273 S STATE ST|MIDVALE,7/29/2021,7,0.0
6114,TACOS EL PARIENTE II|7273 S STATE ST|MIDVALE,10/15/2019,1,20.0
6115,TACOS EL PARIENTE II|7273 S STATE ST|MIDVALE,5/29/2019,7,2.0
6116,TACOS EL PARIENTE II|7273 S STATE ST|MIDVALE,8/13/2018,1,15.0
6117,TACOS EL PARIENTE II|7273 S STATE ST|MIDVALE,6/11/2018,7,1.0
6118,TACOS EL PARIENTE III|683 W CENTER ST|MIDVALE,11/18/2025,1,0.0
6119,TACOS EL PARIENTE III|683 W CENTER ST|MIDVALE,4/18/2024,1,1.0
6120,TACOS EL PARIENTE III|683 W CENTER ST|MIDVALE,6/22/2022,1,7.0
6121,TACOS EL PARIENTE III|683 W CENTER ST|MIDVALE,2/23/2021,1,0.0
6122,TACOS EL TORO ROJO #237601A|1820 W 9000 S|WEST JORDAN,5/15/2026,1,0.0
6123,TACOS EL TORO ROJO #237601A|1820 W 9000 S|WEST JORDAN,8/14/2025,1,8.0
6124,TACOS EL TORO ROJO #237601A|1820 W 9000 S|WEST JORDAN,7/28/2024,1,17.0
6125,TACOS EL TORO ROJO #237601A|1820 W 9000 S|WEST JORDAN,6/3/2023,1,41.0
6126,TACOS EL TORO ROJO #237601A|1820 W 9000 S|WEST JORDAN,8/26/2022,1,9.0
6127,TACOS EMILIANOS|4663 S 2700 W|TAYLORSVILLE,2/3/2025,1,1.0
6128,TACOS EMILIANOS|4663 S 2700 W|TAYLORSVILLE,2/21/2024,1,3.0
6129,TACOS GUANAJUATO #414171Z|5404 S 4220 W|KEARNS TS,1/12/2026,1,2.0
6130,TACOS GUANAJUATO #414171Z|5404 S 4220 W|KEARNS TS,6/4/2025,1,7.0
6131,TACOS GUANAJUATO #414171Z|5404 S 4220 W|KEARNS TS,4/18/2024,1,1.0
6132,TACOS GUANAJUATO #414171Z|5404 S 4220 W|KEARNS TS,3/17/2022,1,28.0
6133,TACOS GUANAJUATO #414171Z|5404 S 4220 W|KEARNS TS,4/15/2021,1,18.0
6134,TACOS GUANAJUATO #414171Z|5404 S 4220 W|KEARNS TS,12/31/2019,7,3.0
6135,TACOS GUANAJUATO #414171Z|5404 S 4220 W|KEARNS TS,12/13/2019,1,13.0
6136,TACOS GUANAJUATO #414171Z|5404 S 4220 W|KEARNS TS,4/1/2019,1,6.0
6137,TACOS GUANAJUATO #414171Z|5404 S 4220 W|KEARNS TS,1/7/2019,7,0.0
6138,TACOS GUANAJUATO #414171Z|5404 S 4220 W|KEARNS TS,8/30/2018,1,14.0
6139,TACOS HAY PAPA #1CHH7|728 S REDWOOD RD|SALT LAKE CITY,5/11/2026,1,2.0
6140,TACOS HAY PAPA #1CHH7|728 S REDWOOD RD|SALT LAKE CITY,11/17/2025,1,1.0
6141,TACOS HAY PAPA #1CHH7|728 S REDWOOD RD|SALT LAKE CITY,3/3/2025,1,30.0
6142,TACOS TRES HERMANOS #026056Z|1027 E PIONEER RD|DRAPER,2/25/2026,1,3.0
6143,TACOS Y MAR EL PAISA|850 S STATE ST|SALT LAKE CITY,2/20/2026,1,2.0
6144,TACOS Y MAR EL PAISA|850 S STATE ST|SALT LAKE CITY,2/10/2025,1,28.0
6145,TACOS Y MAR EL PAISA|850 S STATE ST|SALT LAKE CITY,5/22/2024,1,25.0
6146,TACOS YA MERITO #0539172|6785 S STATE ST|MURRAY,6/1/2026,1,3.0
6147,TAILGATE TAVERN|3550 S STATE ST|SALT LAKE CITY,2/21/2025,1,4.0
6148,TAILGATE TAVERN|3550 S STATE ST|SALT LAKE CITY,9/18/2023,1,6.0
6149,TAILGATE TAVERN|3550 S STATE ST|SALT LAKE CITY,5/2/2022,2,2.0
6150,TANDOORI TAQUERIA|156 E 900 S|SALT LAKE CITY,10/29/2025,1,4.0
6151,TAQUERIA 27 DOWNTOWN - DOG PATIO|149 E 200 S|SALT LAKE CITY,9/22/2025,1,0.0
6152,TAQUERIA 27 DOWNTOWN - DOG PATIO|149 E 200 S|SALT LAKE CITY,8/19/2024,1,0.0
6153,TAQUERIA 27 DOWNTOWN - DOG PATIO|149 E 200 S|SALT LAKE CITY,8/21/2023,1,0.0
6154,TAQUERIA 27 FASHION PLACE - DOG PATIO|6154 S FASHION BLVD|MURRAY,3/11/2026,1,0.0
6155,TAQUERIA 27 FASHION PLACE - DOG PATIO|6154 S FASHION BLVD|MURRAY,6/25/2024,1,0.0
6156,TAQUERIA 27 FASHION PLACE - DOG PATIO|6154 S FASHION BLVD|MURRAY,6/16/2023,1,0.0
6157,TAQUERIA 27 HOLLADAY|4670 S HOLLADAY VILLAGE PLZ|HOLLADAY,5/14/2026,1,10.0
6158,TAQUERIA 27 HOLLADAY|4670 S HOLLADAY VILLAGE PLZ|HOLLADAY,1/15/2026,1,13.0
6159,TAQUERIA 27 HOLLADAY|4670 S HOLLADAY VILLAGE PLZ|HOLLADAY,9/24/2025,1,10.0
6160,TAQUERIA 27 HOLLADAY|4670 S HOLLADAY VILLAGE PLZ|HOLLADAY,4/3/2025,1,30.0
6161,TAQUERIA 27 HOLLADAY|4670 S HOLLADAY VILLAGE PLZ|HOLLADAY,8/9/2024,1,25.0
6162,TAQUERIA 27 HOLLADAY|4670 S HOLLADAY VILLAGE PLZ|HOLLADAY,11/16/2023,1,5.0
6163,TAQUERIA 27 HOLLADAY - DOG PATIO|4670 S HOLLADAY VILLAGE PLZ|HOLLADAY,5/14/2026,1,0.0
6164,TAQUERIA 27 HOLLADAY - DOG PATIO|4670 S HOLLADAY VILLAGE PLZ|HOLLADAY,4/15/2025,1,0.0
6165,TAQUERIA 27 HOLLADAY - DOG PATIO|4670 S HOLLADAY VILLAGE PLZ|HOLLADAY,11/16/2023,1,3.0
6166,TAQUERIA EL ANGEL COMMISSARY|877 W 400 S|SALT LAKE CITY,2/18/2026,1,2.0
6167,TAQUERIA EL ANGEL COMMISSARY|877 W 400 S|SALT LAKE CITY,7/11/2024,1,5.0
6168,TAQUERIA EL ANGEL COMMISSARY|877 W 400 S|SALT LAKE CITY,4/27/2023,1,9.0
6169,TAQUERIA EL ANGEL COMMISSARY|877 W 400 S|SALT LAKE CITY,6/29/2022,1,15.0
6170,TAQUERIA EL ANGEL COMMISSARY|877 W 400 S|SALT LAKE CITY,5/14/2021,1,21.0
6171,TAQUERIA EL ANGEL COMMISSARY|877 W 400 S|SALT LAKE CITY,7/14/2020,7,12.0
6172,TAQUERIA EL ANGEL COMMISSARY|877 W 400 S|SALT LAKE CITY,2/26/2020,1,2.0
6173,TAQUERIA EL ANGEL COMMISSARY|877 W 400 S|SALT LAKE CITY,4/9/2019,1,6.0
6174,TAQUERIA EL ANGEL COMMISSARY|877 W 400 S|SALT LAKE CITY,4/2/2018,7,0.0
6175,TAQUERIA EL ANGEL COMMISSARY|877 W 400 S|SALT LAKE CITY,3/26/2018,1,10.0
6176,TAQUERIA EL GUICHO|247 W 1700 S|SALT LAKE CITY,3/17/2026,1,2.0
6177,TAQUERIA EL POLLO ROYO #7R1CU|3232 S 400 E|SALT LAKE CITY,11/6/2025,7,0.0
6178,TAQUERIA EL POLLO ROYO #7R1CU|3232 S 400 E|SALT LAKE CITY,6/2/2025,1,2.0
6179,TAQUERIA FAMILIAR|3356 S 5600 W|WEST VALLEY CITY,3/2/2026,1,12.0
6180,TAQUERIA LOS LEE|2056 E 2100 S|SALT LAKE CITY,6/2/2025,1,0.0
6181,TAQUIZAS EL COMPADRE #426824Z|3135 W 5400 S|TAYLORSVILLE,11/21/2025,1,3.0
6182,TARGET DELI|10130 S STATE ST|SANDY,2/17/2026,1,11.0
6183,TARGET DELI|10130 S STATE ST|SANDY,8/27/2025,1,9.0
6184,TARGET DELI|10130 S STATE ST|SANDY,2/28/2025,1,11.0
6185,TARGET DELI|10130 S STATE ST|SANDY,8/9/2024,1,1.0
6186,TARGET DELI|10130 S STATE ST|SANDY,12/5/2023,1,0.0
6187,TARGET DELI|10130 S STATE ST|SANDY,6/24/2022,1,2.0
6188,TARGET DELI|10130 S STATE ST|SANDY,9/27/2021,1,9.0
6189,TARGET DELI|10130 S STATE ST|SANDY,7/29/2020,1,4.0
6190,TARGET DELI|10130 S STATE ST|SANDY,7/25/2019,1,4.0
6191,TARGET DELI|10130 S STATE ST|SANDY,8/20/2018,1,12.0
6192,TARGET STORE T-2609|5518 W HIGH MARKET DR|WEST VALLEY CITY,1/7/2026,1,4.0
6193,TARGET STORE T-2609|5518 W HIGH MARKET DR|WEST VALLEY CITY,10/29/2024,1,14.0
6194,TARGET STORE T-2609|5518 W HIGH MARKET DR|WEST VALLEY CITY,3/9/2023,1,5.0
6195,TARGET STORE T-2609|5518 W HIGH MARKET DR|WEST VALLEY CITY,8/6/2021,1,9.0
6196,TARGET STORE T-2609|5518 W HIGH MARKET DR|WEST VALLEY CITY,10/15/2019,1,8.0
6197,TARGET STORE T-2609|5518 W HIGH MARKET DR|WEST VALLEY CITY,10/16/2018,1,13.0
6198,TARGET STORE T-2609|5518 W HIGH MARKET DR|WEST VALLEY CITY,10/23/2017,1,10.0
6199,TARGET STORE T-2609|5518 W HIGH MARKET DR|WEST VALLEY CITY,7/15/2016,1,0.0
6200,TARGET STORE T-2609|5518 W HIGH MARKET DR|WEST VALLEY CITY,9/24/2014,1,15.0
6201,TARGET STORE T-2609|5518 W HIGH MARKET DR|WEST VALLEY CITY,3/4/2013,1,6.0
6202,TARGET STORE T-3376|5800 S REDWOOD RD|TAYLORSVILLE,3/5/2026,1,4.0
6203,TARGET STORE T-3376|5800 S REDWOOD RD|TAYLORSVILLE,12/3/2024,1,0.0
6204,TARGET STORE T-3376|5800 S REDWOOD RD|TAYLORSVILLE,11/20/2023,1,12.0
6205,TARGET STORE T-3376|5800 S REDWOOD RD|TAYLORSVILLE,7/19/2022,1,6.0
6206,TARGET STORE T-3376|5800 S REDWOOD RD|TAYLORSVILLE,6/23/2021,1,0.0
6207,TARGET T1751 STARBUCKS|7025 S PARK CENTRE DR|COTTONWOOD HEIGHTS,7/13/2026,1,0.0
6208,TARGET T1751 STARBUCKS|7025 S PARK CENTRE DR|COTTONWOOD HEIGHTS,8/26/2025,1,7.0
6209,TARGET T1751 STARBUCKS|7025 S PARK CENTRE DR|COTTONWOOD HEIGHTS,8/21/2024,1,21.0
6210,TARGET T1751 STARBUCKS|7025 S PARK CENTRE DR|COTTONWOOD HEIGHTS,9/29/2023,1,8.0
6211,TARGET T1751 STARBUCKS|7025 S PARK CENTRE DR|COTTONWOOD HEIGHTS,6/10/2022,1,2.0
6212,TARGET T1751 STARBUCKS|7025 S PARK CENTRE DR|COTTONWOOD HEIGHTS,7/20/2021,1,2.0
6213,TARGET T1751 STARBUCKS|7025 S PARK CENTRE DR|COTTONWOOD HEIGHTS,2/11/2020,1,3.0
6214,TARGET T1751 STARBUCKS|7025 S PARK CENTRE DR|COTTONWOOD HEIGHTS,5/7/2019,1,2.0
6215,TARGET T1751 STARBUCKS|7025 S PARK CENTRE DR|COTTONWOOD HEIGHTS,7/16/2018,1,6.0
6216,TARGET T1751 STARBUCKS|7025 S PARK CENTRE DR|COTTONWOOD HEIGHTS,10/9/2017,1,3.0
6217,TASTE OF HAITI #66447Z|67 W 1700 S|SALT LAKE CITY,5/28/2026,1,4.0
6218,TASTE OF THE CARIBBEAN|2943 E 3300 S|SALT LAKE CITY,6/12/2025,1,9.0
6219,TASTE OF THE CARIBBEAN|2943 E 3300 S|SALT LAKE CITY,6/20/2024,1,1.0
6220,TASTE OF THE CARIBBEAN|2943 E 3300 S|SALT LAKE CITY,5/16/2022,1,8.0
6221,TASTE OF THE CARIBBEAN #C369FX|2943 E 3300 S|SALT LAKE CITY,9/23/2025,1,1.0
6222,TASTEES CAFE & TRUCK CATERING #1|728 S REDWOOD RD|SALT LAKE CITY,6/11/2025,1,0.0
6223,TASTEES CAFE & TRUCK CATERING #10|728 S REDWOOD RD|SALT LAKE CITY,6/11/2025,1,0.0
6224,TASTEES CAFE & TRUCK CATERING #11|728 S REDWOOD RD|SALT LAKE CITY,6/11/2025,1,0.0
6225,TASTEES CAFE & TRUCK CATERING #2|728 S REDWOOD RD|SALT LAKE CITY,6/11/2025,1,0.0
6226,TASTEES CAFE & TRUCK CATERING #3|728 S REDWOOD RD|SALT LAKE CITY,6/11/2025,1,0.0
6227,TASTEES CAFE & TRUCK CATERING #4|728 S REDWOOD RD|SALT LAKE CITY,6/11/2025,1,0.0
6228,TASTEES CAFE & TRUCK CATERING #5|728 S REDWOOD RD|SALT LAKE CITY,6/11/2025,1,0.0
6229,TASTEES CAFE & TRUCK CATERING #6|728 S REDWOOD RD|SALT LAKE CITY,6/11/2025,1,0.0
6230,TAVERNACLE SOCIAL CLUB|50 W BROADWAY ST|SALT LAKE CITY,5/12/2025,1,4.0
6231,TAVERNACLE SOCIAL CLUB|50 W BROADWAY ST|SALT LAKE CITY,4/5/2022,1,27.0
6232,TAYGA CAFE|215 S STATE ST|SALT LAKE CITY,5/6/2026,1,1.0
6233,TAYLORSVILLE SENIOR CENTER|4743 S PLYMOUTH VIEW DR|TAYLORSVILLE,4/4/2025,1,1.0
6234,TAYLORSVILLE SENIOR CENTER|4743 S PLYMOUTH VIEW DR|TAYLORSVILLE,2/6/2024,1,8.0
6235,TAYLORSVILLE SENIOR CENTER|4743 S PLYMOUTH VIEW DR|TAYLORSVILLE,12/19/2022,1,12.0
6236,TAYLORSVILLE SENIOR CENTER|4743 S PLYMOUTH VIEW DR|TAYLORSVILLE,6/18/2021,1,9.0
6237,TAYLORSVILLE SENIOR CENTER|4743 S PLYMOUTH VIEW DR|TAYLORSVILLE,5/6/2019,1,9.0
6238,TAYLORSVILLE SENIOR CENTER|4743 S PLYMOUTH VIEW DR|TAYLORSVILLE,3/16/2018,1,2.0
6239,TAYLORSVILLE SENIOR CENTER|4743 S PLYMOUTH VIEW DR|TAYLORSVILLE,2/28/2017,1,3.0
6240,TAYLORSVILLE SENIOR CENTER|4743 S PLYMOUTH VIEW DR|TAYLORSVILLE,11/23/2015,1,7.0
6241,TDR #TACO ONE|1332 S STATE ST|SALT LAKE CITY,6/15/2026,1,5.0
6242,TDR #TACO ONE|1332 S STATE ST|SALT LAKE CITY,1/9/2025,1,1.0
6243,TDR #TACO ONE|1332 S STATE ST|SALT LAKE CITY,4/12/2024,1,2.0
6244,TDR CATERING #JESRC|1332 S STATE ST|SALT LAKE CITY,3/13/2026,1,1.0
6245,TDR TRUCK #TACOTWO|1332 S STATE ST|SALT LAKE CITY,6/15/2026,1,2.0
6246,TDR TRUCK #TACOTWO|1332 S STATE ST|SALT LAKE CITY,1/9/2025,1,1.0
6247,TDR TRUCK #TACOTWO|1332 S STATE ST|SALT LAKE CITY,4/12/2024,1,3.0
6248,TDR TRUCK #TACOTWO|1332 S STATE ST|SALT LAKE CITY,7/27/2021,1,25.0
6249,TDR TRUCK #TACOTWO|1332 S STATE ST|SALT LAKE CITY,10/12/2019,1,19.0
6250,TEA BAR|1201 E WILMINGTON AVE|SALT LAKE CITY,6/1/2026,1,7.0
6251,TEA ZAANTI DOG PATIO|1944 S 1100 E|SALT LAKE CITY,6/24/2025,1,0.0
6252,TEA ZAANTI DOG PATIO|1944 S 1100 E|SALT LAKE CITY,5/30/2024,1,0.0
6253,TEA ZAANTI DOG PATIO|1944 S 1100 E|SALT LAKE CITY,8/16/2022,1,0.0
6254,TENET CAFE|242 E 300 S|SALT LAKE CITY,12/5/2025,1,1.0
6255,TENET CAFE|242 E 300 S|SALT LAKE CITY,10/30/2024,1,3.0
6256,TENET CAFE|242 E 300 S|SALT LAKE CITY,9/26/2023,1,3.0
6257,TENET CAFE|1074 E 2100 S|SALT LAKE CITY,7/21/2025,1,5.0
6258,TERIYAKI GRILL|7194 S UNION PARK AVE|MIDVALE,1/14/2026,1,11.0
6259,TERIYAKI GRILL|7194 S UNION PARK AVE|MIDVALE,5/20/2025,1,25.0
6260,TERIYAKI GRILL|7194 S UNION PARK AVE|MIDVALE,3/27/2024,1,37.0
6261,TERIYAKI GRILL|7194 S UNION PARK AVE|MIDVALE,7/20/2022,1,43.0
6262,TERIYAKI GRILL|7194 S UNION PARK AVE|MIDVALE,6/22/2021,1,56.0
6263,TERIYAKI GRILL|7194 S UNION PARK AVE|MIDVALE,2/18/2020,1,14.0
6264,TERIYAKI GRILL|7194 S UNION PARK AVE|MIDVALE,8/12/2019,1,27.0
6265,TERIYAKI GRILL|7194 S UNION PARK AVE|MIDVALE,11/5/2018,1,17.0
6266,TERIYAKI GRILL|7194 S UNION PARK AVE|MIDVALE,5/10/2018,1,13.0
6267,TERIYAKI GRILL|7194 S UNION PARK AVE|MIDVALE,11/6/2017,1,33.0
6268,TEXAS ROADHOUSE|1904 W 5400 S|TAYLORSVILLE,11/14/2025,1,14.0
6269,TEXAS ROADHOUSE|1904 W 5400 S|TAYLORSVILLE,3/18/2025,1,50.0
6270,TEXAS ROADHOUSE|1904 W 5400 S|TAYLORSVILLE,10/14/2024,1,28.0
6271,TEXAS ROADHOUSE|1904 W 5400 S|TAYLORSVILLE,3/26/2024,1,32.0
6272,TEXAS ROADHOUSE|1904 W 5400 S|TAYLORSVILLE,3/1/2023,1,31.0
6273,TEXAS ROADHOUSE|1904 W 5400 S|TAYLORSVILLE,5/9/2022,1,21.0
6274,TEXAS ROADHOUSE|1904 W 5400 S|TAYLORSVILLE,1/14/2022,1,38.0
6275,TEXAS ROADHOUSE|1904 W 5400 S|TAYLORSVILLE,12/28/2020,1,27.0
6276,TEXAS ROADHOUSE|1904 W 5400 S|TAYLORSVILLE,1/25/2019,1,19.0
6277,TEXAS ROADHOUSE|1904 W 5400 S|TAYLORSVILLE,5/7/2018,1,16.0
6278,THAI ISSAN RESTAURANT|2644 W 4700 S|TAYLORSVILLE,5/19/2026,1,12.0
6279,THAI ISSAN RESTAURANT|2644 W 4700 S|TAYLORSVILLE,10/28/2025,1,34.0
6280,THAI ISSAN RESTAURANT|2644 W 4700 S|TAYLORSVILLE,9/19/2024,1,5.0
6281,THAI ISSAN RESTAURANT|2644 W 4700 S|TAYLORSVILLE,1/17/2024,1,25.0
6282,THAI ISSAN RESTAURANT|2644 W 4700 S|TAYLORSVILLE,11/15/2023,2,18.0
6283,THE STORE|2050 E 6200 S|HOLLADAY,4/13/2026,1,6.0
6284,THE STORE|2050 E 6200 S|HOLLADAY,10/20/2025,1,36.0
6285,THE STORE|2050 E 6200 S|HOLLADAY,2/5/2025,1,44.0
6286,THE STORE|2050 E 6200 S|HOLLADAY,4/1/2024,1,46.0
6287,THE STORE|2050 E 6200 S|HOLLADAY,9/15/2023,1,25.0
6288,THE STORE|2050 E 6200 S|HOLLADAY,8/4/2022,1,30.0
6289,THE STORE|2050 E 6200 S|HOLLADAY,1/31/2022,1,20.0
6290,THE STORE|2050 E 6200 S|HOLLADAY,2/13/2020,1,11.0
6291,THE STORE|2050 E 6200 S|HOLLADAY,7/25/2019,1,35.0
6292,THE STORE|2050 E 6200 S|HOLLADAY,10/12/2018,2,6.0
6293,THIRST @ MAVERIK CENTER|3200 S DECKER LAKE DR|WEST VALLEY CITY,7/14/2025,1,5.0
6294,THIS IS THE PLACE HERITAGE PARK|2601 E SUNNYSIDE AVE|SALT LAKE CITY,12/3/2025,1,2.0
6295,THIS IS THE PLACE HERITAGE PARK|2601 E SUNNYSIDE AVE|SALT LAKE CITY,12/5/2024,1,10.0
6296,THIS IS THE PLACE HERITAGE PARK|2601 E SUNNYSIDE AVE|SALT LAKE CITY,11/29/2023,1,13.0
6297,THIS IS THE PLACE HERITAGE PARK|2601 E SUNNYSIDE AVE|SALT LAKE CITY,11/2/2021,1,6.0
6298,THIS IS THE PLACE HERITAGE PARK|2601 E SUNNYSIDE AVE|SALT LAKE CITY,10/8/2021,1,4.0
6299,THIS IS THE PLACE HERITAGE PARK|2601 E SUNNYSIDE AVE|SALT LAKE CITY,7/30/2019,1,2.0
6300,THIS IS THE PLACE HERITAGE PARK|2601 E SUNNYSIDE AVE|SALT LAKE CITY,6/28/2018,1,7.0
6301,THIS IS THE PLACE HERITAGE PARK|2601 E SUNNYSIDE AVE|SALT LAKE CITY,7/28/2016,1,3.0
6302,THIS IS THE PLACE HERITAGE PARK|2601 E SUNNYSIDE AVE|SALT LAKE CITY,6/12/2015,1,4.0
6303,THIS IS THE PLACE HERITAGE PARK|2601 E SUNNYSIDE AVE|SALT LAKE CITY,3/7/2014,1,0.0
6304,THIS IS THE PLACE HERITAGE PARK HUNTSMAN HOTEL|2601 E SUNNYSIDE AVE|SALT LAKE CITY,5/18/2026,1,11.0
6305,THIS IS THE PLACE HERITAGE PARK HUNTSMAN HOTEL|2601 E SUNNYSIDE AVE|SALT LAKE CITY,10/11/2024,1,7.0
6306,THIS IS THE PLACE HERITAGE PARK HUNTSMAN HOTEL|2601 E SUNNYSIDE AVE|SALT LAKE CITY,5/26/2022,1,11.0
6307,THIS IS THE PLACE HERITAGE PARK HUNTSMAN HOTEL|2601 E SUNNYSIDE AVE|SALT LAKE CITY,11/2/2021,1,10.0
6308,THIS IS THE PLACE HERITAGE PARK HUNTSMAN HOTEL|2601 E SUNNYSIDE AVE|SALT LAKE CITY,7/30/2019,1,21.0
6309,THIS IS THE PLACE HERITAGE PARK HUNTSMAN HOTEL|2601 E SUNNYSIDE AVE|SALT LAKE CITY,6/28/2018,1,20.0
6310,THIS IS THE PLACE HERITAGE PARK HUNTSMAN HOTEL|2601 E SUNNYSIDE AVE|SALT LAKE CITY,7/28/2016,1,11.0
6311,THIS IS THE PLACE HERITAGE PARK HUNTSMAN HOTEL|2601 E SUNNYSIDE AVE|SALT LAKE CITY,1/28/2015,1,11.0
6312,THIS IS THE PLACE HERITAGE PARK HUNTSMAN HOTEL|2601 E SUNNYSIDE AVE|SALT LAKE CITY,3/7/2014,1,21.0
6313,THIS IS THE PLACE HERITAGE PARK HUNTSMAN HOTEL|2601 E SUNNYSIDE AVE|SALT LAKE CITY,5/21/2012,1,7.0
6314,THOMAS CUISINE @ BIOFIRE|1001 S 4800 W|SALT LAKE CITY,1/20/2026,1,12.0
6315,THOMAS CUISINE @ BIOFIRE|1001 S 4800 W|SALT LAKE CITY,1/28/2025,1,11.0
6316,THOMAS CUISINE @ BIOFIRE|1001 S 4800 W|SALT LAKE CITY,7/1/2024,1,6.0
6317,THOMAS CUISINE @ BIOFIRE|1001 S 4800 W|SALT LAKE CITY,2/9/2024,1,7.0
6318,THOMAS CUISINE @ BIOFIRE|1001 S 4800 W|SALT LAKE CITY,9/18/2023,1,14.0
6319,THOMAS CUISINE @ BIOFIRE|1001 S 4800 W|SALT LAKE CITY,11/21/2022,1,13.0
6320,THOMAS CUISINE @ BIOFIRE|1001 S 4800 W|SALT LAKE CITY,8/3/2021,1,10.0
6321,THOMAS CUISINE @ BIOFIRE DIAGNOSTICS|1201 S 4800 W|SALT LAKE CITY,10/30/2025,1,2.0
6322,THOMAS CUISINE @ BIOFIRE DIAGNOSTICS|1201 S 4800 W|SALT LAKE CITY,12/9/2024,1,15.0
6323,THOMAS CUISINE @ BIOFIRE DIAGNOSTICS|1201 S 4800 W|SALT LAKE CITY,5/31/2024,1,2.0
6324,THOMAS CUISINE @ BIOFIRE DIAGNOSTICS|1201 S 4800 W|SALT LAKE CITY,2/2/2024,1,1.0
6325,THOMAS CUISINE @ BIOFIRE DIAGNOSTICS|1201 S 4800 W|SALT LAKE CITY,9/22/2023,1,7.0
6326,THOMAS CUISINE @ BIOFIRE DIAGNOSTICS|1201 S 4800 W|SALT LAKE CITY,11/21/2022,1,12.0
6327,THOMAS CUISINE @ BIOFIRE DIAGNOSTICS|1201 S 4800 W|SALT LAKE CITY,10/25/2021,1,8.0
6328,THOMAS CUISINE @ BIOFIRE DIAGNOSTICS|1201 S 4800 W|SALT LAKE CITY,10/14/2021,1,18.0
6329,TIN ANGEL AT THE ECCLES THEATER|131 S MAIN ST|SALT LAKE CITY,1/9/2026,1,9.0
6330,TIN ANGEL AT THE ECCLES THEATER|131 S MAIN ST|SALT LAKE CITY,1/28/2025,1,18.0
6331,TIN ANGEL AT THE ECCLES THEATER|131 S MAIN ST|SALT LAKE CITY,10/26/2023,1,22.0
6332,TIN ANGEL AT THE ECCLES THEATER|131 S MAIN ST|SALT LAKE CITY,6/14/2022,1,28.0
6333,TO DINE FOR CATERING|166 W BERGER LN|MURRAY,4/23/2026,1,7.0
6334,TO DINE FOR CATERING|166 W BERGER LN|MURRAY,10/1/2024,1,9.0
6335,TO DINE FOR CATERING|166 W BERGER LN|MURRAY,11/3/2023,1,2.0
6336,TO DINE FOR CATERING|166 W BERGER LN|MURRAY,8/8/2022,1,2.0
6337,TO DINE FOR CATERING|166 W BERGER LN|MURRAY,3/13/2020,1,4.0
6338,TO DINE FOR CATERING|166 W BERGER LN|MURRAY,5/10/2019,1,3.0
6339,TO DINE FOR CATERING|166 W BERGER LN|MURRAY,3/6/2018,1,8.0
6340,TO DINE FOR CATERING|166 W BERGER LN|MURRAY,5/23/2017,1,1.0
6341,TO DINE FOR CATERING|166 W BERGER LN|MURRAY,4/5/2016,1,2.0
6342,TO DINE FOR CATERING|166 W BERGER LN|MURRAY,2/13/2015,1,4.0
6343,TOASTERS MILLCREEK|1560 E 3300 S|SALT LAKE CITY,2/3/2026,1,12.0
6344,TOASTERS MILLCREEK|1560 E 3300 S|SALT LAKE CITY,4/30/2025,1,40.0
6345,TOASTERS MILLCREEK|1560 E 3300 S|SALT LAKE CITY,8/20/2024,1,21.0
6346,TOASTERS MILLCREEK|1560 E 3300 S|SALT LAKE CITY,1/9/2024,1,25.0
6347,TOASTERS MILLCREEK|1560 E 3300 S|SALT LAKE CITY,3/14/2022,1,19.0
6348,TONY CAPUTOS MARKET & DELI|314 W 300 S|SALT LAKE CITY,12/17/2025,1,5.0
6349,TONY CAPUTOS MARKET & DELI|314 W 300 S|SALT LAKE CITY,3/26/2025,1,17.0
6350,TONY CAPUTOS MARKET & DELI|314 W 300 S|SALT LAKE CITY,7/31/2024,1,18.0
6351,TONY CAPUTOS MARKET & DELI|314 W 300 S|SALT LAKE CITY,11/7/2023,1,7.0
6352,TONY CAPUTOS MARKET & DELI|314 W 300 S|SALT LAKE CITY,10/5/2022,1,18.0
6353,TONY CAPUTOS MARKET & DELI|314 W 300 S|SALT LAKE CITY,11/2/2021,1,29.0
6354,TONY CAPUTOS MARKET & DELI|314 W 300 S|SALT LAKE CITY,3/16/2021,1,31.0
6355,TONY CAPUTOS MARKET & DELI|314 W 300 S|SALT LAKE CITY,11/14/2019,1,4.0
6356,TONY CAPUTOS MARKET & DELI|314 W 300 S|SALT LAKE CITY,4/17/2019,1,24.0
6357,TONY CAPUTOS MARKET & DELI|314 W 300 S|SALT LAKE CITY,10/1/2018,1,28.0
6358,TONYBURGERS|2731 S 5600 W|WEST VALLEY CITY,2/17/2026,1,9.0
6359,TONYBURGERS|2731 S 5600 W|WEST VALLEY CITY,6/23/2025,1,23.0
6360,TONYBURGERS|2731 S 5600 W|WEST VALLEY CITY,7/30/2024,1,28.0
6361,TONYBURGERS|2731 S 5600 W|WEST VALLEY CITY,2/27/2023,1,35.0
6362,TONYBURGERS|2731 S 5600 W|WEST VALLEY CITY,1/28/2022,1,13.0
6363,TONYBURGERS|2731 S 5600 W|WEST VALLEY CITY,2/8/2021,1,16.0
6364,TONYBURGERS|1685 S TOWNE CENTER DR|SOUTH JORDAN,6/24/2026,1,11.0
6365,TONYBURGERS|1685 S TOWNE CENTER DR|SOUTH JORDAN,11/3/2025,1,14.0
6366,TONYBURGERS|1685 S TOWNE CENTER DR|SOUTH JORDAN,3/19/2025,1,20.0
6367,TONYBURGERS|1685 S TOWNE CENTER DR|SOUTH JORDAN,9/12/2024,1,43.0
6368,TONYBURGERS|1685 S TOWNE CENTER DR|SOUTH JORDAN,2/26/2024,1,21.0
6369,TONYBURGERS|1685 S TOWNE CENTER DR|SOUTH JORDAN,8/22/2023,1,18.0
6370,TONYBURGERS|1685 S TOWNE CENTER DR|SOUTH JORDAN,10/20/2022,1,27.0
6371,TONYBURGERS|1685 S TOWNE CENTER DR|SOUTH JORDAN,4/22/2022,1,36.0
6372,TONYBURGERS|1685 S TOWNE CENTER DR|SOUTH JORDAN,9/14/2021,1,18.0
6373,TONYBURGERS|1685 S TOWNE CENTER DR|SOUTH JORDAN,2/22/2021,1,6.0
6374,TOP STOP #C-23|2360 S FOOTHILL DR|SALT LAKE CITY,2/19/2026,1,3.0
6375,TOP STOP #C-23|2360 S FOOTHILL DR|SALT LAKE CITY,1/27/2025,1,41.0
6376,TOP STOP #C-23|2360 S FOOTHILL DR|SALT LAKE CITY,9/26/2023,1,0.0
6377,TOP STOP #C-23|2360 S FOOTHILL DR|SALT LAKE CITY,10/15/2021,1,5.0
6378,TOP STOP #C-23|2360 S FOOTHILL DR|SALT LAKE CITY,1/22/2020,1,14.0
6379,TOP STOP #C-23|2360 S FOOTHILL DR|SALT LAKE CITY,1/2/2019,1,12.0
6380,TOP STOP #C-23|2360 S FOOTHILL DR|SALT LAKE CITY,11/9/2017,1,31.0
6381,TOP STOP #C-23|2360 S FOOTHILL DR|SALT LAKE CITY,8/29/2016,1,10.0
6382,TOP STOP #C-23|2360 S FOOTHILL DR|SALT LAKE CITY,2/17/2015,1,24.0
6383,TOP STOP #C-23|2360 S FOOTHILL DR|SALT LAKE CITY,3/7/2014,1,16.0
6384,TOP STOP C-61|1284 E VINE ST|MURRAY,6/30/2026,1,9.0
6385,TOP STOP C-61|1284 E VINE ST|MURRAY,10/24/2025,7,6.0
6386,TOP STOP C-61|1284 E VINE ST|MURRAY,8/25/2025,1,17.0
6387,TOP STOP C-61|1284 E VINE ST|MURRAY,8/19/2024,1,0.0
6388,TOP STOP C-61|1284 E VINE ST|MURRAY,7/6/2023,1,22.0
6389,TOP STOP C-61|1284 E VINE ST|MURRAY,4/4/2022,1,8.0
6390,TOP STOP C-61|1284 E VINE ST|MURRAY,2/9/2021,1,3.0
6391,TOP STOP C-61|1284 E VINE ST|MURRAY,8/6/2019,1,16.0
6392,TOP STOP C-61|1284 E VINE ST|MURRAY,7/18/2019,2,0.0
6393,TOP STOP C-61|1284 E VINE ST|MURRAY,4/11/2019,7,16.0
6394,TORO TACOS (MOBILE)|50 E 800 S|SALT LAKE CITY,1/7/2026,1,2.0
6395,TORO TACOS (MOBILE)|50 E 800 S|SALT LAKE CITY,2/11/2025,2,1.0
6396,TORO TACOS (MOBILE)|50 E 800 S|SALT LAKE CITY,2/10/2025,1,128.0
6397,TORO TACOS (MOBILE)|50 E 800 S|SALT LAKE CITY,5/22/2024,1,15.0
6398,TORO TACOS (MOBILE)|50 E 800 S|SALT LAKE CITY,7/21/2023,2,0.0
6399,TORO TACOS (MOBILE)|50 E 800 S|SALT LAKE CITY,7/20/2023,1,112.0
6400,TORO TACOS (MOBILE)|50 E 800 S|SALT LAKE CITY,11/8/2022,1,3.0
6401,TORO TACOS (MOBILE)|50 E 800 S|SALT LAKE CITY,4/29/2021,1,22.0
6402,TORO TACOS (MOBILE)|50 E 800 S|SALT LAKE CITY,2/11/2020,7,0.0
6403,TORO TACOS (MOBILE)|50 E 800 S|SALT LAKE CITY,7/8/2019,1,0.0
6404,TOUCH COFFEE|5415 W 3100 S|WEST VALLEY CITY,6/15/2026,1,0.0
6405,TOUCH N GO|375 N TERMINAL DR|SALT LAKE CITY,2/6/2026,1,5.0
6406,TOUCH N GO|375 N TERMINAL DR|SALT LAKE CITY,11/20/2024,1,10.0
6407,TOUCH N GO|375 N TERMINAL DR|SALT LAKE CITY,11/1/2023,1,3.0
6408,TOUCH N GO|375 N TERMINAL DR|SALT LAKE CITY,9/27/2022,1,2.0
6409,TOUCH N GO|375 N TERMINAL DR|SALT LAKE CITY,4/6/2021,1,16.0
6410,TOUCH N GO|375 N TERMINAL DR|SALT LAKE CITY,11/25/2019,1,30.0
6411,TOUCH N GO|375 N TERMINAL DR|SALT LAKE CITY,7/19/2018,1,4.0
6412,TOWN & COUNTRY MARKET|2840 S MAIN ST|SOUTH SALT LAKE,11/17/2025,1,3.0
6413,TOWN & COUNTRY MARKET|2840 S MAIN ST|SOUTH SALT LAKE,8/8/2024,1,2.0
6414,TOWN & COUNTRY MARKET|2840 S MAIN ST|SOUTH SALT LAKE,8/23/2022,1,9.0
6415,TOWN & COUNTRY MARKET|2840 S MAIN ST|SOUTH SALT LAKE,10/21/2021,1,18.0
6416,TOWN & COUNTRY MARKET|2840 S MAIN ST|SOUTH SALT LAKE,4/28/2021,1,14.0
6417,TOWN & COUNTRY MARKET|2840 S MAIN ST|SOUTH SALT LAKE,10/23/2019,1,10.0
6418,TOWN & COUNTRY MARKET|2840 S MAIN ST|SOUTH SALT LAKE,4/1/2019,1,13.0
6419,TOWN & COUNTRY MARKET|2840 S MAIN ST|SOUTH SALT LAKE,6/4/2018,1,18.0
6420,TOWN & COUNTRY MARKET|2840 S MAIN ST|SOUTH SALT LAKE,9/25/2017,1,10.0
6421,TOWN & COUNTRY MARKET|2840 S MAIN ST|SOUTH SALT LAKE,1/30/2017,1,10.0
6422,TOWNEPLACE SUITES|13690 S 100 E|DRAPER,6/1/2026,1,2.0
6423,TOWNEPLACE SUITES|13690 S 100 E|DRAPER,7/12/2024,1,1.0
6424,TOWNEPLACE SUITES|13690 S 100 E|DRAPER,5/17/2022,1,0.0
6425,TOWNEPLACE SUITES|13690 S 100 E|DRAPER,5/10/2021,1,0.0
6426,TOWNEPLACE SUITES|13690 S 100 E|DRAPER,9/19/2019,1,5.0
6427,TRAEGER PELLET GRILLS|533 S 400 W|SALT LAKE CITY,4/14/2026,1,0.0
6428,TRAEGER PELLET GRILLS|533 S 400 W|SALT LAKE CITY,6/2/2025,1,0.0
6429,TRAM CLUB|9385 S SNOWBIRD CENTER DR|SALT LAKE COUNTY,3/10/2026,1,4.0
6430,TROPICAL SMOOTHIE CAFE|9645 S STATE ST|SANDY,3/18/2026,1,8.0
6431,TROPICAL SMOOTHIE CAFE|9645 S STATE ST|SANDY,6/5/2025,1,15.0
6432,TROPICAL SMOOTHIE CAFE|9645 S STATE ST|SANDY,8/7/2024,1,2.0
6433,TVILLE NUTRITION|5674 W REDWOOD RD|TAYLORSVILLE,3/5/2026,1,3.0
6434,TVILLE NUTRITION|5674 W REDWOOD RD|TAYLORSVILLE,12/3/2024,1,20.0
6435,TVILLE NUTRITION|5674 W REDWOOD RD|TAYLORSVILLE,11/1/2023,1,12.0
6436,TVILLE NUTRITION|5674 W REDWOOD RD|TAYLORSVILLE,7/26/2022,1,1.0
6437,TVILLE NUTRITION|5674 W REDWOOD RD|TAYLORSVILLE,6/23/2021,1,1.0
6438,U MED STARBUCKS - LOWER LEVEL|50 N MEDICAL DR|SALT LAKE CITY,12/31/2025,1,7.0
6439,U OF U INSTITUTE DELI|1780 E SOUTH CAMPUS DR|SALT LAKE CITY,2/12/2026,1,6.0
6440,U OF U INSTITUTE DELI|1780 E SOUTH CAMPUS DR|SALT LAKE CITY,11/5/2024,1,3.0
6441,U OF U REHAB HOSPITAL COFFEE COUNTER|85 MEDICAL DRIVE N|SALT LAKE CITY,4/14/2025,1,0.0
6442,U OF U REHAB HOSPITAL COFFEE COUNTER|85 MEDICAL DRIVE N|SALT LAKE CITY,3/5/2024,1,1.0
6443,U OF U REHAB HOSPITAL COFFEE COUNTER|85 MEDICAL DRIVE N|SALT LAKE CITY,5/3/2022,1,1.0
6444,U OF U REHAB HOSPITAL COFFEE COUNTER|85 MEDICAL DRIVE N|SALT LAKE CITY,11/30/2021,1,13.0
6445,U OF U REHABILITATION EATERY|85 N MEDICAL DR|SALT LAKE CITY,2/25/2026,1,9.0
6446,U OF U REHABILITATION EATERY|85 N MEDICAL DR|SALT LAKE CITY,4/14/2025,1,23.0
6447,U OF U REHABILITATION EATERY|85 N MEDICAL DR|SALT LAKE CITY,3/4/2024,1,1.0
6448,U OF U REHABILITATION EATERY|85 N MEDICAL DR|SALT LAKE CITY,10/13/2022,1,19.0
6449,U OF U REHABILITATION EATERY|85 N MEDICAL DR|SALT LAKE CITY,5/3/2022,1,5.0
6450,U OF U REHABILITATION EATERY|85 N MEDICAL DR|SALT LAKE CITY,11/30/2021,1,7.0
6451,U OF U RICE ECCLES STADIUM - #11|451 S 1400 E|SALT LAKE CITY,11/1/2025,1,0.0
6452,U OF U RICE ECCLES STADIUM - #11|451 S 1400 E|SALT LAKE CITY,8/29/2024,1,39.0
6453,U OF U RICE ECCLES STADIUM - #11|451 S 1400 E|SALT LAKE CITY,10/14/2023,1,10.0
6454,U OF U RICE ECCLES STADIUM - #11|451 S 1400 E|SALT LAKE CITY,10/1/2022,1,13.0
6455,U OF U RICE ECCLES STADIUM - #11|451 S 1400 E|SALT LAKE CITY,7/17/2021,1,13.0
6456,U OF U RICE ECCLES STADIUM - #11|451 S 1400 E|SALT LAKE CITY,9/7/2019,1,1.0
6457,U OF U RICE ECCLES STADIUM - #11|451 S 1400 E|SALT LAKE CITY,10/12/2018,1,7.0
6458,U OF U RICE ECCLES STADIUM - #11|451 S 1400 E|SALT LAKE CITY,8/31/2017,1,4.0
6459,U OF U RICE ECCLES STADIUM - #11|451 S 1400 E|SALT LAKE CITY,9/1/2016,1,7.0
6460,U OF U RICE ECCLES STADIUM - #11|451 S 1400 E|SALT LAKE CITY,9/11/2015,1,14.0
6461,U OF U RICE ECCLES STADIUM - #15|451 S 1400 E|SALT LAKE CITY,11/1/2025,1,0.0
6462,U OF U RICE ECCLES STADIUM - #15|451 S 1400 E|SALT LAKE CITY,8/29/2024,1,6.0
6463,U OF U RICE ECCLES STADIUM - #15|451 S 1400 E|SALT LAKE CITY,10/14/2023,1,15.0
6464,U OF U RICE ECCLES STADIUM - #15|451 S 1400 E|SALT LAKE CITY,10/1/2022,1,15.0
6465,U OF U RICE ECCLES STADIUM - #15|451 S 1400 E|SALT LAKE CITY,7/17/2021,1,16.0
6466,U OF U RICE ECCLES STADIUM - #15|451 S 1400 E|SALT LAKE CITY,9/7/2019,1,12.0
6467,U OF U RICE ECCLES STADIUM - #15|451 S 1400 E|SALT LAKE CITY,10/12/2018,1,8.0
6468,U OF U RICE ECCLES STADIUM - #15|451 S 1400 E|SALT LAKE CITY,8/31/2017,1,12.0
6469,U OF U RICE ECCLES STADIUM - #15|451 S 1400 E|SALT LAKE CITY,9/1/2016,1,4.0
6470,U OF U RICE ECCLES STADIUM - #15|451 S 1400 E|SALT LAKE CITY,9/11/2015,1,40.0
6471,U OF U RICE ECCLES STADIUM - #33|451 S 1400 E|SALT LAKE CITY,11/1/2025,1,3.0
6472,U OF U RICE ECCLES STADIUM - #33|451 S 1400 E|SALT LAKE CITY,8/29/2024,1,22.0
6473,U OF U RICE ECCLES STADIUM - #33|451 S 1400 E|SALT LAKE CITY,10/14/2023,1,2.0
6474,U OF U RICE ECCLES STADIUM - #33|451 S 1400 E|SALT LAKE CITY,10/1/2022,1,7.0
6475,U OF U RICE ECCLES STADIUM - #33|451 S 1400 E|SALT LAKE CITY,7/17/2021,1,18.0
6476,U OF U RICE ECCLES STADIUM - #33|451 S 1400 E|SALT LAKE CITY,9/7/2019,1,0.0
6477,U OF U RICE ECCLES STADIUM - #33|451 S 1400 E|SALT LAKE CITY,10/12/2018,1,3.0
6478,U OF U RICE ECCLES STADIUM - #33|451 S 1400 E|SALT LAKE CITY,9/16/2017,1,7.0
6479,U OF U RICE ECCLES STADIUM - #33|451 S 1400 E|SALT LAKE CITY,9/1/2016,1,9.0
6480,U OF U RICE ECCLES STADIUM - #33|451 S 1400 E|SALT LAKE CITY,9/11/2015,1,27.0
6481,U OF U RICE ECCLES STADIUM - #36|451 S 1400 E|SALT LAKE CITY,11/1/2025,1,6.0
6482,U OF U RICE ECCLES STADIUM - #36|451 S 1400 E|SALT LAKE CITY,8/29/2024,1,12.0
6483,U OF U RICE ECCLES STADIUM - #36|451 S 1400 E|SALT LAKE CITY,10/14/2023,1,1.0
6484,U OF U RICE ECCLES STADIUM - #36|451 S 1400 E|SALT LAKE CITY,10/1/2022,1,0.0
6485,U OF U RICE ECCLES STADIUM - #36|451 S 1400 E|SALT LAKE CITY,7/17/2021,1,15.0
6486,U OF U RICE ECCLES STADIUM - #36|451 S 1400 E|SALT LAKE CITY,9/7/2019,1,3.0
6487,U OF U RICE ECCLES STADIUM - #36|451 S 1400 E|SALT LAKE CITY,10/12/2018,1,8.0
6488,U OF U RICE ECCLES STADIUM - #36|451 S 1400 E|SALT LAKE CITY,9/16/2017,1,1.0
6489,U OF U RICE ECCLES STADIUM - #36|451 S 1400 E|SALT LAKE CITY,9/1/2016,1,9.0
6490,U OF U RICE ECCLES STADIUM - #36|451 S 1400 E|SALT LAKE CITY,9/11/2015,1,2.0
6491,U OF U RICE ECCLES STADIUM - 35S|451 S 1400 E|SALT LAKE CITY,11/1/2025,1,6.0
6492,U OF U RICE ECCLES STADIUM - 35S|451 S 1400 E|SALT LAKE CITY,8/29/2024,1,30.0
6493,U OF U RICE ECCLES STADIUM - 35S|451 S 1400 E|SALT LAKE CITY,10/14/2023,1,0.0
6494,U OF U RICE ECCLES STADIUM - 35S|451 S 1400 E|SALT LAKE CITY,7/17/2021,1,6.0
6495,U OF U RICE ECCLES STADIUM - 35S|451 S 1400 E|SALT LAKE CITY,4/24/2021,1,44.0
6496,U OF U RICE ECCLES STADIUM - 35S|451 S 1400 E|SALT LAKE CITY,9/7/2019,1,6.0
6497,U OF U RICE ECCLES STADIUM - 35S|451 S 1400 E|SALT LAKE CITY,10/12/2018,1,3.0
6498,U OF U RICE ECCLES STADIUM - 35S|451 S 1400 E|SALT LAKE CITY,9/16/2017,1,6.0
6499,U OF U RICE ECCLES STADIUM - 35S|451 S 1400 E|SALT LAKE CITY,9/1/2016,1,6.0
6500,U OF U RICE ECCLES STADIUM - 35S|451 S 1400 E|SALT LAKE CITY,9/11/2015,1,10.0
6501,U OF U RICE ECCLES STADIUM - C32|451 S 1400 E|SALT LAKE CITY,11/1/2025,1,3.0
6502,U OF U RICE ECCLES STADIUM - C32|451 S 1400 E|SALT LAKE CITY,8/29/2024,1,6.0
6503,U OF U RICE ECCLES STADIUM - C32|451 S 1400 E|SALT LAKE CITY,10/14/2023,1,7.0
6504,U OF U RICE ECCLES STADIUM - C32|451 S 1400 E|SALT LAKE CITY,10/1/2022,1,11.0
6505,U OF U RICE ECCLES STADIUM - C32|451 S 1400 E|SALT LAKE CITY,7/17/2021,1,18.0
6506,U OF U RICE ECCLES STADIUM - C32|451 S 1400 E|SALT LAKE CITY,9/7/2019,1,0.0
6507,U OF U RICE ECCLES STADIUM - C32|451 S 1400 E|SALT LAKE CITY,10/12/2018,1,13.0
6508,U OF U RICE ECCLES STADIUM - C32|451 S 1400 E|SALT LAKE CITY,9/16/2017,1,6.0
6509,U OF U RICE ECCLES STADIUM - C32|451 S 1400 E|SALT LAKE CITY,9/1/2016,1,9.0
6510,U OF U RICE ECCLES STADIUM - C32|451 S 1400 E|SALT LAKE CITY,9/11/2015,1,4.0
6511,U OF U RICE ECCLES STADIUM EAST VENDING|451 S 1400 E|SALT LAKE CITY,11/1/2025,1,2.0
6512,U OF U RICE ECCLES STADIUM EAST VENDING|451 S 1400 E|SALT LAKE CITY,8/29/2024,1,3.0
6513,U OF U RICE ECCLES STADIUM EAST VENDING|451 S 1400 E|SALT LAKE CITY,10/17/2023,1,15.0
6514,U OF U RICE ECCLES STADIUM EAST VENDING|451 S 1400 E|SALT LAKE CITY,9/7/2019,1,0.0
6515,U OF U RICE ECCLES STADIUM EAST VENDING|451 S 1400 E|SALT LAKE CITY,10/12/2018,1,2.0
6516,U OF U RICE ECCLES STADIUM EAST VENDING|451 S 1400 E|SALT LAKE CITY,9/16/2017,1,9.0
6517,U OF U RICE ECCLES STADIUM EAST VENDING|451 S 1400 E|SALT LAKE CITY,9/1/2016,1,1.0
6518,U OF U RICE ECCLES STADIUM WEST VENDING|451 S 1400 E|SALT LAKE CITY,11/1/2025,1,1.0
6519,U OF U RICE ECCLES STADIUM WEST VENDING|451 S 1400 E|SALT LAKE CITY,8/29/2024,1,2.0
6520,U OF U RICE ECCLES STADIUM WEST VENDING|451 S 1400 E|SALT LAKE CITY,10/14/2023,1,12.0
6521,U OF U RICE ECCLES STADIUM WEST VENDING|451 S 1400 E|SALT LAKE CITY,10/1/2022,1,1.0
6522,U OF U RICE ECCLES STADIUM WEST VENDING|451 S 1400 E|SALT LAKE CITY,10/1/2022,1,5.0
6523,U OF U RICE ECCLES STADIUM WEST VENDING|451 S 1400 E|SALT LAKE CITY,9/7/2019,1,1.0
6524,U OF U RICE ECCLES STADIUM WEST VENDING|451 S 1400 E|SALT LAKE CITY,10/12/2018,1,7.0
6525,U OF U RICE ECCLES STADIUM WEST VENDING|451 S 1400 E|SALT LAKE CITY,8/31/2017,1,6.0
6526,U OF U RICE ECCLES STADIUM WEST VENDING|451 S 1400 E|SALT LAKE CITY,9/1/2016,1,9.0
6527,U OF U RICE ECCLES STAND # 38|451 S 1400 E|SALT LAKE CITY,11/1/2025,1,1.0
6528,U OF U RICE ECCLES STAND # 38|451 S 1400 E|SALT LAKE CITY,8/29/2024,1,20.0
6529,U OF U RICE ECCLES STAND # 38|451 S 1400 E|SALT LAKE CITY,10/14/2023,1,7.0
6530,U OF U RICE ECCLES STAND # 38|451 S 1400 E|SALT LAKE CITY,10/1/2022,1,16.0
6531,U OF U RICE ECCLES STAND # 38|451 S 1400 E|SALT LAKE CITY,7/17/2021,1,5.0
6532,U OF U RICE ECCLES STAND # 38|451 S 1400 E|SALT LAKE CITY,9/7/2019,1,6.0
6533,U OF U RICE ECCLES STAND # 38|451 S 1400 E|SALT LAKE CITY,10/12/2018,1,5.0
6534,U OF U RICE ECCLES STAND # 38|451 S 1400 E|SALT LAKE CITY,9/16/2017,1,4.0
6535,U OF U RICE ECCLES STAND # 38|451 S 1400 E|SALT LAKE CITY,9/1/2016,1,15.0
6536,U OF U RICE ECCLES STAND # 38|451 S 1400 E|SALT LAKE CITY,9/11/2015,1,24.0
6537,U OF U RICE ECCLES STAND # 9|451 S 1400 E|SALT LAKE CITY,11/1/2025,1,3.0
6538,U OF U RICE ECCLES STAND # 9|451 S 1400 E|SALT LAKE CITY,8/29/2024,1,3.0
6539,U OF U RICE ECCLES STAND # 9|451 S 1400 E|SALT LAKE CITY,10/14/2023,1,1.0
6540,U OF U RICE ECCLES STAND # 9|451 S 1400 E|SALT LAKE CITY,10/1/2022,1,4.0
6541,U OF U RICE ECCLES STAND # 9|451 S 1400 E|SALT LAKE CITY,7/17/2021,1,10.0
6542,U OF U RICE ECCLES STAND # 9|451 S 1400 E|SALT LAKE CITY,9/7/2019,1,0.0
6543,U OF U RICE ECCLES STAND # 9|451 S 1400 E|SALT LAKE CITY,10/12/2018,1,6.0
6544,U OF U RICE ECCLES STAND # 9|451 S 1400 E|SALT LAKE CITY,8/31/2017,1,7.0
6545,U OF U RICE ECCLES STAND # 9|451 S 1400 E|SALT LAKE CITY,9/1/2016,1,7.0
6546,U OF U RICE ECCLES STAND # 9|451 S 1400 E|SALT LAKE CITY,9/11/2015,1,15.0
6547,U OF U STADIUM AND ARENA|451 S 1400 E|SALT LAKE CITY,11/26/2025,1,8.0
6548,U OF U STADIUM AND ARENA|451 S 1400 E|SALT LAKE CITY,10/14/2023,1,12.0
6549,U OF U STADIUM AND ARENA|451 S 1400 E|SALT LAKE CITY,7/13/2020,2,0.0
6550,U OF U UNION MAIN KITCHEN - CATERING|200 S CENTRAL CAMPUS DR|SALT LAKE CITY,7/8/2026,1,8.0
6551,U OF U UNION MAIN KITCHEN - CATERING|200 S CENTRAL CAMPUS DR|SALT LAKE CITY,1/27/2026,1,18.0
6552,U OF U UNION MAIN KITCHEN - CATERING|200 S CENTRAL CAMPUS DR|SALT LAKE CITY,3/18/2025,1,19.0
6553,U OF U UNION MAIN KITCHEN - CATERING|200 S CENTRAL CAMPUS DR|SALT LAKE CITY,3/27/2024,1,4.0
6554,U OF U UNION MAIN KITCHEN - CATERING|200 S CENTRAL CAMPUS DR|SALT LAKE CITY,8/23/2023,1,3.0
6555,U OF U UNION MAIN KITCHEN - CATERING|200 S CENTRAL CAMPUS DR|SALT LAKE CITY,2/8/2023,1,10.0
6556,U OF U UNION MAIN KITCHEN - CATERING|200 S CENTRAL CAMPUS DR|SALT LAKE CITY,7/28/2022,1,22.0
6557,U OF U UNION MAIN KITCHEN - CATERING|200 S CENTRAL CAMPUS DR|SALT LAKE CITY,3/16/2022,1,12.0
6558,U OF U UNION MAIN KITCHEN - CATERING|200 S CENTRAL CAMPUS DR|SALT LAKE CITY,11/23/2021,1,19.0
6559,U OF U UNION MAIN KITCHEN - CATERING|200 S CENTRAL CAMPUS DR|SALT LAKE CITY,1/29/2020,1,17.0
6560,UINTA BREWHOUSE PUB|1722 S FREMONT DR|SALT LAKE CITY,12/16/2025,1,7.0
6561,UINTA BREWHOUSE PUB|1722 S FREMONT DR|SALT LAKE CITY,1/9/2025,1,0.0
6562,UINTA BREWHOUSE PUB|1722 S FREMONT DR|SALT LAKE CITY,4/24/2024,1,16.0
6563,UINTA BREWHOUSE PUB|1722 S FREMONT DR|SALT LAKE CITY,10/25/2023,1,6.0
6564,UINTA BREWHOUSE PUB|1722 S FREMONT DR|SALT LAKE CITY,12/15/2022,1,4.0
6565,UINTA BREWHOUSE PUB|1722 S FREMONT DR|SALT LAKE CITY,8/10/2021,1,8.0
6566,UINTA BREWHOUSE PUB|1722 S FREMONT DR|SALT LAKE CITY,10/1/2020,1,0.0
6567,UINTA BREWHOUSE PUB|1722 S FREMONT DR|SALT LAKE CITY,6/26/2019,1,16.0
6568,UINTA BREWHOUSE PUB|1722 S FREMONT DR|SALT LAKE CITY,9/28/2018,1,13.0
6569,UINTA BREWHOUSE PUB|1722 S FREMONT DR|SALT LAKE CITY,3/27/2018,1,46.0
6570,UINTA BREWHOUSE PUB - DOG PATIO|1722 S FREMONT DR|SALT LAKE CITY,12/16/2025,1,0.0
6571,UINTA BREWHOUSE PUB - DOG PATIO|1722 S FREMONT DR|SALT LAKE CITY,5/30/2024,1,0.0
6572,UINTA BREWHOUSE PUB - DOG PATIO|1722 S FREMONT DR|SALT LAKE CITY,10/25/2023,1,0.0
6573,UINTA BREWHOUSE PUB - DOG PATIO|1722 S FREMONT DR|SALT LAKE CITY,12/15/2022,1,0.0
6574,UINTA BREWHOUSE PUB - DOG PATIO|1722 S FREMONT DR|SALT LAKE CITY,8/10/2021,1,0.0
6575,UINTA BREWHOUSE PUB - DOG PATIO|1722 S FREMONT DR|SALT LAKE CITY,6/26/2019,1,0.0
6576,UINTA BREWHOUSE PUB - DOG PATIO|1722 S FREMONT DR|SALT LAKE CITY,4/24/2018,1,0.0
6577,UINTA BREWING|3920 W TERMINAL DR|SALT LAKE CITY,4/17/2026,1,14.0
6578,UINTA BREWING|3920 W TERMINAL DR|SALT LAKE CITY,10/30/2025,1,17.0
6579,UINTA BREWING|3920 W TERMINAL DR|SALT LAKE CITY,2/20/2025,1,29.0
6580,UINTA BREWING|3920 W TERMINAL DR|SALT LAKE CITY,11/5/2024,1,21.0
6581,UINTA BREWING|3920 W TERMINAL DR|SALT LAKE CITY,6/27/2024,1,27.0
6582,UINTA BREWING|3920 W TERMINAL DR|SALT LAKE CITY,10/20/2023,1,30.0
6583,UINTA BREWING|3920 W TERMINAL DR|SALT LAKE CITY,3/24/2023,1,15.0
6584,UINTA BREWING|3920 W TERMINAL DR|SALT LAKE CITY,10/4/2022,1,21.0
6585,UINTA BREWING|3920 W TERMINAL DR|SALT LAKE CITY,7/13/2021,1,9.0
6586,UNIVERSITY OF UTAH ATHLETIC TRAINING|580 E GUARDSMAN WY|SALT LAKE CITY,1/28/2026,1,3.0
6587,UNIVERSITY OF UTAH ATHLETIC TRAINING|580 E GUARDSMAN WY|SALT LAKE CITY,2/3/2025,1,18.0
6588,UNIVERSITY OF UTAH ATHLETIC TRAINING|580 E GUARDSMAN WY|SALT LAKE CITY,10/30/2023,1,11.0
6589,UNIVERSITY OF UTAH ATHLETIC TRAINING|580 E GUARDSMAN WY|SALT LAKE CITY,8/29/2022,1,32.0
6590,UNIVERSITY OF UTAH ATHLETIC TRAINING|580 E GUARDSMAN WY|SALT LAKE CITY,2/17/2022,1,19.0
6591,UNIVERSITY OF UTAH ATHLETIC TRAINING|580 E GUARDSMAN WY|SALT LAKE CITY,1/24/2020,1,3.0
6592,UNIVERSITY OF UTAH ATHLETIC TRAINING|580 E GUARDSMAN WY|SALT LAKE CITY,7/30/2019,1,9.0
6593,UNIVERSITY OF UTAH ATHLETIC TRAINING|580 E GUARDSMAN WY|SALT LAKE CITY,9/28/2018,1,32.0
6594,UNIVERSITY OF UTAH ATHLETIC TRAINING|580 E GUARDSMAN WY|SALT LAKE CITY,3/9/2018,1,8.0
6595,UNIVERSITY OF UTAH ATHLETIC TRAINING|580 E GUARDSMAN WY|SALT LAKE CITY,6/28/2017,1,21.0
6596,UNIVERSITY OF UTAH ATHLETICS FUELING STATION|290 S 1850 E|SALT LAKE CITY,2/26/2025,1,4.0
6597,UNIVERSITY OF UTAH ATHLETICS FUELING STATION|290 S 1850 E|SALT LAKE CITY,6/8/2023,1,1.0
6598,UNIVERSITY OF UTAH ATHLETICS FUELING STATION|290 S 1850 E|SALT LAKE CITY,2/17/2022,1,5.0
6599,UNIVERSITY OF UTAH ATHLETICS FUELING STATION|290 S 1850 E|SALT LAKE CITY,10/14/2019,1,12.0
6600,UNIVERSITY OF UTAH ATHLETICS FUELING STATION|290 S 1850 E|SALT LAKE CITY,3/9/2018,1,0.0
6601,UNIVERSITY OF UTAH ATHLETICS FUELING STATION|290 S 1850 E|SALT LAKE CITY,11/15/2016,1,6.0
6602,UNIVERSITY OF UTAH HELIX TOWER|30 N MARIO CAPECCI|SALT LAKE CITY,11/6/2025,1,0.0
6603,URBAN HILL - DOG PATIO|510 S 300 W|SALT LAKE CITY,3/30/2026,1,0.0
6604,URBAN HILL - DOG PATIO|510 S 300 W|SALT LAKE CITY,12/17/2025,1,0.0
6605,URBAN LOUNGE|241 S 500 E|SALT LAKE CITY,2/6/2026,1,3.0
6606,URBAN LOUNGE|241 S 500 E|SALT LAKE CITY,1/23/2024,1,12.0
6607,URBAN LOUNGE|241 S 500 E|SALT LAKE CITY,6/15/2022,1,2.0
6608,URBAN LOUNGE|241 S 500 E|SALT LAKE CITY,7/13/2021,1,8.0
6609,URBAN LOUNGE|241 S 500 E|SALT LAKE CITY,9/27/2019,1,19.0
6610,URBAN LOUNGE|241 S 500 E|SALT LAKE CITY,8/15/2018,1,13.0
6611,URBAN LOUNGE|241 S 500 E|SALT LAKE CITY,2/8/2017,1,19.0
6612,URBAN LOUNGE|241 S 500 E|SALT LAKE CITY,9/25/2014,1,11.0
6613,URBAN LOUNGE|241 S 500 E|SALT LAKE CITY,5/16/2013,1,10.0
6614,URBAN LOUNGE|241 S 500 E|SALT LAKE CITY,1/20/2011,1,3.0
6615,USANA DIAMOND CONCESSIONS-TREJO TACOS NORTH|5151 S 6055 W|WEST VALLEY CITY,9/5/2025,1,3.0
6616,USANA DIAMOND CONCESSIONS-TREJO TACOS NORTH|5151 S 6055 W|WEST VALLEY CITY,7/10/2024,1,2.0
6617,USANA DIAMOND CONCESSIONS-TREJO TACOS NORTH|5151 S 6055 W|WEST VALLEY CITY,8/31/2018,1,13.0
6618,USANA DIAMOND CONCESSIONS-TREJO TACOS NORTH|5151 S 6055 W|WEST VALLEY CITY,8/9/2017,1,12.0
6619,USANA DIAMOND CONCESSIONS-TREJO TACOS NORTH|5151 S 6055 W|WEST VALLEY CITY,9/26/2016,1,12.0
6620,USANA DIAMOND CONCESSIONS-TREJO TACOS NORTH|5151 S 6055 W|WEST VALLEY CITY,9/12/2015,1,17.0
6621,UTAH BASEBALL CONCESSIONS|725 S GUARDSMAN WY|SALT LAKE CITY,6/11/2026,1,0.0
6622,UTAH CHILDRENS THEATRE|3605 S STATE ST|SOUTH SALT LAKE,10/28/2025,1,4.0
6623,UTAH CHILDRENS THEATRE|3605 S STATE ST|SOUTH SALT LAKE,9/6/2024,1,10.0
6624,UTAH CHILDRENS THEATRE|3605 S STATE ST|SOUTH SALT LAKE,8/9/2022,1,4.0
6625,UTAH CHILDRENS THEATRE|3605 S STATE ST|SOUTH SALT LAKE,11/23/2019,1,6.0
6626,UTAH CHILDRENS THEATRE|3605 S STATE ST|SOUTH SALT LAKE,10/11/2018,1,4.0
6627,UTAH CHILDRENS THEATRE|3605 S STATE ST|SOUTH SALT LAKE,9/12/2017,1,2.0
6628,UTAH CHILDRENS THEATRE|3605 S STATE ST|SOUTH SALT LAKE,5/10/2016,1,8.0
6629,UTAH COMMISSARY CLUB EAST|728 S REDWOOD RD|SALT LAKE CITY,2/25/2026,1,13.0
6630,UTAH COMMISSARY CLUB EAST|728 S REDWOOD RD|SALT LAKE CITY,10/13/2025,1,15.0
6631,UTAH COMMUNITY ACTION HEAD START|8446 S HARRISON ST|MIDVALE,12/11/2025,1,3.0
6632,UTAH COMMUNITY ACTION HEAD START|8446 S HARRISON ST|MIDVALE,7/29/2024,1,0.0
6633,UTAH COMMUNITY ACTION HEAD START|8446 S HARRISON ST|MIDVALE,1/5/2023,1,1.0
6634,UTAH COMMUNITY ACTION HEAD START|8446 S HARRISON ST|MIDVALE,1/6/2020,1,0.0
6635,UTAH COMMUNITY ACTION HEAD START|8446 S HARRISON ST|MIDVALE,9/24/2018,1,4.0
6636,UTAH COMMUNITY ACTION HEAD START|8446 S HARRISON ST|MIDVALE,10/3/2017,1,7.0
6637,UTAH COMMUNITY ACTION HEAD START|8446 S HARRISON ST|MIDVALE,9/2/2016,1,8.0
6638,UTAH COMMUNITY ACTION HEAD START|8446 S HARRISON ST|MIDVALE,10/2/2014,1,5.0
6639,UTAH COMMUNITY ACTION HEAD START|8446 S HARRISON ST|MIDVALE,12/18/2012,1,10.0
6640,UTAH COMMUNITY ACTION HEAD START|8446 S HARRISON ST|MIDVALE,8/30/2011,1,2.0
6641,UTAH COMMUNITY ACTION HEAD START|328 W 8000 S|MIDVALE,12/11/2025,1,3.0
6642,UTAH COMMUNITY ACTION HEAD START|328 W 8000 S|MIDVALE,11/9/2023,1,16.0
6643,UTAH COMMUNITY ACTION HEAD START|2825 S 200 E|SOUTH SALT LAKE,7/18/2025,1,0.0
6644,UTAH COMMUNITY ACTION HEAD START|2825 S 200 E|SOUTH SALT LAKE,8/22/2024,1,12.0
6645,UTAH COMMUNITY ACTION HEAD START|2825 S 200 E|SOUTH SALT LAKE,1/12/2023,1,21.0
6646,UTAH COMMUNITY ACTION HEAD START|2825 S 200 E|SOUTH SALT LAKE,5/18/2021,1,17.0
6647,UTAH COMMUNITY ACTION HEAD START|2825 S 200 E|SOUTH SALT LAKE,2/20/2020,1,6.0
6648,UTAH COMMUNITY ACTION HEAD START|2825 S 200 E|SOUTH SALT LAKE,10/3/2019,1,27.0
6649,UTAH COMMUNITY ACTION HEAD START|2825 S 200 E|SOUTH SALT LAKE,3/19/2019,1,3.0
6650,UTAH COMMUNITY ACTION HEAD START|2825 S 200 E|SOUTH SALT LAKE,7/12/2018,1,8.0
6651,UTAH COMMUNITY ACTION HEAD START|2825 S 200 E|SOUTH SALT LAKE,2/12/2018,1,32.0
6652,UTAH COMMUNITY ACTION HEAD START|2825 S 200 E|SOUTH SALT LAKE,9/11/2017,7,0.0
6653,UTAH CULTURAL CELEBRATION CENTER - KITCHEN|3100 S 1400 W|WEST VALLEY CITY,12/16/2025,1,2.0
6654,UTAH CULTURAL CELEBRATION CENTER - KITCHEN|3100 S 1400 W|WEST VALLEY CITY,12/2/2024,1,10.0
6655,UTAH CULTURAL CELEBRATION CENTER - KITCHEN|3100 S 1400 W|WEST VALLEY CITY,11/1/2023,1,4.0
6656,UTAH CULTURAL CELEBRATION CENTER - KITCHEN|3100 S 1400 W|WEST VALLEY CITY,5/17/2022,1,9.0
6657,UTAH CULTURAL CELEBRATION CENTER - KITCHEN|3100 S 1400 W|WEST VALLEY CITY,4/22/2021,1,1.0
6658,UTAH CULTURAL CELEBRATION CENTER - KITCHEN|3100 S 1400 W|WEST VALLEY CITY,11/4/2019,1,9.0
6659,UTAH CULTURAL CELEBRATION CENTER - KITCHEN|3100 S 1400 W|WEST VALLEY CITY,6/12/2018,1,8.0
6660,UTAH CULTURAL CELEBRATION CENTER - KITCHEN|3100 S 1400 W|WEST VALLEY CITY,11/4/2014,1,7.0
6661,UTAH CULTURAL CELEBRATION CENTER - KITCHEN|3100 S 1400 W|WEST VALLEY CITY,10/17/2013,1,19.0
6662,UTAH CULTURAL CELEBRATION CENTER - KITCHEN|3100 S 1400 W|WEST VALLEY CITY,11/17/2010,1,13.0
6663,UTAH FOOD BANK|3150 S 900 W|SOUTH SALT LAKE,4/13/2026,1,3.0
6664,UTAH FOOD BANK|3150 S 900 W|SOUTH SALT LAKE,12/16/2025,1,10.0
6665,UTAH FOOD BANK|3150 S 900 W|SOUTH SALT LAKE,8/19/2025,1,2.0
6666,UTAH FOOD BANK|3150 S 900 W|SOUTH SALT LAKE,2/7/2025,1,7.0
6667,UTAH FOOD BANK|3150 S 900 W|SOUTH SALT LAKE,8/27/2024,1,0.0
6668,UTAH FOOD BANK|3150 S 900 W|SOUTH SALT LAKE,3/1/2024,1,6.0
6669,UTAH FOOD BANK|3150 S 900 W|SOUTH SALT LAKE,9/13/2023,1,0.0
6670,UTAH FOOD BANK|3150 S 900 W|SOUTH SALT LAKE,1/23/2023,1,6.0
6671,UTAH FOOD BANK|3150 S 900 W|SOUTH SALT LAKE,8/24/2022,1,0.0
6672,UTAH FOOD BANK|3150 S 900 W|SOUTH SALT LAKE,4/11/2022,1,0.0
6673,UTAH FOOD SERVICES @ ECCLES THEATER|131 MAIN ST|SALT LAKE CITY,6/29/2026,1,0.0
6674,UTAH FOOD SERVICES @ ECCLES THEATER|131 MAIN ST|SALT LAKE CITY,2/13/2025,1,0.0
6675,UTAH FOOD SERVICES @ ECCLES THEATER|131 MAIN ST|SALT LAKE CITY,10/26/2023,1,7.0
6676,UTAH FOOD SERVICES @ ECCLES THEATER|131 MAIN ST|SALT LAKE CITY,4/5/2022,1,8.0
6677,UTAH MEDICAL ASSOCIATION|6820 S 900 E|MIDVALE,2/19/2026,1,1.0
6678,UTAH MEDICAL ASSOCIATION|6820 S 900 E|MIDVALE,12/20/2024,1,4.0
6679,UTAH MUSEUM OF FINE ARTS|410 S CAMPUSCENTER DR|SALT LAKE CITY,3/5/2026,1,11.0
6680,UTAH MUSEUM OF FINE ARTS|410 S CAMPUSCENTER DR|SALT LAKE CITY,4/22/2025,1,1.0
6681,UTAH MUSEUM OF FINE ARTS|410 S CAMPUSCENTER DR|SALT LAKE CITY,5/2/2024,1,0.0
6682,UTAH MUSEUM OF FINE ARTS|410 S CAMPUSCENTER DR|SALT LAKE CITY,10/17/2023,1,9.0
6683,UTAH MUSEUM OF FINE ARTS|410 S CAMPUSCENTER DR|SALT LAKE CITY,4/25/2023,1,8.0
6684,UTAH MUSEUM OF FINE ARTS|410 S CAMPUSCENTER DR|SALT LAKE CITY,6/2/2022,1,9.0
6685,UTAH MUSEUM OF FINE ARTS|410 S CAMPUSCENTER DR|SALT LAKE CITY,11/18/2021,1,12.0
6686,UTAH MUSEUM OF FINE ARTS|410 S CAMPUSCENTER DR|SALT LAKE CITY,1/13/2020,1,3.0
6687,UTAH MUSEUM OF FINE ARTS|410 S CAMPUSCENTER DR|SALT LAKE CITY,3/20/2019,1,8.0
6688,UTAH MUSEUM OF FINE ARTS|410 S CAMPUSCENTER DR|SALT LAKE CITY,9/17/2018,1,2.0
6689,UTAH SCHOOLS FOR THE DEAF AND THE BLIND|1655 E 3300 S|MILLCREEK TS,3/31/2026,1,3.0
6690,UTAH SCHOOLS FOR THE DEAF AND THE BLIND|1655 E 3300 S|MILLCREEK TS,10/8/2025,1,7.0
6691,UTAH SCHOOLS FOR THE DEAF AND THE BLIND|1655 E 3300 S|MILLCREEK TS,4/17/2025,1,3.0
6692,UTAH SCHOOLS FOR THE DEAF AND THE BLIND|1655 E 3300 S|MILLCREEK TS,10/8/2024,1,18.0
6693,UTAH SCHOOLS FOR THE DEAF AND THE BLIND|1655 E 3300 S|MILLCREEK TS,4/24/2024,1,0.0
6694,UTAH SCHOOLS FOR THE DEAF AND THE BLIND|1655 E 3300 S|MILLCREEK TS,9/15/2023,1,15.0
6695,UTAH SCHOOLS FOR THE DEAF AND THE BLIND|1655 E 3300 S|MILLCREEK TS,4/1/2022,1,12.0
6696,UTAH SCHOOLS FOR THE DEAF AND THE BLIND|1655 E 3300 S|MILLCREEK TS,10/15/2019,1,0.0
6697,UTAH SCHOOLS FOR THE DEAF AND THE BLIND|1655 E 3300 S|MILLCREEK TS,4/22/2019,1,1.0
6698,UTAH SCHOOLS FOR THE DEAF AND THE BLIND|1655 E 3300 S|MILLCREEK TS,9/18/2018,1,0.0
6699,UTAH STADIUM CLUB/SUITE LEVEL KITCHEN|451 S 1400 E|SALT LAKE CITY,11/1/2025,1,8.0
6700,VALLEY BOWLING BAR|3951 W 5400 S|TAYLORSVILLE,6/30/2026,1,4.0
6701,VALLEY BOWLING BAR|3951 W 5400 S|TAYLORSVILLE,12/10/2025,1,9.0
6702,VALLEY BOWLING BAR|3951 W 5400 S|TAYLORSVILLE,5/29/2025,1,34.0
6703,VALLEY BOWLING BAR|3951 W 5400 S|TAYLORSVILLE,2/28/2025,2,30.0
6704,VALLEY REGIONAL PARK SOFTBALL COMPLEX|5100 S 2700 W|TAYLORSVILLE,6/30/2026,1,2.0
6705,VALLEY REGIONAL PARK SOFTBALL COMPLEX|5100 S 2700 W|TAYLORSVILLE,7/18/2024,1,14.0
6706,VESSEL KITCHEN|11052 S STATE ST|SANDY,4/21/2026,1,8.0
6707,VESSEL KITCHEN|11052 S STATE ST|SANDY,12/29/2025,1,5.0
6708,VESSEL KITCHEN|11052 S STATE ST|SANDY,8/28/2025,1,1.0
6709,VESSEL KITCHEN|11052 S STATE ST|SANDY,1/10/2025,1,6.0
6710,VESSEL KITCHEN|11052 S STATE ST|SANDY,10/17/2024,1,5.0
6711,VESSEL KITCHEN|11052 S STATE ST|SANDY,1/26/2024,1,12.0
6712,VESSEL KITCHEN|11052 S STATE ST|SANDY,9/1/2022,1,29.0
6713,VESSEL KITCHEN|11052 S STATE ST|SANDY,1/28/2022,1,12.0
6714,VESSEL KITCHEN|11052 S STATE ST|SANDY,9/30/2020,1,8.0
6715,VESSEL KITCHEN|11052 S STATE ST|SANDY,12/19/2019,1,0.0
6716,VESSEL KITCHEN|1146 E FORT UNION BLVD|MIDVALE,2/19/2026,1,13.0
6717,VESSEL KITCHEN|1146 E FORT UNION BLVD|MIDVALE,8/26/2025,2,6.0
6718,VESSEL KITCHEN|1146 E FORT UNION BLVD|MIDVALE,8/25/2025,1,48.0
6719,VESSEL KITCHEN|1146 E FORT UNION BLVD|MIDVALE,12/13/2024,1,18.0
6720,VESSEL KITCHEN|1146 E FORT UNION BLVD|MIDVALE,1/16/2024,1,40.0
6721,VESSEL KITCHEN|1146 E FORT UNION BLVD|MIDVALE,11/30/2022,1,27.0
6722,VESSEL KITCHEN|1146 E FORT UNION BLVD|MIDVALE,1/26/2022,1,38.0
6723,VESSEL KITCHEN|1146 E FORT UNION BLVD|MIDVALE,5/17/2021,1,13.0
6724,VESSEL KITCHEN|1146 E FORT UNION BLVD|MIDVALE,1/21/2020,1,18.0
6725,VESSEL KITCHEN|1146 E FORT UNION BLVD|MIDVALE,7/31/2019,1,31.0
6726,VESSEL KITCHEN DOG PATIO|905 E 900 S|SALT LAKE CITY,6/25/2025,1,0.0
6727,VESSEL KITCHEN DOG PATIO|905 E 900 S|SALT LAKE CITY,5/14/2024,1,0.0
6728,VESSEL KITCHEN DOG PATIO|905 E 900 S|SALT LAKE CITY,12/1/2023,1,0.0
6729,VESSEL KITCHEN DOG PATIO|905 E 900 S|SALT LAKE CITY,11/9/2022,1,0.0
6730,VESSEL KITCHEN DOG PATIO|905 E 900 S|SALT LAKE CITY,4/22/2021,1,0.0
6731,VIA 313|13322 S TREE SPARROW DR|RIVERTON,5/5/2026,1,12.0
6732,VIA 313|13322 S TREE SPARROW DR|RIVERTON,10/21/2025,1,33.0
6733,VIA 313|13322 S TREE SPARROW DR|RIVERTON,3/18/2025,1,10.0
6734,VIA 313|13322 S TREE SPARROW DR|RIVERTON,9/9/2024,1,28.0
6735,VIA 313|13322 S TREE SPARROW DR|RIVERTON,3/19/2024,1,16.0
6736,VIA 313|13322 S TREE SPARROW DR|RIVERTON,9/26/2023,1,25.0
6737,VIA 313 PIZZERIA|150 W 10600 S|SANDY,6/3/2026,1,11.0
6738,VIA 313 PIZZERIA|150 W 10600 S|SANDY,12/3/2025,1,19.0
6739,VIA 313 PIZZERIA|150 W 10600 S|SANDY,2/25/2025,1,7.0
6740,VIA 313 PIZZERIA|150 W 10600 S|SANDY,8/5/2024,1,8.0
6741,VIA 313 PIZZERIA|150 W 10600 S|SANDY,12/6/2023,1,34.0
6742,VIA 313 PIZZERIA|150 W 10600 S|SANDY,4/13/2023,2,3.0
6743,VIA 313 PIZZERIA|150 W 10600 S|SANDY,4/5/2023,1,56.0
6744,VIA 313 PIZZERIA|150 W 10600 S|SANDY,8/22/2022,1,22.0
6745,VILLAGE BAKER|11192 S AUTO MALL DR|SANDY,3/24/2026,1,12.0
6746,VILLAGE BAKER|11192 S AUTO MALL DR|SANDY,9/24/2025,1,6.0
6747,VILLAGE BAKER|11192 S AUTO MALL DR|SANDY,5/20/2025,2,0.0
6748,VILLAGE INN RESTAURANT|4834 W 3500 S|WEST VALLEY CITY,2/27/2026,1,14.0
6749,VILLAGE INN RESTAURANT|4834 W 3500 S|WEST VALLEY CITY,9/11/2025,1,16.0
6750,VILLAGE INN RESTAURANT|4834 W 3500 S|WEST VALLEY CITY,1/28/2025,1,64.0
6751,VILLAGE INN RESTAURANT|4834 W 3500 S|WEST VALLEY CITY,5/9/2024,1,21.0
6752,VILLAGE INN RESTAURANT|4834 W 3500 S|WEST VALLEY CITY,1/31/2023,1,37.0
6753,VILLAGE INN RESTAURANT|4834 W 3500 S|WEST VALLEY CITY,6/14/2022,1,26.0
6754,VILLAGE INN RESTAURANT|4834 W 3500 S|WEST VALLEY CITY,12/6/2021,1,16.0
6755,VILLAGE INN RESTAURANT|4834 W 3500 S|WEST VALLEY CITY,4/7/2021,2,1.0
6756,VOLUNTEERS OF AMERICA RECOVERY ON RDWD|1875 S REDWOOD RD|SALT LAKE CITY,12/30/2025,1,11.0
6757,VOLUNTEERS OF AMERICA RECOVERY ON RDWD|1875 S REDWOOD RD|SALT LAKE CITY,2/26/2025,1,19.0
6758,VOLUNTEERS OF AMERICA RECOVERY ON RDWD|1875 S REDWOOD RD|SALT LAKE CITY,10/30/2024,1,14.0
6759,VOLUNTEERS OF AMERICA RECOVERY ON RDWD|1875 S REDWOOD RD|SALT LAKE CITY,6/6/2024,1,24.0
6760,VOLUNTEERS OF AMERICA RECOVERY ON RDWD|1875 S REDWOOD RD|SALT LAKE CITY,2/22/2024,1,15.0
6761,VOLUNTEERS OF AMERICA RECOVERY ON RDWD|1875 S REDWOOD RD|SALT LAKE CITY,10/3/2023,1,20.0
6762,WALMART|3590 W SOUTH JORDAN PKWY|SOUTH JORDAN,12/15/2025,1,9.0
6763,WALMART|3590 W SOUTH JORDAN PKWY|SOUTH JORDAN,1/10/2025,1,7.0
6764,WALMART|3590 W SOUTH JORDAN PKWY|SOUTH JORDAN,3/8/2024,1,11.0
6765,WALMART|3590 W SOUTH JORDAN PKWY|SOUTH JORDAN,5/10/2023,1,4.0
6766,WALMART|3590 W SOUTH JORDAN PKWY|SOUTH JORDAN,6/28/2022,1,2.0
6767,WALMART|3590 W SOUTH JORDAN PKWY|SOUTH JORDAN,9/23/2021,1,4.0
6768,WALMART|3590 W SOUTH JORDAN PKWY|SOUTH JORDAN,9/30/2020,1,3.0
6769,WALMART|3590 W SOUTH JORDAN PKWY|SOUTH JORDAN,7/15/2019,1,7.0
6770,WALMART|3590 W SOUTH JORDAN PKWY|SOUTH JORDAN,10/23/2018,1,7.0
6771,WALMART|3590 W SOUTH JORDAN PKWY|SOUTH JORDAN,10/12/2017,1,28.0
6772,WALMART #4208|2705 E PARLEYS WY|SALT LAKE CITY,2/19/2026,1,4.0
6773,WALMART #4208|2705 E PARLEYS WY|SALT LAKE CITY,2/19/2025,1,8.0
6774,WALMART #4208|2705 E PARLEYS WY|SALT LAKE CITY,10/13/2022,1,8.0
6775,WALMART #4208|2705 E PARLEYS WY|SALT LAKE CITY,11/19/2021,1,6.0
6776,WALMART #4208|2705 E PARLEYS WY|SALT LAKE CITY,12/30/2019,1,3.0
6777,WALMART #4208|2705 E PARLEYS WY|SALT LAKE CITY,1/2/2019,1,2.0
6778,WALMART #4208|2705 E PARLEYS WY|SALT LAKE CITY,12/28/2017,1,8.0
6779,WALMART #4208|2705 E PARLEYS WY|SALT LAKE CITY,12/28/2016,1,2.0
6780,WALMART #4208|2705 E PARLEYS WY|SALT LAKE CITY,2/26/2016,1,11.0
6781,WALMART #4208|2705 E PARLEYS WY|SALT LAKE CITY,12/8/2014,1,2.0
6782,WALMART NEIGHBORHOOD MARKET|1202 W 12600 S|RIVERTON,11/17/2025,1,7.0
6783,WALMART NEIGHBORHOOD MARKET|1202 W 12600 S|RIVERTON,7/25/2024,1,3.0
6784,WALMART NEIGHBORHOOD MARKET|1202 W 12600 S|RIVERTON,11/6/2023,1,9.0
6785,WALMART NEIGHBORHOOD MARKET|1202 W 12600 S|RIVERTON,7/7/2022,1,4.0
6786,WALMART NEIGHBORHOOD MARKET|1202 W 12600 S|RIVERTON,10/19/2021,1,1.0
6787,WALMART NEIGHBORHOOD MARKET|1202 W 12600 S|RIVERTON,7/7/2020,1,0.0
6788,WALMART NEIGHBORHOOD MARKET|1202 W 12600 S|RIVERTON,6/27/2019,1,1.0
6789,WALMART NEIGHBORHOOD MARKET|1202 W 12600 S|RIVERTON,10/17/2018,7,0.0
6790,WALMART NEIGHBORHOOD MARKET|1202 W 12600 S|RIVERTON,10/12/2018,1,8.0
6791,WALMART NEIGHBORHOOD MARKET|1202 W 12600 S|RIVERTON,1/16/2018,1,7.0
6792,WALMART NEIGHBORHOOD MARKET|3555 S 8400 W|MAGNA TS,7/1/2025,1,1.0
6793,WALMART NEIGHBORHOOD MARKET|3555 S 8400 W|MAGNA TS,3/26/2024,1,3.0
6794,WALMART NEIGHBORHOOD MARKET|3555 S 8400 W|MAGNA TS,5/26/2022,1,13.0
6795,WALMART NEIGHBORHOOD MARKET|3555 S 8400 W|MAGNA TS,3/22/2021,1,2.0
6796,WALMART NEIGHBORHOOD MARKET|3555 S 8400 W|MAGNA TS,12/19/2019,1,10.0
6797,WALMART NEIGHBORHOOD MARKET|3555 S 8400 W|MAGNA TS,10/26/2018,1,7.0
6798,WALMART NEIGHBORHOOD MARKET|3555 S 8400 W|MAGNA TS,12/5/2017,1,4.0
6799,WALMART NEIGHBORHOOD MARKET|3555 S 8400 W|MAGNA TS,6/6/2016,1,1.0
6800,WALMART NEIGHBORHOOD MARKET|3555 S 8400 W|MAGNA TS,9/22/2014,1,14.0
6801,WALMART NEIGHBORHOOD MARKET #5110|1360 E DRAPER PKWY|DRAPER,5/12/2026,1,2.0
6802,WALMART NEIGHBORHOOD MARKET #5110|1360 E DRAPER PKWY|DRAPER,9/11/2024,1,2.0
6803,WALMART NEIGHBORHOOD MARKET #5110|1360 E DRAPER PKWY|DRAPER,12/11/2023,1,4.0
6804,WALMART NEIGHBORHOOD MARKET #5110|1360 E DRAPER PKWY|DRAPER,7/6/2022,1,3.0
6805,WALMART NEIGHBORHOOD MARKET #5110|1360 E DRAPER PKWY|DRAPER,10/6/2021,1,5.0
6806,WALMART NEIGHBORHOOD MARKET #5110|1360 E DRAPER PKWY|DRAPER,9/24/2020,1,9.0
6807,WALMART NEIGHBORHOOD MARKET #5110|1360 E DRAPER PKWY|DRAPER,7/10/2019,1,10.0
6808,WALMART NEIGHBORHOOD MARKET #5110|1360 E DRAPER PKWY|DRAPER,9/4/2018,1,3.0
6809,WALMART NEIGHBORHOOD MARKET #5110|1360 E DRAPER PKWY|DRAPER,12/8/2017,1,17.0
6810,WALMART NEIGHBORHOOD MARKET #5110|1360 E DRAPER PKWY|DRAPER,10/26/2016,1,12.0
6811,WALMART SUPERCENTER #5350|4627 S 900 E|MILLCREEK TS,6/25/2026,1,8.0
6812,WALMART SUPERCENTER #5350|4627 S 900 E|MILLCREEK TS,9/29/2025,1,15.0
6813,WALMART SUPERCENTER #5350|4627 S 900 E|MILLCREEK TS,1/13/2025,1,15.0
6814,WALMART SUPERCENTER #5350|4627 S 900 E|MILLCREEK TS,4/5/2024,1,21.0
6815,WALMART SUPERCENTER #5350|4627 S 900 E|MILLCREEK TS,7/21/2023,1,19.0
6816,WALMART SUPERCENTER #5350|4627 S 900 E|MILLCREEK TS,6/27/2022,1,8.0
6817,WALMART SUPERCENTER #5350|4627 S 900 E|MILLCREEK TS,5/17/2021,1,11.0
6818,WALMART SUPERCENTER #5350|4627 S 900 E|MILLCREEK TS,11/19/2019,1,20.0
6819,WALMART SUPERCENTER #5350|4627 S 900 E|MILLCREEK TS,11/15/2018,1,5.0
6820,WALMART SUPERCENTER #5350|4627 S 900 E|MILLCREEK TS,2/12/2018,1,20.0
6821,WALMART SUPERCENTER DELI #3568|3180 S 5600 W|WEST VALLEY CITY,5/13/2026,1,6.0
6822,WALMART SUPERCENTER DELI #3568|3180 S 5600 W|WEST VALLEY CITY,7/7/2025,1,3.0
6823,WALMART SUPERCENTER DELI #3568|3180 S 5600 W|WEST VALLEY CITY,6/7/2024,1,12.0
6824,WALMART SUPERCENTER DELI #3568|3180 S 5600 W|WEST VALLEY CITY,10/18/2022,1,10.0
6825,WALMART SUPERCENTER DELI #3568|3180 S 5600 W|WEST VALLEY CITY,12/9/2021,1,6.0
6826,WALMART SUPERCENTER DELI #3568|3180 S 5600 W|WEST VALLEY CITY,9/8/2020,1,6.0
6827,WALMART SUPERCENTER DELI #3568|3180 S 5600 W|WEST VALLEY CITY,8/16/2019,1,3.0
6828,WALMART SUPERCENTER DELI #3568|3180 S 5600 W|WEST VALLEY CITY,10/15/2018,1,5.0
6829,WALMART SUPERCENTER DELI #3568|3180 S 5600 W|WEST VALLEY CITY,1/31/2018,1,4.0
6830,WALMART SUPERCENTER DELI #3568|3180 S 5600 W|WEST VALLEY CITY,1/24/2017,1,7.0
6831,WALMART SUPERCENTER DELI #3620|13502 S HAMILTON VIEW RD|RIVERTON,11/3/2025,1,9.0
6832,WALMART SUPERCENTER DELI #3620|13502 S HAMILTON VIEW RD|RIVERTON,12/5/2024,1,8.0
6833,WALMART SUPERCENTER DELI #3620|13502 S HAMILTON VIEW RD|RIVERTON,3/7/2024,1,11.0
6834,WALMART SUPERCENTER DELI #3620|13502 S HAMILTON VIEW RD|RIVERTON,6/22/2023,1,12.0
6835,WALMART SUPERCENTER DELI #3620|13502 S HAMILTON VIEW RD|RIVERTON,5/23/2022,1,14.0
6836,WALMART SUPERCENTER DELI #3620|13502 S HAMILTON VIEW RD|RIVERTON,3/18/2021,1,4.0
6837,WALMART SUPERCENTER DELI #3620|13502 S HAMILTON VIEW RD|RIVERTON,7/29/2020,1,9.0
6838,WALMART SUPERCENTER DELI #3620|13502 S HAMILTON VIEW RD|RIVERTON,4/18/2019,1,16.0
6839,WALMART SUPERCENTER DELI #3620|13502 S HAMILTON VIEW RD|RIVERTON,7/19/2018,1,8.0
6840,WALMART SUPERCENTER DELI #3620|13502 S HAMILTON VIEW RD|RIVERTON,10/26/2017,1,8.0
6841,WASATCH BREW PUB SUGARHOUSE- DOG PATIO|2110 S HIGHLAND DR|SALT LAKE CITY,6/30/2025,1,0.0
6842,WASATCH BREW PUB SUGARHOUSE- DOG PATIO|2110 S HIGHLAND DR|SALT LAKE CITY,6/12/2024,1,1.0
6843,WASATCH BREW PUB SUGARHOUSE- DOG PATIO|2110 S HIGHLAND DR|SALT LAKE CITY,8/16/2022,1,0.0
6844,WASATCH BREW PUB SUGARHOUSE- DOG PATIO|2110 S HIGHLAND DR|SALT LAKE CITY,11/4/2019,1,0.0
6845,WASATCH COMMUNITY GARDENS|629 E 800 S|SALT LAKE CITY,2/12/2026,1,6.0
6846,WASATCH COMMUNITY GARDENS|629 E 800 S|SALT LAKE CITY,2/24/2025,1,0.0
6847,WASATCH COMMUNITY GARDENS|629 E 800 S|SALT LAKE CITY,6/1/2023,1,6.0
6848,WASATCH RECOVERY|8388 S WASATCH BLVD|COTTONWOOD HEIGHTS,7/7/2026,1,7.0
6849,WASATCH RECOVERY|8388 S WASATCH BLVD|COTTONWOOD HEIGHTS,7/15/2025,1,4.0
6850,WASATCH RECOVERY|8388 S WASATCH BLVD|COTTONWOOD HEIGHTS,7/25/2024,1,0.0
6851,WASATCH RECOVERY|8388 S WASATCH BLVD|COTTONWOOD HEIGHTS,8/15/2023,1,3.0
6852,WASATCH RECOVERY|8388 S WASATCH BLVD|COTTONWOOD HEIGHTS,6/8/2022,1,6.0
6853,WASATCH RECOVERY|8388 S WASATCH BLVD|COTTONWOOD HEIGHTS,8/13/2021,1,6.0
6854,WASATCH RECOVERY|8388 S WASATCH BLVD|COTTONWOOD HEIGHTS,1/24/2020,1,8.0
6855,WASATCH RECOVERY|8388 S WASATCH BLVD|COTTONWOOD HEIGHTS,4/11/2019,1,5.0
6856,WASATCH RECOVERY|8388 S WASATCH BLVD|COTTONWOOD HEIGHTS,7/17/2018,1,0.0
6857,WASATCH RECOVERY|8388 S WASATCH BLVD|COTTONWOOD HEIGHTS,12/20/2017,1,3.0
6858,WATERSHED DOG PATIO|7176 S 900 E|MIDVALE,1/20/2026,1,0.0
6859,WENDYS|13883 S REDWOOD RD|BLUFFDALE,6/26/2026,7,6.0
6860,WENDYS|13883 S REDWOOD RD|BLUFFDALE,5/26/2026,1,3.0
6861,WENDYS|13883 S REDWOOD RD|BLUFFDALE,3/21/2025,1,3.0
6862,WENDYS|13883 S REDWOOD RD|BLUFFDALE,7/23/2024,1,9.0
6863,WENDYS|13883 S REDWOOD RD|BLUFFDALE,10/12/2023,1,7.0
6864,WENDYS|13883 S REDWOOD RD|BLUFFDALE,1/5/2023,1,13.0
6865,WENDYS|13883 S REDWOOD RD|BLUFFDALE,6/21/2022,1,17.0
6866,WENDYS|11782 S TRAIL CROSSINGS|SOUTH JORDAN,6/8/2026,1,10.0
6867,WENDYS|11782 S TRAIL CROSSINGS|SOUTH JORDAN,1/27/2026,1,12.0
6868,WENDYS|11782 S TRAIL CROSSINGS|SOUTH JORDAN,9/30/2025,1,7.0
6869,WENDYS|11782 S TRAIL CROSSINGS|SOUTH JORDAN,1/15/2025,1,3.0
6870,WENDYS|11782 S TRAIL CROSSINGS|SOUTH JORDAN,9/9/2024,2,10.0
6871,WENDYS|11782 S TRAIL CROSSINGS|SOUTH JORDAN,8/26/2024,1,32.0
6872,WENDYS|147 E 13800 S|DRAPER,5/22/2026,1,5.0
6873,WENDYS|147 E 13800 S|DRAPER,4/18/2025,1,3.0
6874,WENDYS|147 E 13800 S|DRAPER,11/22/2024,1,5.0
6875,WENDYS|147 E 13800 S|DRAPER,7/10/2024,1,1.0
6876,WENDYS|7914 S 5600 W|WEST JORDAN,2/27/2026,1,3.0
6877,WENDYS|7914 S 5600 W|WEST JORDAN,7/31/2025,1,1.0
6878,WENDYS #6064|3490 S 8000 W|MAGNA,7/1/2026,1,6.0
6879,WENDYS #6064|3490 S 8000 W|MAGNA,2/27/2026,1,3.0
6880,WENDYS #6064|3490 S 8000 W|MAGNA,9/16/2025,7,9.0
6881,WENDYS #6064|3490 S 8000 W|MAGNA,9/10/2025,1,6.0
6882,WENDYS #6064|3490 S 8000 W|MAGNA,3/17/2025,1,2.0
6883,WENDYS #6064|3490 S 8000 W|MAGNA,12/9/2024,1,27.0
6884,WENDYS #6064|3490 S 8000 W|MAGNA,5/8/2024,1,24.0
6885,WENDYS #6064|3490 S 8000 W|MAGNA,4/15/2024,7,12.0
6886,WENDYS #6064|3490 S 8000 W|MAGNA,2/12/2024,1,17.0
6887,WENDYS #6064|3490 S 8000 W|MAGNA,11/20/2023,1,22.0
6888,WENDYS #6065|7035 S 900 E|MIDVALE,2/5/2026,1,2.0
6889,WENDYS #6065|7035 S 900 E|MIDVALE,5/5/2025,1,14.0
6890,WENDYS #6065|7035 S 900 E|MIDVALE,12/4/2023,1,3.0
6891,WENDYS #6065|7035 S 900 E|MIDVALE,12/13/2022,1,1.0
6892,WENDYS #6065|7035 S 900 E|MIDVALE,4/5/2022,1,22.0
6893,WENDYS #6066|5648 S 900 E|MURRAY,2/5/2026,1,1.0
6894,WENDYS #6066|5648 S 900 E|MURRAY,8/5/2025,1,0.0
6895,WENDYS #6066|5648 S 900 E|MURRAY,12/5/2024,1,10.0
6896,WENDYS #6066|5648 S 900 E|MURRAY,6/5/2024,1,13.0
6897,WENDYS #6066|5648 S 900 E|MURRAY,12/1/2023,1,4.0
6898,WENDYS #6066|5648 S 900 E|MURRAY,6/12/2023,1,3.0
6899,WENDYS #6066|5648 S 900 E|MURRAY,9/26/2022,1,8.0
6900,WENDYS #6066|5648 S 900 E|MURRAY,3/18/2022,1,1.0
6901,WENDYS #6066|5648 S 900 E|MURRAY,5/11/2021,2,0.0
6902,WENDYS #6078|1938 W 12600 S|RIVERTON,6/5/2026,1,1.0
6903,WENDYS #6078|1938 W 12600 S|RIVERTON,2/25/2025,1,18.0
6904,WENDYS #6078|1938 W 12600 S|RIVERTON,8/8/2024,1,6.0
6905,WENDYS #6078|1938 W 12600 S|RIVERTON,2/26/2024,1,10.0
6906,WENDYS #6078|1938 W 12600 S|RIVERTON,9/8/2023,1,2.0
6907,WENDYS #6078|1938 W 12600 S|RIVERTON,3/28/2023,1,3.0
6908,WENDYS #6078|1938 W 12600 S|RIVERTON,7/14/2022,1,10.0
6909,WENDYS #6078|1938 W 12600 S|RIVERTON,1/14/2022,1,12.0
6910,WENDYS #6081|562 E 400 S|SALT LAKE CITY,4/29/2026,1,6.0
6911,WENDYS #6081|562 E 400 S|SALT LAKE CITY,9/19/2025,1,10.0
6912,WENDYS #6081|562 E 400 S|SALT LAKE CITY,2/12/2025,1,8.0
6913,WENDYS #6081|562 E 400 S|SALT LAKE CITY,8/1/2024,1,3.0
6914,WENDYS #6081|562 E 400 S|SALT LAKE CITY,2/6/2024,1,18.0
6915,WENDYS #6081|562 E 400 S|SALT LAKE CITY,8/7/2023,1,8.0
6916,WENDYS #6081|562 E 400 S|SALT LAKE CITY,2/27/2023,1,8.0
6917,WENDYS #6081|562 E 400 S|SALT LAKE CITY,8/18/2022,1,22.0
6918,WENDYS #6081|562 E 400 S|SALT LAKE CITY,1/3/2022,2,0.0
6919,WENDYS #6081|562 E 400 S|SALT LAKE CITY,12/16/2021,1,22.0
6920,WENDYS #6082|2240 S 1300 E|SALT LAKE CITY,3/25/2026,1,9.0
6921,WENDYS #6082|2240 S 1300 E|SALT LAKE CITY,6/20/2025,1,3.0
6922,WENDYS #6082|2240 S 1300 E|SALT LAKE CITY,11/15/2024,1,11.0
6923,WENDYS #6082|2240 S 1300 E|SALT LAKE CITY,12/4/2023,1,7.0
6924,WENDYS #6082|2240 S 1300 E|SALT LAKE CITY,10/20/2022,2,1.0
6925,WENDYS #6082|2240 S 1300 E|SALT LAKE CITY,10/19/2022,1,21.0
6926,WENDYS #6082|2240 S 1300 E|SALT LAKE CITY,1/25/2022,1,13.0
6927,WENDYS #6088|3259 E 3300 S|SALT LAKE CITY,3/30/2026,1,3.0
6928,WENDYS #6088|3259 E 3300 S|SALT LAKE CITY,9/16/2025,1,2.0
6929,WENDYS #6088|3259 E 3300 S|SALT LAKE CITY,9/12/2024,1,22.0
6930,WENDYS #6088|3259 E 3300 S|SALT LAKE CITY,10/18/2022,1,6.0
6931,WENDYS #6088|3259 E 3300 S|SALT LAKE CITY,12/16/2021,1,13.0
6932,WENDYS #6088|3259 E 3300 S|SALT LAKE CITY,3/29/2021,2,6.0
6933,WENDYS #6089|1714 E 4500 S|MILLCREEK,1/7/2026,1,8.0
6934,WENDYS #6089|1714 E 4500 S|MILLCREEK,7/14/2025,1,2.0
6935,WENDYS #6089|1714 E 4500 S|MILLCREEK,2/6/2025,7,2.0
6936,WENDYS #6089|1714 E 4500 S|MILLCREEK,1/31/2025,1,16.0
6937,WENDYS #6089|1714 E 4500 S|MILLCREEK,2/27/2024,1,0.0
6938,WENDYS #6089|1714 E 4500 S|MILLCREEK,8/25/2023,1,12.0
6939,WENDYS #6089|1714 E 4500 S|MILLCREEK,11/16/2022,1,14.0
6940,WENDYS #6089|1714 E 4500 S|MILLCREEK,12/2/2021,1,21.0
6941,WENDYS #6092|10665 S AUTO MALL DR|SANDY,4/6/2026,1,7.0
6942,WENDYS #6092|10665 S AUTO MALL DR|SANDY,10/21/2025,1,9.0
6943,WENDYS #6092|10665 S AUTO MALL DR|SANDY,9/10/2025,7,12.0
6944,WENDYS #6092|10665 S AUTO MALL DR|SANDY,4/17/2025,1,11.0
6945,WENDYS #6092|10665 S AUTO MALL DR|SANDY,10/9/2024,1,6.0
6946,WENDYS #6092|10665 S AUTO MALL DR|SANDY,4/1/2024,1,5.0
6947,WENDYS #6092|10665 S AUTO MALL DR|SANDY,11/13/2023,7,6.0
6948,WENDYS #6092|10665 S AUTO MALL DR|SANDY,8/19/2022,1,36.0
6949,WENDYS #6092|10665 S AUTO MALL DR|SANDY,2/10/2022,1,10.0
6950,WENDYS #6092|10665 S AUTO MALL DR|SANDY,5/3/2021,2,0.0
6951,WENDYS #6093|2025 E 9400 S|SANDY,4/10/2026,1,9.0
6952,WENDYS #6093|2025 E 9400 S|SANDY,9/26/2025,1,1.0
6953,WENDYS #6093|2025 E 9400 S|SANDY,3/24/2025,1,15.0
6954,WENDYS #6093|2025 E 9400 S|SANDY,6/13/2024,1,6.0
6955,WENDYS #6093|2025 E 9400 S|SANDY,10/13/2023,1,4.0
6956,WENDYS #6093|2025 E 9400 S|SANDY,9/27/2022,1,3.0
6957,WENDYS #6093|2025 E 9400 S|SANDY,3/18/2022,1,21.0
6958,WENDYS #6093|2025 E 9400 S|SANDY,5/13/2021,2,1.0
6959,WENDYS #6097|4114 W 9000 S|WEST JORDAN,6/8/2026,7,6.0
6960,WENDYS #6097|4114 W 9000 S|WEST JORDAN,1/14/2026,1,3.0
6961,WENDYS #6097|4114 W 9000 S|WEST JORDAN,5/6/2025,1,1.0
6962,WENDYS #6097|4114 W 9000 S|WEST JORDAN,10/22/2024,1,2.0
6963,WENDYS #6097|4114 W 9000 S|WEST JORDAN,3/8/2024,1,1.0
6964,WENDYS #6097|4114 W 9000 S|WEST JORDAN,10/27/2023,1,20.0
6965,WENDYS #6097|4114 W 9000 S|WEST JORDAN,10/10/2022,1,5.0
6966,WENDYS #6097|4114 W 9000 S|WEST JORDAN,2/16/2022,1,8.0
6967,WENDYS #6097|4114 W 9000 S|WEST JORDAN,6/14/2021,1,14.0
6968,WENDYS #6098|6828 S REDWOOD RD|WEST JORDAN,6/30/2026,1,9.0
6969,WENDYS #6098|6828 S REDWOOD RD|WEST JORDAN,8/22/2025,1,28.0
6970,WENDYS #6098|6828 S REDWOOD RD|WEST JORDAN,12/16/2024,1,14.0
6971,WENDYS #6098|6828 S REDWOOD RD|WEST JORDAN,5/21/2024,1,37.0
6972,WENDYS #6098|6828 S REDWOOD RD|WEST JORDAN,10/2/2023,1,12.0
6973,WENDYS #6098|6828 S REDWOOD RD|WEST JORDAN,1/9/2023,1,1.0
6974,WENDYS #6098|6828 S REDWOOD RD|WEST JORDAN,1/19/2022,1,10.0
6975,WENDYS #6099|7729 S CAMPUS VIEW DR|WEST JORDAN,2/20/2026,1,6.0
6976,WENDYS #6099|7729 S CAMPUS VIEW DR|WEST JORDAN,7/7/2025,1,3.0
6977,WENDYS #6099|7729 S CAMPUS VIEW DR|WEST JORDAN,1/6/2025,1,1.0
6978,WENDYS #6099|7729 S CAMPUS VIEW DR|WEST JORDAN,4/30/2024,1,7.0
6979,WENDYS #6099|7729 S CAMPUS VIEW DR|WEST JORDAN,8/9/2023,1,3.0
6980,WENDYS #6099|7729 S CAMPUS VIEW DR|WEST JORDAN,1/11/2023,1,8.0
6981,WENDYS #6099|7729 S CAMPUS VIEW DR|WEST JORDAN,1/21/2022,1,11.0
6982,WENDYS #6100|3367 S 5600 W|WEST VALLEY CITY,7/6/2026,1,3.0
6983,WENDYS #6100|3367 S 5600 W|WEST VALLEY CITY,11/19/2025,1,3.0
6984,WENDYS #6100|3367 S 5600 W|WEST VALLEY CITY,2/26/2025,1,4.0
6985,WENDYS #6100|3367 S 5600 W|WEST VALLEY CITY,2/20/2024,1,11.0
6986,WENDYS #6100|3367 S 5600 W|WEST VALLEY CITY,8/12/2022,1,9.0
6987,WENDYS #6100|3367 S 5600 W|WEST VALLEY CITY,2/2/2022,1,33.0
6988,WENDYS #6100|3367 S 5600 W|WEST VALLEY CITY,8/18/2021,2,1.0
6989,WENDYS #6101|5673 W 6200 S|WEST VALLEY CITY,4/13/2026,1,7.0
6990,WENDYS #6101|5673 W 6200 S|WEST VALLEY CITY,9/23/2025,1,12.0
6991,WENDYS #6101|5673 W 6200 S|WEST VALLEY CITY,1/14/2025,1,2.0
6992,WENDYS #6101|5673 W 6200 S|WEST VALLEY CITY,4/30/2024,1,0.0
6993,WENDYS #6101|5673 W 6200 S|WEST VALLEY CITY,10/26/2023,1,2.0
6994,WENDYS #6101|5673 W 6200 S|WEST VALLEY CITY,3/1/2023,1,2.0
6995,WENDYS #6101|5673 W 6200 S|WEST VALLEY CITY,5/24/2022,1,4.0
6996,WENDYS #6101|5673 W 6200 S|WEST VALLEY CITY,4/1/2022,2,0.0
6997,WENDYS #6101|5673 W 6200 S|WEST VALLEY CITY,2/8/2022,2,1.0
6998,WENDYS #6101|5673 W 6200 S|WEST VALLEY CITY,11/16/2021,2,2.0
6999,WENDYS #6103|3988 W 5400 S|KEARNS,4/15/2026,1,11.0
7000,WENDYS #6103|3988 W 5400 S|KEARNS,10/8/2025,1,20.0
7001,WENDYS #6103|3988 W 5400 S|KEARNS,3/4/2025,1,2.0
7002,WENDYS #6103|3988 W 5400 S|KEARNS,8/6/2024,1,4.0
7003,WENDYS #6103|3988 W 5400 S|KEARNS,2/12/2024,1,0.0
7004,WENDYS #6103|3988 W 5400 S|KEARNS,8/10/2023,1,2.0
7005,WENDYS #6103|3988 W 5400 S|KEARNS,2/2/2023,1,13.0
7006,WENDYS #6103|3988 W 5400 S|KEARNS,1/19/2022,1,4.0
7007,WENDYS #6103|3988 W 5400 S|KEARNS,5/21/2021,1,1.0
7008,WENDYS #6105|11503 S 4000 W|SOUTH JORDAN,4/15/2026,1,11.0
7009,WENDYS #6105|11503 S 4000 W|SOUTH JORDAN,10/3/2025,1,5.0
7010,WENDYS #6105|11503 S 4000 W|SOUTH JORDAN,3/10/2025,1,14.0
7011,WENDYS #6105|11503 S 4000 W|SOUTH JORDAN,9/9/2024,1,5.0
7012,WENDYS #6105|11503 S 4000 W|SOUTH JORDAN,2/26/2024,1,23.0
7013,WENDYS #6105|11503 S 4000 W|SOUTH JORDAN,8/2/2023,1,18.0
7014,WENDYS #6105|11503 S 4000 W|SOUTH JORDAN,8/9/2022,1,8.0
7015,WENDYS #6105|11503 S 4000 W|SOUTH JORDAN,2/7/2022,1,4.0
7016,WENDYS #6105|11503 S 4000 W|SOUTH JORDAN,6/21/2021,1,29.0
7017,WEST HIGH SCHOOL PROSTART|241 N 300 W|SALT LAKE CITY,11/3/2025,1,1.0
7018,WEST HIGH SCHOOL PROSTART|241 N 300 W|SALT LAKE CITY,10/9/2024,1,4.0
7019,WEST HIGH SCHOOL PROSTART|241 N 300 W|SALT LAKE CITY,5/30/2023,1,15.0
7020,WEST HIGH SCHOOL PROSTART|241 N 300 W|SALT LAKE CITY,10/20/2021,1,13.0
7021,WEST HIGH SCHOOL PROSTART|241 N 300 W|SALT LAKE CITY,3/9/2020,1,3.0
7022,WEST HIGH SCHOOL PROSTART|241 N 300 W|SALT LAKE CITY,3/5/2019,1,9.0
7023,WEST HIGH SCHOOL PROSTART|241 N 300 W|SALT LAKE CITY,2/5/2018,1,17.0
7024,WEST HIGH SCHOOL PROSTART|241 N 300 W|SALT LAKE CITY,12/5/2016,1,0.0
7025,WEST HIGH SCHOOL PROSTART|241 N 300 W|SALT LAKE CITY,5/18/2015,1,9.0
7026,WEST HIGH SCHOOL PROSTART|241 N 300 W|SALT LAKE CITY,5/20/2014,1,8.0
7027,WEST JORDAN SENIOR CENTER|8025 S 2200 W|WEST JORDAN,6/8/2026,1,3.0
7028,WEST JORDAN SENIOR CENTER|8025 S 2200 W|WEST JORDAN,5/8/2025,1,3.0
7029,WEST JORDAN SENIOR CENTER|8025 S 2200 W|WEST JORDAN,3/19/2024,1,3.0
7030,WEST JORDAN SENIOR CENTER|8025 S 2200 W|WEST JORDAN,12/12/2022,1,1.0
7031,WEST JORDAN SENIOR CENTER|8025 S 2200 W|WEST JORDAN,12/7/2021,1,1.0
7032,WEST JORDAN SENIOR CENTER|8025 S 2200 W|WEST JORDAN,11/26/2019,1,1.0
7033,WEST JORDAN SENIOR CENTER|8025 S 2200 W|WEST JORDAN,11/20/2018,1,7.0
7034,WEST JORDAN SENIOR CENTER|8025 S 2200 W|WEST JORDAN,11/17/2017,1,1.0
7035,WEST JORDAN SENIOR CENTER|8025 S 2200 W|WEST JORDAN,10/21/2016,1,3.0
7036,WEST JORDAN SENIOR CENTER|8025 S 2200 W|WEST JORDAN,10/21/2015,1,1.0
7037,WEST VALLEY FITNESS - BASEBALL CONCESSION|5415 W 3100 S|WEST VALLEY CITY,8/7/2025,1,5.0
7038,WEST VALLEY FITNESS - BASEBALL CONCESSION|5415 W 3100 S|WEST VALLEY CITY,6/28/2024,1,4.0
7039,WEST VALLEY FITNESS - BASEBALL CONCESSION|5415 W 3100 S|WEST VALLEY CITY,6/6/2022,1,3.0
7040,WEST VALLEY FITNESS - BASEBALL CONCESSION|5415 W 3100 S|WEST VALLEY CITY,5/14/2021,1,11.0
7041,WEST VALLEY FITNESS - BASEBALL CONCESSION|5415 W 3100 S|WEST VALLEY CITY,9/11/2019,1,7.0
7042,WEST VALLEY FITNESS - BASEBALL CONCESSION|5415 W 3100 S|WEST VALLEY CITY,5/14/2018,1,14.0
7043,WEST VALLEY FITNESS - BASEBALL CONCESSION|5415 W 3100 S|WEST VALLEY CITY,7/12/2016,1,12.0
7044,WEST VALLEY FITNESS - BASEBALL CONCESSION|5415 W 3100 S|WEST VALLEY CITY,6/15/2015,1,18.0
7045,WEST VALLEY FITNESS - BASEBALL CONCESSION|5415 W 3100 S|WEST VALLEY CITY,6/27/2014,1,21.0
7046,WEST VALLEY FITNESS - BASEBALL CONCESSION|5415 W 3100 S|WEST VALLEY CITY,5/31/2013,1,7.0
7047,WEST VALLEY PERFORMING ARTS CENTER|3333 S DECKER LAKE DR|WEST VALLEY CITY,11/26/2025,1,4.0
7048,WEST VALLEY PERFORMING ARTS CENTER|3333 S DECKER LAKE DR|WEST VALLEY CITY,3/28/2025,2,4.0
7049,WETZELS PRETZELS/SCOOPS/CATERING|3180 S 5600 W|WEST VALLEY CITY,11/17/2025,1,7.0
7050,WETZELS PRETZELS/SCOOPS/CATERING|3180 S 5600 W|WEST VALLEY CITY,8/9/2024,1,19.0
7051,WHATS BRUIN|4600 S REDWOOOD RD|SALT LAKE CITY,6/8/2026,1,1.0
7052,WHATS BRUIN|4600 S REDWOOOD RD|SALT LAKE CITY,2/13/2025,1,7.0
7053,WHATS BRUIN|4600 S REDWOOOD RD|SALT LAKE CITY,1/10/2024,1,9.0
7054,WHATS BRUIN|4600 S REDWOOOD RD|SALT LAKE CITY,12/14/2022,1,9.0
7055,WHITE HORSE BAR & RESTAURANT|325 S MAIN ST|SALT LAKE CITY,1/8/2026,1,0.0
7056,WHITE HORSE BAR & RESTAURANT|325 S MAIN ST|SALT LAKE CITY,3/26/2025,1,32.0
7057,WHITE HORSE BAR & RESTAURANT|325 S MAIN ST|SALT LAKE CITY,11/19/2024,1,21.0
7058,WHITE HORSE BAR & RESTAURANT|325 S MAIN ST|SALT LAKE CITY,7/1/2024,1,15.0
7059,WHITE HORSE BAR & RESTAURANT|325 S MAIN ST|SALT LAKE CITY,3/28/2024,1,27.0
7060,WHITE HORSE BAR & RESTAURANT|325 S MAIN ST|SALT LAKE CITY,10/26/2023,1,33.0
7061,WHITE HORSE BAR & RESTAURANT|325 S MAIN ST|SALT LAKE CITY,6/23/2023,7,21.0
7062,WHITE HORSE BAR & RESTAURANT|325 S MAIN ST|SALT LAKE CITY,5/1/2023,1,24.0
7063,WHITE HORSE BAR & RESTAURANT|325 S MAIN ST|SALT LAKE CITY,2/9/2023,1,34.0
7064,WHITE HORSE BAR & RESTAURANT|325 S MAIN ST|SALT LAKE CITY,2/15/2022,1,29.0
7065,WHOLE FOODS MARKET|1131 E WILMINGTON AVE|SALT LAKE CITY,1/20/2026,1,10.0
7066,WHOLE FOODS MARKET|1131 E WILMINGTON AVE|SALT LAKE CITY,3/18/2025,1,7.0
7067,WHOLE FOODS MARKET|1131 E WILMINGTON AVE|SALT LAKE CITY,7/16/2024,1,13.0
7068,WHOLE FOODS MARKET|1131 E WILMINGTON AVE|SALT LAKE CITY,12/18/2023,1,9.0
7069,WHOLE FOODS MARKET|1131 E WILMINGTON AVE|SALT LAKE CITY,6/27/2023,1,7.0
7070,WHOLE FOODS MARKET|1131 E WILMINGTON AVE|SALT LAKE CITY,1/24/2022,1,4.0
7071,WHOLE FOODS MARKET|1131 E WILMINGTON AVE|SALT LAKE CITY,10/27/2020,1,1.0
7072,WHOLE FOODS MARKET|1131 E WILMINGTON AVE|SALT LAKE CITY,10/18/2019,1,18.0
7073,WHOLE FOODS MARKET|1131 E WILMINGTON AVE|SALT LAKE CITY,12/18/2018,1,6.0
7074,WHOLE FOODS MARKET|1131 E WILMINGTON AVE|SALT LAKE CITY,6/4/2018,1,27.0
7075,WHOLE FOODS MARKET|544 S 700 E|SALT LAKE CITY,7/15/2026,1,6.0
7076,WHOLE FOODS MARKET|544 S 700 E|SALT LAKE CITY,2/10/2026,1,10.0
7077,WHOLE FOODS MARKET|544 S 700 E|SALT LAKE CITY,5/19/2025,1,13.0
7078,WHOLE FOODS MARKET|544 S 700 E|SALT LAKE CITY,1/27/2025,1,10.0
7079,WHOLE FOODS MARKET|544 S 700 E|SALT LAKE CITY,10/2/2023,1,3.0
7080,WHOLE FOODS MARKET|544 S 700 E|SALT LAKE CITY,3/22/2023,1,8.0
7081,WHOLE FOODS MARKET|544 S 700 E|SALT LAKE CITY,6/8/2022,1,11.0
7082,WHOLE FOODS MARKET|544 S 700 E|SALT LAKE CITY,12/6/2021,1,9.0
7083,WHOLE FOODS MARKET|544 S 700 E|SALT LAKE CITY,3/24/2021,1,3.0
7084,WHOLE FOODS MARKET|544 S 700 E|SALT LAKE CITY,1/16/2020,1,3.0
7085,WILDSIDE BOWLS|12243 S DRAPER GATE DR|DRAPER,7/9/2026,1,4.0
7086,WILDSIDE BOWLS|12243 S DRAPER GATE DR|DRAPER,1/22/2025,1,12.0
7087,WILDSIDE BOWLS|12243 S DRAPER GATE DR|DRAPER,1/25/2024,1,1.0
7088,WILDSIDE BOWLS|12243 S DRAPER GATE DR|DRAPER,5/2/2022,1,16.0
7089,WILDSIDE BOWLS|12243 S DRAPER GATE DR|DRAPER,4/5/2021,1,0.0
7090,WILLOW CREEK COUNTRY CLUB LOCKER ROOM LOUNGE|8505 S WILLOW CREEK DR|SANDY,7/31/2025,1,1.0
7091,WILLOW CREEK COUNTRY CLUB LOCKER ROOM LOUNGE|8505 S WILLOW CREEK DR|SANDY,8/1/2024,1,0.0
7092,WILLOW CREEK COUNTRY CLUB LOCKER ROOM LOUNGE|8505 S WILLOW CREEK DR|SANDY,7/27/2023,1,1.0
7093,WILLOW CREEK COUNTRY CLUB LOCKER ROOM LOUNGE|8505 S WILLOW CREEK DR|SANDY,7/27/2021,1,4.0
7094,WILLOW CREEK COUNTRY CLUB LOCKER ROOM LOUNGE|8505 S WILLOW CREEK DR|SANDY,4/17/2019,1,4.0
7095,WILLOW CREEK COUNTRY CLUB LOCKER ROOM LOUNGE|8505 S WILLOW CREEK DR|SANDY,1/16/2018,1,9.0
7096,WINCO|11969 S CARLSBAD WY|HERRIMAN,7/9/2026,1,11.0
7097,WINCO|11969 S CARLSBAD WY|HERRIMAN,2/4/2026,1,20.0
7098,WINCO|11969 S CARLSBAD WY|HERRIMAN,10/6/2025,1,12.0
7099,WINCO|11969 S CARLSBAD WY|HERRIMAN,2/10/2025,1,15.0
7100,WINCO|11969 S CARLSBAD WY|HERRIMAN,10/15/2024,1,16.0
7101,WINCO|11969 S CARLSBAD WY|HERRIMAN,6/27/2024,1,3.0
7102,WINCO|11969 S CARLSBAD WY|HERRIMAN,3/5/2024,1,7.0
7103,WINCO|11969 S CARLSBAD WY|HERRIMAN,11/21/2023,1,2.0
7104,WINCO|11969 S CARLSBAD WY|HERRIMAN,9/7/2023,2,0.0
7105,WINCO|11969 S CARLSBAD WY|HERRIMAN,8/16/2023,1,4.0
7106,WINCO FOODS #73|7020 S 700 W|MIDVALE,8/8/2025,1,12.0
7107,WINCO FOODS #73|7020 S 700 W|MIDVALE,10/11/2024,1,14.0
7108,WINCO FOODS #73|7020 S 700 W|MIDVALE,9/11/2023,1,6.0
7109,WINCO FOODS #73|7020 S 700 W|MIDVALE,11/14/2022,1,3.0
7110,WINCO FOODS #73|7020 S 700 W|MIDVALE,10/28/2021,1,11.0
7111,WINCO FOODS #73|7020 S 700 W|MIDVALE,9/25/2020,1,0.0
7112,WINCO FOODS #73|7020 S 700 W|MIDVALE,10/15/2019,1,4.0
7113,WINCO FOODS #73|7020 S 700 W|MIDVALE,3/21/2019,1,16.0
7114,WINCO FOODS #73|7020 S 700 W|MIDVALE,9/17/2018,1,8.0
7115,WINCO FOODS #73|7020 S 700 W|MIDVALE,3/13/2018,1,16.0
7116,WINCO FOODS #75|2572 S 5600 W|WEST VALLEY CITY,10/16/2025,1,5.0
7117,WINCO FOODS #75|2572 S 5600 W|WEST VALLEY CITY,9/30/2024,1,10.0
7118,WINCO FOODS #75|2572 S 5600 W|WEST VALLEY CITY,3/8/2023,1,14.0
7119,WINCO FOODS #75|2572 S 5600 W|WEST VALLEY CITY,6/17/2022,1,15.0
7120,WINCO FOODS #75|2572 S 5600 W|WEST VALLEY CITY,8/2/2021,1,12.0
7121,WINCO FOODS #75|2572 S 5600 W|WEST VALLEY CITY,12/27/2019,1,16.0
7122,WINCO FOODS #75|2572 S 5600 W|WEST VALLEY CITY,3/11/2019,1,4.0
7123,WINCO FOODS #75|2572 S 5600 W|WEST VALLEY CITY,6/25/2018,1,4.0
7124,WINCO FOODS #75|2572 S 5600 W|WEST VALLEY CITY,9/26/2017,1,4.0
7125,WINCO FOODS #75|2572 S 5600 W|WEST VALLEY CITY,2/17/2017,7,0.0
7126,WINGS ON WHEELS @ SPICE KITCHEN|751 W 800 S|SALT LAKE CITY,9/17/2025,1,0.0
7127,WINGS ON WHEELS @ SPICE KITCHEN|751 W 800 S|SALT LAKE CITY,1/23/2024,1,0.0
7128,WINGS ON WHEELS @ SPICE KITCHEN|751 W 800 S|SALT LAKE CITY,2/6/2020,1,6.0
7129,WINGS ON WHEELS @ SPICE KITCHEN|751 W 800 S|SALT LAKE CITY,8/9/2018,1,7.0
7130,WINGS ON WHEELS @ SPICE KITCHEN|751 W 800 S|SALT LAKE CITY,2/1/2017,1,7.0
7131,WINGSTOP|2900 S 5600 W|WEST VALLEY CITY,3/11/2026,1,1.0
7132,WINGSTOP|2900 S 5600 W|WEST VALLEY CITY,8/20/2025,1,3.0
7133,WINGSTOP|2900 S 5600 W|WEST VALLEY CITY,10/23/2024,1,3.0
7134,WINGSTOP|2900 S 5600 W|WEST VALLEY CITY,8/22/2023,1,9.0
7135,WINGSTOP|2900 S 5600 W|WEST VALLEY CITY,6/6/2022,1,1.0
7136,WINGSTOP|2900 S 5600 W|WEST VALLEY CITY,8/25/2021,1,3.0
7137,WINGSTOP|2900 S 5600 W|WEST VALLEY CITY,1/9/2020,1,1.0
7138,WINGSTOP|2900 S 5600 W|WEST VALLEY CITY,8/7/2019,1,7.0
7139,WINGSTOP|3292 S 1300 E|SALT LAKE CITY,7/15/2026,1,3.0
7140,WINGSTOP|3292 S 1300 E|SALT LAKE CITY,9/16/2025,1,13.0
7141,WINGSTOP|3292 S 1300 E|SALT LAKE CITY,8/1/2024,1,2.0
7142,WINGSTOP|3292 S 1300 E|SALT LAKE CITY,8/25/2023,1,2.0
7143,WINGSTOP|3292 S 1300 E|SALT LAKE CITY,6/24/2022,1,4.0
7144,WINGSTOP|7176 S UNION PARK AVE|MIDVALE,12/1/2025,1,1.0
7145,WINGSTOP|7176 S UNION PARK AVE|MIDVALE,1/2/2025,1,11.0
7146,WINGSTOP|7176 S UNION PARK AVE|MIDVALE,11/20/2023,1,12.0
7147,WINGSTOP|7176 S UNION PARK AVE|MIDVALE,12/15/2022,1,2.0
7148,WINGSTOP|7176 S UNION PARK AVE|MIDVALE,1/20/2022,1,9.0
7149,WINGSTOP|5639 W 7800 S|WEST JORDAN,2/6/2026,1,4.0
7150,WINGSTOP|5639 W 7800 S|WEST JORDAN,4/1/2025,1,5.0
7151,WINGSTOP|5454 W DAYBREAK PKWY|SOUTH JORDAN,7/7/2026,1,2.0
7152,WINGSTOP|5454 W DAYBREAK PKWY|SOUTH JORDAN,9/30/2025,1,7.0
7153,WINGSTOP #081|1826 W 9000 S|WEST JORDAN,1/21/2026,1,3.0
7154,WINGSTOP #081|1826 W 9000 S|WEST JORDAN,5/8/2025,1,3.0
7155,WINGSTOP #081|1826 W 9000 S|WEST JORDAN,7/30/2024,1,7.0
7156,WINGSTOP #081|1826 W 9000 S|WEST JORDAN,10/27/2023,1,14.0
7157,WINGSTOP #081|1826 W 9000 S|WEST JORDAN,8/29/2022,1,7.0
7158,WINGSTOP #081|1826 W 9000 S|WEST JORDAN,6/21/2021,1,12.0
7159,WINGSTOP #081|1826 W 9000 S|WEST JORDAN,9/9/2020,1,8.0
7160,WINGSTOP #081|1826 W 9000 S|WEST JORDAN,11/5/2019,1,4.0
7161,WINGSTOP #081|1826 W 9000 S|WEST JORDAN,5/7/2019,1,2.0
7162,WINGSTOP #081|1826 W 9000 S|WEST JORDAN,11/7/2018,1,11.0
7163,WINGSTOP 082|5650 S REDWOOD RD|TAYLORSVILLE,6/29/2026,1,8.0
7164,WINGSTOP 082|5650 S REDWOOD RD|TAYLORSVILLE,11/19/2025,1,14.0
7165,WINGSTOP 082|5650 S REDWOOD RD|TAYLORSVILLE,12/9/2024,1,12.0
7166,WINGSTOP 082|5650 S REDWOOD RD|TAYLORSVILLE,6/11/2024,1,26.0
7167,WINGSTOP 082|5650 S REDWOOD RD|TAYLORSVILLE,12/21/2023,1,12.0
7168,WINGSTOP 082|5650 S REDWOOD RD|TAYLORSVILLE,4/13/2023,1,5.0
7169,WINGSTOP 082|5650 S REDWOOD RD|TAYLORSVILLE,10/6/2022,1,0.0
7170,WINGSTOP 082|5650 S REDWOOD RD|TAYLORSVILLE,2/4/2022,1,31.0
7171,WINGSTOP 082|5650 S REDWOOD RD|TAYLORSVILLE,8/24/2020,1,1.0
7172,WINGSTOP 082|5650 S REDWOOD RD|TAYLORSVILLE,12/18/2019,1,8.0
7173,WOODYS DRIVE IN|6172 S 1300 E|MURRAY,4/3/2026,1,0.0
7174,WOODYS DRIVE IN|6172 S 1300 E|MURRAY,2/24/2025,1,7.0
7175,WOODYS DRIVE IN|6172 S 1300 E|MURRAY,8/19/2024,1,16.0
7176,WOODYS DRIVE IN|6172 S 1300 E|MURRAY,11/1/2023,1,35.0
7177,WOODYS DRIVE IN|6172 S 1300 E|MURRAY,4/13/2023,1,53.0
7178,WOODYS DRIVE IN|6172 S 1300 E|MURRAY,9/9/2022,1,17.0
7179,WOODYS DRIVE IN|6172 S 1300 E|MURRAY,3/16/2022,1,23.0
7180,WOODYS DRIVE IN|6172 S 1300 E|MURRAY,8/4/2020,1,28.0
7181,WOODYS DRIVE IN|6172 S 1300 E|MURRAY,8/13/2019,1,30.0
7182,WOODYS DRIVE IN|6172 S 1300 E|MURRAY,10/15/2018,2,21.0
7183,XIAO BAO BAO|416 E 900 S|SALT LAKE CITY,1/29/2026,1,6.0
7184,XIMBO 28|422 W 600 N|SALT LAKE CITY,4/8/2026,1,0.0
7185,YAMILA EVENT CENTER|916 S MAIN ST|SALT LAKE CITY,3/5/2026,1,0.0
7186,YANNIS GREEK EXPRESS|2761 S HIGHLAND DR|SALT LAKE CITY,3/3/2026,1,12.0
7187,YANNIS GREEK EXPRESS|2761 S HIGHLAND DR|SALT LAKE CITY,2/20/2025,2,18.0
7188,YANNIS GREEK EXPRESS|2761 S HIGHLAND DR|SALT LAKE CITY,2/5/2025,1,89.0
7189,YANNIS GREEK EXPRESS|2761 S HIGHLAND DR|SALT LAKE CITY,2/14/2024,1,80.0
7190,YANNIS GREEK EXPRESS|2761 S HIGHLAND DR|SALT LAKE CITY,8/29/2022,1,21.0
7191,YANNIS GREEK EXPRESS|2761 S HIGHLAND DR|SALT LAKE CITY,2/24/2021,1,35.0
7192,YANNIS GREEK EXPRESS|2761 S HIGHLAND DR|SALT LAKE CITY,1/15/2020,1,61.0
7193,YANNIS GREEK EXPRESS|2761 S HIGHLAND DR|SALT LAKE CITY,3/8/2019,1,35.0
7194,YANNIS GREEK EXPRESS|2761 S HIGHLAND DR|SALT LAKE CITY,8/28/2018,1,32.0
7195,YANNIS GREEK EXPRESS|2761 S HIGHLAND DR|SALT LAKE CITY,9/20/2017,1,59.0
7196,YOSHIS JAPANESE GRILL #YOSHIS1|3232 S 400 E|SOUTH SALT LAKE,10/15/2025,1,5.0
7197,YOSHIS JAPANESE GRILL #YOSHIS1|3232 S 400 E|SOUTH SALT LAKE,7/2/2024,1,6.0
7198,YOSHIS JAPANESE GRILL #YOSHIS1|3232 S 400 E|SOUTH SALT LAKE,6/3/2023,1,9.0
7199,YOSHIS JAPANESE GRILL #YOSHIS1|3232 S 400 E|SOUTH SALT LAKE,7/16/2022,1,7.0
7200,YOSHIS JAPANESE GRILL #YOSHIS1|3232 S 400 E|SOUTH SALT LAKE,4/29/2021,1,0.0
7201,YOSHIS JAPANESE GRILL #YOSHIS1|3232 S 400 E|SOUTH SALT LAKE,2/18/2021,1,0.0
7202,YOSHIS JAPANESE GRILL #YOSHIS1|3232 S 400 E|SOUTH SALT LAKE,8/27/2019,7,1.0
7203,YOSHIS JAPANESE GRILL #YOSHIS1|3232 S 400 E|SOUTH SALT LAKE,7/4/2019,1,1.0
7204,YOSHIS JAPANESE GRILL #YOSHIS1|3232 S 400 E|SOUTH SALT LAKE,1/24/2019,1,3.0
7205,YOSHIS JAPANESE GRILL #YOSHIS1|3232 S 400 E|SOUTH SALT LAKE,8/1/2018,1,2.0
7206,YOSHIS JAPANESE GRILL @ RICE ECCLES|451 S 1400 E|SALT LAKE CITY,11/1/2025,1,7.0
7207,YOSHIS JAPANESE GRILL @ RICE ECCLES|451 S 1400 E|SALT LAKE CITY,8/29/2024,1,10.0
7208,YOSHIS JAPANESE GRILL @ RICE ECCLES|451 S 1400 E|SALT LAKE CITY,8/29/2024,1,9.0
7209,YOSHIS JAPANESE GRILL @ RICE ECCLES|451 S 1400 E|SALT LAKE CITY,10/1/2022,1,1.0
7210,YOSHIS JAPANESE GRILL @ RICE ECCLES|451 S 1400 E|SALT LAKE CITY,7/17/2021,1,39.0
7211,YOSHIS RESTAURANT|5692 S 900 E|MURRAY,3/5/2026,2,6.0
7212,YOSHIS RESTAURANT|5692 S 900 E|MURRAY,3/2/2026,1,8.0
7213,YOSHIS RESTAURANT|5692 S 900 E|MURRAY,11/6/2025,1,11.0
7214,YOSHIS RESTAURANT|5692 S 900 E|MURRAY,4/29/2025,1,31.0
7215,YOSHIS RESTAURANT|5692 S 900 E|MURRAY,12/13/2024,1,18.0
7216,YOSHIS RESTAURANT|5692 S 900 E|MURRAY,8/15/2024,1,27.0
7217,YOSHIS RESTAURANT|5692 S 900 E|MURRAY,4/25/2024,1,37.0
7218,YOSHIS RESTAURANT|5692 S 900 E|MURRAY,12/14/2023,1,20.0
7219,YOSHIS RESTAURANT|5692 S 900 E|MURRAY,8/14/2023,1,13.0
7220,YOSHIS RESTAURANT|5692 S 900 E|MURRAY,2/21/2023,1,5.0
7221,ZAATER AND ZAYTON|751 W 800 S|SALT LAKE CITY,9/18/2025,1,0.0
7222,ZAATER AND ZAYTON|751 W 800 S|SALT LAKE CITY,2/29/2024,1,0.0
7223,ZAATER AND ZAYTON|751 W 800 S|SALT LAKE CITY,1/27/2022,1,15.0
7224,ZAATER AND ZAYTON|751 W 800 S|SALT LAKE CITY,6/20/2018,1,3.0
7225,ZAO 1 FOURTH SOUTH|6969 S 1300 E|COTTONWOOD HEIGHTS,1/15/2026,1,1.0
7226,ZAO 1 FOURTH SOUTH|6969 S 1300 E|COTTONWOOD HEIGHTS,5/27/2025,1,9.0
7227,ZAO 1 FOURTH SOUTH|6969 S 1300 E|COTTONWOOD HEIGHTS,5/21/2024,1,8.0
7228,ZAO 1 FOURTH SOUTH|6969 S 1300 E|COTTONWOOD HEIGHTS,10/23/2023,1,4.0
7229,ZAO 1 FOURTH SOUTH|6969 S 1300 E|COTTONWOOD HEIGHTS,12/5/2022,1,9.0
7230,ZAO 1 FOURTH SOUTH|6969 S 1300 E|COTTONWOOD HEIGHTS,5/25/2022,1,27.0
7231,ZAO 1 FOURTH SOUTH|6969 S 1300 E|COTTONWOOD HEIGHTS,6/28/2021,1,23.0
7232,ZAO 1 FOURTH SOUTH|6969 S 1300 E|COTTONWOOD HEIGHTS,1/8/2020,1,17.0
7233,ZAO 1 FOURTH SOUTH|6969 S 1300 E|COTTONWOOD HEIGHTS,4/9/2019,1,26.0
7234,ZAO 1 FOURTH SOUTH|6969 S 1300 E|COTTONWOOD HEIGHTS,9/18/2018,1,10.0
7235,ZAO 1 FOUTH SOUTH|639 E 400 S|SALT LAKE CITY,12/18/2025,1,7.0
7236,ZAO 1 FOUTH SOUTH|639 E 400 S|SALT LAKE CITY,5/29/2025,1,15.0
7237,ZAO 1 FOUTH SOUTH|639 E 400 S|SALT LAKE CITY,7/18/2024,1,9.0
7238,ZAO 1 FOUTH SOUTH|639 E 400 S|SALT LAKE CITY,2/8/2024,7,0.0
7239,ZAO 1 FOUTH SOUTH|639 E 400 S|SALT LAKE CITY,1/10/2024,1,2.0
7240,ZAO 1 FOUTH SOUTH|639 E 400 S|SALT LAKE CITY,11/27/2023,7,0.0
7241,ZAO 1 FOUTH SOUTH|639 E 400 S|SALT LAKE CITY,7/10/2023,1,4.0
7242,ZAO 1 FOUTH SOUTH|639 E 400 S|SALT LAKE CITY,1/11/2023,1,1.0
7243,ZAO 1 FOUTH SOUTH|639 E 400 S|SALT LAKE CITY,6/21/2022,1,16.0
7244,ZAO 1 FOUTH SOUTH|639 E 400 S|SALT LAKE CITY,11/10/2021,1,14.0
7245,ZAO ASIAN CAFE|11486 S DISTRICT MAIN DR|SOUTH JORDAN,6/3/2026,1,12.0
7246,ZAO ASIAN CAFE|11486 S DISTRICT MAIN DR|SOUTH JORDAN,10/1/2025,1,15.0
7247,ZAO ASIAN CAFE|11486 S DISTRICT MAIN DR|SOUTH JORDAN,3/5/2025,1,19.0
7248,ZAO ASIAN CAFE|11486 S DISTRICT MAIN DR|SOUTH JORDAN,8/30/2024,1,22.0
7249,ZAO ASIAN CAFE|11486 S DISTRICT MAIN DR|SOUTH JORDAN,2/20/2024,1,38.0
7250,ZAO ASIAN CAFE|11486 S DISTRICT MAIN DR|SOUTH JORDAN,8/15/2023,1,10.0
7251,ZAO ASIAN CAFE|11486 S DISTRICT MAIN DR|SOUTH JORDAN,2/27/2023,1,19.0
7252,ZAO ASIAN CAFE|11486 S DISTRICT MAIN DR|SOUTH JORDAN,6/8/2022,1,7.0
7253,ZAO ASIAN CAFE|11486 S DISTRICT MAIN DR|SOUTH JORDAN,11/29/2021,1,21.0
7254,ZAO ASIAN CAFE|11486 S DISTRICT MAIN DR|SOUTH JORDAN,5/12/2021,1,17.0
7255,ZAO ASIAN CAFE|11160 S AUTOMALL DR|SANDY,6/4/2026,1,4.0
7256,ZAO ASIAN CAFE|11160 S AUTOMALL DR|SANDY,12/2/2025,1,3.0
7257,ZAO ASIAN CAFE|11160 S AUTOMALL DR|SANDY,2/26/2025,1,4.0
7258,ZAO ASIAN CAFE|11160 S AUTOMALL DR|SANDY,8/8/2024,1,10.0
7259,ZAO ASIAN CAFE|11160 S AUTOMALL DR|SANDY,8/9/2023,1,8.0
7260,ZAO ASIAN CAFE|11160 S AUTOMALL DR|SANDY,7/7/2022,2,0.0
7261,ZAO ASIAN CAFE|11160 S AUTOMALL DR|SANDY,7/6/2022,1,12.0
7262,ZAO ASIAN CAFE|11160 S AUTOMALL DR|SANDY,9/29/2021,1,12.0
7263,ZAO ASIAN CAFE|11160 S AUTOMALL DR|SANDY,7/17/2020,1,8.0
7264,ZAO ASIAN CAFE|2227 S HIGHLAND DR|SALT LAKE CITY,6/1/2026,1,8.0
7265,ZAO ASIAN CAFE|2227 S HIGHLAND DR|SALT LAKE CITY,10/21/2025,1,19.0
7266,ZAO ASIAN CAFE|2227 S HIGHLAND DR|SALT LAKE CITY,7/15/2024,1,9.0
7267,ZAO ASIAN CAFE|2227 S HIGHLAND DR|SALT LAKE CITY,10/26/2023,1,21.0
7268,ZAO ASIAN CAFE|2227 S HIGHLAND DR|SALT LAKE CITY,1/25/2022,1,12.0
7269,ZAO ASIAN CAFE|2227 S HIGHLAND DR|SALT LAKE CITY,11/26/2019,1,23.0
7270,ZAO ASIAN CAFE|2227 S HIGHLAND DR|SALT LAKE CITY,5/30/2019,1,3.0
7271,ZAO ASIAN CAFE|2227 S HIGHLAND DR|SALT LAKE CITY,10/30/2018,1,16.0
7272,ZAO ASIAN CAFE|2227 S HIGHLAND DR|SALT LAKE CITY,4/17/2018,1,11.0
7273,ZAO ASIAN CAFE|2227 S HIGHLAND DR|SALT LAKE CITY,10/30/2017,1,1.0
7274,ZAO ASIAN CAFE|4531 W PARTRIDGE HILL LN|RIVERTON,4/22/2026,1,6.0
7275,ZAO ASIAN CAFE|4531 W PARTRIDGE HILL LN|RIVERTON,10/23/2025,1,7.0
7276,ZAO ASIAN CAFE|4531 W PARTRIDGE HILL LN|RIVERTON,4/2/2025,1,7.0
7277,ZAO ASIAN CAFE|4531 W PARTRIDGE HILL LN|RIVERTON,9/10/2024,1,2.0
7278,ZAO ASIAN CAFE|4531 W PARTRIDGE HILL LN|RIVERTON,3/19/2024,1,10.0
7279,ZAO ASIAN CAFE|4531 W PARTRIDGE HILL LN|RIVERTON,9/25/2023,1,4.0
7280,ZAO ASIAN CAFE|4531 W PARTRIDGE HILL LN|RIVERTON,8/15/2022,1,14.0
7281,ZEST KITCHEN & BAR|275 S 200 W|SALT LAKE CITY,6/10/2025,1,3.0
7282,ZEST KITCHEN & BAR|275 S 200 W|SALT LAKE CITY,5/8/2024,1,45.0
7283,ZEST KITCHEN & BAR|275 S 200 W|SALT LAKE CITY,10/17/2023,2,17.0
7284,ZEST KITCHEN & BAR/DOG PATIO|275 S 200 W|SALT LAKE CITY,6/10/2025,1,0.0
7285,ZIONS BANK STADIUM - NORTH CONCESSIONS|14787 S ACADEMY PKWY|HERRIMAN,5/19/2026,1,2.0
7286,ZIONS BANK STADIUM - NORTH CONCESSIONS|14787 S ACADEMY PKWY|HERRIMAN,11/17/2025,1,3.0
7287,ZIONS BANK STADIUM - NORTH CONCESSIONS|14787 S ACADEMY PKWY|HERRIMAN,3/10/2025,1,1.0
7288,ZIONS BANK STADIUM - NORTH CONCESSIONS|14787 S ACADEMY PKWY|HERRIMAN,9/23/2024,1,0.0
7289,ZIONS BANK STADIUM - NORTH CONCESSIONS|14787 S ACADEMY PKWY|HERRIMAN,4/8/2024,1,0.0
7290,ZIONS BANK STADIUM - NORTH CONCESSIONS|14787 S ACADEMY PKWY|HERRIMAN,10/19/2023,1,0.0
7291,ZIONS BANK STADIUM - NORTH CONCESSIONS|14787 S ACADEMY PKWY|HERRIMAN,8/26/2022,1,2.0
7292,ZIONS BANK STADIUM - SOUTH CONCESSIONS|14787 S ACADEMY PKWY|HERRIMAN,5/19/2026,1,2.0
7293,ZIONS BANK STADIUM - SOUTH CONCESSIONS|14787 S ACADEMY PKWY|HERRIMAN,11/17/2025,1,1.0
7294,ZIONS BANK STADIUM - SOUTH CONCESSIONS|14787 S ACADEMY PKWY|HERRIMAN,3/10/2025,1,2.0
7295,ZIONS BANK STADIUM - SOUTH CONCESSIONS|14787 S ACADEMY PKWY|HERRIMAN,9/23/2024,1,0.0
7296,ZIONS BANK STADIUM - SOUTH CONCESSIONS|14787 S ACADEMY PKWY|HERRIMAN,4/8/2024,1,6.0
7297,ZIONS BANK STADIUM - SOUTH CONCESSIONS|14787 S ACADEMY PKWY|HERRIMAN,10/19/2023,1,8.0
7298,ZIONS BANK STADIUM - SOUTH CONCESSIONS|14787 S ACADEMY PKWY|HERRIMAN,8/26/2022,1,2.0
7299,2 ROW BREWING|73 W 7200 S|MIDVALE,8/26/2025,1,17.0
7300,2 ROW BREWING|73 W 7200 S|MIDVALE,2/3/2025,1,13.0
7301,2 ROW BREWING|73 W 7200 S|MIDVALE,3/11/2024,7,6.0
7302,2 ROW BREWING|73 W 7200 S|MIDVALE,1/24/2024,1,17.0
7303,4111 NUTRITION|4111 S CARRIAGE SQ|TAYLORSVILLE,4/7/2025,1,7.0
7304,4111 NUTRITION|4111 S CARRIAGE SQ|TAYLORSVILLE,3/12/2024,1,3.0
7305,4111 NUTRITION|4111 S CARRIAGE SQ|TAYLORSVILLE,2/27/2023,1,12.0
7306,4111 NUTRITION|4111 S CARRIAGE SQ|TAYLORSVILLE,1/24/2022,1,13.0
7307,7 BUDDHA TEA HOUSE & DESSERTS|4913 S STATE ST|MURRAY,1/21/2026,1,10.0
7308,7 BUDDHA TEA HOUSE & DESSERTS|4913 S STATE ST|MURRAY,8/15/2024,1,14.0
7309,7 BUDDHA TEA HOUSE & DESSERTS|4913 S STATE ST|MURRAY,8/14/2023,1,20.0
7310,7 BUDDHA TEA HOUSE & DESSERTS|4913 S STATE ST|MURRAY,4/11/2022,1,22.0
7311,7 BUDDHA TEA HOUSE & DESSERTS|4913 S STATE ST|MURRAY,12/16/2019,1,8.0
7312,801 CATERING|14587 S 790 W|BLUFFDALE,1/20/2026,1,10.0
7313,801 CATERING|14587 S 790 W|BLUFFDALE,2/21/2024,1,30.0
7314,801 CATERING|14587 S 790 W|BLUFFDALE,1/28/2022,1,7.0
7315,801 CATERING|14587 S 790 W|BLUFFDALE,9/9/2020,1,12.0
7316,801 CATERING|14587 S 790 W|BLUFFDALE,5/22/2019,1,15.0
7317,9UP NIGHT MARKET|3390 S STATE ST|SOUTH SALT LAKE,11/12/2025,1,10.0
7318,AB'S DRIVE IN|4591 S 5600 W|WEST VALLEY CITY,3/11/2026,1,13.0
7319,AB'S DRIVE IN|4591 S 5600 W|WEST VALLEY CITY,8/21/2025,1,34.0
7320,AB'S DRIVE IN|4591 S 5600 W|WEST VALLEY CITY,10/14/2024,1,9.0
7321,AB'S DRIVE IN|4591 S 5600 W|WEST VALLEY CITY,1/2/2024,1,14.0
7322,AB'S DRIVE IN|4591 S 5600 W|WEST VALLEY CITY,3/28/2023,1,17.0
7323,AB'S DRIVE IN|4591 S 5600 W|WEST VALLEY CITY,4/28/2022,1,15.0
7324,AB'S DRIVE IN|4591 S 5600 W|WEST VALLEY CITY,3/17/2021,1,19.0
7325,AB'S DRIVE IN|4591 S 5600 W|WEST VALLEY CITY,7/13/2020,1,9.0
7326,AB'S DRIVE IN|4591 S 5600 W|WEST VALLEY CITY,9/16/2019,1,17.0
7327,AB'S DRIVE IN|4591 S 5600 W|WEST VALLEY CITY,1/2/2019,1,24.0
7328,ABOUTEA|3424 S STATE ST|SOUTH SALT LAKE,12/15/2025,1,11.0
7329,ABOUTEA|3424 S STATE ST|SOUTH SALT LAKE,6/18/2024,1,21.0
7330,ABOUTEA|3424 S STATE ST|SOUTH SALT LAKE,9/27/2022,1,4.0
7331,ALBION GRILL|10600 E DAYLODGE RD|ALTA,12/8/2025,1,14.0
7332,ALBION GRILL|10600 E DAYLODGE RD|ALTA,4/12/2024,1,15.0
7333,ALBION GRILL|10600 E DAYLODGE RD|ALTA,2/8/2022,1,16.0
7334,ALBION GRILL|10600 E DAYLODGE RD|ALTA,1/25/2021,1,17.0
7335,ALBION GRILL|10600 E DAYLODGE RD|ALTA,1/10/2020,1,23.0
7336,ALBION GRILL|10600 E DAYLODGE RD|ALTA,1/3/2019,1,37.0
7337,ALBION GRILL|10600 E DAYLODGE RD|ALTA,1/5/2018,1,7.0
7338,ALBION GRILL|10600 E DAYLODGE RD|ALTA,2/9/2017,1,18.0
7339,ALBION GRILL|10600 E DAYLODGE RD|ALTA,3/23/2016,2,6.0
7340,ALBION GRILL|10600 E DAYLODGE RD|ALTA,3/16/2016,2,68.0
7341,ALOHA SURF SHACK|1980 E 2700 S|SALT LAKE CITY,6/5/2025,1,6.0
7342,ALOHA SURF SHACK|1980 E 2700 S|SALT LAKE CITY,6/23/2022,1,2.0
7343,ALTA LODGE - RESTAURANT|10230 E LITTLE COTTONWOOD CYN|ALTA,1/13/2026,1,22.0
7344,ALTA LODGE - RESTAURANT|10230 E LITTLE COTTONWOOD CYN|ALTA,2/3/2025,1,24.0
7345,ALTA LODGE - RESTAURANT|10230 E LITTLE COTTONWOOD CYN|ALTA,4/12/2024,1,3.0
7346,ALTA LODGE - RESTAURANT|10230 E LITTLE COTTONWOOD CYN|ALTA,3/11/2022,1,15.0
7347,ALTA LODGE - RESTAURANT|10230 E LITTLE COTTONWOOD CYN|ALTA,3/24/2021,1,12.0
7348,ALTA LODGE - RESTAURANT|10230 E LITTLE COTTONWOOD CYN|ALTA,3/2/2020,1,43.0
7349,ALTA LODGE - RESTAURANT|10230 E LITTLE COTTONWOOD CYN|ALTA,1/23/2019,1,30.0
7350,ALTA LODGE - RESTAURANT|10230 E LITTLE COTTONWOOD CYN|ALTA,2/13/2018,1,54.0
7351,ALTA LODGE - RESTAURANT|10230 E LITTLE COTTONWOOD CYN|ALTA,3/3/2017,1,21.0
7352,ALTA LODGE - RESTAURANT|10230 E LITTLE COTTONWOOD CYN|ALTA,4/13/2016,1,33.0
7353,ALTA VIEW SPECIALTY CLINIC|9450 S 1300 E|SANDY,7/6/2026,1,13.0
7354,ALTA VIEW SPECIALTY CLINIC|9450 S 1300 E|SANDY,12/30/2025,1,11.0
7355,ALTA VIEW SPECIALTY CLINIC|9450 S 1300 E|SANDY,6/30/2025,1,6.0
7356,ALTA VIEW SPECIALTY CLINIC|9450 S 1300 E|SANDY,4/8/2024,1,11.0
7357,ALTA VIEW SPECIALTY CLINIC|9450 S 1300 E|SANDY,10/12/2023,1,2.0
7358,ALTA VIEW SPECIALTY CLINIC|9450 S 1300 E|SANDY,2/2/2023,1,0.0
7359,ALTA VIEW SPECIALTY CLINIC|9450 S 1300 E|SANDY,6/30/2022,1,11.0
7360,ALTA VIEW SPECIALTY CLINIC|9450 S 1300 E|SANDY,5/27/2021,1,6.0
7361,ALTA VIEW SPECIALTY CLINIC|9450 S 1300 E|SANDY,10/1/2019,1,3.0
7362,ALTA VIEW SPECIALTY CLINIC|9450 S 1300 E|SANDY,11/27/2018,1,5.0
7363,ALTA WATSON SHELTER - BALDY BREWS|10700 E LITTLE COTTONWOOD CYN|ALTA,12/18/2025,1,9.0
7364,ALTA WATSON SHELTER - BALDY BREWS|10700 E LITTLE COTTONWOOD CYN|ALTA,4/12/2024,1,0.0
7365,ALTA WATSON SHELTER - BALDY BREWS|10700 E LITTLE COTTONWOOD CYN|ALTA,3/2/2022,1,4.0
7366,ALTA WATSON SHELTER - BALDY BREWS|10700 E LITTLE COTTONWOOD CYN|ALTA,3/16/2021,1,25.0
7367,ALTA WATSON SHELTER - BALDY BREWS|10700 E LITTLE COTTONWOOD CYN|ALTA,2/4/2020,1,20.0
7368,ALTA WATSON SHELTER - BALDY BREWS|10700 E LITTLE COTTONWOOD CYN|ALTA,1/16/2019,1,8.0
7369,ALTA WATSON SHELTER - BALDY BREWS|10700 E LITTLE COTTONWOOD CYN|ALTA,2/9/2018,1,0.0
7370,ALTA WATSON SHELTER - BALDY BREWS|10700 E LITTLE COTTONWOOD CYN|ALTA,3/7/2017,1,13.0
7371,ALTA WATSON SHELTER - BALDY BREWS|10700 E LITTLE COTTONWOOD CYN|ALTA,4/12/2016,1,2.0
7372,ALTA WATSON SHELTER - BALDY BREWS|10700 E LITTLE COTTONWOOD CYN|ALTA,1/15/2015,1,12.0
7373,ALTA WATSON SHELTER - COLLINS GRILL|10700 E LITTLE COTTONWOOD CYN|ALTA,12/18/2025,1,13.0
7374,ALTA WATSON SHELTER - COLLINS GRILL|10700 E LITTLE COTTONWOOD CYN|ALTA,4/12/2024,1,1.0
7375,ALTA WATSON SHELTER - COLLINS GRILL|10700 E LITTLE COTTONWOOD CYN|ALTA,3/2/2022,1,8.0
7376,ALTA WATSON SHELTER - COLLINS GRILL|10700 E LITTLE COTTONWOOD CYN|ALTA,3/16/2021,1,16.0
7377,ALTA WATSON SHELTER - COLLINS GRILL|10700 E LITTLE COTTONWOOD CYN|ALTA,2/4/2020,1,40.0
7378,ALTA WATSON SHELTER - COLLINS GRILL|10700 E LITTLE COTTONWOOD CYN|ALTA,1/16/2019,1,4.0
7379,ALTA WATSON SHELTER - COLLINS GRILL|10700 E LITTLE COTTONWOOD CYN|ALTA,2/9/2018,1,16.0
7380,ALTA WATSON SHELTER - COLLINS GRILL|10700 E LITTLE COTTONWOOD CYN|ALTA,3/7/2017,1,29.0
7381,ALTA WATSON SHELTER - COLLINS GRILL|10700 E LITTLE COTTONWOOD CYN|ALTA,4/12/2016,1,7.0
7382,ALTA WATSON SHELTER - COLLINS GRILL|10700 E LITTLE COTTONWOOD CYN|ALTA,1/15/2015,1,21.0
7383,AMC WEST JORDAN 12|9200 S REDWOOD|WEST JORDAN,12/29/2025,1,6.0
7384,AMC WEST JORDAN 12|9200 S REDWOOD|WEST JORDAN,10/22/2024,1,10.0
7385,AMC WEST JORDAN 12|9200 S REDWOOD|WEST JORDAN,8/24/2023,1,27.0
7386,AMC WEST JORDAN 12|9200 S REDWOOD|WEST JORDAN,10/13/2021,1,16.0
7387,AMC WEST JORDAN 12|9200 S REDWOOD|WEST JORDAN,10/12/2020,1,2.0
7388,AMC WEST JORDAN 12|9200 S REDWOOD|WEST JORDAN,5/16/2019,1,16.0
7389,AMC WEST JORDAN 12|9200 S REDWOOD|WEST JORDAN,5/16/2018,1,3.0
7390,AMC WEST JORDAN 12|9200 S REDWOOD|WEST JORDAN,2/24/2017,1,7.0
7391,AMC WEST JORDAN 12|9200 S REDWOOD|WEST JORDAN,1/25/2016,1,17.0
7392,AMERICAN FOOD & VENDING CORP @ ZIONS BANCORP TECH|7860 S BINGHAM JUNCTION BLVD|MIDVALE,12/4/2025,1,19.0
7393,AMERICAN FOOD & VENDING CORP @ ZIONS BANCORP TECH|7860 S BINGHAM JUNCTION BLVD|MIDVALE,10/9/2024,7,6.0
7394,AMERICAN FOOD & VENDING CORP @ ZIONS BANCORP TECH|7860 S BINGHAM JUNCTION BLVD|MIDVALE,8/27/2024,1,23.0
7395,AMERICAN FOOD & VENDING CORP @ ZIONS BANCORP TECH|7860 S BINGHAM JUNCTION BLVD|MIDVALE,2/27/2024,1,24.0
7396,AMERICAN FOOD & VENDING CORP @ ZIONS BANCORP TECH|7860 S BINGHAM JUNCTION BLVD|MIDVALE,1/20/2023,1,20.0
7397,ANDES GOURMET #84568|229 W 4800 S|MURRAY,4/21/2026,1,7.0
7398,ANGELAS CATERING|3804 S HIGHLAND DR|MILLCREEK TS,1/26/2026,1,20.0
7399,ANGELAS CATERING|3804 S HIGHLAND DR|MILLCREEK TS,7/29/2025,1,20.0
7400,ANGELAS CATERING|3804 S HIGHLAND DR|MILLCREEK TS,8/15/2024,1,15.0
7401,ANGELAS CATERING|3804 S HIGHLAND DR|MILLCREEK TS,2/8/2024,1,34.0
7402,ANGELAS CATERING|3804 S HIGHLAND DR|MILLCREEK TS,7/14/2022,1,0.0
7403,ANGELAS CATERING|3804 S HIGHLAND DR|MILLCREEK TS,11/26/2019,1,1.0
7404,ANGELAS CATERING|3804 S HIGHLAND DR|MILLCREEK TS,2/27/2019,1,4.0
7405,ANGELAS CATERING|3804 S HIGHLAND DR|MILLCREEK TS,6/29/2018,1,2.0
7406,ANGELAS CATERING|3804 S HIGHLAND DR|MILLCREEK TS,12/18/2017,1,4.0
7407,ANGELAS CATERING|3804 S HIGHLAND DR|MILLCREEK TS,9/27/2016,1,4.0
7408,ANNIVERSARY INN SALT LAKE CITY SOUTH TEMPLE|678 E SOUTH TEMPLE ST|SALT LAKE CITY,3/4/2025,1,9.0
7409,APOLLO BURGER|4098 W 13400 S|RIVERTON,5/4/2026,1,21.0
7410,APOLLO BURGER|4098 W 13400 S|RIVERTON,10/23/2025,2,22.0
7411,APOLLO BURGERS|143 N REDWOOD RD|SALT LAKE CITY,2/13/2025,1,13.0
7412,APOLLO BURGERS|143 N REDWOOD RD|SALT LAKE CITY,5/7/2024,1,5.0
7413,APOLLO BURGERS|143 N REDWOOD RD|SALT LAKE CITY,12/13/2023,7,0.0
7414,APOLLO BURGERS|143 N REDWOOD RD|SALT LAKE CITY,10/27/2023,7,1.0
7415,APOLLO BURGERS|143 N REDWOOD RD|SALT LAKE CITY,10/20/2023,1,69.0
7416,APOLLO BURGERS|143 N REDWOOD RD|SALT LAKE CITY,1/5/2023,1,9.0
7417,APOLLO BURGERS|143 N REDWOOD RD|SALT LAKE CITY,1/13/2022,1,44.0
7418,APOLLO BURGERS|143 N REDWOOD RD|SALT LAKE CITY,9/15/2020,1,29.0
7419,APOLLO BURGERS|143 N REDWOOD RD|SALT LAKE CITY,9/10/2019,1,24.0
7420,APOLLO BURGERS|143 N REDWOOD RD|SALT LAKE CITY,11/15/2018,1,27.0
7421,APOLLO BURGERS|256 W 3300 S|SOUTH SALT LAKE,4/13/2026,1,16.0
7422,APOLLO BURGERS|256 W 3300 S|SOUTH SALT LAKE,10/9/2025,1,19.0
7423,APOLLO BURGERS|256 W 3300 S|SOUTH SALT LAKE,4/18/2025,1,5.0
7424,APOLLO BURGERS|256 W 3300 S|SOUTH SALT LAKE,10/29/2024,1,11.0
7425,APOLLO BURGERS|256 W 3300 S|SOUTH SALT LAKE,3/4/2024,1,3.0
7426,APOLLO BURGERS|256 W 3300 S|SOUTH SALT LAKE,8/9/2023,1,10.0
7427,APOLLO BURGERS|256 W 3300 S|SOUTH SALT LAKE,8/24/2022,1,22.0
7428,APOLLO BURGERS|256 W 3300 S|SOUTH SALT LAKE,2/28/2022,1,35.0
7429,APOLLO BURGERS|256 W 3300 S|SOUTH SALT LAKE,3/12/2020,1,14.0
7430,APOLLO BURGERS|256 W 3300 S|SOUTH SALT LAKE,9/6/2019,1,33.0
7431,APOLLO BURGERS|529 W 12300 S|DRAPER,10/30/2025,1,16.0
7432,APOLLO BURGERS|529 W 12300 S|DRAPER,10/16/2024,1,23.0
7433,APOLLO BURGERS|529 W 12300 S|DRAPER,4/2/2024,1,27.0
7434,APOLLO BURGERS|529 W 12300 S|DRAPER,8/3/2023,1,29.0
7435,APOLLO BURGERS|529 W 12300 S|DRAPER,10/19/2022,1,33.0
7436,APOLLO BURGERS|529 W 12300 S|DRAPER,4/13/2022,1,42.0
7437,APOLLO BURGERS|529 W 12300 S|DRAPER,10/11/2021,1,41.0
7438,APOLLO BURGERS|529 W 12300 S|DRAPER,6/15/2020,1,30.0
7439,APOLLO BURGERS|529 W 12300 S|DRAPER,9/30/2019,1,18.0
7440,APOLLO BURGERS|529 W 12300 S|DRAPER,4/4/2019,1,8.0
7441,APPLE SPICE JUNCTION|6540 S STATE ST|MURRAY,3/10/2026,1,17.0
7442,APPLE SPICE JUNCTION|6540 S STATE ST|MURRAY,1/16/2025,1,23.0
7443,APPLE SPICE JUNCTION|6540 S STATE ST|MURRAY,7/12/2024,1,33.0
7444,APPLE SPICE JUNCTION|6540 S STATE ST|MURRAY,12/14/2023,1,16.0
7445,APPLEBEES WEST VALLEY|2175 W CITY CENTER CT|WEST VALLEY CITY,4/14/2026,1,21.0
7446,APPLEBEES WEST VALLEY|2175 W CITY CENTER CT|WEST VALLEY CITY,12/4/2025,1,11.0
7447,APPLEBEES WEST VALLEY|2175 W CITY CENTER CT|WEST VALLEY CITY,5/21/2025,1,24.0
7448,APPLEBEES WEST VALLEY|2175 W CITY CENTER CT|WEST VALLEY CITY,11/19/2024,1,25.0
7449,APPLEBEES WEST VALLEY|2175 W CITY CENTER CT|WEST VALLEY CITY,1/10/2023,1,9.0
7450,APPLEBEES WEST VALLEY|2175 W CITY CENTER CT|WEST VALLEY CITY,4/4/2022,1,4.0
7451,APPLEBEES WEST VALLEY|2175 W CITY CENTER CT|WEST VALLEY CITY,3/8/2021,1,7.0
7452,APPLEBEES WEST VALLEY|2175 W CITY CENTER CT|WEST VALLEY CITY,10/2/2019,1,4.0
7453,APPLEBEES WEST VALLEY|2175 W CITY CENTER CT|WEST VALLEY CITY,12/11/2018,1,22.0
7454,APPLEBEES WEST VALLEY|2175 W CITY CENTER CT|WEST VALLEY CITY,1/5/2018,1,4.0
7455,ARBYS|6095 S 5600 W|KEARNS TS,1/15/2026,1,19.0
7456,ARBYS|6095 S 5600 W|KEARNS TS,6/24/2025,1,24.0
7457,ARBYS|6095 S 5600 W|KEARNS TS,10/14/2024,1,10.0
7458,ARBYS|6095 S 5600 W|KEARNS TS,3/27/2024,1,21.0
7459,ARBYS|6095 S 5600 W|KEARNS TS,7/11/2023,1,15.0
7460,ARBYS|6095 S 5600 W|KEARNS TS,10/4/2022,1,10.0
7461,ARBYS|6095 S 5600 W|KEARNS TS,1/19/2022,1,29.0
7462,ARBYS|6095 S 5600 W|KEARNS TS,5/28/2021,1,9.0
7463,ARBYS|6095 S 5600 W|KEARNS TS,7/15/2020,1,13.0
7464,ARBYS|6095 S 5600 W|KEARNS TS,9/30/2019,1,11.0
7465,ARBYS #436|25 N REDWOOD RD|SALT LAKE CITY,4/7/2025,1,13.0
7466,ARBYS #436|25 N REDWOOD RD|SALT LAKE CITY,8/22/2024,1,18.0
7467,ARBYS #436|25 N REDWOOD RD|SALT LAKE CITY,2/7/2024,1,11.0
7468,ARBYS #436|25 N REDWOOD RD|SALT LAKE CITY,8/1/2023,1,11.0
7469,ARBYS #436|25 N REDWOOD RD|SALT LAKE CITY,8/1/2022,1,4.0
7470,ARBYS #436|25 N REDWOOD RD|SALT LAKE CITY,10/7/2020,1,12.0
7471,ARBYS #436|25 N REDWOOD RD|SALT LAKE CITY,10/22/2019,1,16.0
7472,ARBYS #436|25 N REDWOOD RD|SALT LAKE CITY,12/6/2018,1,25.0
7473,ARBYS #436|25 N REDWOOD RD|SALT LAKE CITY,6/20/2018,1,15.0
7474,ARBYS #436|25 N REDWOOD RD|SALT LAKE CITY,8/8/2017,1,16.0
7475,ARBYS #6107|10273 S 1300 E|SANDY,6/29/2026,1,14.0
7476,ARBYS #6107|10273 S 1300 E|SANDY,12/1/2025,7,0.0
7477,ARBYS #6107|10273 S 1300 E|SANDY,10/23/2025,1,23.0
7478,ARBYS #6107|10273 S 1300 E|SANDY,4/7/2025,1,16.0
7479,ARBYS #6107|10273 S 1300 E|SANDY,5/28/2024,1,11.0
7480,ARBYS #6107|10273 S 1300 E|SANDY,10/2/2023,1,16.0
7481,ARBYS #6107|10273 S 1300 E|SANDY,9/20/2022,1,19.0
7482,ARBYS #6107|10273 S 1300 E|SANDY,3/24/2022,1,15.0
7483,ARBYS #6107|10273 S 1300 E|SANDY,4/6/2021,1,10.0
7484,ARBYS #6107|10273 S 1300 E|SANDY,10/16/2019,1,11.0
7485,ARBYS #8541|7121 S BINGHAM JUNCTION|MIDVALE,10/27/2025,1,14.0
7486,ARBYS #8541|7121 S BINGHAM JUNCTION|MIDVALE,8/9/2024,1,8.0
7487,ARBYS #8541|7121 S BINGHAM JUNCTION|MIDVALE,9/7/2023,1,2.0
7488,ARBYS #8541|7121 S BINGHAM JUNCTION|MIDVALE,12/6/2022,1,1.0
7489,ARBYS #8541|7121 S BINGHAM JUNCTION|MIDVALE,4/4/2022,1,2.0
7490,ARBYS #8541|7121 S BINGHAM JUNCTION|MIDVALE,6/21/2021,1,2.0
7491,ARBYS #8541|7121 S BINGHAM JUNCTION|MIDVALE,2/19/2020,1,3.0
7492,ARBYS #8541|7121 S BINGHAM JUNCTION|MIDVALE,8/14/2019,1,7.0
7493,ARBYS #8541|7121 S BINGHAM JUNCTION|MIDVALE,10/1/2018,1,4.0
7494,ARBYS #8541|7121 S BINGHAM JUNCTION|MIDVALE,4/11/2018,1,11.0
7495,ARBYS 1517|1870 W 5400 S|TAYLORSVILLE,10/22/2025,1,15.0
7496,ARBYS 1517|1870 W 5400 S|TAYLORSVILLE,10/14/2024,1,6.0
7497,ARBYS 1517|1870 W 5400 S|TAYLORSVILLE,1/22/2024,1,39.0
7498,ARBYS 1517|1870 W 5400 S|TAYLORSVILLE,4/13/2023,1,16.0
7499,ARBYS 1517|1870 W 5400 S|TAYLORSVILLE,10/4/2022,1,14.0
7500,ARBYS 1517|1870 W 5400 S|TAYLORSVILLE,2/4/2022,1,38.0
7501,ARBYS 1517|1870 W 5400 S|TAYLORSVILLE,8/25/2021,1,15.0
7502,ARBYS 1517|1870 W 5400 S|TAYLORSVILLE,3/10/2020,1,17.0
7503,ARBYS 1517|1870 W 5400 S|TAYLORSVILLE,10/23/2019,1,8.0
7504,ARBYS 1517|1870 W 5400 S|TAYLORSVILLE,5/10/2019,1,6.0
7505,ARBYS 155|4663 S 2700 W|TAYLORSVILLE,1/30/2026,7,3.0
7506,ARBYS 155|4663 S 2700 W|TAYLORSVILLE,12/16/2025,1,14.0
7507,ARBYS 155|4663 S 2700 W|TAYLORSVILLE,1/17/2025,1,12.0
7508,ARBYS 155|4663 S 2700 W|TAYLORSVILLE,6/3/2024,1,18.0
7509,ARBYS 155|4663 S 2700 W|TAYLORSVILLE,11/15/2023,1,15.0
7510,ARBYS 155|4663 S 2700 W|TAYLORSVILLE,3/1/2023,1,20.0
7511,ARBYS 155|4663 S 2700 W|TAYLORSVILLE,7/18/2022,1,25.0
7512,ARBYS 155|4663 S 2700 W|TAYLORSVILLE,3/11/2021,1,2.0
7513,ARBYS 155|4663 S 2700 W|TAYLORSVILLE,11/13/2019,1,7.0
7514,ARBYS 155|4663 S 2700 W|TAYLORSVILLE,4/16/2019,1,10.0
7515,ARBYS 5255|4663 S 900 E|MILLCREEK TS,2/3/2026,1,14.0
7516,ARBYS 5255|4663 S 900 E|MILLCREEK TS,8/6/2025,1,8.0
7517,ARBYS 5255|4663 S 900 E|MILLCREEK TS,2/6/2025,1,20.0
7518,ARBYS 5255|4663 S 900 E|MILLCREEK TS,7/17/2024,1,26.0
7519,ARBYS 5255|4663 S 900 E|MILLCREEK TS,1/8/2024,1,16.0
7520,ARBYS 5255|4663 S 900 E|MILLCREEK TS,7/13/2023,1,12.0
7521,ARBYS 5255|4663 S 900 E|MILLCREEK TS,4/18/2022,1,28.0
7522,ARBYS 5255|4663 S 900 E|MILLCREEK TS,5/17/2021,1,15.0
7523,ARBYS 5255|4663 S 900 E|MILLCREEK TS,7/22/2020,1,2.0
7524,ARBYS 5255|4663 S 900 E|MILLCREEK TS,10/18/2019,1,2.0
7525,ARBYS 5669|3535 S 5600 W|WEST VALLEY CITY,5/11/2026,1,18.0
7526,ARBYS 5669|3535 S 5600 W|WEST VALLEY CITY,10/8/2025,1,21.0
7527,ARBYS 5669|3535 S 5600 W|WEST VALLEY CITY,2/5/2025,1,13.0
7528,ARBYS 5669|3535 S 5600 W|WEST VALLEY CITY,1/4/2024,1,25.0
7529,ARBYS 5669|3535 S 5600 W|WEST VALLEY CITY,9/11/2023,7,15.0
7530,ARBYS 5669|3535 S 5600 W|WEST VALLEY CITY,4/27/2023,1,36.0
7531,ARBYS 5669|3535 S 5600 W|WEST VALLEY CITY,6/8/2022,1,11.0
7532,ARBYS 5669|3535 S 5600 W|WEST VALLEY CITY,9/16/2021,1,14.0
7533,ARBYS 5669|3535 S 5600 W|WEST VALLEY CITY,7/10/2020,1,1.0
7534,ARBYS 5669|3535 S 5600 W|WEST VALLEY CITY,9/13/2019,1,19.0
7535,ARBYS 6700|1731 W 12600 S|RIVERTON,5/19/2026,1,18.0
7536,ARBYS 6700|1731 W 12600 S|RIVERTON,1/9/2025,1,7.0
7537,ARBYS 6700|1731 W 12600 S|RIVERTON,7/2/2024,1,12.0
7538,ARBYS 6700|1731 W 12600 S|RIVERTON,11/8/2023,1,19.0
7539,ARBYS 6700|1731 W 12600 S|RIVERTON,10/6/2022,2,8.0
7540,ARBYS 6700|1731 W 12600 S|RIVERTON,9/22/2022,2,18.0
7541,ARBYS 942|3215 W 3500 S|WEST VALLEY CITY,1/15/2026,1,17.0
7542,ARBYS 942|3215 W 3500 S|WEST VALLEY CITY,5/22/2025,1,15.0
7543,ARBYS 942|3215 W 3500 S|WEST VALLEY CITY,6/11/2024,1,20.0
7544,ARBYS 942|3215 W 3500 S|WEST VALLEY CITY,1/11/2023,1,11.0
7545,ARBYS 942|3215 W 3500 S|WEST VALLEY CITY,8/9/2022,1,20.0
7546,ARBYS 942|3215 W 3500 S|WEST VALLEY CITY,9/16/2021,1,24.0
7547,ARBYS 942|3215 W 3500 S|WEST VALLEY CITY,6/22/2020,1,9.0
7548,ARBYS 942|3215 W 3500 S|WEST VALLEY CITY,8/28/2019,1,4.0
7549,ARBYS 942|3215 W 3500 S|WEST VALLEY CITY,8/15/2018,1,20.0
7550,ARBYS 942|3215 W 3500 S|WEST VALLEY CITY,8/15/2018,1,14.0
7551,ARCTIC CIRCLE 111|3365 W 7800 S|WEST JORDAN,2/10/2026,1,19.0
7552,ARCTIC CIRCLE 111|3365 W 7800 S|WEST JORDAN,3/4/2025,1,37.0
7553,ARCTIC CIRCLE 111|3365 W 7800 S|WEST JORDAN,5/2/2024,1,42.0
7554,ARCTIC CIRCLE 111|3365 W 7800 S|WEST JORDAN,9/21/2023,2,25.0
7555,ARCTIC CIRCLE 111|3365 W 7800 S|WEST JORDAN,8/24/2023,1,45.0
7556,ARCTIC CIRCLE 111|3365 W 7800 S|WEST JORDAN,11/18/2021,1,19.0
7557,ARCTIC CIRCLE 111|3365 W 7800 S|WEST JORDAN,3/30/2021,1,30.0
7558,ARCTIC CIRCLE 111|3365 W 7800 S|WEST JORDAN,1/23/2020,1,31.0
7559,ARCTIC CIRCLE 111|3365 W 7800 S|WEST JORDAN,7/15/2019,1,23.0
7560,ARCTIC CIRCLE 111|3365 W 7800 S|WEST JORDAN,1/11/2019,1,37.0
7561,ARCTIC CIRCLE 116|208 E 12300 S|DRAPER,6/17/2026,1,16.0
7562,ARCTIC CIRCLE 116|208 E 12300 S|DRAPER,3/13/2025,1,20.0
7563,ARCTIC CIRCLE 116|208 E 12300 S|DRAPER,7/5/2024,1,51.0
7564,ARCTIC CIRCLE 116|208 E 12300 S|DRAPER,6/6/2023,1,39.0
7565,ARCTIC CIRCLE 116|208 E 12300 S|DRAPER,9/7/2022,1,43.0
7566,ARCTIC CIRCLE 116|208 E 12300 S|DRAPER,2/7/2022,1,25.0
7567,ARCTIC CIRCLE 116|208 E 12300 S|DRAPER,5/7/2021,1,19.0
7568,ARCTIC CIRCLE 116|208 E 12300 S|DRAPER,2/20/2020,1,27.0
7569,ARCTIC CIRCLE 116|208 E 12300 S|DRAPER,9/19/2019,1,32.0
7570,ARCTIC CIRCLE 116|208 E 12300 S|DRAPER,3/20/2019,1,8.0
7571,ARCTIC CIRCLE 127|8677 S 5600 W|WEST JORDAN,6/22/2026,1,16.0
7572,ARCTIC CIRCLE 127|8677 S 5600 W|WEST JORDAN,11/4/2025,1,10.0
7573,ARCTIC CIRCLE 127|8677 S 5600 W|WEST JORDAN,1/22/2025,1,41.0
7574,ARCTIC CIRCLE 127|8677 S 5600 W|WEST JORDAN,7/16/2024,1,20.0
7575,ARCTIC CIRCLE 127|8677 S 5600 W|WEST JORDAN,12/12/2023,1,29.0
7576,ARCTIC CIRCLE 127|8677 S 5600 W|WEST JORDAN,6/5/2023,1,13.0
7577,ARCTIC CIRCLE 127|8677 S 5600 W|WEST JORDAN,12/17/2021,1,57.0
7578,ARCTIC CIRCLE 127|8677 S 5600 W|WEST JORDAN,8/26/2020,1,15.0
7579,ARCTIC CIRCLE 127|8677 S 5600 W|WEST JORDAN,5/2/2019,1,36.0
7580,ARCTIC CIRCLE 127|8677 S 5600 W|WEST JORDAN,11/21/2018,1,8.0
7581,ARCTIC CIRCLE 202|3919 S 700 E|MILLCREEK TS,5/11/2026,1,19.0
7582,ARCTIC CIRCLE 202|3919 S 700 E|MILLCREEK TS,11/18/2025,1,16.0
7583,ARCTIC CIRCLE 202|3919 S 700 E|MILLCREEK TS,5/15/2025,1,23.0
7584,ARCTIC CIRCLE 202|3919 S 700 E|MILLCREEK TS,8/13/2024,1,32.0
7585,ARCTIC CIRCLE 202|3919 S 700 E|MILLCREEK TS,5/24/2024,7,30.0
7586,ARCTIC CIRCLE 202|3919 S 700 E|MILLCREEK TS,2/21/2024,1,47.0
7587,ARCTIC CIRCLE 202|3919 S 700 E|MILLCREEK TS,4/18/2022,1,25.0
7588,ARCTIC CIRCLE 202|3919 S 700 E|MILLCREEK TS,8/7/2020,1,14.0
7589,ARCTIC CIRCLE 202|3919 S 700 E|MILLCREEK TS,12/6/2019,1,1.0
7590,ARCTIC CIRCLE 202|3919 S 700 E|MILLCREEK TS,6/4/2019,1,6.0
7591,AREMPAS #016522Z|220 W 7200 S|MIDVALE,11/12/2025,1,10.0
7592,AREMPAS SLCC|4600 S REDWOOD RD|SALT LAKE CITY,6/8/2026,1,10.0
7593,ARGENTINAS BEST EMPANADAS|357 S 200 E|SALT LAKE CITY,12/1/2025,1,17.0
7594,ARGENTINAS BEST EMPANADAS|357 S 200 E|SALT LAKE CITY,10/16/2024,1,23.0
7595,ARGENTINAS BEST EMPANADAS|357 S 200 E|SALT LAKE CITY,11/29/2023,1,18.0
7596,ARGENTINAS BEST EMPANADAS|357 S 200 E|SALT LAKE CITY,4/11/2022,1,14.0
7597,ARGENTINAS BEST EMPANADAS|357 S 200 E|SALT LAKE CITY,6/23/2021,1,3.0
7598,ARGENTINAS BEST EMPANADAS|357 S 200 E|SALT LAKE CITY,1/2/2020,1,2.0
7599,ARGENTINAS BEST EMPANADAS|357 S 200 E|SALT LAKE CITY,9/13/2019,7,6.0
7600,ARGENTINAS BEST EMPANADAS|357 S 200 E|SALT LAKE CITY,6/11/2019,7,6.0
7601,ARGENTINAS BEST EMPANADAS|357 S 200 E|SALT LAKE CITY,10/9/2018,1,3.0
7602,ARGENTINAS BEST EMPANADAS|357 S 200 E|SALT LAKE CITY,5/15/2018,1,31.0
7603,ARIGATO SUSHI|1769 W 7000 S|WEST JORDAN,2/17/2026,1,13.0
7604,ARIGATO SUSHI|1769 W 7000 S|WEST JORDAN,5/14/2025,1,21.0
7605,ARIGATO SUSHI|1769 W 7000 S|WEST JORDAN,5/13/2024,1,7.0
7606,ARLO RESTAURANT|271 N CENTER ST|SALT LAKE CITY,11/14/2024,1,11.0
7607,ARLO RESTAURANT|271 N CENTER ST|SALT LAKE CITY,10/12/2022,1,15.0
7608,ARLO RESTAURANT|271 N CENTER ST|SALT LAKE CITY,7/8/2021,1,3.0
7609,ASSOCIATED FRESH MARKETS|3865 S 2300 E|MILLCREEK TS,4/21/2026,1,18.0
7610,ASSOCIATED FRESH MARKETS|3865 S 2300 E|MILLCREEK TS,6/26/2025,1,7.0
7611,ASSOCIATED FRESH MARKETS|3865 S 2300 E|MILLCREEK TS,3/26/2024,1,0.0
7612,ASSOCIATED FRESH MARKETS|3865 S 2300 E|MILLCREEK TS,5/5/2022,1,17.0
7613,ASSOCIATED FRESH MARKETS|3865 S 2300 E|MILLCREEK TS,9/23/2020,1,22.0
7614,ASSOCIATED FRESH MARKETS|3865 S 2300 E|MILLCREEK TS,10/17/2019,1,16.0
7615,ASSOCIATED FRESH MARKETS|3865 S 2300 E|MILLCREEK TS,2/27/2019,1,16.0
7616,ASSOCIATED FRESH MARKETS|3865 S 2300 E|MILLCREEK TS,8/3/2018,1,9.0
7617,ASSOCIATED FRESH MARKETS|3865 S 2300 E|MILLCREEK TS,1/5/2018,1,19.0
7618,ASSOCIATED FRESH MARKETS|3865 S 2300 E|MILLCREEK TS,5/9/2017,1,9.0
7619,ICO DISTRICT APTS - OUTDOOR W/P|11100 S RIVER HEIGHTS DR|SOUTH JORDAN,1/13/2026,1,1.0
7620,ICO DISTRICT APTS - OUTDOOR W/P|11100 S RIVER HEIGHTS DR|SOUTH JORDAN,9/5/2025,2,
7621,ICO DISTRICT APTS - OUTDOOR W/P|11100 S RIVER HEIGHTS DR|SOUTH JORDAN,4/10/2025,2,
7622,ICO DISTRICT APTS - OUTDOOR W/P|11100 S RIVER HEIGHTS DR|SOUTH JORDAN,1/9/2025,1,1.0
7623,ICO DISTRICT APTS - OUTDOOR W/P|11100 S RIVER HEIGHTS DR|SOUTH JORDAN,1/2/2024,1,1.0
7624,ICO DISTRICT APTS - OUTDOOR W/P|11100 S RIVER HEIGHTS DR|SOUTH JORDAN,6/28/2023,2,
7625,ICO DISTRICT APTS - OUTDOOR W/P|11100 S RIVER HEIGHTS DR|SOUTH JORDAN,1/11/2023,1,2.0
7626,ICO DISTRICT APTS - OUTDOOR W/P|11100 S RIVER HEIGHTS DR|SOUTH JORDAN,1/24/2022,2,
7627,ICO DISTRICT APTS - OUTDOOR W/P|11100 S RIVER HEIGHTS DR|SOUTH JORDAN,7/8/2021,1,
7628,ICO DISTRICT APTS - OUTDOOR W/P|11100 S RIVER HEIGHTS DR|SOUTH JORDAN,8/28/2020,1,
7629,ICO FAIRBOURNE II - W/P|2986 W LEHMAN AVE|WEST VALLEY CITY,8/14/2025,1,
7630,ICO FAIRBOURNE II - W/P|2986 W LEHMAN AVE|WEST VALLEY CITY,8/15/2024,1,6.0
7631,ICO FAIRBOURNE II - W/P|2986 W LEHMAN AVE|WEST VALLEY CITY,11/29/2023,1,
7632,ICO FAIRBOURNE II - W/P|2986 W LEHMAN AVE|WEST VALLEY CITY,9/21/2023,2,
7633,ICO FAIRBOURNE II - W/P|2986 W LEHMAN AVE|WEST VALLEY CITY,4/21/2023,2,4.0
7634,ICO FAIRBOURNE II - W/P|2986 W LEHMAN AVE|WEST VALLEY CITY,3/13/2023,3,
7635,ICO FAIRBOURNE II - W/P|2986 W LEHMAN AVE|WEST VALLEY CITY,2/15/2023,2,
7636,ICO FAIRBOURNE II - W/P|2986 W LEHMAN AVE|WEST VALLEY CITY,12/8/2022,2,
7637,ICO FAIRBOURNE II - W/P|2986 W LEHMAN AVE|WEST VALLEY CITY,8/23/2022,1,
7638,ICO FAIRBOURNE II - W/P|2986 W LEHMAN AVE|WEST VALLEY CITY,5/26/2022,7,
7639,ICO FAIRBOURNE STATION - POOL|2900 W LEHMAN AVE|WEST VALLEY CITY,8/14/2025,1,2.0
7640,ICO FAIRBOURNE STATION - POOL|2900 W LEHMAN AVE|WEST VALLEY CITY,9/3/2024,1,2.0
7641,ICO FAIRBOURNE STATION - POOL|2900 W LEHMAN AVE|WEST VALLEY CITY,8/4/2023,1,2.0
7642,ICO FAIRBOURNE STATION - POOL|2900 W LEHMAN AVE|WEST VALLEY CITY,5/10/2022,1,
7643,ICO FAIRBOURNE STATION - POOL|2900 W LEHMAN AVE|WEST VALLEY CITY,5/24/2021,1,
7644,ICO FAIRBOURNE STATION - POOL|2900 W LEHMAN AVE|WEST VALLEY CITY,6/2/2020,7,
7645,ICO FAIRBOURNE STATION - POOL|2900 W LEHMAN AVE|WEST VALLEY CITY,4/30/2019,1,
7646,ICO FAIRBOURNE STATION - POOL|2900 W LEHMAN AVE|WEST VALLEY CITY,7/27/2018,7,
7647,ICO FAIRBOURNE STATION - POOL|2900 W LEHMAN AVE|WEST VALLEY CITY,6/6/2018,1,
7648,ICO FAIRBOURNE STATION - POOL|2900 W LEHMAN AVE|WEST VALLEY CITY,6/2/2017,1,
7649,ICO FAIRBOURNE STATION- W/P|2900 W LEHMAN AVE|WEST VALLEY CITY,1/9/2026,2,
7650,ICO FAIRBOURNE STATION- W/P|2900 W LEHMAN AVE|WEST VALLEY CITY,11/25/2025,2,
7651,ICO FAIRBOURNE STATION- W/P|2900 W LEHMAN AVE|WEST VALLEY CITY,8/14/2025,1,3.0
7652,ICO FAIRBOURNE STATION- W/P|2900 W LEHMAN AVE|WEST VALLEY CITY,9/3/2024,1,3.0
7653,ICO FAIRBOURNE STATION- W/P|2900 W LEHMAN AVE|WEST VALLEY CITY,11/29/2023,2,
7654,ICO FAIRBOURNE STATION- W/P|2900 W LEHMAN AVE|WEST VALLEY CITY,8/4/2023,1,
7655,ICO FAIRBOURNE STATION- W/P|2900 W LEHMAN AVE|WEST VALLEY CITY,4/24/2023,2,
7656,ICO FAIRBOURNE STATION- W/P|2900 W LEHMAN AVE|WEST VALLEY CITY,10/17/2022,1,
7657,ICO FAIRBOURNE STATION- W/P|2900 W LEHMAN AVE|WEST VALLEY CITY,10/12/2021,1,
7658,ICO FAIRBOURNE STATION- W/P|2900 W LEHMAN AVE|WEST VALLEY CITY,10/28/2020,1,
7659,ICO FORT UNION APTS - POOL|1171 E BROADWING LN|COTTONWOOD HEIGHTS,7/8/2026,1,3.0
7660,ICO FORT UNION APTS - POOL|1171 E BROADWING LN|COTTONWOOD HEIGHTS,5/2/2025,1,
7661,ICO FORT UNION APTS- W/P|1171 E BROADWING LN|COTTONWOOD HEIGHTS,7/8/2026,1,
7662,ICO FORT UNION APTS- W/P|1171 E BROADWING LN|COTTONWOOD HEIGHTS,3/12/2025,1,2.0
7663,ICO VISTA STATION NORTH - POOL|13152 S VISTA STATION BLVD|DRAPER,4/13/2026,1,
7664,ICO VISTA STATION NORTH - POOL|13152 S VISTA STATION BLVD|DRAPER,5/1/2025,1,
7665,ICO VISTA STATION NORTH - POOL|13152 S VISTA STATION BLVD|DRAPER,5/2/2024,1,
7666,ICO VISTA STATION NORTH - POOL|13152 S VISTA STATION BLVD|DRAPER,7/5/2023,1,
7667,ICO VISTA STATION NORTH - POOL|13152 S VISTA STATION BLVD|DRAPER,7/6/2022,1,
7668,ICO VISTA STATION NORTH - POOL|13152 S VISTA STATION BLVD|DRAPER,7/12/2021,1,1.0
7669,ICO VISTA STATION NORTH - POOL|13152 S VISTA STATION BLVD|DRAPER,7/12/2021,1,
7670,ICO VISTA STATION NORTH - POOL|13152 S VISTA STATION BLVD|DRAPER,8/28/2020,1,1.0
7671,ICO VISTA STATION NORTH - W/P|13152 S VISTA STATION BLVD|DRAPER,1/13/2026,1,
7672,ICO VISTA STATION NORTH - W/P|13152 S VISTA STATION BLVD|DRAPER,8/11/2025,2,
7673,ICO VISTA STATION NORTH - W/P|13152 S VISTA STATION BLVD|DRAPER,2/18/2025,2,
7674,ICO VISTA STATION NORTH - W/P|13152 S VISTA STATION BLVD|DRAPER,2/13/2025,2,4.0
7675,ICO VISTA STATION NORTH - W/P|13152 S VISTA STATION BLVD|DRAPER,1/9/2025,1,
7676,ICO VISTA STATION NORTH - W/P|13152 S VISTA STATION BLVD|DRAPER,1/8/2024,1,
7677,ICO VISTA STATION NORTH - W/P|13152 S VISTA STATION BLVD|DRAPER,1/11/2023,1,
7678,ICO VISTA STATION NORTH - W/P|13152 S VISTA STATION BLVD|DRAPER,7/20/2021,1,
7679,ICO VISTA STATION NORTH - W/P|13152 S VISTA STATION BLVD|DRAPER,8/28/2020,1,
7680,ICON 9700 APARTMENTS - W/P|9678 S KALINA WY|SANDY,4/16/2026,1,1.0
7681,ICON 9700 APARTMENTS - W/P|9678 S KALINA WY|SANDY,2/23/2026,2,
7682,ICON 9700 APTS - POOL|9678 S KALINA WY|SANDY,4/16/2026,1,2.0
7683,ICONIC HAIR SALON|13118 S TWISTED OAK DR|HERRIMAN,6/6/2025,7,
7684,ICONIC HAIR SALON|13118 S TWISTED OAK DR|HERRIMAN,3/26/2025,1,
7685,ICONIC HAIR SALON|13118 S TWISTED OAK DR|HERRIMAN,3/20/2024,1,
7686,ICONIC MD LLC|268 E 12200 S|DRAPER,12/2/2025,1,
7687,ICONIC MD LLC|268 E 12200 S|DRAPER,12/17/2024,1,
7688,ICONIC MD LLC|268 E 12200 S|DRAPER,12/13/2023,1,
7689,ICONIC MD LLC|268 E 12200 S|DRAPER,1/4/2023,1,
7690,ICONIC MD LLC|268 E 12200 S|DRAPER,1/5/2022,1,
7691,ICONIC MD LLC|268 E 12200 S|DRAPER,1/7/2021,1,
7692,ICONIC MD LLC|268 E 12200 S|DRAPER,1/15/2020,1,
7693,ICONIC MD LLC|268 E 12200 S|DRAPER,7/13/2016,1,
7694,ICONIC MD LLC|268 E 12200 S|DRAPER,7/2/2014,1,4.0
7695,IFSC CLIMBING WORLD CUP BOULDER SLC 2025|440 W 800 S|SALT LAKE CITY,5/23/2025,1,1.0
7696,IJ AND JEANNE WAGNER JEWISH COMMUNITY (PRE-SCHOOL)|2 N MEDICAL DR|SALT LAKE CITY,7/11/2025,1,17.0
7697,IJ AND JEANNE WAGNER JEWISH COMMUNITY (PRE-SCHOOL)|2 N MEDICAL DR|SALT LAKE CITY,11/2/2023,1,1.0
7698,IJ AND JEANNE WAGNER JEWISH COMMUNITY (PRE-SCHOOL)|2 N MEDICAL DR|SALT LAKE CITY,11/19/2021,1,4.0
7699,IJ AND JEANNE WAGNER JEWISH COMMUNITY (PRE-SCHOOL)|2 N MEDICAL DR|SALT LAKE CITY,3/2/2020,1,7.0
7700,IJ AND JEANNE WAGNER JEWISH COMMUNITY (PRE-SCHOOL)|2 N MEDICAL DR|SALT LAKE CITY,2/12/2019,1,12.0
7701,IJ AND JEANNE WAGNER JEWISH COMMUNITY (PRE-SCHOOL)|2 N MEDICAL DR|SALT LAKE CITY,1/23/2018,1,14.0
7702,IJ AND JEANNE WAGNER JEWISH COMMUNITY (PRE-SCHOOL)|2 N MEDICAL DR|SALT LAKE CITY,2/18/2016,1,0.0
7703,IJ AND JEANNE WAGNER JEWISH COMMUNITY (PRE-SCHOOL)|2 N MEDICAL DR|SALT LAKE CITY,9/29/2014,1,1.0
7704,ILLUMINATE|350 S 200 E|SALT LAKE CITY,3/6/2026,1,
7705,ILLUSION HAIR STUDIO|423 W 800 S|SALT LAKE CITY,6/16/2026,1,1.0
7706,ILLUSION HAIR STUDIO|423 W 800 S|SALT LAKE CITY,4/22/2025,1,1.0
7707,ILLUSION HAIR STUDIO|423 W 800 S|SALT LAKE CITY,4/23/2024,1,
7708,ILLUSIONS SALON|3898 W INNOVATION DR|RIVERTON,5/31/2024,1,1.0
7709,ILLUSIONS SALON|3898 W INNOVATION DR|RIVERTON,11/21/2022,1,
7710,ILLUSIONS SALON|3898 W INNOVATION DR|RIVERTON,12/2/2021,1,
7711,ILUSION CUTZ|3004 W AMHERST AVE|WEST VALLEY CITY,3/23/2026,1,
7712,ILUSION CUTZ|3004 W AMHERST AVE|WEST VALLEY CITY,2/21/2025,1,
7713,ILUSION CUTZ|3004 W AMHERST AVE|WEST VALLEY CITY,2/22/2024,1,
7714,IMAGO MEDICAL|22 W FIRECLAY AVE|MURRAY,5/20/2026,1,
7715,IMAGO MEDICAL|22 W FIRECLAY AVE|MURRAY,5/28/2025,1,
7716,IMAGO MEDICAL|22 W FIRECLAY AVE|MURRAY,5/21/2024,1,
7717,IMAGO MEDICAL|22 W FIRECLAY AVE|MURRAY,5/15/2023,1,
7718,IMAGO MEDICAL|22 W FIRECLAY AVE|MURRAY,7/29/2022,1,
7719,IMPECCABLE BARBERS|3544 W 6200 S|TAYLORSVILLE,2/6/2026,1,3.0
7720,IN THE CUT BARBERSHOP LLC|7048 S STATE ST|MIDVALE,6/8/2026,1,
7721,INBALANCE BODYWORK &  MASSAGE|4936 W DESERT SAGE DR|HERRIMAN,3/10/2020,1,
7722,INCLINE AT ANTHEM APTS - OUTDOOR POOL|11901 S FREEDOM PARK DR|HERRIMAN,7/6/2026,2,
7723,INCLINE AT ANTHEM APTS - OUTDOOR POOL|11901 S FREEDOM PARK DR|HERRIMAN,6/17/2026,2,
7724,INCLINE AT ANTHEM APTS - OUTDOOR POOL|11901 S FREEDOM PARK DR|HERRIMAN,5/18/2026,1,
7725,INCLINE AT ANTHEM APTS - OUTDOOR POOL|11901 S FREEDOM PARK DR|HERRIMAN,5/15/2025,1,
7726,INCLINE AT ANTHEM APTS - OUTDOOR POOL|11901 S FREEDOM PARK DR|HERRIMAN,5/2/2024,1,
7727,INCLINE AT ANTHEM APTS - OUTDOOR POOL|11901 S FREEDOM PARK DR|HERRIMAN,5/31/2023,1,
7728,INCLINE AT ANTHEM APTS - OUTDOOR W/P|11901 S FREEDOM PARK DR|HERRIMAN,6/17/2026,2,
7729,INCLINE AT ANTHEM APTS - OUTDOOR W/P|11901 S FREEDOM PARK DR|HERRIMAN,4/9/2026,1,2.0
7730,INCLINE AT ANTHEM APTS - OUTDOOR W/P|11901 S FREEDOM PARK DR|HERRIMAN,9/18/2025,2,
7731,INCLINE AT ANTHEM APTS - OUTDOOR W/P|11901 S FREEDOM PARK DR|HERRIMAN,7/9/2025,3,
7732,INCLINE AT ANTHEM APTS - OUTDOOR W/P|11901 S FREEDOM PARK DR|HERRIMAN,5/15/2025,1,
7733,INCLINE AT ANTHEM APTS - OUTDOOR W/P|11901 S FREEDOM PARK DR|HERRIMAN,3/21/2025,2,
7734,INCLINE AT ANTHEM APTS - OUTDOOR W/P|11901 S FREEDOM PARK DR|HERRIMAN,2/19/2025,2,
7735,INCLINE AT ANTHEM APTS - OUTDOOR W/P|11901 S FREEDOM PARK DR|HERRIMAN,8/28/2024,2,
7736,INCLINE AT ANTHEM APTS - OUTDOOR W/P|11901 S FREEDOM PARK DR|HERRIMAN,5/2/2024,1,
7737,INCLINE AT ANTHEM APTS - OUTDOOR W/P|11901 S FREEDOM PARK DR|HERRIMAN,11/8/2023,2,
7738,INDEPENDENCE DAY DRONE SHOW 2025|1060 S 900 W|SALT LAKE CITY,7/5/2025,1,
7739,INDEPENDENCE DAY DRONE SHOW 2026|1060 S 900 W|SALT LAKE CITY,7/3/2026,1,
7740,INDIA HOUSE|8660 S STATE ST|SANDY,1/22/2026,2,1.0
7741,INDIA MELA 2025|1142 W SOUTH JORDAN PKWY|SOUTH JORDAN,9/14/2025,1,
7742,INDIA MELA 2026|1142 W SOUTH JORDAN PKWY|SOUTH JORDAN,6/7/2026,1,1.0
7743,INDIAN HILLS ELEMENTARY SCHOOL|2496 E ST MARYS DR|SALT LAKE CITY,3/16/2026,1,2.0
7744,INDIAN HILLS ELEMENTARY SCHOOL|2496 E ST MARYS DR|SALT LAKE CITY,9/11/2025,1,1.0
7745,INDIAN HILLS ELEMENTARY SCHOOL|2496 E ST MARYS DR|SALT LAKE CITY,5/5/2025,1,3.0
7746,INDIAN HILLS ELEMENTARY SCHOOL|2496 E ST MARYS DR|SALT LAKE CITY,11/1/2024,1,0.0
7747,INDIAN HILLS ELEMENTARY SCHOOL|2496 E ST MARYS DR|SALT LAKE CITY,4/25/2024,1,7.0
7748,INDIAN HILLS ELEMENTARY SCHOOL|2496 E ST MARYS DR|SALT LAKE CITY,9/14/2023,1,0.0
7749,INDIAN HILLS ELEMENTARY SCHOOL|2496 E ST MARYS DR|SALT LAKE CITY,5/11/2022,1,12.0
7750,INDIAN HILLS ELEMENTARY SCHOOL|2496 E ST MARYS DR|SALT LAKE CITY,10/25/2021,1,0.0
7751,INDIAN HILLS ELEMENTARY SCHOOL|2496 E ST MARYS DR|SALT LAKE CITY,11/8/2019,1,1.0
7752,INDIAN HILLS ELEMENTARY SCHOOL|2496 E ST MARYS DR|SALT LAKE CITY,5/8/2019,1,0.0
7753,INDIAN HILLS MIDDLE SCHOOL|1180 E SANDERS RD|SANDY,3/26/2026,1,13.0
7754,INDIAN HILLS MIDDLE SCHOOL|1180 E SANDERS RD|SANDY,10/9/2025,1,8.0
7755,INDIAN HILLS MIDDLE SCHOOL|1180 E SANDERS RD|SANDY,3/28/2025,1,4.0
7756,INDIAN HILLS MIDDLE SCHOOL|1180 E SANDERS RD|SANDY,9/12/2024,1,4.0
7757,INDIAN HILLS MIDDLE SCHOOL|1180 E SANDERS RD|SANDY,4/24/2024,1,2.0
7758,INDIAN HILLS MIDDLE SCHOOL|1180 E SANDERS RD|SANDY,10/11/2023,1,4.0
7759,INDIAN HILLS MIDDLE SCHOOL|1180 E SANDERS RD|SANDY,5/10/2023,1,1.0
7760,INDIAN HILLS MIDDLE SCHOOL|1180 E SANDERS RD|SANDY,10/28/2022,1,1.0
7761,INDIAN HILLS MIDDLE SCHOOL|1180 E SANDERS RD|SANDY,5/4/2022,1,0.0
7762,INDIAN HILLS MIDDLE SCHOOL|1180 E SANDERS RD|SANDY,12/17/2021,1,11.0
7763,INDULGE SALON|5524 W 6200 S|KEARNS,5/29/2025,7,
7764,INFORMSKIN|7198 S UNION PARK AVE|MIDVALE,6/1/2026,1,
7765,INFORMSKIN|7198 S UNION PARK AVE|MIDVALE,5/28/2025,1,
7766,INFORMSKIN|7198 S UNION PARK AVE|MIDVALE,6/6/2024,1,
7767,INFORMSKIN|7198 S UNION PARK AVE|MIDVALE,5/25/2023,1,
7768,INFORMSKIN|7198 S UNION PARK AVE|MIDVALE,6/16/2022,1,
7769,INFORMSKIN|7198 S UNION PARK AVE|MIDVALE,4/8/2021,1,
7770,INFORMSKIN|7198 S UNION PARK AVE|MIDVALE,4/24/2019,1,
7771,INFORMSKIN|7198 S UNION PARK AVE|MIDVALE,4/20/2017,1,
7772,INFORMSKIN|7198 S UNION PARK AVE|MIDVALE,5/8/2015,1,
7773,INK GODDESS LLC|1442 E DRAPER PKWY|DRAPER,9/24/2025,1,
7774,INK GODDESS LLC|1442 E DRAPER PKWY|DRAPER,10/8/2024,1,
7775,INK GODDESS LLC|1442 E DRAPER PKWY|DRAPER,11/13/2023,1,
7776,INK GODDESS LLC|1442 E DRAPER PKWY|DRAPER,12/20/2022,1,
7777,INK GODDESS LLC|1442 E DRAPER PKWY|DRAPER,8/3/2022,1,
7778,INK HAVEN|59 W 100 S|SALT LAKE CITY,6/10/2026,1,2.0
7779,INK HAVEN|59 W 100 S|SALT LAKE CITY,6/20/2025,1,2.0
7780,INN AT SNOWBIRD - POOL|9202 E LODGE DR|SALT LAKE CITY,1/29/2026,1,2.0
7781,INN AT SNOWBIRD - POOL|9202 E LODGE DR|SALT LAKE CITY,2/21/2025,1,3.0
7782,INN AT SNOWBIRD - POOL|9202 E LODGE DR|SALT LAKE CITY,9/22/2023,1,4.0
7783,INN AT SNOWBIRD - POOL|9202 E LODGE DR|SALT LAKE CITY,3/17/2022,1,3.0
7784,INN AT SNOWBIRD - POOL|9202 E LODGE DR|SALT LAKE CITY,6/26/2020,7,
7785,INN AT SNOWBIRD - POOL|9202 E LODGE DR|SALT LAKE CITY,2/25/2019,1,
7786,INN AT SNOWBIRD - POOL|9202 E LODGE DR|SALT LAKE CITY,3/13/2018,1,3.0
7787,INN AT SNOWBIRD - POOL|9202 E LODGE DR|SALT LAKE CITY,3/24/2017,1,2.0
7788,INN AT SNOWBIRD - POOL|9202 E LODGE DR|SALT LAKE CITY,3/31/2016,1,3.0
7789,INN AT SNOWBIRD - POOL|9202 E LODGE DR|SALT LAKE CITY,3/17/2015,1,
7790,INN AT SNOWBIRD - W/P|9202 E LODGE DR|SALT LAKE CITY,2/11/2026,7,
7791,INN AT SNOWBIRD - W/P|9202 E LODGE DR|SALT LAKE CITY,1/29/2026,1,3.0
7792,INN AT SNOWBIRD - W/P|9202 E LODGE DR|SALT LAKE CITY,2/21/2025,1,2.0
7793,INN AT SNOWBIRD - W/P|9202 E LODGE DR|SALT LAKE CITY,2/29/2024,2,
7794,INN AT SNOWBIRD - W/P|9202 E LODGE DR|SALT LAKE CITY,9/22/2023,1,2.0
7795,INN AT SNOWBIRD - W/P|9202 E LODGE DR|SALT LAKE CITY,3/17/2022,1,3.0
7796,INN AT SNOWBIRD - W/P|9202 E LODGE DR|SALT LAKE CITY,6/26/2020,7,
7797,INN AT SNOWBIRD - W/P|9202 E LODGE DR|SALT LAKE CITY,2/25/2019,1,
7798,INN AT SNOWBIRD - W/P|9202 E LODGE DR|SALT LAKE CITY,3/13/2018,1,4.0
7799,INN AT SNOWBIRD - W/P|9202 E LODGE DR|SALT LAKE CITY,3/24/2017,1,4.0
7800,INN AT SOLITUDE|12000 E BIG COTTONWOOD RD|SALT LAKE COUNTY,8/13/2025,1,
7801,INN AT SOLITUDE|12000 E BIG COTTONWOOD RD|SALT LAKE COUNTY,8/5/2024,1,
7802,INN AT SOLITUDE|12000 E BIG COTTONWOOD RD|SALT LAKE COUNTY,8/18/2023,1,4.0
7803,INN AT SOLITUDE|12000 E BIG COTTONWOOD RD|SALT LAKE COUNTY,4/26/2022,1,
7804,INN AT SOLITUDE|12000 E BIG COTTONWOOD RD|SALT LAKE COUNTY,3/20/2019,1,1.0
7805,INN AT SOLITUDE|12000 E BIG COTTONWOOD RD|SALT LAKE COUNTY,1/16/2018,1,1.0
7806,INN AT SOLITUDE|12000 E BIG COTTONWOOD RD|SALT LAKE COUNTY,2/13/2017,1,1.0
7807,INN AT SOLITUDE|12000 E BIG COTTONWOOD RD|SALT LAKE COUNTY,2/24/2016,1,3.0
7808,INN AT SOLITUDE|12000 E BIG COTTONWOOD RD|SALT LAKE COUNTY,12/11/2014,1,1.0
7809,INN AT SOLITUDE|12000 E BIG COTTONWOOD RD|SALT LAKE COUNTY,11/22/2013,1,
7810,INN AT SOLITUDE - POOL|12000 E COTTONWOOD CYN|SALT LAKE CITY,3/17/2026,1,2.0
7811,INN AT SOLITUDE - POOL|12000 E COTTONWOOD CYN|SALT LAKE CITY,3/4/2025,1,4.0
7812,INN AT SOLITUDE - POOL|12000 E COTTONWOOD CYN|SALT LAKE CITY,3/11/2024,1,3.0
7813,INN AT SOLITUDE - POOL|12000 E COTTONWOOD CYN|SALT LAKE CITY,2/28/2023,1,1.0
7814,INN AT SOLITUDE - POOL|12000 E COTTONWOOD CYN|SALT LAKE CITY,3/1/2022,1,4.0
7815,INN AT SOLITUDE - W/P|12000 E COTTONWOOD CYN|SALT LAKE CITY,3/19/2026,1,2.0
7816,INN AT SOLITUDE - W/P|12000 E COTTONWOOD CYN|SALT LAKE CITY,3/4/2025,1,
7817,INN AT SOLITUDE - W/P|12000 E COTTONWOOD CYN|SALT LAKE CITY,3/11/2024,1,1.0
7818,INN AT SOLITUDE - W/P|12000 E COTTONWOOD CYN|SALT LAKE CITY,10/10/2023,2,
7819,INN AT SOLITUDE - W/P|12000 E COTTONWOOD CYN|SALT LAKE CITY,3/6/2023,1,
7820,INN AT SOLITUDE - W/P|12000 E COTTONWOOD CYN|SALT LAKE CITY,4/25/2022,2,4.0
7821,INN AT SOLITUDE - W/P|12000 E COTTONWOOD CYN|SALT LAKE CITY,3/1/2022,1,4.0
7822,INN BETWEEN|1216 E 1300 S|SALT LAKE CITY,3/9/2026,1,9.0
7823,INN BETWEEN|1216 E 1300 S|SALT LAKE CITY,5/28/2025,1,16.0
7824,INN BETWEEN|1216 E 1300 S|SALT LAKE CITY,6/13/2023,1,10.0
7825,INN BETWEEN|1216 E 1300 S|SALT LAKE CITY,6/21/2021,1,2.0
7826,INN BETWEEN|1216 E 1300 S|SALT LAKE CITY,8/16/2019,1,6.0
7827,INN BETWEEN|1216 E 1300 S|SALT LAKE CITY,2/13/2019,1,24.0
7828,INN BETWEEN|1216 E 1300 S|SALT LAKE CITY,8/10/2018,1,31.0
7829,INN BETWEEN|1216 E 1300 S|SALT LAKE CITY,6/29/2018,2,2.0
7830,INNER PEACE SKIN|4770 S 900 E|SALT LAKE CITY,2/23/2026,1,
7831,INNOVATIVE STUDIO LLC|13222 S TREE SPARROW DR|RIVERTON,7/21/2025,1,
7832,INSPIRED BY LUCY LLC|248 E WINCHESTER ST|MURRAY,1/9/2026,1,
7833,INSPIRED BY LUCY LLC|248 E WINCHESTER ST|MURRAY,1/9/2026,1,3.0
7834,INTEGRATED BEAUTY SOLUTION|2480 S MAIN ST|SOUTH SALT LAKE,4/28/2025,1,
7835,INTEGRATED BEAUTY SOLUTION|2480 S MAIN ST|SOUTH SALT LAKE,5/7/2024,1,
7836,INTEGRATED BEAUTY SOLUTION|2480 S MAIN ST|SOUTH SALT LAKE,5/11/2023,1,
7837,INTEGRATED BODY WORKS|4010 S 2700 E|HOLLADAY,12/3/2018,1,
7838,INTEGRATED BODY WORKS|4010 S 2700 E|HOLLADAY,6/7/2017,1,1.0
7839,INTEGRATED BODY WORKS|4010 S 2700 E|HOLLADAY,3/9/2016,1,1.0
7840,INTEGRATED BODY WORKS|4010 S 2700 E|HOLLADAY,3/9/2015,1,
7841,INTEGRATED BODY WORKS|4010 S 2700 E|HOLLADAY,3/13/2014,1,
7842,INTEGRATED BODY WORKS|4010 S 2700 E|HOLLADAY,3/6/2013,1,
7843,INTEGRATED BODY WORKS|4010 S 2700 E|HOLLADAY,3/7/2012,1,
7844,INTEGRATED BODY WORKS|4010 S 2700 E|HOLLADAY,2/10/2011,1,
7845,INTEGRATED BODY WORKS|4010 S 2700 E|HOLLADAY,2/4/2010,1,
7846,INTEGRATED BODY WORKS|4010 S 2700 E|HOLLADAY,2/5/2009,1,3.0
7847,INTERMOUNTAIN MEDICAL CENTER - KITCHEN|5121 S COTTONWOOD ST|MURRAY,11/19/2025,1,30.0
7848,INTERMOUNTAIN MEDICAL CENTER - KITCHEN|5121 S COTTONWOOD ST|MURRAY,12/17/2024,1,21.0
7849,INTERMOUNTAIN MEDICAL CENTER - KITCHEN|5121 S COTTONWOOD ST|MURRAY,8/13/2024,1,13.0
7850,INTERMOUNTAIN MEDICAL CENTER - KITCHEN|5121 S COTTONWOOD ST|MURRAY,3/12/2024,1,23.0
7851,INTERMOUNTAIN MEDICAL CENTER - KITCHEN|5121 S COTTONWOOD ST|MURRAY,10/25/2023,1,15.0
7852,INTERMOUNTAIN MEDICAL CENTER - KITCHEN|5121 S COTTONWOOD ST|MURRAY,5/31/2023,1,19.0
7853,INTERMOUNTAIN MEDICAL CENTER - KITCHEN|5121 S COTTONWOOD ST|MURRAY,7/29/2022,1,16.0
7854,INTERMOUNTAIN MEDICAL CENTER - KITCHEN|5121 S COTTONWOOD ST|MURRAY,12/21/2021,1,4.0
7855,INTERMOUNTAIN MEDICAL CENTER - KITCHEN|5121 S COTTONWOOD ST|MURRAY,8/21/2020,1,6.0
7856,INTERMOUNTAIN MEDICAL CENTER - KITCHEN|5121 S COTTONWOOD ST|MURRAY,12/9/2019,1,12.0
7857,INTERMOUNTAIN RIGGING AND HEAVY HAUL|961 S PIONEER RD|SALT LAKE CITY,10/7/2025,1,
7858,INTERMOUNTAIN RIGGING AND HEAVY HAUL|961 S PIONEER RD|SALT LAKE CITY,10/8/2024,1,
7859,INTERMOUNTAIN RIVERTON HOSPITAL|3741 W 12600 S|RIVERTON,2/26/2026,1,13.0
7860,INTERMOUNTAIN RIVERTON HOSPITAL|3741 W 12600 S|RIVERTON,10/28/2025,1,21.0
7861,INTERMOUNTAIN RIVERTON HOSPITAL|3741 W 12600 S|RIVERTON,2/12/2025,1,2.0
7862,INTERMOUNTAIN RIVERTON HOSPITAL|3741 W 12600 S|RIVERTON,10/23/2024,1,3.0
7863,INTERMOUNTAIN RIVERTON HOSPITAL|3741 W 12600 S|RIVERTON,6/13/2024,1,0.0
7864,INTERMOUNTAIN RIVERTON HOSPITAL|3741 W 12600 S|RIVERTON,2/13/2024,1,9.0
7865,INTERMOUNTAIN RIVERTON HOSPITAL|3741 W 12600 S|RIVERTON,10/11/2023,1,31.0
7866,INTERMOUNTAIN RIVERTON HOSPITAL|3741 W 12600 S|RIVERTON,7/14/2022,1,13.0
7867,INTERMOUNTAIN RIVERTON HOSPITAL|3741 W 12600 S|RIVERTON,1/31/2022,1,22.0
7868,INTERMOUNTAIN RIVERTON HOSPITAL|3741 W 12600 S|RIVERTON,12/30/2019,1,17.0
7869,INTERNATIONAL ARTS & CRAFTS FESTIVAL 2025|12500 S 1300 E|DRAPER,9/13/2025,1,
7870,INTERNATIONAL PAPER|2590 W 1500 S|SALT LAKE CITY,4/16/2026,1,
7871,INTERNATIONAL PAPER|2590 W 1500 S|SALT LAKE CITY,8/26/2024,1,
7872,INTERNATIONAL PAPER|2590 W 1500 S|SALT LAKE CITY,4/18/2023,1,
7873,INTERNATIONAL PAPER|2590 W 1500 S|SALT LAKE CITY,7/13/2022,1,1.0
7874,INTERNATIONAL PAPER|2590 W 1500 S|SALT LAKE CITY,5/3/2021,1,
7875,INTERNATIONAL PAPER|2590 W 1500 S|SALT LAKE CITY,1/9/2020,1,
7876,INTERNATIONAL PAPER|2590 W 1500 S|SALT LAKE CITY,12/5/2018,1,1.0
7877,INTERNATIONAL PAPER|2590 W 1500 S|SALT LAKE CITY,11/21/2017,1,
7878,INTERNATIONAL PAPER|2590 W 1500 S|SALT LAKE CITY,11/28/2016,1,
7879,INTERNATIONAL PAPER|2590 W 1500 S|SALT LAKE CITY,12/7/2015,1,
7880,INTERTWINED HAIR EXTENSION CO & SALON|11978 S 700 E|DRAPER,11/4/2025,1,
7881,INTERTWINED HAIR EXTENSION CO & SALON|11978 S 700 E|DRAPER,6/6/2025,7,
7882,INTERTWINED HAIR EXTENSION CO & SALON|11978 S 700 E|DRAPER,11/20/2024,1,
7883,INTERTWINED HAIR EXTENSION CO & SALON|11978 S 700 E|DRAPER,12/29/2023,1,
7884,INTERTWINED HAIR EXTENSION CO & SALON|11978 S 700 E|DRAPER,2/2/2023,1,
7885,INTERTWINED HAIR EXTENSION CO & SALON|11978 S 700 E|DRAPER,2/14/2022,1,
7886,INTERWEST PAPER INC.|575 W 3615 S|SALT LAKE CITY,1/30/2026,1,
7887,INTERWEST PAPER INC.|575 W 3615 S|SALT LAKE CITY,1/24/2024,1,
7888,INTERWEST PAPER INC.|575 W 3615 S|SALT LAKE CITY,11/8/2022,1,
7889,INTERWEST PAPER INC.|575 W 3615 S|SALT LAKE CITY,2/4/2020,1,
7890,INTERWEST PAPER INC.|575 W 3615 S|SALT LAKE CITY,2/22/2019,1,
7891,INTERWEST PAPER INC.|575 W 3615 S|SALT LAKE CITY,2/28/2018,1,
7892,INTOWN SUITES|151 W 7200 S|MIDVALE,5/7/2025,1,1.0
7893,INTOWN SUITES|151 W 7200 S|MIDVALE,6/26/2023,1,
7894,INTOWN SUITES|151 W 7200 S|MIDVALE,6/27/2022,1,
7895,INTOWN SUITES|151 W 7200 S|MIDVALE,5/25/2021,1,1.0
7896,INTOWN SUITES|151 W 7200 S|MIDVALE,4/23/2019,1,
7897,INTOWN SUITES|151 W 7200 S|MIDVALE,4/3/2018,1,1.0
7898,INTOWN SUITES|151 W 7200 S|MIDVALE,4/6/2017,1,
7899,INTOWN SUITES|151 W 7200 S|MIDVALE,11/30/2016,1,297.0
7900,INTOWN SUITES|151 W 7200 S|MIDVALE,11/10/2015,1,
7901,INTOWN SUITES|151 W 7200 S|MIDVALE,10/28/2014,1,2.0
7902,INTOWN SUITES SALT LAKE|48 W 3300 S|SOUTH SALT LAKE,10/6/2025,1,1.0
7903,INTOWN SUITES SALT LAKE|48 W 3300 S|SOUTH SALT LAKE,9/17/2024,1,1.0
7904,INTOWN SUITES SALT LAKE|48 W 3300 S|SOUTH SALT LAKE,10/25/2023,1,
7905,INTOWN SUITES SALT LAKE|48 W 3300 S|SOUTH SALT LAKE,11/29/2022,1,
7906,INTOWN SUITES SALT LAKE|48 W 3300 S|SOUTH SALT LAKE,11/3/2021,1,
7907,INTOWN SUITES SALT LAKE|48 W 3300 S|SOUTH SALT LAKE,10/26/2020,1,1.0
7908,INTOWN SUITES SALT LAKE|48 W 3300 S|SOUTH SALT LAKE,10/15/2019,1,3.0
7909,INTOWN SUITES SALT LAKE|48 W 3300 S|SOUTH SALT LAKE,12/10/2018,1,1.0
7910,INTOWN SUITES SALT LAKE|48 W 3300 S|SOUTH SALT LAKE,6/22/2017,1,6.0
7911,INTOWN SUITES SALT LAKE|48 W 3300 S|SOUTH SALT LAKE,12/29/2015,1,11.0
7912,"IRIS PIERCING, LLC|2431 S HIGHLAND DR|SALT LAKE CITY",6/23/2026,1,1.0
7913,"IRIS PIERCING, LLC|2431 S HIGHLAND DR|SALT LAKE CITY",6/27/2025,1,1.0
7914,"IRIS PIERCING, LLC|2431 S HIGHLAND DR|SALT LAKE CITY",5/22/2024,1,
7915,"IRIS PIERCING, LLC|2431 S HIGHLAND DR|SALT LAKE CITY",5/26/2023,1,1.0
7916,"IRIS PIERCING, LLC|2431 S HIGHLAND DR|SALT LAKE CITY",5/12/2022,1,
7917,"IRIS PIERCING, LLC|2431 S HIGHLAND DR|SALT LAKE CITY",5/24/2021,1,
7918,"IRIS PIERCING, LLC|2431 S HIGHLAND DR|SALT LAKE CITY",5/10/2019,1,
7919,"IRIS PIERCING, LLC|2431 S HIGHLAND DR|SALT LAKE CITY",5/1/2018,1,
7920,"IRIS PIERCING, LLC|2431 S HIGHLAND DR|SALT LAKE CITY",5/18/2017,1,
7921,"IRIS PIERCING, LLC|2431 S HIGHLAND DR|SALT LAKE CITY",5/2/2016,1,
7922,IRIS SALON AND BEAUTY|715 E 3900 S|MILLCREEK,8/15/2025,1,
7923,IRIS SALON AND BEAUTY|715 E 3900 S|MILLCREEK,8/28/2024,1,
7924,IRON BLOSAM LODGE|8974 E LITTLE COTTONWOOD CYN RD|SALT LAKE COUNTY,7/9/2026,1,
7925,IRON BLOSAM LODGE|8974 E LITTLE COTTONWOOD CYN RD|SALT LAKE COUNTY,7/18/2025,1,
7926,IRON BLOSAM LODGE|8974 E LITTLE COTTONWOOD CYN RD|SALT LAKE COUNTY,7/8/2024,1,
7927,IRON BLOSAM LODGE|8974 E LITTLE COTTONWOOD CYN RD|SALT LAKE COUNTY,7/26/2023,1,2.0
7928,IRON BLOSAM LODGE|8974 E LITTLE COTTONWOOD CYN RD|SALT LAKE COUNTY,4/25/2022,1,
7929,IRON BLOSAM LODGE|8974 E LITTLE COTTONWOOD CYN RD|SALT LAKE COUNTY,4/19/2021,1,
7930,IRON BLOSAM LODGE|8974 E LITTLE COTTONWOOD CYN RD|SALT LAKE COUNTY,4/22/2019,1,2.0
7931,IRON BLOSAM LODGE|8974 E LITTLE COTTONWOOD CYN RD|SALT LAKE COUNTY,2/26/2014,1,
7932,IRON BLOSAM LODGE - EAST POOL|9121 E SNOWBIRD CENTER DR|SANDY,7/9/2026,1,3.0
7933,IRON BLOSAM LODGE - EAST POOL|9121 E SNOWBIRD CENTER DR|SANDY,5/28/2025,1,4.0
7934,IRON BLOSAM LODGE - EAST POOL|9121 E SNOWBIRD CENTER DR|SANDY,5/17/2024,1,3.0
7935,IRON BLOSAM LODGE - EAST POOL|9121 E SNOWBIRD CENTER DR|SANDY,6/28/2023,2,1.0
7936,IRON BLOSAM LODGE - EAST POOL|9121 E SNOWBIRD CENTER DR|SANDY,6/26/2023,1,4.0
7937,IRON BLOSAM LODGE - EAST POOL|9121 E SNOWBIRD CENTER DR|SANDY,5/31/2022,1,7.0
7938,IRON BLOSAM LODGE - EAST POOL|9121 E SNOWBIRD CENTER DR|SANDY,5/31/2022,2,
7939,IRON BLOSAM LODGE - EAST POOL|9121 E SNOWBIRD CENTER DR|SANDY,10/13/2020,1,1.0
7940,IRON BLOSAM LODGE - EAST POOL|9121 E SNOWBIRD CENTER DR|SANDY,6/26/2020,7,1.0
7941,IRON BLOSAM LODGE - EAST POOL|9121 E SNOWBIRD CENTER DR|SANDY,8/14/2019,7,
7942,IRON BLOSAM LODGE - WADER|9121 E SNOWBIRD CENTER DR|SANDY,7/9/2026,1,2.0
7943,IRON BLOSAM LODGE - WADER|9121 E SNOWBIRD CENTER DR|SANDY,6/27/2025,2,
7944,IRON BLOSAM LODGE - WADER|9121 E SNOWBIRD CENTER DR|SANDY,6/3/2025,1,
7945,IRON BLOSAM LODGE - WADER|9121 E SNOWBIRD CENTER DR|SANDY,5/28/2025,1,5.0
7946,IRON BLOSAM LODGE - WADER|9121 E SNOWBIRD CENTER DR|SANDY,5/17/2024,1,4.0
7947,IRON BLOSAM LODGE - WADER|9121 E SNOWBIRD CENTER DR|SANDY,5/31/2022,1,3.0
7948,IRON BLOSAM LODGE - WADER|9121 E SNOWBIRD CENTER DR|SANDY,10/13/2020,1,3.0
7949,IRON BLOSAM LODGE - WADER|9121 E SNOWBIRD CENTER DR|SANDY,6/26/2020,7,2.0
7950,IRON BLOSAM LODGE - WADER|9121 E SNOWBIRD CENTER DR|SANDY,8/14/2019,7,
7951,IRON BLOSAM LODGE - WADER|9121 E SNOWBIRD CENTER DR|SANDY,7/19/2019,1,2.0
7952,IRON BLOSAM LODGE - WEST POOL|9121 E SNOWBIRD CENTER DR|SANDY,7/9/2026,1,4.0
7953,IRON BLOSAM LODGE - WEST POOL|9121 E SNOWBIRD CENTER DR|SANDY,3/9/2026,2,
7954,IRON BLOSAM LODGE - WEST POOL|9121 E SNOWBIRD CENTER DR|SANDY,6/3/2025,1,5.0
7955,IRON BLOSAM LODGE - WEST POOL|9121 E SNOWBIRD CENTER DR|SANDY,5/30/2025,1,
7956,IRON BLOSAM LODGE - WEST POOL|9121 E SNOWBIRD CENTER DR|SANDY,5/28/2024,1,5.0
7957,IRON BLOSAM LODGE - WEST POOL|9121 E SNOWBIRD CENTER DR|SANDY,4/2/2024,2,
7958,IRON BLOSAM LODGE - WEST POOL|9121 E SNOWBIRD CENTER DR|SANDY,2/29/2024,2,
7959,IRON BLOSAM LODGE - WEST POOL|9121 E SNOWBIRD CENTER DR|SANDY,6/27/2023,2,
7960,IRON BLOSAM LODGE - WEST POOL|9121 E SNOWBIRD CENTER DR|SANDY,6/26/2023,2,3.0
7961,IRON BLOSAM LODGE - WEST POOL|9121 E SNOWBIRD CENTER DR|SANDY,3/14/2023,1,5.0
7962,IRON BLOSAM LODGE - WEST W/P|9121 E SNOWBIRD CENTER DR|SANDY,7/9/2026,1,
7963,IRON BLOSAM LODGE - WEST W/P|9121 E SNOWBIRD CENTER DR|SANDY,6/27/2025,2,
7964,IRON BLOSAM LODGE - WEST W/P|9121 E SNOWBIRD CENTER DR|SANDY,6/3/2025,1,1.0
7965,IRON BLOSAM LODGE - WEST W/P|9121 E SNOWBIRD CENTER DR|SANDY,7/11/2024,1,
7966,IRON BLOSAM LODGE - WEST W/P|9121 E SNOWBIRD CENTER DR|SANDY,5/28/2024,1,
7967,IRON BLOSAM LODGE - WEST W/P|9121 E SNOWBIRD CENTER DR|SANDY,3/16/2023,1,4.0
7968,IRON BLOSAM LODGE - WEST W/P|9121 E SNOWBIRD CENTER DR|SANDY,2/7/2023,2,
7969,IRON BLOSAM LODGE - WEST W/P|9121 E SNOWBIRD CENTER DR|SANDY,9/27/2022,2,
7970,IRON BLOSAM LODGE - WEST W/P|9121 E SNOWBIRD CENTER DR|SANDY,8/17/2022,2,
7971,IRON BLOSAM LODGE - WEST W/P|9121 E SNOWBIRD CENTER DR|SANDY,3/22/2022,1,12.0
7972,IRON PALM MASSAGE THERAPY & MARTIAL ARTS|308 E 4500 S|MURRAY,4/20/2022,1,
7973,IRREEZISTABLE NAILS|441 W 12300 S|DRAPER,9/24/2025,1,
7974,IRREEZISTABLE NAILS|441 W 12300 S|DRAPER,10/24/2024,1,
7975,IRREEZISTABLE NAILS|441 W 12300 S|DRAPER,12/29/2023,1,
7976,IRREEZISTABLE NAILS|441 W 12300 S|DRAPER,2/28/2023,1,
7977,IRREEZISTABLE NAILS|441 W 12300 S|DRAPER,3/18/2022,1,
7978,IRVING HEIGHTS APTS - POOL|1963 S 1200 E|SALT LAKE CITY,8/11/2025,1,1.0
7979,IRVING HEIGHTS APTS - POOL|1963 S 1200 E|SALT LAKE CITY,6/21/2024,1,
7980,IRVING HEIGHTS APTS - POOL|1963 S 1200 E|SALT LAKE CITY,5/25/2023,1,1.0
7981,IRVING HEIGHTS APTS - POOL|1963 S 1200 E|SALT LAKE CITY,6/17/2022,2,
7982,IRVING HEIGHTS APTS - POOL|1963 S 1200 E|SALT LAKE CITY,6/17/2022,1,
7983,IRVING HEIGHTS APTS - POOL|1963 S 1200 E|SALT LAKE CITY,6/10/2022,2,5.0
7984,IRVING HEIGHTS APTS - POOL|1963 S 1200 E|SALT LAKE CITY,6/15/2021,2,
7985,IRVING HEIGHTS APTS - POOL|1963 S 1200 E|SALT LAKE CITY,6/15/2021,1,
7986,IRVING HEIGHTS APTS - POOL|1963 S 1200 E|SALT LAKE CITY,6/11/2020,7,
7987,IRVING HEIGHTS APTS - POOL|1963 S 1200 E|SALT LAKE CITY,6/19/2019,1,2.0
7988,IRVING SCHOOL APTS - POOL|1155 E 2100 S|SALT LAKE CITY,6/2/2026,1,1.0
7989,IRVING SCHOOL APTS - POOL|1155 E 2100 S|SALT LAKE CITY,8/25/2025,7,
7990,IRVING SCHOOL APTS - POOL|1155 E 2100 S|SALT LAKE CITY,6/23/2025,1,1.0
7991,IRVING SCHOOL APTS - POOL|1155 E 2100 S|SALT LAKE CITY,7/17/2024,1,1.0
7992,IRVING SCHOOL APTS - POOL|1155 E 2100 S|SALT LAKE CITY,7/18/2023,1,1.0
7993,IRVING SCHOOL APTS - POOL|1155 E 2100 S|SALT LAKE CITY,8/2/2022,1,1.0
7994,IRVING SCHOOL APTS - POOL|1155 E 2100 S|SALT LAKE CITY,6/16/2021,2,
7995,IRVING SCHOOL APTS - POOL|1155 E 2100 S|SALT LAKE CITY,6/16/2021,1,3.0
7996,IRVING SCHOOL APTS - POOL|1155 E 2100 S|SALT LAKE CITY,6/11/2020,7,
7997,IRVING SCHOOL APTS - POOL|1155 E 2100 S|SALT LAKE CITY,6/21/2019,2,
7998,IRVING SCHOOL APTS - W/P|1155 E 2100 S|SALT LAKE CITY,6/2/2026,1,
7999,IRVING SCHOOL APTS - W/P|1155 E 2100 S|SALT LAKE CITY,6/23/2025,1,
8000,IRVING SCHOOL APTS - W/P|1155 E 2100 S|SALT LAKE CITY,1/7/2025,2,
8001,IRVING SCHOOL APTS - W/P|1155 E 2100 S|SALT LAKE CITY,9/6/2024,2,
8002,IRVING SCHOOL APTS - W/P|1155 E 2100 S|SALT LAKE CITY,7/29/2024,2,
8003,IRVING SCHOOL APTS - W/P|1155 E 2100 S|SALT LAKE CITY,6/24/2024,1,1.0
8004,IRVING SCHOOL APTS - W/P|1155 E 2100 S|SALT LAKE CITY,6/7/2024,2,
8005,IRVING SCHOOL APTS - W/P|1155 E 2100 S|SALT LAKE CITY,4/26/2023,1,4.0
8006,IRVING SCHOOL APTS - W/P|1155 E 2100 S|SALT LAKE CITY,7/13/2022,2,
8007,IRVING SCHOOL APTS - W/P|1155 E 2100 S|SALT LAKE CITY,11/18/2021,1,
8008,ISABELLAS CATERING/CITY OF HOLLADAY BREAKFAST|3330 S 1300 S|HOLLADAY,7/4/2026,1,
8009,ISLAND TYME GRILL/SAMOAN HERITAGE|5051 S 4015 W|TAYLORSVILLE,7/14/2026,1,6.0
8010,ISLAND TYME GRILL/SAMOAN HERITAGE|5051 S 4015 W|TAYLORSVILLE,7/16/2026,1,3.0
8011,IT'S ALL ABOUT ME|1572 W 7800 S|WEST JORDAN,11/6/2025,1,
8012,IT'S ALL ABOUT ME|1572 W 7800 S|WEST JORDAN,8/9/2024,1,1.0
8013,IT'S ALL ABOUT ME|1572 W 7800 S|WEST JORDAN,8/2/2023,1,2.0
8014,IT'S ALL ABOUT ME|1572 W 7800 S|WEST JORDAN,7/11/2022,1,
8015,IT'S ALL ABOUT ME|1572 W 7800 S|WEST JORDAN,6/16/2021,1,3.0
8016,IT'S ALL ABOUT ME|1572 W 7800 S|WEST JORDAN,3/6/2020,1,
8017,IT'S ALL ABOUT ME|1572 W 7800 S|WEST JORDAN,1/28/2019,1,2.0
8018,IT'S ALL ABOUT ME|1572 W 7800 S|WEST JORDAN,1/20/2017,1,1.0
8019,IT'S ALL ABOUT ME|1572 W 7800 S|WEST JORDAN,11/25/2014,1,1.0
8020,IT'S ALL ABOUT ME|1572 W 7800 S|WEST JORDAN,9/28/2012,1,2.0
