establishment_key,name,address,city,city_state_zip,phone,establishment_type,rank,scraped_at
100 LIONS BAR|9256 S STATE ST|SANDY,100 LIONS BAR,9256 S STATE ST,SANDY,"SANDY, UT 84070",8017272740,Mobiles: Food Carts,89,2026-07-15T04:49:36.216844+00:00
1800 CONTACTS|261 W DATA DR|DRAPER,1800 CONTACTS,261 W DATA DR,DRAPER,"DRAPER, UT 84020",8013165440,Restaurants: plated,78,2026-07-15T04:50:21.710433+00:00
23 N 900 W SLC|23 N 900 W|SALT LAKE CITY,23 N 900 W SLC,23 N 900 W,SALT LAKE CITY,"SALT LAKE CITY, UT 84116",7852181510,Commissary,100,2026-07-15T04:51:48.060615+00:00
3 TORITOS TACOS #355146Z|1051 S 300 W|SALT LAKE CITY,3 TORITOS TACOS #355146Z,1051 S 300 W,SALT LAKE CITY,"SALT LAKE CITY, UT 84101",8015564420,Mobiles: Mobile Food Units (Trucks),87,2026-07-15T04:52:37.320908+00:00
4 FORKS CATERING|8684 S SNOW MOUNTAIN DR|SANDY,4 FORKS CATERING,8684 S SNOW MOUNTAIN DR,SANDY,"SANDY, UT 84093",8012099500,"Caterers, not restaurant connected",94,2026-07-15T04:53:02.896203+00:00
801 COFFEE ROASTERS|550 N 300 W|SALT LAKE CITY,801 COFFEE ROASTERS,550 N 300 W,SALT LAKE CITY,"SALT LAKE CITY, UT 84103",8018915990,Restaurants: plated,100,2026-07-15T04:54:08.279548+00:00
9UP NIGHT MARKET|3232 S 400 E|SOUTH SALT LAKE,9UP NIGHT MARKET,3232 S 400 E,SOUTH SALT LAKE,"SOUTH SALT LAKE, UT 84115",6266288101,"Caterers, not restaurant connected",86,2026-07-15T04:54:21.536096+00:00
ABBINGTON AT MURRAY|5377 S STATE ST|MURRAY,ABBINGTON AT MURRAY,5377 S STATE ST,MURRAY,"MURRAY, UT 84107",8014380300,Restaurants: plated,83,2026-07-15T04:54:47.290688+00:00
AFRICAN RESTAURANT|1522 S STATE ST|SALT LAKE CITY,AFRICAN RESTAURANT,1522 S STATE ST,SALT LAKE CITY,"SALT LAKE CITY, UT 84115",4352243267,Restaurants: plated,78,2026-07-15T04:56:04.436588+00:00
ALFS RESTAURANT|10700 E LITTLE COTTONWOOD CYN|ALTA,ALFS RESTAURANT,10700 E LITTLE COTTONWOOD CYN,ALTA,"ALTA, UT 84092",8013591078,Restaurants: plated,94,2026-07-15T04:56:31.690610+00:00
ALLURE THAI DELISH|67 W 1700 S|SALT LAKE CITY,ALLURE THAI DELISH,67 W 1700 S,SALT LAKE CITY,"SALT LAKE CITY, UT 84115",8017394117,"Caterers, not restaurant connected",86,2026-07-15T04:57:43.474186+00:00
ALTA CLUB - BAR|100 E SOUTHTEMPLE ST|SALT LAKE CITY,ALTA CLUB - BAR,100 E SOUTHTEMPLE ST,SALT LAKE CITY,"SALT LAKE CITY, UT 84111",8013221081,Beverage Service: Bars/Lounges,100,2026-07-15T04:57:57.908179+00:00
ALTA CLUB - GRILL|100 E SOUTHTEMPLE ST|SALT LAKE CITY,ALTA CLUB - GRILL,100 E SOUTHTEMPLE ST,SALT LAKE CITY,"SALT LAKE CITY, UT 84111",8013221081,Restaurants: plated,96,2026-07-15T04:59:20.675895+00:00
ALTA CLUB - RESTAURANT|100 E SOUTHTEMPLE ST|SALT LAKE CITY,ALTA CLUB - RESTAURANT,100 E SOUTHTEMPLE ST,SALT LAKE CITY,"SALT LAKE CITY, UT 84111",8013221081,Restaurants: plated,90,2026-07-15T05:00:59.880714+00:00
ALTA LODGE - LOUNGE|10230 E LITTLE COTTONWOOD CYN|ALTA,ALTA LODGE - LOUNGE,10230 E LITTLE COTTONWOOD CYN,ALTA,"ALTA, UT 84092",8017423500,Beverage Service: Bars/Lounges,100,2026-07-15T05:02:48.860821+00:00
ALTITUDE TRAMPOLINE PARK|3813 W CENTER VIEW WY|WEST JORDAN,ALTITUDE TRAMPOLINE PARK,3813 W CENTER VIEW WY,WEST JORDAN,"WEST JORDAN, UT 84084",3852559188,Restaurants: non-plated,76,2026-07-15T05:04:18.745902+00:00
AN EXQUISITE AFFAIR CATERING@YOSHIS|3232 S 400 E|SOUTH SALT LAKE,AN EXQUISITE AFFAIR CATERING@YOSHIS,3232 S 400 E,SOUTH SALT LAKE,"SOUTH SALT LAKE, UT 84115",8012787341,"Caterers, not restaurant connected",100,2026-07-15T05:04:44.138152+00:00
ANTOJITOS DEL GORDO #410138Z|1308 W 500 N|SALT LAKE CITY,ANTOJITOS DEL GORDO #410138Z,1308 W 500 N,SALT LAKE CITY,"SALT LAKE CITY, UT 84116",8016883617,Mobiles: Mobile Food Units (Trucks),81,2026-07-15T05:05:03.186945+00:00
ANTOJITOS DONA JULIA|1447 W 1000 N|SALT LAKE CITY,ANTOJITOS DONA JULIA,1447 W 1000 N,SALT LAKE CITY,"SALT LAKE CITY, UT 84116",8013009902,Restaurants: plated,86,2026-07-15T05:05:17.620730+00:00
ANTOJITOS MEXICANOS EL CABRITO|956 W 1000 N|SALT LAKE CITY,ANTOJITOS MEXICANOS EL CABRITO,956 W 1000 N,SALT LAKE CITY,"SALT LAKE CITY, UT 84116",8013632645,Restaurants: plated,80,2026-07-15T05:06:08.177671+00:00
APOLLO BURGER|379 S MAIN ST|SALT LAKE CITY,APOLLO BURGER,379 S MAIN ST,SALT LAKE CITY,"SALT LAKE CITY, UT 84111",8019754052,Restaurants: plated,83,2026-07-15T05:07:35.342668+00:00
APOLLO BURGER WEST JORDAN|7134 S REDWOOD RD|WEST JORDAN,APOLLO BURGER WEST JORDAN,7134 S REDWOOD RD,WEST JORDAN,"WEST JORDAN, UT 84084",8019754052,Restaurants: non-plated,91,2026-07-15T05:08:49.649893+00:00
APOLLO BURGERS|950 W 1700 S|SALT LAKE CITY,APOLLO BURGERS,950 W 1700 S,SALT LAKE CITY,"SALT LAKE CITY, UT 84104",8019754052,Restaurants: non-plated,83,2026-07-15T05:09:03.627799+00:00
APOLLO BURGERS (COMMISSARY)|940 W 1700 S|SALT LAKE CITY,APOLLO BURGERS (COMMISSARY),940 W 1700 S,SALT LAKE CITY,"SALT LAKE CITY, UT 84104",8019754052,Commissary,100,2026-07-15T05:10:35.975126+00:00
APOLLO FOOD TRUCK #1Z7PW|940 W 1700 S|SALT LAKE CITY,APOLLO FOOD TRUCK #1Z7PW,940 W 1700 S,SALT LAKE CITY,"SALT LAKE CITY, UT 84104",8019754052,Mobiles: Mobile Food Units (Trucks),87,2026-07-15T05:11:41.313369+00:00
APPLEBEES|5678 S REDWOOD RD|TAYLORSVILLE,APPLEBEES,5678 S REDWOOD RD,TAYLORSVILLE,"TAYLORSVILLE, UT 84123",8019635100,Restaurants: plated,83,2026-07-15T05:12:31.521795+00:00
APPLEBEES|3736 W 7800 S|WEST JORDAN,APPLEBEES,3736 W 7800 S,WEST JORDAN,"WEST JORDAN, UT 84088",8012806699,Restaurants: plated,93,2026-07-15T05:14:09.224059+00:00
ARBYS|3575 S 8400 W|MAGNA TS,ARBYS,3575 S 8400 W,MAGNA TS,"MAGNA TS, UT 84044",95251681,Restaurants: non-plated,83,2026-07-15T05:15:54.465492+00:00
ARBYS #5118|741 E FORT UNION BLVD|MIDVALE,ARBYS #5118,741 E FORT UNION BLVD,MIDVALE,"MIDVALE, UT 84047",8012558684,Restaurants: non-plated,80,2026-07-15T05:17:46.136837+00:00
ARBYS 1187|2284 E 3900 S|HOLLADAY,ARBYS 1187,2284 E 3900 S,HOLLADAY,"HOLLADAY, UT 84124",6785144100,Restaurants: non-plated,90,2026-07-15T05:19:22.962798+00:00
ARBYS 1333|2819 W 7800 S|WEST JORDAN,ARBYS 1333,2819 W 7800 S,WEST JORDAN,"WEST JORDAN, UT 84088",6785144100,Restaurants: non-plated,95,2026-07-15T05:21:07.646345+00:00
ARBYS 1645|1650 S STATE ST|SALT LAKE CITY,ARBYS 1645,1650 S STATE ST,SALT LAKE CITY,"SALT LAKE CITY, UT 84115",6785144100,Restaurants: non-plated,94,2026-07-15T05:23:11.519680+00:00
ARETE GELATO @ SALT LAKE COMMISSARY|3232 S 400 E|SOUTH SALT LAKE,ARETE GELATO @ SALT LAKE COMMISSARY,3232 S 400 E,SOUTH SALT LAKE,"SOUTH SALT LAKE, UT 84115",8014136408,"Caterers, not restaurant connected",86,2026-07-15T05:30:25.595019+00:00
ARGENTINAS #6EED3|1320 E 500 S|SALT LAKE CITY,ARGENTINAS #6EED3,1320 E 500 S,SALT LAKE CITY,"SALT LAKE CITY, UT 84102",4359011597,Mobiles: Mobile Food Units (Trucks),87,2026-07-15T05:31:54.079026+00:00
ARIVO CAFE|4770 S 5600 W|KEARNS,ARIVO CAFE,4770 S 5600 W,KEARNS,"KEARNS, UT 84118",,Restaurants: plated,88,2026-07-15T05:32:47.336749+00:00
ART COTTAGE|1100 W 7800 S|WEST JORDAN,ART COTTAGE,1100 W 7800 S,WEST JORDAN,"WEST JORDAN, UT 84088",8015611372,Restaurants: non-plated,76,2026-07-15T05:42:27.428678+00:00
ATOMIC BISCUIT - DOG PATIO|401 E 900 S|SALT LAKE CITY,ATOMIC BISCUIT - DOG PATIO,401 E 900 S,SALT LAKE CITY,"SALT LAKE CITY, UT 84111",4357997535,Restaurants: non-plated,98,2026-07-15T05:43:58.744609+00:00
AUNTIE RAES DESSERT ISLAND|4704 S HOLLADAY BLVD|HOLLADAY,AUNTIE RAES DESSERT ISLAND,4704 S HOLLADAY BLVD,HOLLADAY,"HOLLADAY, UT 84117",8016793925,Restaurants: non-plated,96,2026-07-15T05:53:14.976528+00:00
BABY YETI|9151 S 255 W|SANDY,BABY YETI,9151 S 255 W,SANDY,"SANDY, UT 84070",8018600416,Concessions: shaved ice only,88,2026-07-15T05:54:29.897523+00:00
BABYS BAGELS|204 E 500 S|SALT LAKE CITY,BABYS BAGELS,204 E 500 S,SALT LAKE CITY,"SALT LAKE CITY, UT 84111",8016130066,Restaurants: non-plated,83,2026-07-15T05:55:30.996850+00:00
BAD ASS COFFEE OF HAWAII|7794 S GARDNER STOP WY|WEST JORDAN,BAD ASS COFFEE OF HAWAII,7794 S GARDNER STOP WY,WEST JORDAN,"WEST JORDAN, UT 84084",8014955905,Beverage Service: Coffee,78,2026-07-15T05:56:35.520729+00:00
BAD CADDY GOLF|451 S 300 W|SALT LAKE CITY,BAD CADDY GOLF,451 S 300 W,SALT LAKE CITY,"SALT LAKE CITY, UT 84101",8016452204,Restaurants: non-plated,90,2026-07-15T05:57:34.716082+00:00
BAGEL PROJECT|779 S 500 E|SALT LAKE CITY,BAGEL PROJECT,779 S 500 E,SALT LAKE CITY,"SALT LAKE CITY, UT 84102",9178229313,Restaurants: non-plated,78,2026-07-15T05:58:01.018965+00:00
BALANCE NUTRITION|2246 W 5400 S|TAYLORSVILLE,BALANCE NUTRITION,2246 W 5400 S,TAYLORSVILLE,"TAYLORSVILLE, UT 84129",8013305830,Beverage Service: Juice/Smoothies,86,2026-07-15T05:59:34.099419+00:00
BAMBARA/HOTEL MONACO BANQUET KITCHEN|202 S MAIN ST|SALT LAKE CITY,BAMBARA/HOTEL MONACO BANQUET KITCHEN,202 S MAIN ST,SALT LAKE CITY,"SALT LAKE CITY, UT 84101",8013635454,Restaurants: plated,100,2026-07-15T06:00:07.486596+00:00
BAMBARA/HOTEL MONACO CLUB|15 W 200 S|SALT LAKE CITY,BAMBARA/HOTEL MONACO CLUB,15 W 200 S,SALT LAKE CITY,"SALT LAKE CITY, UT 84101",8015950000,Beverage Service: Bars/Lounges,96,2026-07-15T06:01:22.336126+00:00
BAMBARA/HOTEL MONACO MAIN KITCHEN|202 S MAIN ST|SALT LAKE CITY,BAMBARA/HOTEL MONACO MAIN KITCHEN,202 S MAIN ST,SALT LAKE CITY,"SALT LAKE CITY, UT 84101",8013635454,Restaurants: plated,88,2026-07-15T06:01:43.522129+00:00
BAR AT ASHER ADAMS|2 S 400 W|SALT LAKE CITY,BAR AT ASHER ADAMS,2 S 400 W,SALT LAKE CITY,"SALT LAKE CITY, UT 84101",7196495332,Restaurants: non-plated,96,2026-07-15T06:03:11.496732+00:00
BARBACOA|1335 S 700 W|SALT LAKE CITY,BARBACOA,1335 S 700 W,SALT LAKE CITY,"SALT LAKE CITY, UT 84104",8015206905,Commissary,85,2026-07-15T06:03:26.757461+00:00
BARNES & NOBLE|132 E WINCHESTER ST|MURRAY,BARNES & NOBLE,132 E WINCHESTER ST,MURRAY,"MURRAY, UT 84107",3857439441,Beverage Service: Coffee,90,2026-07-15T06:04:40.997752+00:00
BARNES & NOBLE|10433 S STATE ST|SANDY,BARNES & NOBLE,10433 S STATE ST,SANDY,"SANDY, UT 84070",516338655,Restaurants: non-plated,76,2026-07-15T06:05:00.086726+00:00
BARNES & NOBLE #2137|7157 S PLAZA CENTER DR|WEST JORDAN,BARNES & NOBLE #2137,7157 S PLAZA CENTER DR,WEST JORDAN,"WEST JORDAN, UT 84084",8012821324,Restaurants: non-plated,88,2026-07-15T06:05:18.563047+00:00
BASKIN ROBBINS|1465 E 2100 S|SALT LAKE CITY,BASKIN ROBBINS,9497 S 700 E,SALT LAKE CITY,"SANDY, UT 84070",8013000753,Restaurants: non-plated,81,2026-07-15T06:06:35.058459+00:00
BASKIN ROBBINS|9497 S 700 E|SANDY,BASKIN ROBBINS,1465 E 2100 S,SANDY,"SALT LAKE CITY, UT 84105",8013000753,Restaurants: non-plated,76,2026-07-15T06:07:43.374673+00:00
BEACON CREST|591 E PIONEER RD|DRAPER,BEACON CREST,591 E PIONEER RD,DRAPER,"DRAPER, UT 84020",9494661592,Restaurants: plated,90,2026-07-15T06:09:18.429909+00:00
BEAN AROUND #Z047MT|67 W 1700 S|SALT LAKE CITY,BEAN AROUND #Z047MT,67 W 1700 S,SALT LAKE CITY,"SALT LAKE CITY, UT 84115",8013553402,Mobiles: Mobile Food Units (Trucks),98,2026-07-15T06:10:58.033364+00:00
BEANS & BREW COFFEE|5373 S 3600 W|TAYLORSVILLE,BEANS & BREW COFFEE,5373 S 3600 W,TAYLORSVILLE,"TAYLORSVILLE, UT 84129",8019637805,Beverage Service: Coffee,78,2026-07-16T04:28:09.435281+00:00
BEANS & BREWS|7455 S UNION PARK AVE|MIDVALE,BEANS & BREWS,7455 S UNION PARK AVE,MIDVALE,"MIDVALE, UT 84047",8014559506,Beverage Service: Coffee,86,2026-07-16T04:29:07.880526+00:00
BEANS & BREWS|3069 S COLT PLAZA DR|WEST VALLEY CITY,BEANS & BREWS,3069 S COLT PLAZA DR,WEST VALLEY CITY,"WEST VALLEY CITY, UT 84128",8019681104,Beverage Service: Coffee,86,2026-07-16T04:29:54.644163+00:00
BEANS & BREWS COFFE HOUSE|7157 S BINGHAM JUNCTION BLVD|MIDVALE,BEANS & BREWS COFFE HOUSE,7157 S BINGHAM JUNCTION BLVD,MIDVALE,"MIDVALE, UT 84047",8015615241,Beverage Service: Coffee,81,2026-07-16T04:30:53.280930+00:00
BEANS & BREWS COFFEE|2707 S HIGHLAND DR|SALT LAKE CITY,BEANS & BREWS COFFEE,2707 S HIGHLAND DR,SALT LAKE CITY,"SALT LAKE CITY, UT 84106",8015615241,Beverage Service: Coffee,81,2026-07-16T04:31:37.004712+00:00
BEANS & BREWS COFFEE HOUSE|3512 W MARADONA DR|HERRIMAN,BEANS & BREWS COFFEE HOUSE,3512 W MARADONA DR,HERRIMAN,"HERRIMAN, UT 84096",8018913010,Beverage Service: Coffee,76,2026-07-16T04:32:22.696079+00:00
BEANS & BREWS COFFEE HOUSE|906 S 500 E|SALT LAKE CITY,BEANS & BREWS COFFEE HOUSE,906 S 500 E,SALT LAKE CITY,"SALT LAKE CITY, UT 84105",8015615241,Beverage Service: Coffee,81,2026-07-16T04:32:44.630231+00:00
BEANS AND BREWS|7859 S 3200 W|WEST JORDAN,BEANS AND BREWS,7859 S 3200 W,WEST JORDAN,"WEST JORDAN, UT 84088",8019834400,Restaurants: non-plated,86,2026-07-16T04:33:11.348067+00:00
BEANS AND BREWS|1953 W CALIFORNIA AVE|SALT LAKE CITY,BEANS AND BREWS,1953 W CALIFORNIA AVE,SALT LAKE CITY,"SALT LAKE CITY, UT 84104",8019773900,Beverage Service: Coffee,76,2026-07-16T04:33:43.828973+00:00
BEANS AND BREWS COFFEE HOUSE|13961 S REDWOOD RD|BLUFFDALE,BEANS AND BREWS COFFEE HOUSE,13961 S REDWOOD RD,BLUFFDALE,"BLUFFDALE, UT 84065",8014559506,Beverage Service: Coffee,86,2026-07-16T04:33:56.697620+00:00
BEAUCOUP BAKERY|3939 S WASATCH BLVD|MILLCREEK,BEAUCOUP BAKERY,3939 S WASATCH BLVD,MILLCREEK,"MILLCREEK, UT 84124",8016769340,Restaurants: non-plated,98,2026-07-16T04:34:31.092303+00:00
BEECHERS HAND MADE CHEESE|3920 W TERMINAL DR|SALT LAKE CITY,BEECHERS HAND MADE CHEESE,3920 W TERMINAL DR,SALT LAKE CITY,"SALT LAKE CITY, UT 84122",8018825366,Restaurants: plated,97,2026-07-16T04:34:51.554444+00:00
BERRY DONUTS|3678 W 2100 S|SALT LAKE CITY,BERRY DONUTS,3678 W 2100 S,SALT LAKE CITY,"SALT LAKE CITY, UT 84120",7757776061,Mobiles: Mobile Food Units (Trucks),87,2026-07-16T04:35:39.694879+00:00
BIG T LITTLE TASTE FROM THE EAST COAST|8519 W 3100 S|MAGNA,BIG T LITTLE TASTE FROM THE EAST COAST,8519 W 3100 S,MAGNA,"MAGNA, UT 84120",8014102522,Restaurants: non-plated,80,2026-07-16T04:35:51.715882+00:00
BIRD FEEDER & TRACY AVIARY|589 E 1300 S|SALT LAKE CITY,BIRD FEEDER & TRACY AVIARY,589 E 1300 S,SALT LAKE CITY,"SALT LAKE CITY, UT 84105",8015968500,Beverage Service: Coffee,76,2026-07-16T04:36:12.233624+00:00
BJORNS BREW@YOSHIS|3232 S 400 E|SOUTH SALT LAKE,BJORNS BREW@YOSHIS,3232 S 400 E,SOUTH SALT LAKE,"SOUTH SALT LAKE, UT 84115",8018609336,"Caterers, not restaurant connected",81,2026-07-16T04:37:02.790107+00:00
BLACK SHEEP BAR & GRILL - DOG PATIO|9000 S 1520 W|WEST JORDAN,BLACK SHEEP BAR & GRILL - DOG PATIO,9000 S 1520 W,WEST JORDAN,"WEST JORDAN, UT 84088",8015662561,Restaurants: plated,98,2026-07-16T04:37:20.013516+00:00
BLACK SHEEP BAR AND GRILL FOOTHILL DOG PATIO|1400 S FOOTHILL DR|SALT LAKE CITY,BLACK SHEEP BAR AND GRILL FOOTHILL DOG PATIO,1400 S FOOTHILL DR,SALT LAKE CITY,"SALT LAKE CITY, UT 84108",8018779350,Restaurants: plated,98,2026-07-16T04:37:31.768668+00:00
BLACKSMITH ICE CREAM CO|1295 E MILLER AVE|SALT LAKE CITY,BLACKSMITH ICE CREAM CO,1295 E MILLER AVE,SALT LAKE CITY,"SALT LAKE CITY, UT 84106",3857076267,Restaurants: non-plated,90,2026-07-16T04:37:44.674256+00:00
BLAZE PIZZA|1863 W 5400 S|TAYLORSVILLE,BLAZE PIZZA,1863 W 5400 S,TAYLORSVILLE,"TAYLORSVILLE, UT 84129",8015762681,Restaurants: non-plated,90,2026-07-16T04:38:02.365922+00:00
BLENDED TABLE|282 W LUCY AVE|SALT LAKE CITY,BLENDED TABLE,282 W LUCY AVE,SALT LAKE CITY,"SALT LAKE CITY, UT 84101",3478030413,Restaurants: plated,91,2026-07-16T04:38:58.453282+00:00
BOBA GURU|2927 S 5600 W|WEST VALLEY CITY,BOBA GURU,2927 S 5600 W,WEST VALLEY CITY,"WEST VALLEY CITY, UT 84120",77446390,Beverage Service: Juice/Smoothies,76,2026-07-16T04:39:24.200794+00:00
BOBBYS BURGERS BY BOBBY FLAY|1895 E RODEO DR|HOLLADAY,BOBBYS BURGERS BY BOBBY FLAY,1895 E RODEO DR,HOLLADAY,"HOLLADAY, UT 84117",4067283233,Restaurants: non-plated,86,2026-07-16T04:39:51.629261+00:00
BOCADOS VENEZUELEAN FOOD|5089 W HERRIMAN BLVD|HERRIMAN,BOCADOS VENEZUELEAN FOOD,5089 W HERRIMAN BLVD,HERRIMAN,"HERRIMAN, UT 84096",5127380090,Restaurants: non-plated,86,2026-07-16T04:40:04.864008+00:00
BOLT CUTTER/MONKEY WRENCH|57 E GALLIVAN AVE|SALT LAKE CITY,BOLT CUTTER/MONKEY WRENCH,57 E GALLIVAN AVE,SALT LAKE CITY,"SALT LAKE CITY, UT 84111",8012306915,Restaurants: plated,84,2026-07-16T04:40:18.147614+00:00
BON APPETIT @ RECURSION PHARMA|41 S RIO GRANDE ST|SALT LAKE CITY,BON APPETIT @ RECURSION PHARMA,41 S RIO GRANDE ST,SALT LAKE CITY,"SALT LAKE CITY, UT 84101",8019209543,Restaurants: plated,99,2026-07-16T04:41:14.540697+00:00
BON APPETIT @ WGU|4001 S 700 E|MILLCREEK,BON APPETIT @ WGU,4001 S 700 E,MILLCREEK,"MILLCREEK, UT 84107",8016346201,Restaurants: plated,83,2026-07-16T04:42:01.249268+00:00
BONGO LOUNGE|2965 S HIGHLAND DR|SALT LAKE CITY,BONGO LOUNGE,2965 S HIGHLAND DR,SALT LAKE CITY,"SALT LAKE CITY, UT 84106",8014661577,Beverage Service: Bars/Lounges,96,2026-07-16T04:53:09.964359+00:00
BRADFORD AIRPORT LOGISTICS|3619 W 510 N|SALT LAKE CITY,BRADFORD AIRPORT LOGISTICS,3619 W 510 N,SALT LAKE CITY,"SALT LAKE CITY, UT 84122",3854799002,Commissary,100,2026-07-16T04:54:08.545735+00:00
BRICKYARD BAR DOG PATIO|3000 S HIGHLAND DR|MILLCREEK,BRICKYARD BAR DOG PATIO,3000 S HIGHLAND DR,MILLCREEK,"MILLCREEK, UT 84106",8015735333,Restaurants: plated,98,2026-07-16T04:54:34.392607+00:00
BRICKYARD COFFEE|3000 S HIGHLAND DR|MILLCREEK,BRICKYARD COFFEE,3000 S HIGHLAND DR,MILLCREEK,"MILLCREEK, UT 84106",8015735733,Beverage Service: Coffee,100,2026-07-16T04:55:07.199749+00:00
BRIGHTON MOLLY GREEN|12601 E BIG COTTONWOODCYN RD|COTTONWOOD HEIGHTS,BRIGHTON MOLLY GREEN,12601 E BIG COTTONWOODCYN RD,COTTONWOOD HEIGHTS,"COTTONWOOD HEIGHTS, UT 84121",8015324731,Restaurants: plated,97,2026-07-16T04:55:19.239022+00:00
BROOKERS FOUNDING FLAVORS ICE CREAM|191 E 12300 S|DRAPER,BROOKERS FOUNDING FLAVORS ICE CREAM,191 E 12300 S,DRAPER,"DRAPER, UT 84020",4355125418,Restaurants: non-plated,81,2026-07-16T04:56:19.112909+00:00
BROWN BAG BREAKFAST CO|2728 W 5400 S|TAYLORSVILLE,BROWN BAG BREAKFAST CO,2728 W 5400 S,TAYLORSVILLE,"TAYLORSVILLE, UT 84129",8017871957,Restaurants: non-plated,88,2026-07-16T04:56:31.499869+00:00
BRUGES WAFFLES & FRITES|3920 W TERMINAL DR|SALT LAKE CITY,BRUGES WAFFLES & FRITES,3920 W TERMINAL DR,SALT LAKE CITY,"SALT LAKE CITY, UT 84122",8012044804,Restaurants: non-plated,100,2026-07-16T04:56:44.126224+00:00
BUBBAKOOS BURRITOS|10384 S REDWOOD RD|SOUTH JORDAN,BUBBAKOOS BURRITOS,10384 S REDWOOD RD,SOUTH JORDAN,"SOUTH JORDAN, UT 84095",2167658000,Restaurants: plated,75,2026-07-16T04:57:20.855850+00:00
BURATTINO PIZZA|1172 E BRICKYARD RD|SALT LAKE CITY,BURATTINO PIZZA,1172 E BRICKYARD RD,SALT LAKE CITY,"SALT LAKE CITY, UT 84106",9545582830,Restaurants: non-plated,80,2026-07-16T04:57:33.142046+00:00
BURGER KING|10396 S RIVER HEIGHT DR|SOUTH JORDAN,BURGER KING,10396 S RIVER HEIGHT DR,SOUTH JORDAN,"SOUTH JORDAN, UT 84095",8014866777,Restaurants: non-plated,95,2026-07-16T04:57:46.046712+00:00
BURGER KING|1856 W 12600 S|RIVERTON,BURGER KING,1856 W 12600 S,RIVERTON,"RIVERTON, UT 84065",3852746645,Restaurants: non-plated,86,2026-07-16T04:58:43.697894+00:00
BURGER KING|3920 W TERMINAL DR|SALT LAKE CITY,BURGER KING,3920 W TERMINAL DR,SALT LAKE CITY,"SALT LAKE CITY, UT 84116",8012044804,Restaurants: non-plated,86,2026-07-16T04:59:00.334104+00:00
BURGER KING|375 N TERMINAL DR|SALT LAKE CITY,BURGER KING,375 N TERMINAL DR,SALT LAKE CITY,"SALT LAKE CITY, UT 84122",8014866777,Restaurants: non-plated,95,2026-07-16T05:00:35.492163+00:00
BURGER KING|4025 W 1820 S|SALT LAKE CITY,BURGER KING,1856 W 12600 S,SALT LAKE CITY,"RIVERTON, UT 84065",3852746645,Restaurants: non-plated,86,2026-07-16T05:03:19.982821+00:00
BURGER KING #25282|8443 W MAGNA MAIN ST|MAGNA,BURGER KING #25282,8443 W MAGNA MAIN ST,MAGNA,"MAGNA, UT 84044",8015082031,Restaurants: non-plated,93,2026-07-16T05:03:37.801820+00:00
BURGER KING 31574|1660 W NORTH TEMPLE ST|SALT LAKE CITY,BURGER KING 31574,1660 W NORTH TEMPLE ST,SALT LAKE CITY,"SALT LAKE CITY, UT 84116",8014635256,Restaurants: non-plated,100,2026-07-16T05:04:11.087011+00:00
BURGER KING NO 10522|5610 W 3500 S|WEST VALLEY CITY,BURGER KING NO 10522,5610 W 3500 S,WEST VALLEY CITY,"WEST VALLEY CITY, UT 84128",8019664400,Restaurants: non-plated,91,2026-07-16T05:04:32.929920+00:00
BURGER KING NO 4879|235 E 3300 S|SOUTH SALT LAKE,BURGER KING NO 4879,235 E 3300 S,SOUTH SALT LAKE,"SOUTH SALT LAKE, UT 84115",8014635256,Restaurants: non-plated,91,2026-07-16T05:05:31.408691+00:00
BURGER KING NO 5242|3470 S REDWOOD RD|WEST VALLEY CITY,BURGER KING NO 5242,3470 S REDWOOD RD,WEST VALLEY CITY,"WEST VALLEY CITY, UT 84119",8019738313,Restaurants: non-plated,95,2026-07-16T05:06:28.106619+00:00
BY CHEF LEIDY|3678 W 2100 S|SALT LAKE CITY,BY CHEF LEIDY,3678 W 2100 S,SALT LAKE CITY,"SALT LAKE CITY, UT 84120",7868677601,"Caterers, not restaurant connected",88,2026-07-16T05:10:29.363270+00:00
CAFE RIO|1664 W TOWNE CENTER DR|SOUTH JORDAN,CAFE RIO,1664 W TOWNE CENTER DR,SOUTH JORDAN,"SOUTH JORDAN, UT 84095",8018182870,Restaurants: non-plated,76,2026-07-16T05:12:01.169059+00:00
CAFE RIO|1710 S REDWOOD RD|SALT LAKE CITY,CAFE RIO,1710 S REDWOOD RD,SALT LAKE CITY,"SALT LAKE CITY, UT 84104",3852284016,Restaurants: non-plated,83,2026-07-16T05:24:24.030209+00:00
CAFE RIO|5567 W HIGH MARKET DR|WEST VALLEY CITY,CAFE RIO,5567 W HIGH MARKET DR,WEST VALLEY CITY,"WEST VALLEY CITY, UT 84120",8016134000,Restaurants: non-plated,76,2026-07-16T06:36:29.315697+00:00
CAFE RIO|4764 S HIGHLAND DR|SALT LAKE CITY,CAFE RIO,1664 W TOWNE CENTER DR,SALT LAKE CITY,"SOUTH JORDAN, UT 84095",8018182870,Restaurants: non-plated,76,2026-07-16T06:37:28.453764+00:00
CAFE RIO MEXICAN GRILL|12362 S MINUTEMAN DR|DRAPER,CAFE RIO MEXICAN GRILL,12362 S MINUTEMAN DR,DRAPER,"DRAPER, UT 84020",8015723125,Restaurants: non-plated,78,2026-07-16T06:38:26.108705+00:00
CAFE ZUPAS|613 E 400 S|SALT LAKE CITY,CAFE ZUPAS,613 E 400 S,SALT LAKE CITY,"SALT LAKE CITY, UT 84102",8018784536,Restaurants: plated,80,2026-07-16T06:39:24.785047+00:00
CAFE ZUPAS|3599 S 2700 W|WEST VALLEY CITY,CAFE ZUPAS,3599 S 2700 W,WEST VALLEY CITY,"WEST VALLEY CITY, UT 84119",8018784536,Restaurants: plated,80,2026-07-16T06:40:24.077650+00:00
CAFE ZUPAS|2927 S 5600 W|WEST VALLEY CITY,CAFE ZUPAS,2927 S 5600 W,WEST VALLEY CITY,"WEST VALLEY CITY, UT 84120",8018784536,Restaurants: plated,83,2026-07-16T06:53:24.273496+00:00
CAFFE MOLISE BTG WINE BAR|404 S WEST TEMPLE ST|SALT LAKE CITY,CAFFE MOLISE BTG WINE BAR,404 S WEST TEMPLE ST,SALT LAKE CITY,"SALT LAKE CITY, UT 84101",8017920691,Restaurants: plated,88,2026-07-16T06:57:50.934234+00:00
CALEYS CATERING|380 W 12300 S|DRAPER,CALEYS CATERING,380 W 12300 S,DRAPER,"DRAPER, UT 84020",8012315250,"Caterers, not restaurant connected",84,2026-07-16T06:58:31.987340+00:00
CALIFORNIA PIZZA KITCHEN|3920 W TERMINAL DR|SALT LAKE CITY,CALIFORNIA PIZZA KITCHEN,3920 W TERMINAL DR,SALT LAKE CITY,"SALT LAKE CITY, UT 84122",8015589423,Restaurants: plated,93,2026-07-16T06:58:58.421118+00:00
CAMILLES KITCHEN|2163 S RICHARDS ST|SOUTH SALT LAKE,CAMILLES KITCHEN,2163 S RICHARDS ST,SOUTH SALT LAKE,"SOUTH SALT LAKE, UT 84115",4359624074,"Caterers, not restaurant connected",100,2026-07-16T06:59:44.999093+00:00
CAMP KOSTOPULOS|2500 E EMIGRATION CANYON RD|SALT LAKE CITY,CAMP KOSTOPULOS,2500 E EMIGRATION CANYON RD,SALT LAKE CITY,"SALT LAKE CITY, UT 84108",8015820700,Restaurants: non-plated,80,2026-07-16T06:59:57.697980+00:00
CAMP TUTTLE|12375 E CAMP TUTTLE RD|COTTONWOOD HEIGHTS,CAMP TUTTLE,12375 E CAMP TUTTLE RD,COTTONWOOD HEIGHTS,"COTTONWOOD HEIGHTS, UT 84121",8013224131,Restaurants: non-plated,78,2026-07-16T07:00:54.123840+00:00
CANYON CAFE @ THE NATURAL HISTORY MUSEUM OF UTAH|301 S WAKARA WY|SALT LAKE CITY,CANYON CAFE @ THE NATURAL HISTORY MUSEUM OF UTAH,301 S WAKARA WY,SALT LAKE CITY,"SALT LAKE CITY, UT 84108",8014662537,Restaurants: non-plated,80,2026-07-16T07:01:49.584048+00:00
CANYONS DISTRICT ADMINISTRATION BUILDING|9361 S 300 E|SANDY,CANYONS DISTRICT ADMINISTRATION BUILDING,9361 S 300 E,SANDY,"SANDY, UT 84070",8018265000,Restaurants: plated,95,2026-07-16T07:02:07.004256+00:00
CANYONS EDGE PUB - DOG PATIO|6522 S BIG COTTONWOOD RD|HOLLADAY,CANYONS EDGE PUB - DOG PATIO,6522 S BIG COTTONWOOD RD,HOLLADAY,"HOLLADAY, UT 84121",8017330228,Restaurants: non-plated,98,2026-07-16T07:03:03.383702+00:00
CARLS JR #207|10475 S STATE ST|SANDY,CARLS JR #207,10475 S STATE ST,SANDY,"SANDY, UT 84070",5206392756,Restaurants: non-plated,75,2026-07-16T07:03:15.589871+00:00
CARLS JR #208|7033 S PLAZA CENTER DR|WEST JORDAN,CARLS JR #208,7033 S PLAZA CENTER DR,WEST JORDAN,"WEST JORDAN, UT 84084",5206392756,Restaurants: non-plated,80,2026-07-16T07:04:02.942453+00:00
CARLS JR #21|1726 W NORTH TEMPLE|SALT LAKE CITY,CARLS JR #21,1726 W NORTH TEMPLE,SALT LAKE CITY,"SALT LAKE CITY, UT 84116",5206392756,Restaurants: non-plated,99,2026-07-16T07:04:49.133432+00:00
CARLS JR #241|3469 S REDWOOD RD|WEST VALLEY CITY,CARLS JR #241,3469 S REDWOOD RD,WEST VALLEY CITY,"WEST VALLEY CITY, UT 84119",5206392756,Restaurants: non-plated,78,2026-07-16T07:05:31.670742+00:00
CARLS JR #2729|3822 W 5400 S|TAYLORSVILLE,CARLS JR #2729,3822 W 5400 S,TAYLORSVILLE,"TAYLORSVILLE, UT 84129",5206392756,Restaurants: non-plated,78,2026-07-16T07:06:25.076938+00:00
CARLS JR #432|3383 S 5600 W|WEST VALLEY CITY,CARLS JR #432,3383 S 5600 W,WEST VALLEY CITY,"WEST VALLEY CITY, UT 84120",5206392756,Restaurants: non-plated,78,2026-07-16T07:07:11.311811+00:00
CARLS JR #461|6959 S 1300 E|COTTONWOOD HEIGHTS,CARLS JR #461,6959 S 1300 E,COTTONWOOD HEIGHTS,"COTTONWOOD HEIGHTS, UT 84047",5206392756,Restaurants: non-plated,95,2026-07-16T07:07:57.747885+00:00
CARLS JR #552|8011 W 3500 S|MAGNA,CARLS JR #552,8011 W 3500 S,MAGNA,"MAGNA, UT 84044",5206392756,Restaurants: non-plated,75,2026-07-16T07:08:39.034907+00:00
CARLS JR #93|151 E 5300 S|MURRAY,CARLS JR #93,151 E 5300 S,MURRAY,"MURRAY, UT 84107",5206392756,Restaurants: non-plated,78,2026-07-16T07:09:22.396137+00:00
CARLUCCIS BAKERY|314 W 300 S|SALT LAKE CITY,CARLUCCIS BAKERY,314 W 300 S,SALT LAKE CITY,"SALT LAKE CITY, UT 84101",8015974998,Restaurants: non-plated,78,2026-07-16T07:10:04.329075+00:00
CARMELLAS CUISINE|12652 S 2700 W|RIVERTON,ARGENTINAS #6EED3,1320 E 500 S,RIVERTON,"SALT LAKE CITY, UT 84102",4359011597,Mobiles: Mobile Food Units (Trucks),87,2026-07-16T07:17:30.723501+00:00
CARMELLE RECEPTION CENTER|4075 S HIGHLAND DR|HOLLADAY,ARIVO CAFE,4770 S 5600 W,HOLLADAY,"KEARNS, UT 84118",,Restaurants: plated,88,2026-07-16T07:20:35.055292+00:00
CARNITAS LA RINCONADA|4089 W 4715 S|KEARNS,ART COTTAGE,1100 W 7800 S,KEARNS,"WEST JORDAN, UT 84088",8015611372,Restaurants: non-plated,76,2026-07-16T07:21:18.199743+00:00
CASA DEL POLLO MEXICAN GRILL|1628 W 700 N|SALT LAKE CITY,ATOMIC BISCUIT - DOG PATIO,401 E 900 S,SALT LAKE CITY,"SALT LAKE CITY, UT 84111",4357997535,Restaurants: non-plated,98,2026-07-16T07:21:36.081506+00:00
CASTLE CREEK INN|7391 S CREEK RD|COTTONWOOD HEIGHTS,AUNTIE RAES DESSERT ISLAND,4704 S HOLLADAY BLVD,COTTONWOOD HEIGHTS,"HOLLADAY, UT 84117",8016793925,Restaurants: non-plated,96,2026-07-16T07:21:49.186261+00:00
CAFE RIO|3215 E 3300 S|MILLCREEK TS,CAFE RIO,3215 E 3300 S,MILLCREEK TS,"MILLCREEK TS, UT 84109",8014637250,Restaurants: non-plated,95,2026-07-16T07:51:29.954879+00:00
CAT WOK CAFE|2600 E SUNNYSIDE AVE|SALT LAKE CITY,CAT WOK CAFE,2600 E SUNNYSIDE AVE,SALT LAKE CITY,"SALT LAKE CITY, UT 84108",8015841732,Restaurants: non-plated,75,2026-07-16T07:52:27.042424+00:00
CATERING BY FOOD TRUCKS|5176 W LIBERATOR DR|KEARNS,CATERING BY FOOD TRUCKS,5176 W LIBERATOR DR,KEARNS,"KEARNS, UT 84118",8017590410,Commissary,100,2026-07-16T07:53:24.178499+00:00
CATERING BY FOOD TRUCKS # TRUCK 7|5176 W LIBERATOR DR|KEARNS,CATERING BY FOOD TRUCKS # TRUCK 7,5176 W LIBERATOR DR,KEARNS,"KEARNS, UT 84118",8017590410,Mobiles: Mobile Food Units (Trucks),98,2026-07-16T07:53:36.016188+00:00
CATERING KITCHEN|2600 E SUNNYSIDE AVE|SALT LAKE CITY,CATERING KITCHEN,2600 E SUNNYSIDE AVE,SALT LAKE CITY,"SALT LAKE CITY, UT 84108",8015841732,Restaurants: non-plated,88,2026-07-16T07:53:47.899456+00:00
CELESTE BITE #T057XU|4044 S 2700 E|HOLLADAY,CELESTE BITE #T057XU,4044 S 2700 E,HOLLADAY,"HOLLADAY, UT 84124",8184247405,Mobiles: Mobile Food Units (Trucks),100,2026-07-16T07:54:48.120667+00:00
CENTRAL PARK COMMUNITY CENTER|2797 S 200 E|SOUTH SALT LAKE,CENTRAL PARK COMMUNITY CENTER,2797 S 200 E,SOUTH SALT LAKE,"SOUTH SALT LAKE, UT 84115",8013864949,Restaurants: non-plated,100,2026-07-16T07:55:05.307705+00:00
CENTRO CIVICO MEXICANO|155 S 600 W|SALT LAKE CITY,CENTRO CIVICO MEXICANO,155 S 600 W,SALT LAKE CITY,"SALT LAKE CITY, UT 84101",8013599316,Restaurants: non-plated,93,2026-07-16T07:55:50.780034+00:00
CENTURY 16 THEATERS|7670 S UNION PARK AVE|SANDY,CENTURY 16 THEATERS,7670 S UNION PARK AVE,SANDY,"SANDY, UT 84047",8015683699,Restaurants: non-plated,80,2026-07-16T07:56:40.164984+00:00
CHAIA CUCINA CATERING AND CONSULTING|2163 S RICHARDS ST|SOUTH SALT LAKE,CHAIA CUCINA CATERING AND CONSULTING,2163 S RICHARDS ST,SOUTH SALT LAKE,"SOUTH SALT LAKE, UT 84115",8015983986,"Caterers, not restaurant connected",100,2026-07-16T07:57:35.977384+00:00
CHALLENGER SCHOOL|2247 W 8660 S|WEST JORDAN,CHALLENGER SCHOOL,2247 W 8660 S,WEST JORDAN,"WEST JORDAN, UT 84088",8015651058,Restaurants: non-plated,100,2026-07-16T07:58:07.819743+00:00
CHARLOTTES|1567 E 3900 S|MILLCREEK TS,CHARLOTTES,1567 E 3900 S,MILLCREEK TS,"MILLCREEK TS, UT 84124",8012724122,Restaurants: plated,98,2026-07-16T07:59:03.212102+00:00
CHEERS TO YOU MIDVALE|7642 S STATE ST|MIDVALE,CHEERS TO YOU MIDVALE,7642 S STATE ST,MIDVALE,"MIDVALE, UT 84047",8015660871,Beverage Service: Bars/Lounges,81,2026-07-16T07:59:58.838281+00:00
CHICK FIL A|1206 E 2100 S|SALT LAKE CITY,CHICK FIL A,1206 E 2100 S,SALT LAKE CITY,"SALT LAKE CITY, UT 84106",8014147651,Restaurants: non-plated,93,2026-07-16T08:00:15.697130+00:00
CHICK FIL A|7676 S CAMPUS VIEW DR|WEST JORDAN,CHICK FIL A,7676 S CAMPUS VIEW DR,WEST JORDAN,"WEST JORDAN, UT 84084",3853777882,Restaurants: non-plated,95,2026-07-16T08:01:12.080504+00:00
CHICK FIL A|5580 S REDWOOD RD|TAYLORSVILLE,CHICK FIL A,5580 S REDWOOD RD,TAYLORSVILLE,"TAYLORSVILLE, UT 84123",8015801517,Restaurants: non-plated,80,2026-07-16T08:02:08.850264+00:00
CHICK FIL A|357 E 12300 S|DRAPER,CHICK FIL A,357 E 12300 S,DRAPER,"DRAPER, UT 84020",8014952004,Restaurants: non-plated,83,2026-07-16T08:03:05.722770+00:00
CHICK FIL A|4627 W PARTRIDGE HILL LN|RIVERTON,CHICK FIL A,4627 W PARTRIDGE HILL LN,RIVERTON,"RIVERTON, UT 84096",8015097680,Restaurants: non-plated,94,2026-07-16T08:04:01.863916+00:00
CHICK FIL A|1088 E FORT UNION BLVD|MIDVALE,CHICK FIL A,1088 E FORT UNION BLVD,MIDVALE,"MIDVALE, UT 84047",8015625900,Restaurants: non-plated,76,2026-07-16T08:04:52.269823+00:00
CHICK FIL A|11494 S DISTRICT DR|SOUTH JORDAN,CHICK FIL A,11494 S DISTRICT DR,SOUTH JORDAN,"SOUTH JORDAN, UT 84095",8017272697,Restaurants: non-plated,98,2026-07-16T08:05:09.121362+00:00
CHICK FIL A|10090 S STATE ST|SANDY,CHICK FIL A,10090 S STATE ST,SANDY,"SANDY, UT 84070",8015639716,Restaurants: non-plated,93,2026-07-16T08:05:55.990756+00:00
CHICK FIL A @ HUNTSMAN CENTER STAND 2|1825 E SOUTHCAMPUS DR|SALT LAKE CITY,CHICK FIL A @ HUNTSMAN CENTER STAND 2,1825 E SOUTHCAMPUS DR,SALT LAKE CITY,"SALT LAKE CITY, UT 84112",8014860609,Restaurants: non-plated,98,2026-07-16T08:06:53.251605+00:00
CHICK FIL A @ SLCC TAYLORSVILLE STUDENT CENTER|4600 S REDWOOD RD|TAYLORSVILLE,CHICK FIL A @ SLCC TAYLORSVILLE STUDENT CENTER,4600 S REDWOOD RD,TAYLORSVILLE,"TAYLORSVILLE, UT 84123",8019696006,Restaurants: non-plated,100,2026-07-16T08:07:30.658960+00:00
CHILE VERDE|9256 S STATE ST|SANDY,CHILE VERDE,9256 S STATE ST,SANDY,"SANDY, UT 84070",8015037406,Concessions: potentially hazardous foods,78,2026-07-16T08:07:57.004803+00:00
CHILIS SOUTHWEST GRILL|3075 S 5600 W|WEST VALLEY CITY,CHILIS SOUTHWEST GRILL,3075 S 5600 W,WEST VALLEY CITY,"WEST VALLEY CITY, UT 84120",8019672655,Restaurants: plated,83,2026-07-16T08:09:01.475620+00:00
CHILIS SOUTHWEST GRILL #13|10430 S STATE ST|SANDY,CHILIS SOUTHWEST GRILL #13,10430 S STATE ST,SANDY,"SANDY, UT 84070",8015768081,Restaurants: plated,83,2026-07-16T08:09:59.435530+00:00
CHILIS SOUTHWEST GRILL #2|1070 E FORT UNION BLVD|MIDVALE,CHILIS SOUTHWEST GRILL #2,1070 E FORT UNION BLVD,MIDVALE,"MIDVALE, UT 84047",8015651519,Restaurants: plated,97,2026-07-16T08:10:57.751494+00:00
CHIPOTLE MEXICAN GRILL|2640 S 5600 W|WEST VALLEY CITY,CHIPOTLE MEXICAN GRILL,2640 S 5600 W,WEST VALLEY CITY,"WEST VALLEY CITY, UT 84120",6143182482,Restaurants: non-plated,93,2026-07-16T08:11:58.384262+00:00
CHIPOTLE MEXICAN GRILL|4599 W PARTRIDGEHILL LN|RIVERTON,CHIPOTLE MEXICAN GRILL,4599 W PARTRIDGEHILL LN,RIVERTON,"RIVERTON, UT 84096",6143187459,Restaurants: non-plated,88,2026-07-16T08:12:25.353881+00:00
CHIPOTLE MEXICAN GRILL|734 E 400 S|SALT LAKE CITY,CHIPOTLE MEXICAN GRILL,734 E 400 S,SALT LAKE CITY,"SALT LAKE CITY, UT 84102",6143182482,Restaurants: non-plated,83,2026-07-16T08:13:21.516103+00:00
CHIPOTLE MEXICAN GRILL|3561 W 11400 S|SOUTH JORDAN,CHIPOTLE MEXICAN GRILL,3561 W 11400 S,SOUTH JORDAN,"SOUTH JORDAN, UT 84095",6143182482,Restaurants: non-plated,99,2026-07-16T08:14:17.380522+00:00
CHIPOTLE MEXICAN GRILL|3849 W CAMPUS VIEW DR|WEST JORDAN,CHIPOTLE MEXICAN GRILL,3849 W CAMPUS VIEW DR,WEST JORDAN,"WEST JORDAN, UT 84084",7608591126,Restaurants: non-plated,100,2026-07-16T08:15:02.896402+00:00
CHIPOTLE MEXICAN GRILL|8375 W ARBOR PARK DR|MAGNA,CHIPOTLE MEXICAN GRILL,8375 W ARBOR PARK DR,MAGNA,"MAGNA, UT 84044",6143182482,Restaurants: non-plated,100,2026-07-16T08:15:43.587969+00:00
CHIPOTLE MEXICAN GRILL|1920 E RODEO WALK DR|HOLLADAY,CHIPOTLE MEXICAN GRILL,1920 E RODEO WALK DR,HOLLADAY,"HOLLADAY, UT 84117",4028950878,Restaurants: non-plated,90,2026-07-16T08:16:04.983504+00:00
CHIPOTLE MEXICAN GRILL|5639 W 7800 S|WEST JORDAN,CHIPOTLE MEXICAN GRILL,5639 W 7800 S,WEST JORDAN,"WEST JORDAN, UT 84081",8015561816,Restaurants: non-plated,100,2026-07-16T08:16:27.537548+00:00
CHIPOTLE MEXICAN GRILL|1796 W 5400 S|TAYLORSVILLE,CHIPOTLE MEXICAN GRILL,1796 W 5400 S,TAYLORSVILLE,"TAYLORSVILLE, UT 84129",9136366052,Restaurants: non-plated,95,2026-07-16T08:16:49.187408+00:00
CHIPOTLE MEXICAN GRILL #954|6924 S PARK CENTRE DR|COTTONWOOD HEIGHTS,CHIPOTLE MEXICAN GRILL #954,6924 S PARK CENTRE DR,COTTONWOOD HEIGHTS,"COTTONWOOD HEIGHTS, UT 84121",8019433525,Restaurants: non-plated,86,2026-07-16T08:17:06.635629+00:00
CHIPOTLE MEXICAN RESTAURANT|2140 S STATE ST|SOUTH SALT LAKE,CHIPOTLE MEXICAN RESTAURANT,2140 S STATE ST,SOUTH SALT LAKE,"SOUTH SALT LAKE, UT 84115",6143182482,Restaurants: non-plated,83,2026-07-16T08:18:03.395056+00:00
CHRIST UNITED METHODIST CHURCH|2375 E 3300 S|MILLCREEK TS,CHRIST UNITED METHODIST CHURCH,2375 E 3300 S,MILLCREEK TS,"MILLCREEK TS, UT 84109",8014865473,Restaurants: non-plated,86,2026-07-16T08:18:30.016870+00:00
CHUNKY & CO|545 W 700 S|SALT LAKE CITY,CHUNKY & CO,545 W 700 S,SALT LAKE CITY,"SALT LAKE CITY, UT 84101",8084784703,Restaurants: plated,96,2026-07-16T08:19:26.394983+00:00
CHURCH AND STATE (COMMISSARY)|370 S 300 E|SALT LAKE CITY,CHURCH AND STATE (COMMISSARY),370 S 300 E,SALT LAKE CITY,"SALT LAKE CITY, UT 84111",8012050747,Commissary,100,2026-07-16T08:19:43.422724+00:00
CHURCH OFFICE BUILDING-BANQUET KITCHEN|50 E NORTH TEMPLE ST|SALT LAKE CITY,CHURCH OFFICE BUILDING-BANQUET KITCHEN,50 E NORTH TEMPLE ST,SALT LAKE CITY,"SALT LAKE CITY, UT 84150",8012402575,Restaurants: plated,94,2026-07-16T08:20:24.641841+00:00
CINDIS SWEETS|12234 S 1840 E|DRAPER,CINDIS SWEETS,12234 S 1840 E,DRAPER,"DRAPER, UT 84020",8014134777,"Caterers, not restaurant connected",94,2026-07-16T08:21:00.517223+00:00
CINEMARK DRAPER XD12|12129 S STATE ST|DRAPER,CINEMARK DRAPER XD12,12129 S STATE ST,DRAPER,"DRAPER, UT 84020",9726651000,Concessions: potentially hazardous foods,91,2026-07-16T08:21:17.661636+00:00
CITY CAFE|155 N 400 W|SALT LAKE CITY,CITY CAFE,155 N 400 W,SALT LAKE CITY,"SALT LAKE CITY, UT 84103",8017550393,Restaurants: non-plated,91,2026-07-16T08:22:12.330386+00:00
CLEARVIEW MARKETS AND SERVICES|288 N 1460 W|SALT LAKE CITY,CLEARVIEW MARKETS AND SERVICES,288 N 1460 W,SALT LAKE CITY,"SALT LAKE CITY, UT 84116",3852723062,Restaurants: non-plated,96,2026-07-16T08:23:08.712496+00:00
CLEOS CORNER AND ROONIES|9256 S STATE ST|SANDY,CLEOS CORNER AND ROONIES,9256 S STATE ST,SANDY,"SANDY, UT 84070",8015037406,Concessions: potentially hazardous foods,80,2026-07-16T08:23:24.616820+00:00
CLINICAL CONSULTANTS|1001 N FEATHERSTONE DR|SALT LAKE CITY,CLINICAL CONSULTANTS,1001 N FEATHERSTONE DR,SALT LAKE CITY,"SALT LAKE CITY, UT 84116",8012338670,Restaurants: plated,75,2026-07-16T08:24:20.053735+00:00
COCINA TEPIN|2163 S RICHARDS ST|SALT LAKE CITY,COCINA TEPIN,2163 S RICHARDS ST,SALT LAKE CITY,"SALT LAKE CITY, UT 84115",6023159411,Commissary,100,2026-07-16T08:24:31.924223+00:00
CODSPEED|153 S RIO GRANDE ST|SALT LAKE CITY,CODSPEED,153 S RIO GRANDE ST,SALT LAKE CITY,"SALT LAKE CITY, UT 84101",3852132595,Restaurants: non-plated,83,2026-07-16T08:25:12.834676+00:00
COFFEE GARDEN|878 E 900 S|SALT LAKE CITY,COFFEE GARDEN,878 E 900 S,SALT LAKE CITY,"SALT LAKE CITY, UT 84105",8016745544,Beverage Service: Coffee,78,2026-07-16T08:25:24.890905+00:00
COFFEE NOIR|2 N MEDICAL DR|SALT LAKE CITY,BRIGHTON MOLLY GREEN,12601 E BIG COTTONWOODCYN RD,SALT LAKE CITY,"COTTONWOOD HEIGHTS, UT 84121",8015324731,Restaurants: plated,97,2026-07-16T08:26:28.872571+00:00
COLD PLUNGE COFFEE|457 E 300 S|SALT LAKE CITY,BROOKERS FOUNDING FLAVORS ICE CREAM,191 E 12300 S,SALT LAKE CITY,"DRAPER, UT 84020",4355125418,Restaurants: non-plated,81,2026-07-16T08:27:27.671710+00:00
COLUMBUS SENIOR CENTER|2531 S 400 E|SOUTH SALT LAKE,BROWN BAG BREAKFAST CO,2728 W 5400 S,SOUTH SALT LAKE,"TAYLORSVILLE, UT 84129",8017871957,Restaurants: non-plated,88,2026-07-16T08:27:40.790260+00:00
COM COM COMMISSARY KITCHEN|67 W 1700 S|SALT LAKE CITY,BRUGES WAFFLES & FRITES,3920 W TERMINAL DR,SALT LAKE CITY,"SALT LAKE CITY, UT 84122",8012044804,Restaurants: non-plated,100,2026-07-16T08:27:53.702884+00:00
COMIDA REYNAS #|4095 W SAMS BLVD|KEARNS,BUBBAKOOS BURRITOS,10384 S REDWOOD RD,KEARNS,"SOUTH JORDAN, UT 84095",2167658000,Restaurants: plated,75,2026-07-16T08:28:30.551271+00:00
COMO EN EL RANCHO PARIENTE #8GDA2|728 S REDWOOD RD|SALT LAKE CITY,BURATTINO PIZZA,1172 E BRICKYARD RD,SALT LAKE CITY,"SALT LAKE CITY, UT 84106",9545582830,Restaurants: non-plated,80,2026-07-16T08:28:43.611607+00:00
COMPASS GROUP @ AMERICAN EXPRESS CAFE|115 W TOWNE RIDGE PKWY|SANDY,BURGER KING,3920 W TERMINAL DR,SANDY,"SALT LAKE CITY, UT 84116",8012044804,Restaurants: non-plated,86,2026-07-16T08:28:56.885434+00:00
COMPASS GROUP @ KIRKLAND & ELLIS FLOOR 19&20|95 S STATE ST|SALT LAKE CITY,BURGER KING,375 N TERMINAL DR,SALT LAKE CITY,"SALT LAKE CITY, UT 84122",8014866777,Restaurants: non-plated,95,2026-07-16T08:29:23.294159+00:00
COPPER BEE CAFE@ YOSHIS|3232 S 400 E|SOUTH SALT LAKE,BURGER KING,10396 S RIVER HEIGHT DR,SOUTH SALT LAKE,"SOUTH JORDAN, UT 84095",8014866777,Restaurants: non-plated,95,2026-07-16T08:30:20.517294+00:00
CORNER BAKERY CAFE|6227 S STATE ST|MURRAY,BURGER KING,4025 W 1820 S,MURRAY,"SALT LAKE CITY, UT 84104",8018869048,Restaurants: non-plated,88,2026-07-16T08:31:17.979652+00:00
CORNER BAKERY CAFE|610 S FOOTHILL DR|SALT LAKE CITY,BURGER KING,1856 W 12600 S,SALT LAKE CITY,"RIVERTON, UT 84065",3852746645,Restaurants: non-plated,86,2026-07-16T08:33:12.976885+00:00
COSTA VIDA|737 E FT UNION BLVD|MIDVALE,BURGER KING #25282,8443 W MAGNA MAIN ST,MIDVALE,"MAGNA, UT 84044",8015082031,Restaurants: non-plated,93,2026-07-16T08:33:31.585024+00:00
COSTA VIDA|375 N TERMINAL DR|SALT LAKE CITY,COSTA VIDA,375 N TERMINAL DR,SALT LAKE CITY,"SALT LAKE CITY, UT 84122",8014866777,Restaurants: non-plated,85,2026-07-16T08:34:10.579257+00:00
COSTA VIDA BLUFFDALE|13847 S REDWOOD RD|BLUFFDALE,COSTA VIDA BLUFFDALE,13847 S REDWOOD RD,BLUFFDALE,"BLUFFDALE, UT 84065",8013692154,Restaurants: non-plated,76,2026-07-16T08:35:08.268653+00:00
COSTA VIDA GATEWAY|171 S RIO GRANDE ST|SALT LAKE CITY,COSTA VIDA GATEWAY,171 S RIO GRANDE ST,SALT LAKE CITY,"SALT LAKE CITY, UT 84101",8014568432,Restaurants: non-plated,93,2026-07-16T08:35:26.455624+00:00
COSTA VIDA MIDVALE|7101 S BINGHAM JUNCTION BLVD|MIDVALE,COSTA VIDA MIDVALE,7101 S BINGHAM JUNCTION BLVD,MIDVALE,"MIDVALE, UT 84047",8017972374,Restaurants: non-plated,86,2026-07-16T08:36:15.236572+00:00
COSTA VIDA SOUTH JORDAN|10384 S RIVER HEIGHTS DR|SOUTH JORDAN,COSTA VIDA SOUTH JORDAN,10384 S RIVER HEIGHTS DR,SOUTH JORDAN,"SOUTH JORDAN, UT 84095",8013692154,Restaurants: non-plated,97,2026-07-16T08:36:43.156451+00:00
COSTCO WHOLESALE|3571 W 10400 S|SOUTH JORDAN,COSTCO WHOLESALE,3571 W 10400 S,SOUTH JORDAN,"SOUTH JORDAN, UT 84095",8015235287,Restaurants: non-plated,96,2026-07-17T22:24:55.466268+00:00
COSTCO WHOLESALE #113|1818 S 300 W|SALT LAKE CITY,COSTCO WHOLESALE #113,1818 S 300 W,SALT LAKE CITY,"SALT LAKE CITY, UT 84115",8014859715,Restaurants: non-plated,98,2026-07-17T22:25:52.669714+00:00
COSTCO WHOLESALE #622|3747 S 2700 W|WEST VALLEY CITY,COSTCO WHOLESALE #622,3747 S 2700 W,WEST VALLEY CITY,"WEST VALLEY CITY, UT 84119",8019969008,Restaurants: non-plated,84,2026-07-17T22:26:49.144408+00:00
COSTCO WHOLESALE #764|5201 S INTERMOUNTAIN DR|MURRAY,COSTCO WHOLESALE #764,5201 S INTERMOUNTAIN DR,MURRAY,"MURRAY, UT 84107",4254188100,Restaurants: non-plated,91,2026-07-17T22:27:44.617193+00:00
COSTCO WHOLESALE CORP #487|11100 S AUTOMALL DR|SANDY,COSTCO WHOLESALE CORP #487,11100 S AUTOMALL DR,SANDY,"SANDY, UT 84070",8017900003,Restaurants: non-plated,96,2026-07-17T22:28:39.848040+00:00
COTTON BOTTOM/DOG PATIO|2820 E 6200 S|HOLLADAY,COTTON BOTTOM/DOG PATIO,2820 E 6200 S,HOLLADAY,"HOLLADAY, UT 84121",8015505459,Restaurants: non-plated,98,2026-07-17T22:29:35.463679+00:00
COTTONWOOD COUNTRY CLUB - LOUNGE ACTIVITY|1780 E LAKEWOOD DR|HOLLADAY,COTTONWOOD COUNTRY CLUB - LOUNGE ACTIVITY,1780 E LAKEWOOD DR,HOLLADAY,"HOLLADAY, UT 84117",8012772691,Beverage Service: Bars/Lounges,76,2026-07-17T22:29:57.727438+00:00
COUNTRY INN & SUITES|3422 S DECKER LAKE DR|WEST VALLEY CITY,COUNTRY INN & SUITES,3422 S DECKER LAKE DR,WEST VALLEY CITY,"WEST VALLEY CITY, UT 84119",8019080311,Public Lodging: full breakfast,86,2026-07-17T22:30:56.130299+00:00
COURTYARD SALT LAKE CITY COTTONWOOD|7365 S CANYON CENTRE PKWY|COTTONWOOD HEIGHTS,COURTYARD SALT LAKE CITY COTTONWOOD,7365 S CANYON CENTRE PKWY,COTTONWOOD HEIGHTS,"COTTONWOOD HEIGHTS, UT 84121",8019302107,Public Lodging: continental breakfast,91,2026-07-17T22:31:53.599346+00:00
COWBOY CORNDOGS|451 S 1400 E|SALT LAKE CITY,COWBOY CORNDOGS,451 S 1400 E,SALT LAKE CITY,"SALT LAKE CITY, UT 84112",8018609348,Restaurants: non-plated,91,2026-07-17T22:32:20.991734+00:00
CRACKER BARREL OLD COUNTRY|2283 W CITY CENTER CT|WEST VALLEY CITY,CRACKER BARREL OLD COUNTRY,2283 W CITY CENTER CT,WEST VALLEY CITY,"WEST VALLEY CITY, UT 84119",6152354038,Restaurants: plated,78,2026-07-17T22:32:48.074666+00:00
CRANDALL STYLE @ ST VINCENT DE PAUL|1375 E SPRING LN|HOLLADAY,CRANDALL STYLE @ ST VINCENT DE PAUL,1375 E SPRING LN,HOLLADAY,"HOLLADAY, UT 84117",8016529736,"Caterers, not restaurant connected",100,2026-07-17T22:33:44.302895+00:00
CRAVE COOKIES|611 S MAIN ST|SALT LAKE CITY,CRAVE COOKIES,611 S MAIN ST,SALT LAKE CITY,"SALT LAKE CITY, UT 84111",3852954120,Restaurants: non-plated,76,2026-07-17T22:34:22.468209+00:00
CRAZY CHICKEN #439508Z|5505 W AMELIA EARHART DR|SALT LAKE CITY,CRAZY CHICKEN #439508Z,5505 W AMELIA EARHART DR,SALT LAKE CITY,"SALT LAKE CITY, UT 84116",3852447983,Mobiles: Mobile Food Units (Trucks),78,2026-07-17T22:34:35.734386+00:00
CRAZY CROFFLE|158 S RIO GRANDE ST|SALT LAKE CITY,CRAZY CROFFLE,158 S RIO GRANDE ST,SALT LAKE CITY,"SALT LAKE CITY, UT 84101",8014191020,Restaurants: non-plated,88,2026-07-17T22:34:48.757398+00:00
CRESCENT HALL EVENT VENUE|11020 S STATE ST|SANDY,CRESCENT HALL EVENT VENUE,11020 S STATE ST,SANDY,"SANDY, UT 84070",8017360262,"Caterers, not restaurant connected",90,2026-07-17T22:35:02.105106+00:00
CROWN BURGERS|4689 S HOLLADAY BLVD|HOLLADAY,CROWN BURGERS,4689 S HOLLADAY BLVD,HOLLADAY,"HOLLADAY, UT 84117",8016749406,Restaurants: non-plated,80,2026-07-17T22:35:24.202603+00:00
CRUNCH FUSION SUSHI|609 S STATE ST|SALT LAKE CITY,CRUNCH FUSION SUSHI,609 S STATE ST,SALT LAKE CITY,"SALT LAKE CITY, UT 84111",3856950668,Restaurants: non-plated,100,2026-07-17T22:36:06.509912+00:00
CRYSTAL INN HOTEL SUITES MIDVALLEY|818 E WINCHESTER DR|MURRAY,CRYSTAL INN HOTEL SUITES MIDVALLEY,818 E WINCHESTER DR,MURRAY,"MURRAY, UT 84107",8016859300,Restaurants: non-plated,83,2026-07-17T22:36:18.983264+00:00
CUBBYS|1072 E FORT UNION BLVD|MIDVALE,CUBBYS,1072 E FORT UNION BLVD,MIDVALE,"MIDVALE, UT 84047",3854559904,Restaurants: plated,78,2026-07-17T22:37:16.182084+00:00
CUBBYS|759 E 2100 S|SALT LAKE CITY,CUBBYS,759 E 2100 S,SALT LAKE CITY,"SALT LAKE CITY, UT 84106",3854559904,Restaurants: non-plated,83,2026-07-17T22:37:49.767867+00:00
CUBBYS R3/DELTA CENTER|301 W SOUTH TEMPLE ST|SALT LAKE CITY,CUBBYS R3/DELTA CENTER,301 W SOUTH TEMPLE ST,SALT LAKE CITY,"SALT LAKE CITY, UT 84101",3854559904,Restaurants: non-plated,80,2026-07-17T22:38:17.501779+00:00
CUBE/SIDE DOOR|9385 S SNOWBIRD TRAIL RD|SALT LAKE CITY,CUBE/SIDE DOOR,9385 S SNOWBIRD TRAIL RD,SALT LAKE CITY,"SALT LAKE CITY, UT 84092",8019332222,Beverage Service: Bars/Lounges,100,2026-07-17T22:39:08.439451+00:00
CULTURE COFFEE|285 N 900 W|SALT LAKE CITY,CULTURE COFFEE,285 N 900 W,SALT LAKE CITY,"SALT LAKE CITY, UT 84116",9168951666,Beverage Service: Bars/Lounges,86,2026-07-17T22:39:21.382522+00:00
CUPBOP|2915 E 3300 S|MILLCREEK,CUPBOP,2915 E 3300 S,MILLCREEK,"MILLCREEK, UT 84109",8018671063,Restaurants: non-plated,80,2026-07-17T22:39:43.466783+00:00
CUPBOP #G726HM|3269 E 5400 S|TAYLORSVILLE,CUPBOP #G726HM,3269 E 5400 S,TAYLORSVILLE,"TAYLORSVILLE, UT 84129",8018671063,Mobiles: Mobile Food Units (Trucks),75,2026-07-17T22:40:12.476691+00:00
DAVES HOT CHICKEN|936 E FORT UNION BLVD|MIDVALE,DAVES HOT CHICKEN,936 E FORT UNION BLVD,MIDVALE,"MIDVALE, UT 84047",4806602213,Restaurants: non-plated,100,2026-07-17T22:40:53.584533+00:00
DAVES HOT CHICKEN #1188|777 E 2100 S|SALT LAKE CITY,DAVES HOT CHICKEN #1188,777 E 2100 S,SALT LAKE CITY,"SALT LAKE CITY, UT 84106",3855631377,Restaurants: non-plated,91,2026-07-17T22:41:21.092242+00:00
DAVES HOT CHICKEN #1317|4182 W 13400 S|RIVERTON,DAVES HOT CHICKEN #1317,4182 W 13400 S,RIVERTON,"RIVERTON, UT 84096",3855062004,Restaurants: non-plated,78,2026-07-17T22:41:38.539819+00:00
DAYBREAK MEGAPLEX|11068 S GRANDVILLE AVE|SOUTH JORDAN,DAYBREAK MEGAPLEX,11068 S GRANDVILLE AVE,SOUTH JORDAN,"SOUTH JORDAN, UT 84009",8015543364,Restaurants: non-plated,90,2026-07-17T22:41:51.709094+00:00
DEES RESTAURANT|2085 S REDWOOD RD|SALT LAKE CITY,DEES RESTAURANT,2085 S REDWOOD RD,SALT LAKE CITY,"SALT LAKE CITY, UT 84104",8014876761,Restaurants: plated,83,2026-07-17T22:42:09.265087+00:00
DEL TACO|1651 W SOUTH JORDAN PKWY|SOUTH JORDAN,DEL TACO,1651 W SOUTH JORDAN PKWY,SOUTH JORDAN,"SOUTH JORDAN, UT 84095",8015576384,Restaurants: non-plated,78,2026-07-17T22:43:08.725219+00:00
DEL TACO #1037|2000 S 3230 W|SALT LAKE CITY,DEL TACO #1037,2000 S 3230 W,SALT LAKE CITY,"SALT LAKE CITY, UT 84104",8019529037,Restaurants: non-plated,95,2026-07-17T22:44:07.541128+00:00
DEL TACO #1107|809 E 400 S|SALT LAKE CITY,DEL TACO #1107,809 E 400 S,SALT LAKE CITY,"SALT LAKE CITY, UT 84102",8015961107,Restaurants: non-plated,88,2026-07-17T22:45:05.247824+00:00
DEL TACO #1174|1731 W BOWLING AVE|TAYLORSVILLE,DEL TACO #1174,1731 W BOWLING AVE,TAYLORSVILLE,"TAYLORSVILLE, UT 84129",8019829074,Restaurants: non-plated,97,2026-07-17T22:46:03.412459+00:00
DEL TACO #273|8580 S 1300 E|SANDY,DEL TACO #273,8580 S 1300 E,SANDY,"SANDY, UT 84094",8015660261,Restaurants: non-plated,78,2026-07-17T22:47:00.465786+00:00
DEL TACO #736|5672 S 900 E|MURRAY,DEL TACO #736,5672 S 900 E,MURRAY,"MURRAY, UT 84121",8012691736,Restaurants: non-plated,99,2026-07-17T22:47:58.376144+00:00
DEL TACO #752|2963 S 5600 W|WEST VALLEY CITY,DEL TACO #752,2963 S 5600 W,WEST VALLEY CITY,"WEST VALLEY CITY, UT 84120",8019668050,Restaurants: non-plated,92,2026-07-17T22:48:55.479410+00:00
DEL TACO #774|96 E 12300 S|DRAPER,DEL TACO #774,96 E 12300 S,DRAPER,"DRAPER, UT 84020",8016190123,Restaurants: non-plated,93,2026-07-17T22:49:52.889309+00:00
DEL TACO #876|6876 S REDWOOD RD|WEST JORDAN,DEL TACO #876,6876 S REDWOOD RD,WEST JORDAN,"WEST JORDAN, UT 84084",8015680347,Restaurants: non-plated,90,2026-07-17T22:50:51.669133+00:00
DELICIAS FRUTY SNACKS|1739 W CARRIAGE SQUARE|TAYLORSVILLE,DELICIAS FRUTY SNACKS,1739 W CARRIAGE SQUARE,TAYLORSVILLE,"TAYLORSVILLE, UT 84129",8014032128,Beverage Service: Juice/Smoothies,88,2026-07-17T22:51:48.196804+00:00
DELTA CLUB/DELTA CENTER|301 W SOUTH TEMPLE ST|SALT LAKE CITY,DELTA CLUB/DELTA CENTER,301 W SOUTH TEMPLE ST,SALT LAKE CITY,"SALT LAKE CITY, UT 84101",8016716144,Restaurants: plated,98,2026-07-17T22:52:11.027808+00:00
DENNYS #7480|1701 W NORTH TEMPLE ST|SALT LAKE CITY,DENNYS #7480,1701 W NORTH TEMPLE ST,SALT LAKE CITY,"SALT LAKE CITY, UT 84116",8015316901,Restaurants: plated,78,2026-07-17T22:52:29.467729+00:00
DIAMOND CONCESSIONS @MAVERIK CENTER #430|3200 S DECKER LAKE DR|WEST VALLEY CITY,DIAMOND CONCESSIONS @MAVERIK CENTER #430,3200 S DECKER LAKE DR,WEST VALLEY CITY,"WEST VALLEY CITY, UT 84119",8019888800,Concessions: potentially hazardous foods,86,2026-07-17T22:53:28.892238+00:00
DINING WITH DONNA|3232 S 400 E|SOUTH SALT LAKE,DINING WITH DONNA,3232 S 400 E,SOUTH SALT LAKE,"SOUTH SALT LAKE, UT 84115",8013644753,"Caterers, not restaurant connected",100,2026-07-17T22:54:25.509349+00:00
DINNER TIME MEALS|278 E 12300 S|DRAPER,DINNER TIME MEALS,278 E 12300 S,DRAPER,"DRAPER, UT 84020",8018395229,Restaurants: non-plated,95,2026-07-17T22:54:52.740786+00:00
DIPPIN DOTS#H272GL|3232 S 400 E|SOUTH SALT LAKE,DIPPIN DOTS#H272GL,3232 S 400 E,SOUTH SALT LAKE,"SOUTH SALT LAKE, UT 84115",8015209215,Mobiles: Mobile Food Units (Trucks),98,2026-07-17T22:55:10.963039+00:00
DODO RESTAURANT|1355 E 2100 S|SALT LAKE CITY,DODO RESTAURANT,1355 E 2100 S,SALT LAKE CITY,"SALT LAKE CITY, UT 84105",8014862473,Restaurants: plated,88,2026-07-17T22:55:24.085585+00:00
DOLLYS SHAVE ICE #410010Z|3232 S 400 E|SOUTH SALT LAKE,DOLLYS SHAVE ICE #410010Z,3232 S 400 E,SOUTH SALT LAKE,"SOUTH SALT LAKE, UT 84115",7169510463,Mobiles: Mobile Food Units (Trucks),98,2026-07-17T22:56:22.541983+00:00
DOMINOS|1156 W 600 N|SALT LAKE CITY,DOMINOS,1156 W 600 N,SALT LAKE CITY,"SALT LAKE CITY, UT 84116",8019994245,Restaurants: non-plated,86,2026-07-17T22:56:35.039013+00:00
DOMINOS|1430 S FOOTHILL DR|SALT LAKE CITY,DOMINOS,1430 S FOOTHILL DR,SALT LAKE CITY,"SALT LAKE CITY, UT 84108",8019994245,Restaurants: non-plated,91,2026-07-17T22:56:58.284745+00:00
DOMINOS|2115 S STATE ST|SOUTH SALT LAKE,DOMINOS,2115 S STATE ST,SOUTH SALT LAKE,"SOUTH SALT LAKE, UT 84115",8087224527,Restaurants: non-plated,88,2026-07-17T22:57:21.242498+00:00
DOMINOS PIZZA|13680 S REDWOOD RD|RIVERTON,DOMINOS PIZZA,13680 S REDWOOD RD,RIVERTON,"RIVERTON, UT 84065",8087449900,Restaurants: non-plated,91,2026-07-17T22:57:43.949653+00:00
DOMINOS PIZZA|14688 S 568 W|BLUFFDALE,DOMINOS PIZZA,14688 S 568 W,BLUFFDALE,"BLUFFDALE, UT 84065",8087224527,Restaurants: non-plated,96,2026-07-17T22:58:07.810428+00:00
DOMINOS PIZZA|7552 S PLAZA CENTER DR|WEST JORDAN,DOMINOS PIZZA,7552 S PLAZA CENTER DR,WEST JORDAN,"WEST JORDAN, UT 84084",8087224527,Restaurants: non-plated,100,2026-07-17T22:58:26.451914+00:00
DOMINOS PIZZA #7509|2282 S REDWOOD RD|WEST VALLEY CITY,DOMINOS PIZZA #7509,2282 S REDWOOD RD,WEST VALLEY CITY,"WEST VALLEY CITY, UT 84119",8019720097,Restaurants: non-plated,81,2026-07-17T22:58:55.452002+00:00
DOMINOS PIZZA #7514|6064 S STATE ST|MURRAY,DOMINOS PIZZA #7514,6064 S STATE ST,MURRAY,"MURRAY, UT 84107",8012611769,Restaurants: non-plated,84,2026-07-17T22:59:28.200973+00:00
DOMINOS PIZZA #7518|4756 S HIGHLAND DR|SALT LAKE CITY,DOMINOS PIZZA #7518,4756 S HIGHLAND DR,SALT LAKE CITY,"SALT LAKE CITY, UT 84117",8012729134,Restaurants: non-plated,96,2026-07-17T22:59:56.084425+00:00
DOMINOS PIZZA #7531|4790 W 3500 S|SALT LAKE CITY,DOMINOS PIZZA #7531,4790 W 3500 S,SALT LAKE CITY,"SALT LAKE CITY, UT 84120",8019559458,Restaurants: non-plated,91,2026-07-17T23:00:29.044448+00:00
DOMINOS PIZZA #9115|1961 E FORT UNION BLVD|COTTONWOOD HEIGHTS,DOMINOS PIZZA #9115,1961 E FORT UNION BLVD,COTTONWOOD HEIGHTS,"COTTONWOOD HEIGHTS, UT 84121",8013967788,Restaurants: non-plated,91,2026-07-17T23:00:56.602828+00:00
DOMINOS PIZZA 9116|3731 W SOUTH JORDAN PKWY|SOUTH JORDAN,DOMINOS PIZZA 9116,3731 W SOUTH JORDAN PKWY,SOUTH JORDAN,"SOUTH JORDAN, UT 84095",3853602626,Restaurants: non-plated,94,2026-07-17T23:01:20.325505+00:00
DON DANIELS MEXICAN GRILL & CANTINA|1017 N 900 W|SALT LAKE CITY,DON DANIELS MEXICAN GRILL & CANTINA,1017 N 900 W,SALT LAKE CITY,"SALT LAKE CITY, UT 84116",8015219404,Restaurants: plated,95,2026-07-17T23:01:53.321693+00:00
DUMKE SOFTBALL FIELD|102 S WASATCH DR|SALT LAKE CITY,DUMKE SOFTBALL FIELD,102 S WASATCH DR,SALT LAKE CITY,"SALT LAKE CITY, UT 84112",8015859254,Concessions: potentially hazardous foods,86,2026-07-17T23:02:45.253443+00:00
DUTCH BROS|7856 S 700 E|SANDY,DUTCH BROS,7856 S 700 E,SANDY,"SANDY, UT 84070",5419554700,Beverage Service: Coffee,84,2026-07-17T23:03:08.399403+00:00
EAST COAST SUBS|6056 S STATE ST|MURRAY,EAST COAST SUBS,6056 S STATE ST,MURRAY,"MURRAY, UT 84107",8012627827,Restaurants: non-plated,86,2026-07-17T23:03:41.338002+00:00
EDISON HOUSE - 1ST FLOOR KITCHEN/BAR|335 S 200 W|SALT LAKE CITY,EDISON HOUSE - 1ST FLOOR KITCHEN/BAR,335 S 200 W,SALT LAKE CITY,"SALT LAKE CITY, UT 84101",8014502194,Restaurants: non-plated,80,2026-07-17T23:04:38.579319+00:00
EDISON HOUSE - 2ND FLOOR KITCHEN/2 BARS|335 S 200 W|SALT LAKE CITY,EDISON HOUSE - 2ND FLOOR KITCHEN/2 BARS,335 S 200 W,SALT LAKE CITY,"SALT LAKE CITY, UT 84101",8014502194,Restaurants: non-plated,95,2026-07-17T23:05:02.023983+00:00
EIFFEL TOWER CATERING|1753 S 700 E|SALT LAKE CITY,EIFFEL TOWER CATERING,1753 S 700 E,SALT LAKE CITY,"SALT LAKE CITY, UT 84105",8014846888,"Caterers, not restaurant connected",88,2026-07-17T23:05:25.821546+00:00
EINSTEIN BROS BAGELS|5542 W 7800 S|WEST JORDAN,EINSTEIN BROS BAGELS,5542 W 7800 S,WEST JORDAN,"WEST JORDAN, UT 84081",3034539825,Restaurants: plated,84,2026-07-17T23:06:23.864430+00:00
EINSTEIN BROTHERS BAGELS #1253|72 E 10600 S|SANDY,EINSTEIN BROTHERS BAGELS #1253,72 E 10600 S,SANDY,"SANDY, UT 84070",7635922200,Restaurants: non-plated,86,2026-07-17T23:06:51.799544+00:00
EINSTEIN BROTHERS BAGELS #724|1520 S 1500 E|SALT LAKE CITY,EINSTEIN BROTHERS BAGELS #724,1520 S 1500 E,SALT LAKE CITY,"SALT LAKE CITY, UT 84105",7635922200,Restaurants: non-plated,88,2026-07-17T23:07:48.378831+00:00
EINSTEIN BROTHERS BAGELS #730|3923 S WASATCH BLVD|MILLCREEK TS,EINSTEIN BROTHERS BAGELS #730,3923 S WASATCH BLVD,MILLCREEK TS,"MILLCREEK TS, UT 84124",7635922200,Restaurants: non-plated,78,2026-07-17T23:08:45.895188+00:00
EINSTEIN BROTHERS BAGELS #732|5588 S REDWOOD RD|TAYLORSVILLE,EINSTEIN BROTHERS BAGELS #732,5588 S REDWOOD RD,TAYLORSVILLE,"TAYLORSVILLE, UT 84123",7635922200,Restaurants: non-plated,80,2026-07-17T23:09:44.634316+00:00
EL CAMINO KITCHEN|752 W CENTER ST|MIDVALE,EL CAMINO KITCHEN,752 W CENTER ST,MIDVALE,"MIDVALE, UT 84047",8016041745,"Caterers, not restaurant connected",98,2026-07-17T23:10:44.235262+00:00
EL JARIPEO 8 #267390A|7235 W 3500 S|MAGNA,EL JARIPEO 8 #267390A,7235 W 3500 S,MAGNA,"MAGNA, UT 84044",3852107693,Mobiles: Mobile Food Units (Trucks),91,2026-07-17T23:11:08.197366+00:00
EL JARIPEO GRILL ON THE WHEEL #3T7LA|1259 S REDWOOD RD|SALT LAKE CITY,EL JARIPEO GRILL ON THE WHEEL #3T7LA,1259 S REDWOOD RD,SALT LAKE CITY,"SALT LAKE CITY, UT 84104",8019494257,Mobiles: Mobile Food Units (Trucks),78,2026-07-17T23:11:26.936703+00:00
EL POLLO LOCO #3821|1120 S 300 W|SALT LAKE CITY,EL POLLO LOCO #3821,1120 S 300 W,SALT LAKE CITY,"SALT LAKE CITY, UT 84101",7609473486,Restaurants: non-plated,75,2026-07-17T23:12:08.905647+00:00
EL POLLO LOCO #3890|3964 W 4700 S|WEST VALLEY CITY,EL POLLO LOCO #3890,3964 W 4700 S,WEST VALLEY CITY,"WEST VALLEY CITY, UT 84120",7609473486,Restaurants: non-plated,97,2026-07-17T23:13:02.375534+00:00
EL RANCHO PEQUENA|1391 S 300 W|SALT LAKE CITY,EL RANCHO PEQUENA,1391 S 300 W,SALT LAKE CITY,"SALT LAKE CITY, UT 84115",8015603295,Restaurants: non-plated,86,2026-07-17T23:13:19.708153+00:00
ELEVATION CATERING|2266 E EVERGREEN AVE|MILLCREEK,ELEVATION CATERING,2266 E EVERGREEN AVE,MILLCREEK,"MILLCREEK, UT 84109",8018108466,Restaurants: plated,92,2026-07-17T23:13:33.294988+00:00
ELLERBECK|140 B ST|SALT LAKE CITY,ELLERBECK,140 B ST,SALT LAKE CITY,"SALT LAKE CITY, UT 84103",5025109165,Public Lodging: Bed and Breakfast,86,2026-07-17T23:13:56.948829+00:00
EMIGRATION CAFE DOG PATIO|1709 E 1300 S|SALT LAKE CITY,EMIGRATION CAFE DOG PATIO,1709 E 1300 S,SALT LAKE CITY,"SALT LAKE CITY, UT 84108",8019068101,Restaurants: non-plated,98,2026-07-17T23:14:35.556175+00:00
EMILIANOS TACO SHOP #HBMG2|56 E 3335 S|SOUTH SALT LAKE,EMILIANOS TACO SHOP #HBMG2,56 E 3335 S,SOUTH SALT LAKE,"SOUTH SALT LAKE, UT 84129",8018194143,Mobiles: Mobile Food Units (Trucks),91,2026-07-17T23:14:58.384546+00:00
EMPANADAS 801 @ COCINA TEPIN|2163 S RICHARDS ST|SOUTH SALT LAKE,EMPANADAS 801 @ COCINA TEPIN,2163 S RICHARDS ST,SOUTH SALT LAKE,"SOUTH SALT LAKE, UT 84115",3853861233,"Caterers, not restaurant connected",91,2026-07-17T23:15:11.502315+00:00
ENCANTO EVENTS|1164 S MAIN ST|SALT LAKE CITY,ENCANTO EVENTS,1164 S MAIN ST,SALT LAKE CITY,"SALT LAKE CITY, UT 84101",3852295967,Restaurants: non-plated,90,2026-07-17T23:15:39.698702+00:00
ENTRATA CLUB @ DELTA CENTER|301 W SOUTH TEMPLE ST|SALT LAKE CITY,ENTRATA CLUB @ DELTA CENTER,301 W SOUTH TEMPLE ST,SALT LAKE CITY,"SALT LAKE CITY, UT 84101",8013252297,Restaurants: non-plated,91,2026-07-17T23:15:53.380804+00:00
ESSENTIAL NUTRITION|5486 S 4220 W|KEARNS,ESSENTIAL NUTRITION,5486 S 4220 W,KEARNS,"KEARNS, UT 84118",8016747404,Beverage Service: Juice/Smoothies,81,2026-07-17T23:16:35.572498+00:00
EUREST|533 S 400 W|SALT LAKE CITY,EUREST,533 S 400 W,SALT LAKE CITY,"SALT LAKE CITY, UT 84101",7043280025,Restaurants: non-plated,83,2026-07-17T23:16:53.203804+00:00
EUREST - SALT LAKE ICB|5201 W AMELIA EARHART DR|SALT LAKE CITY,EUREST - SALT LAKE ICB,5201 W AMELIA EARHART DR,SALT LAKE CITY,"SALT LAKE CITY, UT 84116",7043280005,Restaurants: non-plated,88,2026-07-17T23:17:10.902510+00:00
EUREST - WELLS FARGO COB|260 N CHARLES LINDBERGH DR|SALT LAKE CITY,EUREST - WELLS FARGO COB,260 N CHARLES LINDBERGH DR,SALT LAKE CITY,"SALT LAKE CITY, UT 84116",7043280004,Restaurants: non-plated,86,2026-07-17T23:17:48.989003+00:00
EVENTS ON MAIN|9135 W MAGNA MAIN ST|MAGNA,EVENTS ON MAIN,9135 W MAGNA MAIN ST,MAGNA,"MAGNA, UT 84044",8016346199,Restaurants: non-plated,100,2026-07-17T23:18:20.858858+00:00
FAIRFIELD BY MARRIOTT|6433 S HIGHLAND DR|HOLLADAY,FAIRFIELD BY MARRIOTT,6433 S HIGHLAND DR,HOLLADAY,"HOLLADAY, UT 84121",8014061066,Restaurants: non-plated,86,2026-07-17T23:18:34.052213+00:00
FAIRFIELD INN & SUITES MURRAY|594 W 4500 S|MURRAY,FAIRFIELD INN & SUITES MURRAY,594 W 4500 S,MURRAY,"MURRAY, UT 84123",8012659600,Public Lodging: continental breakfast,90,2026-07-17T23:18:58.110155+00:00
FAIRFIELD INN & SUITES SALT LAKE CITY SOUTHWEST|2878 S 5600 W|WEST VALLEY CITY,FAIRFIELD INN & SUITES SALT LAKE CITY SOUTHWEST,2878 S 5600 W,WEST VALLEY CITY,"WEST VALLEY CITY, UT 84120",8015500849,Public Lodging: continental breakfast,94,2026-07-17T23:19:30.882429+00:00
FAMILY BREAKFAST #015402Z|1055 E DRAPER PKWY|DRAPER,FAMILY BREAKFAST #015402Z,1055 E Draper PKWY,DRAPER,"DRAPER, UT 84020",3852255925,Mobiles: Mobile Food Units (Trucks),95,2026-07-17T23:19:54.846650+00:00
FARRS 523/DELTA CENTER|301 W SOUTH TEMPLE ST|SALT LAKE CITY,FARRS 523/DELTA CENTER,301 W SOUTH TEMPLE ST,SALT LAKE CITY,"SALT LAKE CITY, UT 84101",8016716144,Restaurants: non-plated,90,2026-07-17T23:20:13.889392+00:00
FELDMANS DELI DOG PATIO|2005 E 2700 S|SALT LAKE CITY,FELDMANS DELI DOG PATIO,2005 E 2700 S,SALT LAKE CITY,"SALT LAKE CITY, UT 84109",8016186122,Restaurants: non-plated,98,2026-07-17T23:21:00.892483+00:00
FELT BAR & EATERY|341 S MAIN ST|SALT LAKE CITY,FELT BAR & EATERY,341 S MAIN ST,SALT LAKE CITY,"SALT LAKE CITY, UT 84101",8014553953,Restaurants: plated,83,2026-07-17T23:21:22.706118+00:00
FILLINGS AND EMULSIONS|3920 W TERMINAL DR|SALT LAKE CITY,FILLINGS AND EMULSIONS,3920 W TERMINAL DR,SALT LAKE CITY,"SALT LAKE CITY, UT 84122",5714173051,Restaurants: non-plated,96,2026-07-17T23:21:46.258158+00:00
FILLINGS AND EMULSIONS @ GRANATOS|1391 S 300 W|SALT LAKE CITY,FILLINGS AND EMULSIONS @ GRANATOS,1391 S 300 W,SALT LAKE CITY,"SALT LAKE CITY, UT 84115",8016713240,Restaurants: non-plated,94,2026-07-17T23:22:13.592965+00:00
FIRE AND SLICE PIZZA @ AM ACADEMY OF INNOVATION|5410 W SOUTH JORDAN PKWY|SOUTH JORDAN,FIRE AND SLICE PIZZA @ AM ACADEMY OF INNOVATION,5410 W SOUTH JORDAN PKWY,SOUTH JORDAN,"SOUTH JORDAN, UT 84009",8014556456,Commissary,100,2026-07-17T23:22:26.603261+00:00
FIRE PIZZA #TRUCK 6|5176 W LIBERATOR DR|KEARNS,FIRE PIZZA #TRUCK 6,5176 W LIBERATOR DR,KEARNS,"KEARNS, UT 84118",8015921132,Mobiles: Mobile Food Units (Trucks),91,2026-07-17T23:23:03.569473+00:00
FIREHOUSE BBQ SLC|565 E 2100 S|SALT LAKE CITY,FIREHOUSE BBQ SLC,565 E 2100 S,SALT LAKE CITY,"SALT LAKE CITY, UT 84106",8015835672,"Caterers, not restaurant connected",100,2026-07-17T23:23:58.860740+00:00
FIREHOUSE SUBS #1821|1008 E FT UNION BLVD|MIDVALE,FIREHOUSE SUBS #1821,1008 E FT UNION BLVD,MIDVALE,"MIDVALE, UT 84047",2082017010,Restaurants: non-plated,90,2026-07-17T23:24:11.924274+00:00
FISHER BREWING COMPANY|320 W 800 S|SALT LAKE CITY,FISHER BREWING COMPANY,320 W 800 S,SALT LAKE CITY,"SALT LAKE CITY, UT 84101",8018246069,Beverage Service: Bars/Lounges,81,2026-07-17T23:25:03.391500+00:00
FISHER BREWING COMPANY - DOG PATIO|320 W 800 S|SALT LAKE CITY,FISHER BREWING COMPANY - DOG PATIO,320 W 800 S,SALT LAKE CITY,"SALT LAKE CITY, UT 84101",8018246069,Restaurants: plated,98,2026-07-17T23:25:27.111733+00:00
FIVE GUYS|1082 E FORT UNION BLVD|MIDVALE,FIVE GUYS,1082 E FORT UNION BLVD,MIDVALE,"MIDVALE, UT 84047",8016712128,Restaurants: plated,88,2026-07-17T23:26:09.607486+00:00
FIVE GUYS|3167 E 3300 S|SALT LAKE CITY,FIVE GUYS,3167 E 3300 S,SALT LAKE CITY,"SALT LAKE CITY, UT 84109",8016712128,Restaurants: non-plated,81,2026-07-17T23:27:02.613158+00:00
FIVE GUYS|12570 S RHETSKI LN|RIVERTON,FIVE GUYS,12570 S RHETSKI LN,RIVERTON,"RIVERTON, UT 84065",8016712128,Restaurants: non-plated,81,2026-07-17T23:28:00.098122+00:00
FIVE GUYS BURGERS AND FRIES|10431 S STATE ST|SANDY,FIVE GUYS BURGERS AND FRIES,10431 S STATE ST,SANDY,"SANDY, UT 84070",8016712128,Restaurants: non-plated,80,2026-07-17T23:28:58.364997+00:00
FIVE GUYS BURGERS AND FRIES|2917 S GLEN EAGLE DR|WEST VALLEY CITY,FIVE GUYS BURGERS AND FRIES,2917 S GLEN EAGLE DR,WEST VALLEY CITY,"WEST VALLEY CITY, UT 84128",8016712128,Restaurants: non-plated,78,2026-07-17T23:29:50.521769+00:00
FIVE GUYS BURGERS AND FRIES|487 E 12300 S|DRAPER,FIVE GUYS BURGERS AND FRIES,487 E 12300 S,DRAPER,"DRAPER, UT 84020",3854198838,Restaurants: non-plated,100,2026-07-17T23:30:48.443216+00:00
FLEMINGS PRIME STEAKHOUSE|20 S 400 W|SALT LAKE CITY,FLEMINGS PRIME STEAKHOUSE,20 S 400 W,SALT LAKE CITY,"SALT LAKE CITY, UT 84101",8013553704,Restaurants: plated,93,2026-07-17T23:31:45.071206+00:00
FLIK @ FIDELITY|49 N 400 W|SALT LAKE CITY,FLIK @ FIDELITY,49 N 400 W,SALT LAKE CITY,"SALT LAKE CITY, UT 84101",7043280025,Restaurants: non-plated,98,2026-07-17T23:32:42.413419+00:00
FLOWER CHILD|1414 S FOOTHILL DR|SALT LAKE CITY,FLOWER CHILD,1414 S FOOTHILL DR,SALT LAKE CITY,"SALT LAKE CITY, UT 84108",8188173084,Restaurants: plated,80,2026-07-17T23:32:55.826485+00:00
FLOWERCHILD RIVERTON|4422 W TREE SPARROW DR|RIVERTON,FLOWERCHILD RIVERTON,4422 W TREE SPARROW DR,RIVERTON,"RIVERTON, UT 84096",8188713084,Restaurants: non-plated,75,2026-07-17T23:33:13.643490+00:00
FLYING J TRAVEL CENTER #746|2025 S 900 W|SALT LAKE CITY,FLYING J TRAVEL CENTER #746,2025 S 900 W,SALT LAKE CITY,"SALT LAKE CITY, UT 84104",8655887488,Restaurants: non-plated,92,2026-07-17T23:33:32.077664+00:00
FOOD JUSTICE COALITION|751 W 800 S|SALT LAKE CITY,FOOD JUSTICE COALITION,751 W 800 S,SALT LAKE CITY,"SALT LAKE CITY, UT 84104",8013867173,Restaurants: plated,94,2026-07-17T23:34:00.135314+00:00
FORE LAKES GOLF INC|1285 W 4700 S|TAYLORSVILLE,FORE LAKES GOLF INC,1285 W 4700 S,TAYLORSVILLE,"TAYLORSVILLE, UT 84123",8012668621,Concessions: potentially hazardous foods,91,2026-07-17T23:34:17.997629+00:00
FRESHIES LOBSTER|356 E 900 S|SALT LAKE CITY,FRESHIES LOBSTER,356 E 900 S,SALT LAKE CITY,"SALT LAKE CITY, UT 84111",4356596226,Restaurants: non-plated,78,2026-07-17T23:35:16.463205+00:00
GALLIVAN CENTER|239 S MAIN ST|SALT LAKE CITY,GALLIVAN CENTER,239 S MAIN ST,SALT LAKE CITY,"SALT LAKE CITY, UT 84111",8015356137,Restaurants: non-plated,96,2026-07-17T23:36:00.662765+00:00
GARAGE GRILL - DOG PATIO|1122 E DRAPER PKWY|DRAPER,GARAGE GRILL - DOG PATIO,1122 E DRAPER PKWY,DRAPER,"DRAPER, UT 84020",8015233339,Restaurants: plated,98,2026-07-17T23:36:57.696862+00:00
GARDEN ESPRESSO|917 E VINE ST|MURRAY,GARDEN ESPRESSO,917 E VINE ST,MURRAY,"MURRAY, UT 84121",8017556523,Restaurants: non-plated,81,2026-07-17T23:37:34.595027+00:00
GARDEN O VEATEN #V045BS|56 E 3335 S|SOUTH SALT LAKE,GARDEN O VEATEN #V045BS,56 E 3335 S,SOUTH SALT LAKE,"SOUTH SALT LAKE, UT 84115",8014037423,Mobiles: Mobile Food Units (Trucks),100,2026-07-17T23:38:22.170485+00:00
GLOBAL FOOD SERVICES WEST OFFICE BUILDING|120 N 200 W|SALT LAKE CITY,GLOBAL FOOD SERVICES WEST OFFICE BUILDING,120 N 200 W,SALT LAKE CITY,"SALT LAKE CITY, UT 84103",8012405677,Restaurants: non-plated,100,2026-07-17T23:39:08.669344+00:00
GOLDEN GYROS|259 W 900 S|SALT LAKE CITY,GOLDEN GYROS,259 W 900 S,SALT LAKE CITY,"SALT LAKE CITY, UT 84101",8012140099,Restaurants: non-plated,81,2026-07-17T23:39:49.934298+00:00
GOLDMINERS DAUGHTER LODGE - LOUNGE|10160 E HWY 210|ALTA,GOLDMINERS DAUGHTER LODGE - LOUNGE,10160 E HWY 210,ALTA,"ALTA, UT 84092",8017422300,Beverage Service: Bars/Lounges,86,2026-07-17T23:40:23.413671+00:00
GOLDMINERS DAUGHTER LODGE - SLOPESIDE JOES|10160 E HIGHWAY 210 HWY|ALTA,GOLDMINERS DAUGHTER LODGE - SLOPESIDE JOES,10160 E HIGHWAY 210 HWY,ALTA,"ALTA, UT 84092",8017422300,Beverage Service: Coffee,100,2026-07-17T23:41:21.676131+00:00
GOOD 2 GO STORE|4978 W 12600 S|HERRIMAN,GOOD 2 GO STORE,4978 W 12600 S,HERRIMAN,"HERRIMAN, UT 84020",9132363497,Restaurants: non-plated,97,2026-07-17T23:42:18.951685+00:00
GOOD2GO STORES|5075 W HERRIMAN BLVD|HERRIMAN,GOOD2GO STORES,5075 W HERRIMAN BLVD,HERRIMAN,"HERRIMAN, UT 84096",5205231497,Restaurants: non-plated,78,2026-07-17T23:42:51.684103+00:00
GORDOS TACOS #248824A|5470 S 900 E|MURRAY,GORDOS TACOS #248824A,5470 S 900 E,MURRAY,"MURRAY, UT 84117",8017837616,Mobiles: Mobile Food Units (Trucks),75,2026-07-17T23:43:24.038791+00:00
GOURMANDISE THE BAKERY DOG PATIO|725 E 12300 S|DRAPER,GOURMANDISE THE BAKERY DOG PATIO,725 E 12300 S,DRAPER,"DRAPER, UT 84020",3854204315,Restaurants: non-plated,98,2026-07-17T23:43:47.190253+00:00
GOURMANDISE THE BAKERY DOG PATIO|250 S 300 E|SALT LAKE CITY,GOURMANDISE THE BAKERY DOG PATIO,250 S 300 E,SALT LAKE CITY,"SALT LAKE CITY, UT 84111",8013283330,Restaurants: non-plated,98,2026-07-17T23:44:14.117522+00:00
GRANATO FOODS|1391 S 300 W|SALT LAKE CITY,GRANATO FOODS,1391 S 300 W,SALT LAKE CITY,"SALT LAKE CITY, UT 84115",8017064612,Commissary,84,2026-07-17T23:44:41.696069+00:00
GRANATOS GOURMET MARKET|4051 W TERMINAL DR|SALT LAKE CITY,GRANATOS GOURMET MARKET,4051 W TERMINAL DR,SALT LAKE CITY,"SALT LAKE CITY, UT 84122",7084093202,Restaurants: plated,80,2026-07-17T23:44:59.477206+00:00
GRAND AMERICA HOTEL - GIBSON GIRL LOUNGE|555 S MAIN ST|SALT LAKE CITY,GRAND AMERICA HOTEL - GIBSON GIRL LOUNGE,555 S MAIN ST,SALT LAKE CITY,"SALT LAKE CITY, UT 84111",8013636781,Beverage Service: Bars/Lounges,96,2026-07-17T23:45:43.429672+00:00
GRAND AMERICA HOTEL BUTCHER SHOP BASEMENT|555 S MAIN ST|SALT LAKE CITY,GRAND AMERICA HOTEL BUTCHER SHOP BASEMENT,555 S MAIN ST,SALT LAKE CITY,"SALT LAKE CITY, UT 84111",8013636781,Commissary,96,2026-07-17T23:46:40.449749+00:00
GRAND AMERICA HOTEL EMPLOYEE DINING|555 S MAIN ST|SALT LAKE CITY,GRAND AMERICA HOTEL EMPLOYEE DINING,555 S MAIN ST,SALT LAKE CITY,"SALT LAKE CITY, UT 84111",8013636781,Restaurants: plated,88,2026-07-17T23:47:37.585142+00:00
GRAND AMERICA HOTEL POOL KITCHEN|555 S MAIN ST|SALT LAKE CITY,GRAND AMERICA HOTEL POOL KITCHEN,555 S MAIN ST,SALT LAKE CITY,"SALT LAKE CITY, UT 84111",8013636781,Concessions: potentially hazardous foods,96,2026-07-17T23:48:36.055132+00:00
GRANDMA SWAN SMITH ECLECTIC DELIGHTS #1BFF5|67 W 1700 S|SALT LAKE CITY,GRANDMA SWAN SMITH ECLECTIC DELIGHTS #1BFF5,67 W 1700 S,SALT LAKE CITY,"SALT LAKE CITY, UT 84115",8018332242,Mobiles: Mobile Food Units (Trucks),81,2026-07-17T23:49:32.887345+00:00
GREAT STEAK & POTATO CO|28 S STATE ST|SALT LAKE CITY,GREAT STEAK & POTATO CO,28 S STATE ST,SALT LAKE CITY,"SALT LAKE CITY, UT 84111",8013590161,Restaurants: non-plated,92,2026-07-17T23:49:50.290306+00:00
GREEK ORTHODOX CHURCH|279 S 300 W|SALT LAKE CITY,GREEK ORTHODOX CHURCH,279 S 300 W,SALT LAKE CITY,"SALT LAKE CITY, UT 84101",8013289681,Commissary,81,2026-07-17T23:50:48.458192+00:00
GRILLE|5055 S WEST RIDGE BLVD|KEARNS TS,GRILLE,5055 S WEST RIDGE BLVD,KEARNS TS,"KEARNS TS, UT 84118",8019677596,Restaurants: plated,92,2026-07-17T23:51:46.847705+00:00
GUADALUPE SCHOOL|1385 N 1200 W|SALT LAKE CITY,GUADALUPE SCHOOL,1385 N 1200 W,SALT LAKE CITY,"SALT LAKE CITY, UT 84116",8015316100,Restaurants: plated,90,2026-07-17T23:52:44.067633+00:00
HABANERO CHILE|1245 S 900 W|SALT LAKE CITY,HABANERO CHILE,1245 S 900 W,SALT LAKE CITY,"SALT LAKE CITY, UT 84104",8016081956,Mobiles: Food Carts,82,2026-07-17T23:53:40.084540+00:00
HABIT BURGER GRILL|6993 S PARK CENTRE DR|COTTONWOOD HEIGHTS,HABIT BURGER GRILL,6993 S PARK CENTRE DR,COTTONWOOD HEIGHTS,"COTTONWOOD HEIGHTS, UT 84121",8019499085,Restaurants: non-plated,99,2026-07-17T23:54:37.222893+00:00
HABIT BURGER GRILL|11380 S STATE ST|SANDY,HABIT BURGER GRILL,11380 S STATE ST,SANDY,"SANDY, UT 84070",3175963260,Restaurants: non-plated,92,2026-07-17T23:55:34.363473+00:00
HADFIELD HOUSE @SLC COMMISSARY|3678 W 2100 S|SALT LAKE CITY,HADFIELD HOUSE @SLC COMMISSARY,3678 W 2100 S,SALT LAKE CITY,"SALT LAKE CITY, UT 84120",3852188535,"Caterers, not restaurant connected",100,2026-07-17T23:56:31.549817+00:00
HALL PASS DOG PATIO|153 S RIO GRANDE ST|SALT LAKE CITY,HALL PASS DOG PATIO,153 S RIO GRANDE ST,SALT LAKE CITY,"SALT LAKE CITY, UT 84101",8015038055,Restaurants: non-plated,98,2026-07-17T23:56:50.251165+00:00
HALLOWED GROUNDS CAFE AND GIFTS|370 S 300 E|SALT LAKE CITY,HALLOWED GROUNDS CAFE AND GIFTS,370 S 300 E,SALT LAKE CITY,"SALT LAKE CITY, UT 84111",8019135323,Beverage Service: Coffee,98,2026-07-17T23:57:03.159615+00:00
HAMPTON INN|425 S 300 W|SALT LAKE CITY,HAMPTON INN,425 S 300 W,SALT LAKE CITY,"SALT LAKE CITY, UT 84101",8014857770,Public Lodging: full breakfast,96,2026-07-17T23:57:21.588203+00:00
HANDLEBAR - DOG PATIO|751 N 300 W|SALT LAKE CITY,HANDLEBAR - DOG PATIO,751 N 300 W,SALT LAKE CITY,"SALT LAKE CITY, UT 84103",8017180399,Beverage Service: Bars/Lounges,98,2026-07-17T23:58:18.732085+00:00
HARMONS - COFFEE SHOP|125 E 13800 S|DRAPER,HARMONS - COFFEE SHOP,125 E 13800 S,DRAPER,"DRAPER, UT 84020",8019698261,Beverage Service: Coffee,86,2026-07-17T23:58:50.781187+00:00
HARMONS - UPSTAIRS DELI|4727 W SOUTH JORDAN PKWY|SOUTH JORDAN,HARMONS - UPSTAIRS DELI,4727 W SOUTH JORDAN PKWY,SOUTH JORDAN,"SOUTH JORDAN, UT 84009",3852979750,Restaurants: non-plated,96,2026-07-17T23:59:48.533632+00:00
HARMONS BANGERTER CROSSING|125 E 13800 S|DRAPER,HARMONS BANGERTER CROSSING,125 E 13800 S,DRAPER,"DRAPER, UT 84020",8016710111,Restaurants: non-plated,90,2026-07-18T00:00:18.842334+00:00
HARMONS CITY CREEK (BARISTA)|135 E 100 S|SALT LAKE CITY,HARMONS CITY CREEK (BARISTA),135 E 100 S,SALT LAKE CITY,"SALT LAKE CITY, UT 84111",8014280366,Restaurants: non-plated,81,2026-07-18T00:01:19.469308+00:00
HARMONS CITY CREEK - JUST BURGERS|135 E 100 S|SALT LAKE CITY,HARMONS CITY CREEK - JUST BURGERS,135 E 100 S,SALT LAKE CITY,"SALT LAKE CITY, UT 84111",8014280375,Restaurants: non-plated,97,2026-07-18T00:02:18.060055+00:00
HARMONS DAY BREAK - JUST BURGERS|4727 W SOUTH JORDAN PKWY|SOUTH JORDAN,HARMONS DAY BREAK - JUST BURGERS,4727 W SOUTH JORDAN PKWY,SOUTH JORDAN,"SOUTH JORDAN, UT 84009",8012979750,Restaurants: non-plated,86,2026-07-18T00:03:04.219076+00:00
HARMONS TAYLORSVILLE|5454 S REDWOOD RD|TAYLORSVILLE,HARMONS TAYLORSVILLE,5454 S REDWOOD RD,TAYLORSVILLE,"TAYLORSVILLE, UT 84123",8019578472,Restaurants: non-plated,78,2026-07-18T00:03:51.654230+00:00
HARMONS WEST|3955 W 3500 S|WEST VALLEY CITY,HARMONS WEST,3955 W 3500 S,WEST VALLEY CITY,"WEST VALLEY CITY, UT 84120",8019683577,Restaurants: non-plated,83,2026-07-18T00:04:50.554937+00:00
"HARMONS, BASEMENT KITCHEN, GELATO|4727 W SOUTH JORDAN PKWY|SOUTH JORDAN","HARMONS, BASEMENT KITCHEN, GELATO",4727 W SOUTH JORDAN PKWY,SOUTH JORDAN,"SOUTH JORDAN, UT 84095",8019578439,Restaurants: non-plated,88,2026-07-18T00:05:49.427556+00:00
HASH KITCHEN - DOG PATIO|264 E 12300 S|DRAPER,HASH KITCHEN - DOG PATIO,264 E 12300 S,DRAPER,"DRAPER, UT 84020",8016423800,Restaurants: non-plated,98,2026-07-18T00:06:46.020494+00:00
HAVE PARTY WILL TRAVEL|466 W LAWNDALE DR|SOUTH SALT LAKE,HAVE PARTY WILL TRAVEL,466 W LAWNDALE DR,SOUTH SALT LAKE,"SOUTH SALT LAKE, UT 84115",8012698400,"Caterers, not restaurant connected",88,2026-07-18T00:07:05.781625+00:00
HCI WELLNESS & INTERGRATIVE HEALTH CENTER KITCHEN|1950 E CIRCLE OF HOPE DR|SALT LAKE CITY,HCI WELLNESS & INTERGRATIVE HEALTH CENTER KITCHEN,1950 E CIRCLE OF HOPE DR,SALT LAKE CITY,"SALT LAKE CITY, UT 84112",8015874585,Restaurants: non-plated,100,2026-07-18T00:07:28.825538+00:00
HEALTHY VIDA FELIZ|4041 W 4100 S|WEST VALLEY CITY,HEALTHY VIDA FELIZ,4041 W 4100 S,WEST VALLEY CITY,"WEST VALLEY CITY, UT 84120",8016884728,Beverage Service: Juice/Smoothies,90,2026-07-18T00:07:46.365779+00:00
HEARTH AND HILL SUGAR ALLEY|2188 S HIGHLAND DR|SALT LAKE CITY,HEARTH AND HILL SUGAR ALLEY,2188 S HIGHLAND DR,SALT LAKE CITY,"SALT LAKE CITY, UT 84106",8188002368,Restaurants: plated,78,2026-07-18T00:08:21.063585+00:00
HECTORS MEXICAN FOOD #276272A|3551 S WEST TEMPLE ST|SOUTH SALT LAKE,HECTORS MEXICAN FOOD #276272A,3551 S WEST TEMPLE ST,SOUTH SALT LAKE,"SOUTH SALT LAKE, UT 84115",3853861233,Mobiles: Mobile Food Units (Trucks),100,2026-07-18T00:08:44.197091+00:00
HERITAGE CONVENIENCE STORE|151 S CONNOR|SALT LAKE CITY,HERITAGE CONVENIENCE STORE,151 S CONNOR,SALT LAKE CITY,"SALT LAKE CITY, UT 84112",9078410144,Restaurants: non-plated,91,2026-07-18T00:08:57.504047+00:00
HIDDEN OAK  GOURMET CREAMERY|370 S 300 E|SALT LAKE CITY,HIDDEN OAK  GOURMET CREAMERY,370 S 300 E,SALT LAKE CITY,"SALT LAKE CITY, UT 84121",8015979244,Restaurants: non-plated,96,2026-07-18T00:09:55.326496+00:00
HIDDEN VALLEY COUNTRY CLUB CONCESSIONS|11820 S HIGHLAND DR|SANDY,HIDDEN VALLEY COUNTRY CLUB CONCESSIONS,11820 S HIGHLAND DR,SANDY,"SANDY, UT 84092",8015710583,Restaurants: non-plated,98,2026-07-18T00:10:08.365299+00:00
HIDDEN VALLEY COUNTRY CLUB-CABANA|11820 S HIGHLAND DR|SANDY,HIDDEN VALLEY COUNTRY CLUB-CABANA,11820 S HIGHLAND DR,SANDY,"SANDY, UT 84092",8015710583,Concessions: potentially hazardous foods,97,2026-07-18T00:11:06.842401+00:00
HIGHLANDER PUB|6194 S HIGHLAND DR|MURRAY,HIGHLANDER PUB,6194 S HIGHLAND DR,MURRAY,"MURRAY, UT 84121",8012778251,Beverage Service: Bars/Lounges,98,2026-07-18T00:11:50.796419+00:00
HILLS KITCHEN DOG PATIO|2188 S HIGHLAND DR|SALT LAKE CITY,HILLS KITCHEN DOG PATIO,2188 S HIGHLAND DR,SALT LAKE CITY,"SALT LAKE CITY, UT 84106",3855633555,Restaurants: plated,98,2026-07-18T00:12:08.581363+00:00
HILTON SALT LAKE CITY CENTER - LOUNGE|255 S WEST TEMPLE ST|SALT LAKE CITY,HILTON SALT LAKE CITY CENTER - LOUNGE,255 S WEST TEMPLE ST,SALT LAKE CITY,"SALT LAKE CITY, UT 84101",8013282000,Beverage Service: Bars/Lounges,96,2026-07-18T00:12:21.591029+00:00
HKBC TAPROOM & BAR - DOG PATIO|370 W ASPEN AVE|SALT LAKE CITY,HKBC TAPROOM & BAR - DOG PATIO,370 W ASPEN AVE,SALT LAKE CITY,"SALT LAKE CITY, UT 84101",3852278240,Restaurants: non-plated,98,2026-07-18T00:13:18.340218+00:00
HMHI COFFEE KIOSK|501 S CHIPETA WY|SALT LAKE CITY,HMHI COFFEE KIOSK,501 S CHIPETA WY,SALT LAKE CITY,"SALT LAKE CITY, UT 84108",8015832500,Beverage Service: Coffee,86,2026-07-18T00:13:31.649493+00:00
HMHI CRISIS KEM AND CAROLYN GARDNER CRISIS CARE|955 W 3300 S|SOUTH SALT LAKE,HMHI CRISIS KEM AND CAROLYN GARDNER CRISIS CARE,955 W 3300 S,SOUTH SALT LAKE,"SOUTH SALT LAKE, UT 84119",8015832500,Restaurants: plated,100,2026-07-18T00:14:29.094023+00:00
HMS HOST PRODUCTION KITCHEN|474 N 3700 W|SALT LAKE CITY,HMS HOST PRODUCTION KITCHEN,474 N 3700 W,SALT LAKE CITY,"SALT LAKE CITY, UT 84122",3856957393,Commissary,86,2026-07-18T00:14:56.031187+00:00
HOLIDAY INN EXPRESS|7134 S 700 E|MIDVALE,HOLIDAY INN EXPRESS,7134 S 700 E,MIDVALE,"MIDVALE, UT 84047",8103528100,Public Lodging: continental breakfast,100,2026-07-18T00:15:53.374287+00:00
HOLIDAY OIL # 29|2729 W 4700 S|TAYLORSVILLE,HOLIDAY OIL # 29,2729 W 4700 S,TAYLORSVILLE,"TAYLORSVILLE, UT 84129",8019695403,Restaurants: non-plated,90,2026-07-18T00:16:06.481648+00:00
HOLIDAY OIL #30|3215 W 5400 S|TAYLORSVILLE,HOLIDAY OIL #30,3215 W 5400 S,TAYLORSVILLE,"TAYLORSVILLE, UT 84129",8019671826,Restaurants: non-plated,100,2026-07-18T00:16:29.419532+00:00
HOLIDAY OIL #32|3978 W INNOVATION DR|RIVERTON,HOLIDAY OIL #32,3978 W INNOVATION DR,RIVERTON,"RIVERTON, UT 84065",8012531048,Restaurants: non-plated,76,2026-07-18T00:17:27.796267+00:00
HOLIDAY OIL #37|15027 S ACADEMY PKWY|HERRIMAN,HOLIDAY OIL #37,15027 S ACADEMY PKWY,HERRIMAN,"HERRIMAN, UT 84096",8019737002,Restaurants: non-plated,81,2026-07-18T00:18:27.559964+00:00
HOLIDAY OIL #44|3592 S 8400 W|MAGNA TS,HOLIDAY OIL #44,3592 S 8400 W,MAGNA TS,"MAGNA TS, UT 84044",8019737002,Restaurants: non-plated,100,2026-07-18T00:19:05.171890+00:00
HOLIDAY OIL #57|2730 W 7800 S|WEST JORDAN,HOLIDAY OIL #57,2730 W 7800 S,WEST JORDAN,"WEST JORDAN, UT 84084",8019737002,Restaurants: non-plated,76,2026-07-18T00:19:46.746963+00:00
HOLIDAY OIL #62|2474 S 7200 W|MAGNA,HOLIDAY OIL #62,2474 S 7200 W,MAGNA,"MAGNA, UT 84044",1801973700,Restaurants: non-plated,86,2026-07-18T00:20:40.911869+00:00
HOLY CROSS - PROUDLY WE SERVE COFFEE SHOP|1050 E SOUTH TEMPLE ST|SALT LAKE CITY,HOLY CROSS - PROUDLY WE SERVE COFFEE SHOP,1050 E SOUTH TEMPLE ST,SALT LAKE CITY,"SALT LAKE CITY, UT 84102",8018077022,Beverage Service: Coffee,96,2026-07-18T00:21:09.313848+00:00
HOLY CROSS - PROUDLY WE SERVE COFFEE SHOP|3580 W 9000 S|WEST JORDAN,HOLY CROSS - PROUDLY WE SERVE COFFEE SHOP,3580 W 9000 S,WEST JORDAN,"WEST JORDAN, UT 84088",8015618888,Beverage Service: Juice/Smoothies,76,2026-07-18T00:21:22.792769+00:00
HOME 2 SUITES-MURRAY|4927 S STATE ST|MURRAY,HOME 2 SUITES-MURRAY,4927 S STATE ST,MURRAY,"MURRAY, UT 84107",8012690700,Restaurants: non-plated,81,2026-07-18T00:21:36.416952+00:00
HOMEROS TACOS Y MAS #6ECN9|3300 S MAIN ST|SALT LAKE CITY,HOMEROS TACOS Y MAS #6ECN9,3300 S MAIN ST,SALT LAKE CITY,"SALT LAKE CITY, UT 84103",9096426397,Mobiles: Mobile Food Units (Trucks),87,2026-07-18T00:22:34.990521+00:00
HOMEWOOD SUITES SALT LAKE CITY DOWNTOWN|423 W 300 S|SALT LAKE CITY,HOMEWOOD SUITES SALT LAKE CITY DOWNTOWN,423 W 300 S,SALT LAKE CITY,"SALT LAKE CITY, UT 84101",8013636700,Public Lodging: continental breakfast,98,2026-07-18T00:22:53.321572+00:00
HONEST EATERY 317/DELTA CENTER|301 W SOUTH TEMPLE ST|SALT LAKE CITY,HONEST EATERY 317/DELTA CENTER,301 W SOUTH TEMPLE ST,SALT LAKE CITY,"SALT LAKE CITY, UT 84101",8012092212,Restaurants: plated,96,2026-07-18T00:23:05.870077+00:00
HONEY BAKED HAM COMPANY|1915 E MURRAY HOLLADAY RD|HOLLADAY,HONEY BAKED HAM COMPANY,1915 E MURRAY HOLLADAY RD,HOLLADAY,"HOLLADAY, UT 84117",6789663225,Restaurants: non-plated,76,2026-07-18T00:23:33.149724+00:00
HOPKINS BREWING CO DOG PATIO|2121 S MCCLELLAND ST|SALT LAKE CITY,HOPKINS BREWING CO DOG PATIO,2121 S MCCLELLAND ST,SALT LAKE CITY,"SALT LAKE CITY, UT 84106",8017181724,Restaurants: plated,98,2026-07-18T00:24:36.249668+00:00
HOT DOG ON A STICK|2721 W 7800 S|WEST JORDAN,HOT DOG ON A STICK,2721 W 7800 S,WEST JORDAN,"WEST JORDAN, UT 84088",8016942079,Restaurants: non-plated,96,2026-07-18T00:25:00.604588+00:00
HOUSTON TX HOT CHICKEN|4505 W PARTRIDGE HILL LN|RIVERTON,HOUSTON TX HOT CHICKEN,4505 W PARTRIDGE HILL LN,RIVERTON,"RIVERTON, UT 84096",3854641950,Restaurants: plated,75,2026-07-18T00:25:48.459731+00:00
HOUSTON TX HOT CHICKEN|912 E 900 S|SALT LAKE CITY,HOUSTON TX HOT CHICKEN,912 E 900 S,SALT LAKE CITY,"SALT LAKE CITY, UT 84105",8017355586,Restaurants: non-plated,84,2026-07-18T00:26:21.392671+00:00
HUB & SPOKE DINER/DOG PATIO|1291 S 1100 E|SALT LAKE CITY,HUB & SPOKE DINER/DOG PATIO,1291 S 1100 E,SALT LAKE CITY,"SALT LAKE CITY, UT 84105",8014870698,Restaurants: non-plated,98,2026-07-18T00:26:38.293972+00:00
HUCKLEBERRY GRILL #HUCK 1|335 W 1830 S|SALT LAKE CITY,HUCKLEBERRY GRILL #HUCK 1,335 W 1830 S,SALT LAKE CITY,"SALT LAKE CITY, UT 84115",8018824900,Mobiles: Mobile Food Units (Trucks),95,2026-07-18T00:27:00.720695+00:00
HUGO COFFEE ROASTERS|210 E 400 S|SALT LAKE CITY,HUGO COFFEE ROASTERS,210 E 400 S,SALT LAKE CITY,"SALT LAKE CITY, UT 84111",8019106349,Beverage Service: Coffee,90,2026-07-18T00:27:13.414398+00:00
HUNTS TEXAS BBQ #291571Z|229 W 4800 S|MURRAY,HUNTS TEXAS BBQ #291571Z,229 W 4800 S,MURRAY,"MURRAY, UT 84107",8329848671,Mobiles: Mobile Food Units (Trucks),100,2026-07-18T00:27:26.546521+00:00
HUNTSMAN CANCER HOSPITAL|1950 E CIRCLE OF HOPE|SALT LAKE CITY,HUNTSMAN CANCER HOSPITAL,1950 E CIRCLE OF HOPE,SALT LAKE CITY,"SALT LAKE CITY, UT 84112",8015815090,Restaurants: plated,98,2026-07-18T00:28:13.422455+00:00
HUNTSMAN CANCER HOSPITAL POINT|1950 E CIRCLE OF HOPE DR|SALT LAKE CITY,HUNTSMAN CANCER HOSPITAL POINT,1950 E CIRCLE OF HOPE DR,SALT LAKE CITY,"SALT LAKE CITY, UT 84112",8015259092,Restaurants: plated,90,2026-07-18T00:28:36.502300+00:00
HUNTSMAN CANCER HOSPITAL STARBUCKS|1950 E CIRCLE OF HOPE DR|SALT LAKE CITY,HUNTSMAN CANCER HOSPITAL STARBUCKS,1950 E CIRCLE OF HOPE DR,SALT LAKE CITY,"SALT LAKE CITY, UT 84112",8015859092,Restaurants: non-plated,84,2026-07-18T00:29:34.163697+00:00
HYATT REGENCY SLC - LEVEL 1 CONTRIBUTION|170 S WEST TEMPLE ST|SALT LAKE CITY,HYATT REGENCY SLC - LEVEL 1 CONTRIBUTION,170 S WEST TEMPLE ST,SALT LAKE CITY,"SALT LAKE CITY, UT 84101",8015961234,Beverage Service: Bars/Lounges,86,2026-07-18T00:30:30.897940+00:00
HYATT REGENCY SLC - LEVEL 1 MARKET|170 S WEST TEMPLE ST|SALT LAKE CITY,HYATT REGENCY SLC - LEVEL 1 MARKET,170 S WEST TEMPLE ST,SALT LAKE CITY,"SALT LAKE CITY, UT 84101",8015961234,Restaurants: non-plated,81,2026-07-18T00:30:53.683335+00:00
HYATT REGENCY SLC - LEVEL 2 (4 AREAS)|170 S WEST TEMPLE ST|SALT LAKE CITY,HYATT REGENCY SLC - LEVEL 2 (4 AREAS),170 S WEST TEMPLE ST,SALT LAKE CITY,"SALT LAKE CITY, UT 84101",8015961234,Restaurants: plated,88,2026-07-18T00:31:16.621974+00:00
HYATT REGENCY SLC - LEVEL 3 (3 AREAS)|170 S WEST TEMPLE ST|SALT LAKE CITY,HYATT REGENCY SLC - LEVEL 3 (3 AREAS),170 S WEST TEMPLE ST,SALT LAKE CITY,"SALT LAKE CITY, UT 84101",8015961234,Restaurants: plated,96,2026-07-18T00:31:40.480574+00:00
HYATT REGENCY SLC - LEVEL 5 (2 AREAS)|170 S WEST TEMPLE ST|SALT LAKE CITY,HYATT REGENCY SLC - LEVEL 5 (2 AREAS),170 S WEST TEMPLE ST,SALT LAKE CITY,"SALT LAKE CITY, UT 84101",8015961234,Restaurants: plated,100,2026-07-18T00:32:03.536080+00:00
HYATT REGENCY SLC - LEVEL B (4 AREAS)|170 S WEST TEMPLE ST|SALT LAKE CITY,HYATT REGENCY SLC - LEVEL B (4 AREAS),170 S WEST TEMPLE ST,SALT LAKE CITY,"SALT LAKE CITY, UT 84101",8015961234,Restaurants: plated,94,2026-07-18T00:32:26.086980+00:00
IAC LATIN MARKET MIDVALE|6807 S STATE ST|MIDVALE,IAC LATIN MARKET MIDVALE,6807 S STATE ST,MIDVALE,"MIDVALE, UT 84047",8016345749,Commissary,86,2026-07-18T00:32:49.803021+00:00
IBIZA ULTRA LOUNGE|180 W 400 S|SALT LAKE CITY,IBIZA ULTRA LOUNGE,180 W 400 S,SALT LAKE CITY,"SALT LAKE CITY, UT 84101",8018339988,Beverage Service: Bars/Lounges,96,2026-07-18T00:33:07.924183+00:00
ICE HAUS - DOG PATIO|7 W 4800 S|MURRAY,ICE HAUS - DOG PATIO,7 W 4800 S,MURRAY,"MURRAY, UT 84107",8012662127,Beverage Service: Bars/Lounges,98,2026-07-18T00:33:40.015783+00:00
ICEBERG 313/DELTA CENTER|301 W SOUTH TEMPLE ST|SALT LAKE CITY,ICEBERG 313/DELTA CENTER,301 W SOUTH TEMPLE ST,SALT LAKE CITY,"SALT LAKE CITY, UT 84101",8015567358,Concessions: no potentially hazardous foods,81,2026-07-18T00:34:08.245614+00:00
IHOP #1735|3383 S DECKER LAKE DR|WEST VALLEY CITY,IHOP #1735,3383 S DECKER LAKE DR,WEST VALLEY CITY,"WEST VALLEY CITY, UT 84119",8019086043,Restaurants: plated,91,2026-07-18T00:34:49.817724+00:00
IHOP #1744|4550 S HIGHLAND DR|MILLCREEK TS,IHOP #1744,4550 S HIGHLAND DR,MILLCREEK TS,"MILLCREEK TS, UT 84117",8012784467,Restaurants: plated,91,2026-07-18T00:35:49.520207+00:00
IHOP #3031|3122 S 5600 W|WEST VALLEY CITY,IHOP #3031,3122 S 5600 W,WEST VALLEY CITY,"WEST VALLEY CITY, UT 84128",8019668800,Restaurants: plated,80,2026-07-18T00:36:47.780754+00:00
IHOP RESTAURANT|635 E 400 S|SALT LAKE CITY,IHOP RESTAURANT,635 E 400 S,SALT LAKE CITY,"SALT LAKE CITY, UT 84102",8016345551,Restaurants: plated,78,2026-07-18T00:37:46.397564+00:00
IKEA BISTRO|67 W IKEA WY|DRAPER,IKEA BISTRO,67 W IKEA WY,DRAPER,"DRAPER, UT 84020",8015723103,Restaurants: non-plated,76,2026-07-18T00:38:44.119165+00:00
IKEA DRAPER|13312 S PONY EXPRESS RD|DRAPER,IKEA DRAPER,13312 S PONY EXPRESS RD,DRAPER,"DRAPER, UT 84020",8015723103,Restaurants: plated,94,2026-07-18T00:39:40.023165+00:00
IN N OUT BURGER|12569 S CROSSING DR|RIVERTON,IN N OUT BURGER,12569 S CROSSING DR,RIVERTON,"RIVERTON, UT 84096",8007861000,Restaurants: non-plated,86,2026-07-18T00:40:37.911069+00:00
IN N OUT BURGER|3715 S CONSTITUTION BLVD|WEST VALLEY CITY,IN N OUT BURGER,3715 S CONSTITUTION BLVD,WEST VALLEY CITY,"WEST VALLEY CITY, UT 84119",8018402222,Restaurants: non-plated,97,2026-07-18T00:41:34.097931+00:00
IN N OUT BURGER|12191 S FACTORY OUTLET DR|DRAPER,IN N OUT BURGER,12191 S FACTORY OUTLET DR,DRAPER,"DRAPER, UT 84020",5594409049,Restaurants: non-plated,86,2026-07-18T00:42:30.235014+00:00
IN N OUT BURGER|7206 S UNION PARK AVE|MIDVALE,IN N OUT BURGER,7206 S UNION PARK AVE,MIDVALE,"MIDVALE, UT 84047",5594409049,Restaurants: non-plated,92,2026-07-18T00:43:26.430273+00:00
IN N OUT BURGER|7785 S JORDAN LANDING BLVD|WEST JORDAN,IN N OUT BURGER,7785 S JORDAN LANDING BLVD,WEST JORDAN,"WEST JORDAN, UT 84084",8012823333,Restaurants: non-plated,93,2026-07-18T00:44:23.979883+00:00
INTERMOUNTAIN CHRISTIAN SCHOOL|6515 S LION LN|HOLLADAY,INTERMOUNTAIN CHRISTIAN SCHOOL,6515 S LION LN,HOLLADAY,"HOLLADAY, UT 84121",8019428811,Restaurants: non-plated,100,2026-07-18T00:45:19.486855+00:00
INTERMOUNTAIN HOMECARE OFFICE & WAREHOUSE|11520 S REDWOOD RD|SOUTH JORDAN,INTERMOUNTAIN HOMECARE OFFICE & WAREHOUSE,11520 S REDWOOD RD,SOUTH JORDAN,"SOUTH JORDAN, UT 84095",3858876000,Restaurants: non-plated,97,2026-07-18T00:46:17.037872+00:00
INTERMOUNTAIN MEDICAL CENTER - CAFETERIA|5121 S COTTONWOOD ST|MURRAY,INTERMOUNTAIN MEDICAL CENTER - CAFETERIA,5121 S COTTONWOOD ST,MURRAY,"MURRAY, UT 84107",8015076090,Restaurants: non-plated,88,2026-07-18T00:47:14.602109+00:00
INTERNATIONAL CENTER SUBWAY|5480 W AMELIA EARHART DR|SALT LAKE CITY,INTERNATIONAL CENTER SUBWAY,5480 W AMELIA EARHART DR,SALT LAKE CITY,"SALT LAKE CITY, UT 84116",8015192200,Restaurants: non-plated,91,2026-07-18T00:48:12.953782+00:00
J DAWGS|1036 E FORT UNION BLVD|MIDVALE,J DAWGS,1036 E FORT UNION BLVD,MIDVALE,"MIDVALE, UT 84047",8016160005,Restaurants: non-plated,78,2026-07-18T00:49:01.084768+00:00
J DAWGS 513/DELTA CENTER|301 W SOUTH TEMPLE ST|SALT LAKE CITY,J DAWGS 513/DELTA CENTER,301 W SOUTH TEMPLE ST,SALT LAKE CITY,"SALT LAKE CITY, UT 84101",8016160005,Restaurants: non-plated,78,2026-07-18T00:49:54.747283+00:00
J DAWGS @ RICE ECCLES EAST|451 S 1400 E|SALT LAKE CITY,J DAWGS @ RICE ECCLES EAST,451 S 1400 E,SALT LAKE CITY,"SALT LAKE CITY, UT 84112",8013733294,Concessions: no potentially hazardous foods,96,2026-07-18T00:50:17.733140+00:00
J DAWGS @ RICE ECCLES SOUTH|451 S 1400 E|SALT LAKE CITY,J DAWGS @ RICE ECCLES SOUTH,451 S 1400 E,SALT LAKE CITY,"SALT LAKE CITY, UT 84112",8013733294,Concessions: no potentially hazardous foods,78,2026-07-18T00:50:30.562420+00:00
J DAWGS EAST|9256 S STATE ST|SANDY,J DAWGS EAST,9256 S STATE ST,SANDY,"SANDY, UT 84070",8012722745,Concessions: potentially hazardous foods,94,2026-07-18T00:50:43.283481+00:00
J DAWGS R4/DELTA CENTER|301 W SOUTH TEMPLE ST|SALT LAKE CITY,J DAWGS R4/DELTA CENTER,301 W SOUTH TEMPLE ST,SALT LAKE CITY,"SALT LAKE CITY, UT 84101",8016160005,Restaurants: non-plated,86,2026-07-18T00:51:00.891395+00:00
J DAWGS WEST|9256 S STATE ST|SANDY,J DAWGS WEST,9256 S STATE ST,SANDY,"SANDY, UT 84070",8015037406,Concessions: potentially hazardous foods,94,2026-07-18T00:51:23.931802+00:00
JACK IN THE BOX|4380 W 3500 S|WEST VALLEY CITY,JACK IN THE BOX,4380 W 3500 S,WEST VALLEY CITY,"WEST VALLEY CITY, UT 84120",6576485642,Restaurants: non-plated,99,2026-07-18T00:52:20.806368+00:00
JACKSON FOOD STORES #191|1295 E 10600 S|SANDY,JACKSON FOOD STORES #191,1295 E 10600 S,SANDY,"SANDY, UT 84094",2088846658,Restaurants: non-plated,91,2026-07-18T00:52:38.585987+00:00
JACKSONS #150|1704 W NORTH TEMPLE ST|SALT LAKE CITY,JACKSONS #150,1704 W NORTH TEMPLE ST,SALT LAKE CITY,"SALT LAKE CITY, UT 84116",8013225329,Restaurants: non-plated,96,2026-07-18T00:53:05.840455+00:00
JACKSONS #151|278 W 2100 S|SALT LAKE CITY,JACKSONS #151,278 W 2100 S,SALT LAKE CITY,"SALT LAKE CITY, UT 84115",8014841662,Restaurants: non-plated,93,2026-07-18T00:54:02.147884+00:00
JACKSONS FOOD STORES|3728 W 12600 S|RIVERTON,JACKSONS FOOD STORES,3728 W 12600 S,RIVERTON,"RIVERTON, UT 84065",2088846658,Restaurants: non-plated,81,2026-07-18T00:54:59.384575+00:00
JAMBA|5590 S VAN WINKLE|MURRAY,JAMBA,5590 S VAN WINKLE,MURRAY,"MURRAY, UT 84117",9254554743,Restaurants: non-plated,76,2026-07-18T00:55:56.244289+00:00
JAMBA JUICE|3920 W TERMINAL DR|SALT LAKE CITY,JAMBA JUICE,3920 W TERMINAL DR,SALT LAKE CITY,"SALT LAKE CITY, UT 84122",8012044804,Restaurants: non-plated,81,2026-07-18T00:56:19.568800+00:00
JAVA JOS|847 E 4500 S|MILLCREEK,JAVA JOS,847 E 4500 S,MILLCREEK,"MILLCREEK, UT 84109",8015908898,Beverage Service: Coffee,86,2026-07-18T00:56:44.141703+00:00
JERSEY MIKES|3163 E 3300 S|MILLCREEK,JERSEY MIKES,3163 E 3300 S,MILLCREEK,"MILLCREEK, UT 84109",3854010711,Restaurants: non-plated,88,2026-07-18T00:57:06.942052+00:00
JERSEY MIKES SUBS|5586 S REDWOOD RD|TAYLORSVILLE,JERSEY MIKES SUBS,5586 S REDWOOD RD,TAYLORSVILLE,"TAYLORSVILLE, UT 84123",3852559924,Restaurants: non-plated,95,2026-07-18T00:57:20.526852+00:00
JERSEY MIKES SUBS|5510 W 13400 S|HERRIMAN,JERSEY MIKES SUBS,5510 W 13400 S,HERRIMAN,"HERRIMAN, UT 84096",8012280683,Restaurants: non-plated,83,2026-07-18T00:58:08.114535+00:00
JERSEY MIKES SUBS|1295 E MILLER AVE|SALT LAKE CITY,JERSEY MIKES SUBS,1295 E MILLER AVE,SALT LAKE CITY,"SALT LAKE CITY, UT 84106",9199958517,Restaurants: non-plated,83,2026-07-18T00:59:01.995215+00:00
JERSEY MIKES SUBS|6985 S PARK CENTRE DR|COTTONWOOD HEIGHTS,JERSEY MIKES SUBS,6985 S PARK CENTRE DR,COTTONWOOD HEIGHTS,"COTTONWOOD HEIGHTS, UT 84121",8012880683,Restaurants: non-plated,80,2026-07-18T00:59:20.303960+00:00
JERSEY MIKES SUBS|9089 S REDWOOD RD|WEST JORDAN,JERSEY MIKES SUBS,9089 S REDWOOD RD,WEST JORDAN,"WEST JORDAN, UT 84088",8012280683,Restaurants: non-plated,86,2026-07-18T00:59:38.160203+00:00
JERSEY MIKES SUBS|1400 S FOOTHILL DR|SALT LAKE CITY,JERSEY MIKES SUBS,1400 S FOOTHILL DR,SALT LAKE CITY,"SALT LAKE CITY, UT 84108",8012280683,Restaurants: non-plated,78,2026-07-18T00:59:56.591470+00:00
JERSEY MIKES SUBS|510 E 400 S|SALT LAKE CITY,JERSEY MIKES SUBS,510 E 400 S,SALT LAKE CITY,"SALT LAKE CITY, UT 84102",8012280683,Restaurants: non-plated,78,2026-07-18T01:00:20.517471+00:00
JERSEY MIKES SUBS|74 W 11400 S|SANDY,JERSEY MIKES SUBS,74 W 11400 S,SANDY,"SANDY, UT 84070",8012280683,Restaurants: non-plated,86,2026-07-18T01:00:39.357167+00:00
JIMMY JOHNS|8989 S REDWOOD RD|WEST JORDAN,JIMMY JOHNS,8989 S REDWOOD RD,WEST JORDAN,"WEST JORDAN, UT 84088",8019714377,Restaurants: non-plated,94,2026-07-18T01:01:03.014390+00:00
JIMMY JOHNS|3920 W TERMINAL DR|SALT LAKE CITY,JIMMY JOHNS,3920 W TERMINAL DR,SALT LAKE CITY,"SALT LAKE CITY, UT 84116",8015339423,Restaurants: non-plated,96,2026-07-18T01:01:59.642949+00:00
JIMMY JOHNS|3292 S 1300 E|SALT LAKE CITY,JIMMY JOHNS,3292 S 1300 E,SALT LAKE CITY,"SALT LAKE CITY, UT 84106",8019354774,Restaurants: non-plated,81,2026-07-18T01:02:22.772397+00:00
JIMMY JOHNS #1295|2885 S 5600 W|WEST VALLEY CITY,JIMMY JOHNS #1295,2885 S 5600 W,WEST VALLEY CITY,"WEST VALLEY CITY, UT 84120",8019660141,Restaurants: non-plated,96,2026-07-18T01:03:04.273145+00:00
JIMMY JOHNS #1686|148 E 12300 S|DRAPER,JIMMY JOHNS #1686,148 E 12300 S,DRAPER,"DRAPER, UT 84020",8014677827,Restaurants: non-plated,98,2026-07-18T01:03:57.800744+00:00
JIMMY JOHNS #2117|81 W 3300 S|SOUTH SALT LAKE,JIMMY JOHNS #2117,81 W 3300 S,SOUTH SALT LAKE,"SOUTH SALT LAKE, UT 84115",8019531100,Restaurants: non-plated,88,2026-07-18T01:04:53.721521+00:00
JIMMY JOHNS #3300|3891 W 5400 S|TAYLORSVILLE,JIMMY JOHNS #3300,3891 W 5400 S,TAYLORSVILLE,"TAYLORSVILLE, UT 84129",8019691100,Restaurants: non-plated,84,2026-07-18T01:05:26.463040+00:00
JIMS FAMILY RESTAURANT|1728 W PARK AVE|RIVERTON,JIMS FAMILY RESTAURANT,1728 W PARK AVE,RIVERTON,"RIVERTON, UT 84065",8017124004,Restaurants: plated,78,2026-07-18T01:05:58.624830+00:00
JKS INDULGENCE CATERING|752 W CENTER ST|MIDVALE,JKS INDULGENCE CATERING,752 W CENTER ST,MIDVALE,"MIDVALE, UT 84047",8016355938,"Caterers, not restaurant connected",78,2026-07-18T01:06:58.026986+00:00
JOHNNYS ON SECOND DOG PATIO|165 E 200 S|SALT LAKE CITY,JOHNNYS ON SECOND DOG PATIO,165 E 200 S,SALT LAKE CITY,"SALT LAKE CITY, UT 84111",8015501959,Restaurants: plated,98,2026-07-18T01:07:15.377771+00:00
JOHNSON PIKE|3683 W 2270 S|SALT LAKE CITY,JOHNSON PIKE,3683 W 2270 S,SALT LAKE CITY,"SALT LAKE CITY, UT 84120",8012601840,Restaurants: non-plated,100,2026-07-18T01:07:38.053043+00:00
JORDAN HIGH SCHOOL LEGACY|95 E BEETDIGGER BLVD|SANDY,JORDAN HIGH SCHOOL LEGACY,95 E BEETDIGGER BLVD,SANDY,"SANDY, UT 84070",8018266200,Restaurants: plated,83,2026-07-18T01:07:51.223555+00:00
JOY POPS|9675 S STATE ST|SANDY,JOY POPS,9675 S STATE ST,SANDY,"SANDY, UT 84070",3852266263,Beverage Service: Juice/Smoothies,84,2026-07-18T01:08:48.409641+00:00
K RECIPE|3390 S STATE ST|SOUTH SALT LAKE,K RECIPE,3390 S STATE ST,SOUTH SALT LAKE,"SOUTH SALT LAKE, UT 84115",8013682018,Restaurants: non-plated,78,2026-07-18T01:09:06.430577+00:00
KAHLERT VILLAGE CAFE/GSE|250 S 1850 E|SALT LAKE CITY,KAHLERT VILLAGE CAFE/GSE,250 S 1850 E,SALT LAKE CITY,"SALT LAKE CITY, UT 84112",8016808765,Restaurants: plated,86,2026-07-18T01:09:54.156175+00:00
KENTE CAFE|751 W 800 S|SALT LAKE CITY,KENTE CAFE,751 W 800 S,SALT LAKE CITY,"SALT LAKE CITY, UT 84104",8018979998,"Caterers, not restaurant connected",100,2026-07-18T01:10:26.410223+00:00
KENTUCKY FRIED CHICKEN|1765 W 4700 S|TAYLORSVILLE,KENTUCKY FRIED CHICKEN,1765 W 4700 S,TAYLORSVILLE,"TAYLORSVILLE, UT 84129",8019820905,Restaurants: non-plated,83,2026-07-18T01:10:39.352053+00:00
KENTUCKY FRIED CHICKEN / TACO BELL|2930 E 3300 S|MILLCREEK TS,KENTUCKY FRIED CHICKEN / TACO BELL,2930 E 3300 S,MILLCREEK TS,"MILLCREEK TS, UT 84109",8014843363,Restaurants: non-plated,90,2026-07-18T01:11:36.653132+00:00
KENTUCKY FRIED CHICKEN / TACO BELL|2450 S REDWOOD RD|WEST VALLEY CITY,KENTUCKY FRIED CHICKEN / TACO BELL,2450 S REDWOOD RD,WEST VALLEY CITY,"WEST VALLEY CITY, UT 84119",8019739678,Restaurants: non-plated,80,2026-07-18T01:12:35.024972+00:00
KINETIK|751 W 800 S|SALT LAKE CITY,KINETIK,751 W 800 S,SALT LAKE CITY,"SALT LAKE CITY, UT 84104",5855077105,"Caterers, not restaurant connected",100,2026-07-18T01:13:33.389315+00:00
KINGS PEAK COFFEE ROASTERS|592 W 200 S|SALT LAKE CITY,KINGS PEAK COFFEE ROASTERS,592 W 200 S,SALT LAKE CITY,"SALT LAKE CITY, UT 84104",3852671890,Beverage Service: Coffee,100,2026-07-18T01:13:51.743867+00:00
KOKOPELLIS KOFFEE HOUSE|3955 S HIGHLAND DR|HOLLADAY,KOKOPELLIS KOFFEE HOUSE,3955 S HIGHLAND DR,HOLLADAY,"HOLLADAY, UT 84124",8016048088,Beverage Service: Coffee,90,2026-07-18T01:14:05.034457+00:00
KRISPY KREME|3370 S 5600 W|WEST VALLEY CITY,KRISPY KREME,3370 S 5600 W,WEST VALLEY CITY,"WEST VALLEY CITY, UT 84120",3853080815,Beverage Service: Coffee,86,2026-07-18T01:15:02.003281+00:00
KURA REVOLVING SUSHI|675 E 2100 S|SALT LAKE CITY,KURA REVOLVING SUSHI,675 E 2100 S,SALT LAKE CITY,"SALT LAKE CITY, UT 84106",9492306006,Restaurants: plated,83,2026-07-18T01:15:29.762671+00:00
L3 HARRIS|640 N 2200 W|SALT LAKE CITY,L3 HARRIS,640 N 2200 W,SALT LAKE CITY,"SALT LAKE CITY, UT 84116",8016452229,Restaurants: non-plated,83,2026-07-18T01:15:48.081775+00:00
LA BOTANA DE MAMA HILA|4936 W 3500 S|WEST VALLEY CITY,LA BOTANA DE MAMA HILA,4936 W 3500 S,WEST VALLEY CITY,"WEST VALLEY CITY, UT 84120",8015288082,Restaurants: plated,86,2026-07-18T01:16:06.791371+00:00
LA CASA DE LA AREPA|1391 S 300 W|SALT LAKE CITY,LA CASA DE LA AREPA,1391 S 300 W,SALT LAKE CITY,"SALT LAKE CITY, UT 84115",3852962920,"Caterers, not restaurant connected",94,2026-07-18T01:16:19.484505+00:00
LA CASA DE LA AREPA #372WX|1391 S 300 W|SALT LAKE CITY,LA CASA DE LA AREPA #372WX,1391 S 300 W,SALT LAKE CITY,"SALT LAKE CITY, UT 84115",3852968817,Mobiles: Mobile Food Units (Trucks),91,2026-07-18T01:16:32.312520+00:00
LA CATRINA FLAVORS OF MEXICO #U564LP|3232 S 400 E|SOUTH SALT LAKE,LA CATRINA FLAVORS OF MEXICO #U564LP,3232 S 400 E,SOUTH SALT LAKE,"SOUTH SALT LAKE, UT 84115",8018609348,Mobiles: Mobile Food Units (Trucks),81,2026-07-18T01:16:50.413781+00:00
LA COCINA DE CECI|6714 S AIRPORT RD|WEST JORDAN,LA COCINA DE CECI,6714 S AIRPORT RD,WEST JORDAN,"WEST JORDAN, UT 84084",8016801974,"Caterers, not restaurant connected",99,2026-07-18T01:17:17.683030+00:00
LA CREME #LACREME|752 W CENTER ST|MIDVALE,LA CREME #LACREME,752 W CENTER ST,MIDVALE,"MIDVALE, UT 84047",4356693707,Mobiles: Mobile Food Units (Trucks),98,2026-07-18T01:17:30.684301+00:00
LA CREPE DOR #380572Z|894 E 3900 S|MILLCREEK,LA CREPE DOR #380572Z,894 E 3900 S,MILLCREEK,"MILLCREEK, UT 84124",8018727321,Mobiles: Mobile Food Units (Trucks),100,2026-07-18T01:17:49.115614+00:00
LA FOGATA #237992A|13751 S WADSWORTH PARK DR|DRAPER,LA FOGATA #237992A,13751 S WADSWORTH PARK DR,DRAPER,"DRAPER, UT 84020",8015743340,Mobiles: Mobile Food Units (Trucks),81,2026-07-18T01:18:11.809575+00:00
LA LOLA TACO|6356 S STATE ST|MURRAY,LA LOLA TACO,6356 S STATE ST,MURRAY,"MURRAY, UT 84107",7143302941,Restaurants: plated,95,2026-07-18T01:18:35.437920+00:00
LA PANERIA|752 W CENTER ST|MIDVALE,LA PANERIA,752 W CENTER ST,MIDVALE,"MIDVALE, UT 84047",3852228468,"Caterers, not restaurant connected",84,2026-07-18T01:18:53.686276+00:00
LA POBLANA MEXICAN FOOD #231365A|3330 S 5600 W|WEST VALLEY CITY,LA POBLANA MEXICAN FOOD #231365A,3330 S 5600 W,WEST VALLEY CITY,"WEST VALLEY CITY, UT 84120",3852239565,Mobiles: Mobile Food Units (Trucks),78,2026-07-18T01:19:07.308332+00:00
LA SALSAS @ TAQUERIA EL CALOR|2975 S REDWOOD RD|WEST VALLEY CITY,LA SALSAS @ TAQUERIA EL CALOR,2975 S REDWOOD RD,WEST VALLEY CITY,"WEST VALLEY CITY, UT 84119",8017590194,"Caterers, not restaurant connected",96,2026-07-18T01:19:45.202480+00:00
LA YAQUESITA #|4848 S REDWOOD RD|TAYLORSVILLE,LA YAQUESITA #,4848 S REDWOOD RD,TAYLORSVILLE,"TAYLORSVILLE, UT 84123",5202566662,Mobiles: Food Carts,91,2026-07-18T01:20:07.219676+00:00
LALAS LEMONADE SHACK @ SALT PALACE|100 S WEST TEMPLE ST|SALT LAKE CITY,LALAS LEMONADE SHACK @ SALT PALACE,100 S WEST TEMPLE ST,SALT LAKE CITY,"SALT LAKE CITY, UT 84101",3232748907,Mobiles: Food Carts,89,2026-07-18T01:20:24.929578+00:00
LARRY H MILLER BALLPARK CONCESSIONS|4350 S 1300 E|MILLCREEK,LARRY H MILLER BALLPARK CONCESSIONS,4350 S 1300 E,MILLCREEK,"MILLCREEK, UT 84124",3854681670,Concessions: potentially hazardous foods,90,2026-07-18T01:20:52.536100+00:00
LAS ELLIES #9W1NV|56 E 3335 S|SOUTH SALT LAKE,LAS ELLIES #9W1NV,56 E 3335 S,SOUTH SALT LAKE,"SOUTH SALT LAKE, UT 84115",8016613438,Mobiles: Mobile Food Units (Trucks),100,2026-07-18T01:21:21.258204+00:00
LAST CHANCE MINING CAMP|1200 BIG COTTONWOOD CANYON RD|COTTONWOOD HEIGHTS,LAST CHANCE MINING CAMP,1200 BIG COTTONWOOD CANYON RD,COTTONWOOD HEIGHTS,"COTTONWOOD HEIGHTS, UT 84121",8015365715,Restaurants: plated,75,2026-07-18T01:21:43.772921+00:00
LAURA LEES CATERING @ CLASSIC COMMISSARY|3232 S 400 E|SOUTH SALT LAKE,LAURA LEES CATERING @ CLASSIC COMMISSARY,3232 S 400 E,SOUTH SALT LAKE,"SOUTH SALT LAKE, UT 84115",3852350212,"Caterers, not restaurant connected",100,2026-07-18T01:22:27.713181+00:00
LDS FOOD SERVICES PRINTING CENTER CAFETERIA|1980 W INDUSTRIAL CIR|SALT LAKE CITY,LDS FOOD SERVICES PRINTING CENTER CAFETERIA,1980 W INDUSTRIAL CIR,SALT LAKE CITY,"SALT LAKE CITY, UT 84104",8012405677,Restaurants: plated,93,2026-07-18T01:22:55.260272+00:00
LDS HOSPITAL CAFETERIA|400 E EIGHTH AVE|SALT LAKE CITY,LDS HOSPITAL CAFETERIA,400 E EIGHTH AVE,SALT LAKE CITY,"SALT LAKE CITY, UT 84143",8014081239,Restaurants: plated,76,2026-07-18T01:23:52.091559+00:00
LDS RIVERTON OFFICE BUILDING CAFETERIA|3740 W MARKET CENTER DR|RIVERTON,LDS RIVERTON OFFICE BUILDING CAFETERIA,3740 W MARKET CENTER DR,RIVERTON,"RIVERTON, UT 84065",8012405677,Restaurants: plated,76,2026-07-18T01:24:50.596578+00:00
LE BOEUF|248 W 900 S|SALT LAKE CITY,LE BOEUF,248 W 900 S,SALT LAKE CITY,"SALT LAKE CITY, UT 84101",8015503844,Restaurants: plated,81,2026-07-18T01:25:48.829489+00:00
LEE SUSHI|71 W 10600 S|SANDY,LEE SUSHI,71 W 10600 S,SANDY,"SANDY, UT 84070",8017357287,Restaurants: plated,80,2026-07-18T01:26:02.039374+00:00
LEPRECHAUN PUB AND GRILL|4700 S 900 E|SALT LAKE CITY,LEPRECHAUN PUB AND GRILL,4700 S 900 E,SALT LAKE CITY,"SALT LAKE CITY, UT 84117",8012683294,Restaurants: plated,86,2026-07-18T01:27:03.171346+00:00
LEVEL CROSSING BREWING - DOG PATIO|550 S 300 W|SALT LAKE CITY,LEVEL CROSSING BREWING - DOG PATIO,550 S 300 W,SALT LAKE CITY,"SALT LAKE CITY, UT 84101",3852705752,Restaurants: non-plated,98,2026-07-18T01:27:31.122995+00:00
LEVEL CROSSING BREWING/ DOG PATIO|2496 S WEST TEMPLE|SALT LAKE CITY,LEVEL CROSSING BREWING/ DOG PATIO,2496 S WEST TEMPLE,SALT LAKE CITY,"SALT LAKE CITY, UT 84115",2157603138,Beverage Service: Bars/Lounges,98,2026-07-18T01:27:48.226813+00:00
LEVY @ DELTA CENTER/BLACK DESERT CLUB #268|301 W SOUTH TEMPLE ST|SALT LAKE CITY,LEVY @ DELTA CENTER/BLACK DESERT CLUB #268,301 W SOUTH TEMPLE ST,SALT LAKE CITY,"SALT LAKE CITY, UT 84101",8013252221,Restaurants: non-plated,78,2026-07-18T01:28:11.307180+00:00
LEVY @ DELTA CENTER/INTERFORM CLUB #410|301 W SOUTH TEMPLE ST|SALT LAKE CITY,LEVY @ DELTA CENTER/INTERFORM CLUB #410,301 W SOUTH TEMPLE ST,SALT LAKE CITY,"SALT LAKE CITY, UT 84101",8013252221,Beverage Service: Bars/Lounges,98,2026-07-18T01:28:57.959673+00:00
LEVY @ DELTA CENTER/TOYOTA NORTH #251|301 W SOUTH TEMPLE ST|SALT LAKE CITY,LEVY @ DELTA CENTER/TOYOTA NORTH #251,301 W SOUTH TEMPLE ST,SALT LAKE CITY,"SALT LAKE CITY, UT 84101",8013252221,Restaurants: non-plated,95,2026-07-18T01:29:44.655154+00:00
LEVY FORD ZONE #10|9256 S STATE ST|SANDY,LEVY FORD ZONE #10,9256 S STATE ST,SANDY,"SANDY, UT 84070",8017272740,Restaurants: non-plated,94,2026-07-18T01:30:31.854877+00:00
LEVY GRAB N GOAL #4|9256 S STATE ST|SANDY,LEVY GRAB N GOAL #4,9256 S STATE ST,SANDY,"SANDY, UT 84070",8015037406,Concessions: potentially hazardous foods,88,2026-07-18T01:31:28.503061+00:00
LEVY ROYAL FEAST EAST #7|9256 S STATE ST|SANDY,LEVY ROYAL FEAST EAST #7,9256 S STATE ST,SANDY,"SANDY, UT 84070",8015037406,Concessions: potentially hazardous foods,81,2026-07-18T01:32:25.834953+00:00
LEWIS CAFE & COURTYARD|590 S WAKARA WY|SALT LAKE CITY,LEWIS CAFE & COURTYARD,590 S WAKARA WY,SALT LAKE CITY,"SALT LAKE CITY, UT 84108",8015875250,Restaurants: non-plated,97,2026-07-18T01:33:21.868340+00:00
LIBERTY SENIOR CENTER|251 E 700 S|SALT LAKE CITY,LIBERTY SENIOR CENTER,251 E 700 S,SALT LAKE CITY,"SALT LAKE CITY, UT 84111",3854683166,Restaurants: non-plated,96,2026-07-18T01:34:19.028769+00:00
LIFE CAFE BISTRO|10996 S RIVERFRONT PKWY|SOUTH JORDAN,LIFE CAFE BISTRO,10996 S RIVERFRONT PKWY,SOUTH JORDAN,"SOUTH JORDAN, UT 84095",9524012554,Restaurants: non-plated,91,2026-07-18T01:35:04.963318+00:00
LITTLE CAESARS|4696 S HOLLADAY BLVD|HOLLADAY,LITTLE CAESARS,4696 S HOLLADAY BLVD,HOLLADAY,"HOLLADAY, UT 84117",8012683400,Restaurants: non-plated,88,2026-07-18T01:36:01.208400+00:00
LITTLE CAESARS #511|301 W SOUTH TEMPLE ST|SALT LAKE CITY,LITTLE CAESARS #511,301 W SOUTH TEMPLE ST,SALT LAKE CITY,"SALT LAKE CITY, UT 84101",8012683400,Concessions: no potentially hazardous foods,96,2026-07-18T01:36:38.393013+00:00
LITTLE CAESARS PIZZA|9205 S 700 E|SANDY,LITTLE CAESARS PIZZA,9205 S 700 E,SANDY,"SANDY, UT 84070",8012683400,Restaurants: non-plated,88,2026-07-18T01:36:50.765648+00:00
LITTLE CAESARS PIZZA|4124 S REDWOOD RD|TAYLORSVILLE,LITTLE CAESARS PIZZA,4124 S REDWOOD RD,TAYLORSVILLE,"TAYLORSVILLE, UT 84123",8012683400,Restaurants: non-plated,78,2026-07-18T01:37:48.495079+00:00
LITTLE CAESARS PIZZA|3380 S 5600 W|WEST VALLEY CITY,LITTLE CAESARS PIZZA,3380 S 5600 W,WEST VALLEY CITY,"WEST VALLEY CITY, UT 84128",8012683400,Restaurants: non-plated,86,2026-07-18T01:38:41.786993+00:00
LITTLE CAESARS PIZZA|2301 E 2100 S|SALT LAKE CITY,LITTLE CAESARS PIZZA,2301 E 2100 S,SALT LAKE CITY,"SALT LAKE CITY, UT 84109",8012683400,Restaurants: non-plated,78,2026-07-18T01:39:38.893074+00:00
LITTLE CAESARS PIZZA|1822 W 12600 S|RIVERTON,LITTLE CAESARS PIZZA,1822 W 12600 S,RIVERTON,"RIVERTON, UT 84065",8012683400,Restaurants: non-plated,94,2026-07-18T01:40:35.045491+00:00
LITTLE CAESARS PIZZA|2120 S 700 E|SALT LAKE CITY,LITTLE CAESARS PIZZA,2120 S 700 E,SALT LAKE CITY,"SALT LAKE CITY, UT 84106",8012683400,Restaurants: non-plated,78,2026-07-18T01:41:35.135282+00:00
LITTLE DOLLIE WAFFLES|12000 BIG COTTONWOOD CANYON RD|COTTONWOOD HEIGHTS,LITTLE DOLLIE WAFFLES,12000 BIG COTTONWOOD CANYON RD,COTTONWOOD HEIGHTS,"COTTONWOOD HEIGHTS, UT 84121",8015365715,Restaurants: non-plated,100,2026-07-18T01:42:45.461968+00:00
LOG HAVEN - DOG PATIO|6451 E MILLCREEK CANYON RD|MILLCREEK TS,LOG HAVEN - DOG PATIO,6451 E MILLCREEK CANYON RD,MILLCREEK TS,"MILLCREEK TS, UT 84109",8012728255,Restaurants: plated,98,2026-07-18T01:43:32.316331+00:00
LONCHERITO CATERING #D891ZM|1051 S 300 W|SALT LAKE CITY,LONCHERITO CATERING #D891ZM,1051 S 300 W,SALT LAKE CITY,"SALT LAKE CITY, UT 84101",8018893132,Mobiles: Mobile Food Units (Trucks),100,2026-07-18T01:44:22.033880+00:00
LONGHORN STEAKHOUSE|963 E FORT UNION BLVD|MIDVALE,LONGHORN STEAKHOUSE,963 E FORT UNION BLVD,MIDVALE,"MIDVALE, UT 84047",4072455051,Restaurants: plated,91,2026-07-18T01:45:26.327589+00:00
LOS TAPATIOS 2|3269 W 5400 S|TAYLORSVILLE,LOS TAPATIOS 2,3269 W 5400 S,TAYLORSVILLE,"TAYLORSVILLE, UT 84123",8018654461,Restaurants: non-plated,78,2026-07-18T01:46:34.633843+00:00
LOS TAPIA KITCHEN #5BVT2|758 S REDWOOD RD|SALT LAKE CITY,LOS TAPIA KITCHEN #5BVT2,758 S REDWOOD RD,SALT LAKE CITY,"SALT LAKE CITY, UT 84104",8015417830,Mobiles: Mobile Food Units (Trucks),95,2026-07-18T01:47:33.101088+00:00
LOVES TRAVEL STOP|25 N REDWOOD RD|SALT LAKE CITY,LOVES TRAVEL STOP,25 N REDWOOD RD,SALT LAKE CITY,"SALT LAKE CITY, UT 84116",8012391100,Restaurants: non-plated,81,2026-07-18T01:47:51.081501+00:00
LUCKY|1585 W 3500 S|WEST VALLEY CITY,LUCKY,1585 W 3500 S,WEST VALLEY CITY,"WEST VALLEY CITY, UT 84119",8009279800,Restaurants: non-plated,88,2026-07-18T02:43:42.412003+00:00
LUCKY #3197|6936 S REDWOOD RD|WEST JORDAN,LUCKY #3197,6936 S REDWOOD RD,WEST JORDAN,"WEST JORDAN, UT 84084",8013169600,Restaurants: non-plated,98,2026-07-18T05:53:31.461508+00:00
LUNAS CATERING|1051 S 300 W|SALT LAKE CITY,LUNAS CATERING,1051 S 300 W,SALT LAKE CITY,"SALT LAKE CITY, UT 84101",3852999961,Mobiles: Mobile Food Units (Trucks),87,2026-07-18T05:53:55.290680+00:00
LUNCH PRO @ VALLEY BEHAVIORAL HEALTH|1020 MAIN ST|SALT LAKE CITY,LUNCH PRO @ VALLEY BEHAVIORAL HEALTH,1020 MAIN ST,SALT LAKE CITY,"SALT LAKE CITY, UT 84101",3853039333,Restaurants: non-plated,92,2026-07-18T05:54:08.211781+00:00
LUX EVENTS INC|1578 S 300 W|SALT LAKE CITY,LUX EVENTS INC,1578 S 300 W,SALT LAKE CITY,"SALT LAKE CITY, UT 84115",8014662537,"Caterers, not restaurant connected",97,2026-07-18T05:54:40.482802+00:00
MACEY MARKET SUGAR HOUSE|1638 S 900 E|SALT LAKE CITY,MACEY MARKET SUGAR HOUSE,1638 S 900 E,SALT LAKE CITY,"SALT LAKE CITY, UT 84105",8014848741,Restaurants: non-plated,91,2026-07-18T05:55:40.527537+00:00
MACEYS|2040 S 2300 E|SALT LAKE CITY,MACEYS,2040 S 2300 E,SALT LAKE CITY,"SALT LAKE CITY, UT 84108",8014871784,Restaurants: non-plated,83,2026-07-18T05:56:39.026566+00:00
MACEYS|4530 S HIGHLAND DR|MILLCREEK TS,MACEYS,4530 S HIGHLAND DR,MILLCREEK TS,"MILLCREEK TS, UT 84117",8012785390,Restaurants: non-plated,88,2026-07-18T05:57:35.761052+00:00
MACEYS SUPERMARKET DELI|3981 S WASATCH BLVD|MILLCREEK TS,MACEYS SUPERMARKET DELI,3981 S WASATCH BLVD,MILLCREEK TS,"MILLCREEK TS, UT 84124",8012722622,Restaurants: non-plated,85,2026-07-18T05:58:36.501211+00:00
MAD GREEK EXPRESS|4504 S 900 E|MILLCREEK TS,MAD GREEK EXPRESS,4504 S 900 E,MILLCREEK TS,"MILLCREEK TS, UT 84117",8012664501,Restaurants: non-plated,86,2026-07-18T05:59:35.254760+00:00
MAGNA KENNECOTT SENIOR CENTER|9228 W 2700 S|MAGNA TS,MAGNA KENNECOTT SENIOR CENTER,9228 W 2700 S,MAGNA TS,"MAGNA TS, UT 84044",3854683000,Restaurants: non-plated,81,2026-07-18T06:00:35.676985+00:00
MAGNA MAIN STREET TACOS #|8815 W MAGNA MAIN ST|MAGNA,MAGNA MAIN STREET TACOS #,8815 W MAGNA MAIN ST,MAGNA,"MAGNA, UT 84044",8012444700,Mobiles: Food Carts,78,2026-07-18T06:01:32.768958+00:00
MAGNOLIA EVENT CENTER|1117 W JORDAN PKWY|SOUTH JORDAN,MAGNOLIA EVENT CENTER,1117 W JORDAN PKWY,SOUTH JORDAN,"SOUTH JORDAN, UT 84095",3852415225,Restaurants: non-plated,76,2026-07-18T06:01:56.167411+00:00
MAIN KITCHEN/DELTA CENTER|301 W SOUTH TEMPLE ST|SALT LAKE CITY,MAIN KITCHEN/DELTA CENTER,301 W SOUTH TEMPLE ST,SALT LAKE CITY,"SALT LAKE CITY, UT 84101",8016716144,Restaurants: non-plated,90,2026-07-18T06:02:13.364595+00:00
MAMMOTH PRACTICE FACILITY|10450 S STATE ST|SANDY,MAMMOTH PRACTICE FACILITY,10450 S STATE ST,SANDY,"SANDY, UT 84070",8018704402,Restaurants: non-plated,100,2026-07-18T06:03:07.663213+00:00
MANKA RESTAURANT #3CBFO|3536 S STATE ST|SOUTH SALT LAKE,MANKA RESTAURANT #3CBFO,3536 S STATE ST,SOUTH SALT LAKE,"SOUTH SALT LAKE, UT 84115",8016384316,Mobiles: Mobile Food Units (Trucks),87,2026-07-18T06:03:21.363375+00:00
MANNYS NEIGHBORHOOD BAR|1704 S MAIN ST|SALT LAKE CITY,MANNYS NEIGHBORHOOD BAR,1704 S MAIN ST,SALT LAKE CITY,"SALT LAKE CITY, UT 84115",8014676289,Beverage Service: Bars/Lounges,86,2026-07-18T06:03:44.199585+00:00
MANOLIS|402 E 900 S|SALT LAKE CITY,MANOLIS,402 E 900 S,SALT LAKE CITY,"SALT LAKE CITY, UT 84111",8015323760,Restaurants: plated,78,2026-07-18T06:04:13.995971+00:00
MARCATO KITCHEN|545 W 700 S|SALT LAKE CITY,MARCATO KITCHEN,545 W 700 S,SALT LAKE CITY,"SALT LAKE CITY, UT 84101",8013001745,Restaurants: plated,85,2026-07-18T06:05:12.770399+00:00
MARCOS PIZZA|6910 S REDWOOD RD|WEST JORDAN,MARCOS PIZZA,6910 S REDWOOD RD,WEST JORDAN,"WEST JORDAN, UT 84084",8015693333,Restaurants: non-plated,81,2026-07-18T06:05:31.207470+00:00
MARCOS PIZZA|2778 S 5600 W|WEST VALLEY CITY,MARCOS PIZZA,2778 S 5600 W,WEST VALLEY CITY,"WEST VALLEY CITY, UT 84120",8019154675,Restaurants: non-plated,76,2026-07-18T06:06:31.044939+00:00
MARIOTT LIBRARY STARBUCKS|255 S 1500 E|SALT LAKE CITY,MARIOTT LIBRARY STARBUCKS,255 S 1500 E,SALT LAKE CITY,"SALT LAKE CITY, UT 84112",8015818568,Beverage Service: Coffee,94,2026-07-18T06:07:08.691780+00:00
MARK MILLER TOYOTA|730 S WESTTEMPLE ST|SALT LAKE CITY,MARK MILLER TOYOTA,730 S WESTTEMPLE ST,SALT LAKE CITY,"SALT LAKE CITY, UT 84101",8014153144,Restaurants: non-plated,76,2026-07-18T06:07:22.415661+00:00
MARKET CATERING|1578 S 300 W|SALT LAKE CITY,MARKET CATERING,1578 S 300 W,SALT LAKE CITY,"SALT LAKE CITY, UT 84115",8018952388,Restaurants: non-plated,95,2026-07-18T06:08:20.162911+00:00
MATTEO RISTORANTE ITALIANO|77 W 200 S|SALT LAKE CITY,MATTEO RISTORANTE ITALIANO,77 W 200 S,SALT LAKE CITY,"SALT LAKE CITY, UT 84101",8014418855,Restaurants: plated,78,2026-07-18T06:08:38.800583+00:00
MAVERIK 5384|13639 S 200 W|DRAPER,MAVERIK 5384,13639 S 200 W,DRAPER,"DRAPER, UT 84020",5152747793,Restaurants: non-plated,97,2026-07-18T06:08:51.615891+00:00
MAVERIK 5385|9780 S REDWOOD RD|SOUTH JORDAN,MAVERIK 5385,9780 S REDWOOD RD,SOUTH JORDAN,"SOUTH JORDAN, UT 84095",3852371143,Restaurants: non-plated,95,2026-07-18T06:09:18.839803+00:00
MCDONALDS|7024 S HIGHLAND DR|COTTONWOOD HEIGHTS,MCDONALDS,7024 S HIGHLAND DR,COTTONWOOD HEIGHTS,"COTTONWOOD HEIGHTS, UT 84121",8017339340,Restaurants: non-plated,88,2026-07-18T06:09:45.724508+00:00
MCDONALDS|28 S STATE ST|SALT LAKE CITY,MCDONALDS,28 S STATE ST,SALT LAKE CITY,"SALT LAKE CITY, UT 84111",8013225922,Restaurants: non-plated,90,2026-07-18T06:10:34.333388+00:00
MCDONALDS|425 W 7200 S|MIDVALE,MCDONALDS,425 W 7200 S,MIDVALE,"MIDVALE, UT 84047",8015610733,Restaurants: non-plated,88,2026-07-18T06:11:31.274207+00:00
MCDONALDS|1879 E 4800 S|HOLLADAY,MCDONALDS,1879 E 4800 S,HOLLADAY,"HOLLADAY, UT 84117",8012776639,Restaurants: non-plated,92,2026-07-18T06:12:29.019666+00:00
MCDONALDS|3890 S 1100 E|MILLCREEK TS,MCDONALDS,3890 S 1100 E,MILLCREEK TS,"MILLCREEK TS, UT 84106",8012659771,Restaurants: non-plated,88,2026-07-18T06:13:27.545056+00:00
MCDONALDS|1533 S STATE ST|SALT LAKE CITY,MCDONALDS,1533 S STATE ST,SALT LAKE CITY,"SALT LAKE CITY, UT 84115",8013641614,Restaurants: non-plated,86,2026-07-18T06:14:24.302915+00:00
MCDONALDS|1896 E 9400 S|SANDY,MCDONALDS,1896 E 9400 S,SANDY,"SANDY, UT 84093",8016190613,Restaurants: non-plated,83,2026-07-18T06:15:22.469241+00:00
MCDONALDS|895 E FORT UNION BLVD|MIDVALE,MCDONALDS,895 E FORT UNION BLVD,MIDVALE,"MIDVALE, UT 84047",8015669972,Restaurants: non-plated,80,2026-07-18T06:16:06.807640+00:00
MCDONALDS|9376 S 700 E|SANDY,MCDONALDS,9376 S 700 E,SANDY,"SANDY, UT 84070",8015611692,Restaurants: non-plated,97,2026-07-18T06:16:52.686846+00:00
MCDONALDS|11229 S AUTOMALL DR|SANDY,MCDONALDS,11229 S AUTOMALL DR,SANDY,"SANDY, UT 84070",8015727805,Restaurants: non-plated,75,2026-07-18T06:17:25.453688+00:00
MCDONALDS #11456|3497 S 5600 W|WEST VALLEY CITY,MCDONALDS #11456,3497 S 5600 W,WEST VALLEY CITY,"WEST VALLEY CITY, UT 84120",8019659058,Restaurants: non-plated,100,2026-07-18T06:18:01.113333+00:00
MCDONALDS #11855|5571 S REDWOOD RD|TAYLORSVILLE,MCDONALDS #11855,5571 S REDWOOD RD,TAYLORSVILLE,"TAYLORSVILLE, UT 84123",8012613800,Restaurants: non-plated,90,2026-07-18T06:18:59.557354+00:00
MCDONALDS #14285|10381 S REDWOOD RD|SOUTH JORDAN,MCDONALDS #14285,10381 S REDWOOD RD,SOUTH JORDAN,"SOUTH JORDAN, UT 84095",8012531491,Restaurants: non-plated,95,2026-07-18T06:19:56.433385+00:00
MCDONALDS #18187|1265 W 9000 S|WEST JORDAN,MCDONALDS #18187,1265 W 9000 S,WEST JORDAN,"WEST JORDAN, UT 84088",8015685184,Restaurants: non-plated,93,2026-07-18T06:20:54.384146+00:00
MCDONALDS #20553|4601 W 6200 S|WEST JORDAN,MCDONALDS #20553,4601 W 6200 S,WEST JORDAN,"WEST JORDAN, UT 84118",8019656407,Restaurants: non-plated,90,2026-07-18T06:21:51.463473+00:00
MCDONALDS #2108|242 S 700 E|SALT LAKE CITY,MCDONALDS #2108,242 S 700 E,SALT LAKE CITY,"SALT LAKE CITY, UT 84102",8015329147,Restaurants: non-plated,100,2026-07-18T06:22:50.191251+00:00
MCDONALDS #22758|3963 W 9000 S|WEST JORDAN,MCDONALDS #22758,3963 W 9000 S,WEST JORDAN,"WEST JORDAN, UT 84088",8012821700,Restaurants: non-plated,97,2026-07-18T06:23:45.769369+00:00
MCDONALDS #23894|2002 W 12600 S|RIVERTON,MCDONALDS #23894,2002 W 12600 S,RIVERTON,"RIVERTON, UT 84065",8012543327,Restaurants: non-plated,80,2026-07-18T06:24:42.981486+00:00
MCDONALDS #24042|3540 S 8400 W|MAGNA TS,MCDONALDS #24042,3540 S 8400 W,MAGNA TS,"MAGNA TS, UT 84044",8015080552,Restaurants: non-plated,86,2026-07-18T06:25:40.498938+00:00
MCDONALDS #31437|11374 S RIVER HEIGHTS|SOUTH JORDAN,MCDONALDS #31437,11374 S RIVER HEIGHTS,SOUTH JORDAN,"SOUTH JORDAN, UT 84095",8012820143,Restaurants: non-plated,99,2026-07-18T06:26:37.958255+00:00
MCDONALDS #32093|13628 S 200 W|DRAPER,MCDONALDS #32093,13628 S 200 W,DRAPER,"DRAPER, UT 84020",8012945810,Restaurants: non-plated,99,2026-07-18T06:27:34.193604+00:00
MCDONALDS #3320|3464 W 3500 S|WEST VALLEY CITY,MCDONALDS #3320,3464 W 3500 S,WEST VALLEY CITY,"WEST VALLEY CITY, UT 84119",8012809299,Restaurants: non-plated,99,2026-07-18T06:28:34.142848+00:00
MCDONALDS #33425|5018 W 13400 S|HERRIMAN,MCDONALDS #33425,5018 W 13400 S,HERRIMAN,"HERRIMAN, UT 84096",8014463243,Restaurants: non-plated,78,2026-07-18T06:29:31.241780+00:00
MCDONALDS #37150|5338 S 5600 W|WEST VALLEY CITY,MCDONALDS #37150,5338 S 5600 W,WEST VALLEY CITY,"WEST VALLEY CITY, UT 84118",8018900679,Restaurants: non-plated,86,2026-07-18T06:30:28.728994+00:00
MCDONALDS #37265|5706 W 7800 S|WEST JORDAN,MCDONALDS #37265,5706 W 7800 S,WEST JORDAN,"WEST JORDAN, UT 84081",8014327566,Restaurants: non-plated,95,2026-07-18T06:31:26.381864+00:00
MCDONALDS #4010|3289 E VALLEY ST|MILLCREEK TS,MCDONALDS #4010,3289 E VALLEY ST,MILLCREEK TS,"MILLCREEK TS, UT 84109",8014875615,Restaurants: non-plated,97,2026-07-18T06:32:23.826572+00:00
MCDONALDS #5688|3900 W 5400 S|TAYLORSVILLE,MCDONALDS #5688,3900 W 5400 S,TAYLORSVILLE,"TAYLORSVILLE, UT 84129",8019691460,Restaurants: non-plated,99,2026-07-18T06:33:23.317881+00:00
MCDONALDS #6396|916 W NORTH TEMPLE ST|SALT LAKE CITY,MCDONALDS #6396,916 W NORTH TEMPLE ST,SALT LAKE CITY,"SALT LAKE CITY, UT 84116",8015214211,Restaurants: non-plated,95,2026-07-18T06:34:19.735268+00:00
MCDONALDS #6408|935 E 2100 S|SALT LAKE CITY,MCDONALDS #6408,935 E 2100 S,SALT LAKE CITY,"SALT LAKE CITY, UT 84106",8014843382,Restaurants: non-plated,95,2026-07-18T06:35:21.993276+00:00
MCDONALDS #6805|1655 S REDWOOD RD|SALT LAKE CITY,MCDONALDS #6805,1655 S REDWOOD RD,SALT LAKE CITY,"SALT LAKE CITY, UT 84104",8012339299,Restaurants: non-plated,97,2026-07-18T06:36:20.984054+00:00
MCDONALDS #8209|303 E 12300 S|DRAPER,MCDONALDS #8209,303 E 12300 S,DRAPER,"DRAPER, UT 84020",8012945810,Restaurants: non-plated,99,2026-07-18T06:37:17.770194+00:00
MEGAPLEX 17 - SNAPPY/MAYAN/OBRIENS|9351 S STATE ST|SANDY,MEGAPLEX 17 - SNAPPY/MAYAN/OBRIENS,9351 S STATE ST,SANDY,"SANDY, UT 84070",8013044505,Concessions: potentially hazardous foods,86,2026-07-18T06:38:16.984851+00:00
MEGAPLEX 20 - WEST CONCESSIONS|3761 W PARKWAY PLAZA DR|SOUTH JORDAN,MEGAPLEX 20 - WEST CONCESSIONS,3761 W PARKWAY PLAZA DR,SOUTH JORDAN,"SOUTH JORDAN, UT 84095",8013044023,Concessions: potentially hazardous foods,84,2026-07-18T06:39:14.654115+00:00
MEMOS FRUITS #098468A|1039 S REDWOOD RD|SALT LAKE CITY,MEMOS FRUITS #098468A,1039 S REDWOOD RD,SALT LAKE CITY,"SALT LAKE CITY, UT 84104",8018083223,Mobiles: Food Carts,80,2026-07-18T06:40:10.801786+00:00
MEMOS FRUITS #2 #E543FD|1039 S REDWOOD RD|SALT LAKE CITY,MEMOS FRUITS #2 #E543FD,1039 S REDWOOD RD,SALT LAKE CITY,"SALT LAKE CITY, UT 84104",8018083223,Mobiles: Mobile Food Units (Trucks),98,2026-07-18T06:41:07.128953+00:00
MEMOS FRUITS COMMISSARY|1899 S REDWOOD RD|SALT LAKE CITY,MEMOS FRUITS COMMISSARY,1899 S REDWOOD RD,SALT LAKE CITY,"SALT LAKE CITY, UT 84104",8013473416,Commissary,81,2026-07-18T06:42:04.116438+00:00
MENCHIES|3165 E 3300 S|MILLCREEK TS,MENCHIES,3165 E 3300 S,MILLCREEK TS,"MILLCREEK TS, UT 84109",8018910820,Restaurants: non-plated,81,2026-07-18T06:42:41.289042+00:00
MENCHIES|541 E 12300 S|DRAPER,MENCHIES,541 E 12300 S,DRAPER,"DRAPER, UT 84020",8018910820,Beverage Service: Juice/Smoothies,76,2026-07-18T06:43:38.572213+00:00
MENCHIES FROZEN YOGURT|2682 S HIGH COMMONS WY|WEST VALLEY CITY,MENCHIES FROZEN YOGURT,2682 S HIGH COMMONS WY,WEST VALLEY CITY,"WEST VALLEY CITY, UT 84120",8018910820,Restaurants: non-plated,96,2026-07-18T06:44:22.467657+00:00
METRO CAFE|9750 S 300 W|SANDY,METRO CAFE,9750 S 300 W,SANDY,"SANDY, UT 84070",8015989774,Restaurants: non-plated,90,2026-07-18T06:44:50.318844+00:00
METRO MUSIC HALL|615 W 100 S|SALT LAKE CITY,METRO MUSIC HALL,615 W 100 S,SALT LAKE CITY,"SALT LAKE CITY, UT 84101",3855280952,Restaurants: non-plated,90,2026-07-18T06:45:07.696146+00:00
MEXICAN PURE FLAVOR #019309Z|728 S REDWOOD RD|SALT LAKE CITY,MEXICAN PURE FLAVOR #019309Z,728 S REDWOOD RD,SALT LAKE CITY,"SALT LAKE CITY, UT 84104",8017026120,Mobiles: Mobile Food Units (Trucks),100,2026-07-18T06:45:39.185723+00:00
MILK|49 E 900 S|SALT LAKE CITY,MILK,49 E 900 S,SALT LAKE CITY,"SALT LAKE CITY, UT 84111",8015980422,Restaurants: non-plated,83,2026-07-18T06:45:53.315938+00:00
MILLCREEK CITY 1ST FLOOR PREP/6TH FLR CATERING|1330 E CHAMBERS AVE|MILLCREEK,MILLCREEK CITY 1ST FLOOR PREP/6TH FLR CATERING,1330 E CHAMBERS AVE,MILLCREEK,"MILLCREEK, UT 84106",8012142700,Restaurants: plated,97,2026-07-18T06:46:27.392789+00:00
MILLCREEK COFFEE ROASTERS - COMMISSARY|651 S MAIN ST|SALT LAKE CITY,MILLCREEK COFFEE ROASTERS - COMMISSARY,651 S MAIN ST,SALT LAKE CITY,"SALT LAKE CITY, UT 84111",8015981536,Restaurants: non-plated,100,2026-07-18T06:46:51.150133+00:00
MILLCREEK PIZZA HOUSE|1357 E 3300 S|MILLCREEK,MILLCREEK PIZZA HOUSE,1357 E 3300 S,MILLCREEK,"MILLCREEK, UT 84106",6197089139,Restaurants: non-plated,86,2026-07-18T06:47:18.895696+00:00
MILLIES BURGER|2092 S 1000 E|SALT LAKE CITY,MILLIES BURGER,2092 S 1000 E,SALT LAKE CITY,"SALT LAKE CITY, UT 84106",8014666043,Restaurants: non-plated,86,2026-07-18T06:47:40.336897+00:00
MO BETTAHS|5430 S 900 E|MURRAY,MO BETTAHS,5430 S 900 E,MURRAY,"MURRAY, UT 84107",8013728940,Restaurants: non-plated,86,2026-07-18T06:48:37.027441+00:00
MO BETTAHS|11052 S STATE ST|SANDY,MO BETTAHS,11052 S STATE ST,SANDY,"SANDY, UT 84095",4124562132,Restaurants: plated,88,2026-07-18T06:48:55.070728+00:00
MO BETTAHS|1646 W 14000 S|BLUFFDALE,MO BETTAHS,1646 W 14000 S,BLUFFDALE,"BLUFFDALE, UT 84065",8013728940,Restaurants: non-plated,78,2026-07-18T06:49:42.489262+00:00
MO BETTAHS|1400 S FOOTHILL DR|SALT LAKE CITY,MO BETTAHS,1400 S FOOTHILL DR,SALT LAKE CITY,"SALT LAKE CITY, UT 84108",8018729101,Restaurants: non-plated,95,2026-07-18T06:49:55.569789+00:00
MOAB BREWERY|3920 W TERMINAL DR|SALT LAKE CITY,MOAB BREWERY,3920 W TERMINAL DR,SALT LAKE CITY,"SALT LAKE CITY, UT 84122",4702948277,Restaurants: non-plated,80,2026-07-18T06:50:07.523104+00:00
MOD PIZZA|1148 E FORT UNION BLVD|MIDVALE,MOD PIZZA,1148 E FORT UNION BLVD,MIDVALE,"MIDVALE, UT 84047",5593404477,Restaurants: non-plated,86,2026-07-18T06:50:19.663952+00:00
MOD PIZZA|1598 W SOUTH JORDAN PKWY|SOUTH JORDAN,MOD PIZZA,1598 W SOUTH JORDAN PKWY,SOUTH JORDAN,"SOUTH JORDAN, UT 84095",5593404477,Restaurants: non-plated,83,2026-07-18T06:50:39.497774+00:00
MOD PIZZA|1010 E 2100 S|SALT LAKE CITY,MOD PIZZA,1010 E 2100 S,SALT LAKE CITY,"SALT LAKE CITY, UT 84106",5593404477,Restaurants: non-plated,78,2026-07-18T06:50:52.542605+00:00
MOMOMARU HANDROLL|636 S 200 W|SALT LAKE CITY,MOMOMARU HANDROLL,636 S 200 W,SALT LAKE CITY,"SALT LAKE CITY, UT 84101",8014108025,Restaurants: plated,86,2026-07-18T06:51:05.816391+00:00
MONKEY WRENCH|1845 S 700 E|SALT LAKE CITY,MONKEY WRENCH,1845 S 700 E,SALT LAKE CITY,"SALT LAKE CITY, UT 84105",8012306915,Restaurants: non-plated,81,2026-07-18T06:51:24.863082+00:00
MONUMENT HEALTHCARE MILLCREEK|1201 E 4500 S|MILLCREEK,MONUMENT HEALTHCARE MILLCREEK,1201 E 4500 S,MILLCREEK,"MILLCREEK, UT 84117",8012613664,Restaurants: plated,78,2026-07-18T06:51:37.894541+00:00
MOONBEAM RESTAURANT AN ARGENTA PUB|1200 BIG COTTONWOOD CANYON RD|COTTONWOOD HEIGHTS,MOONBEAM RESTAURANT AN ARGENTA PUB,1200 BIG COTTONWOOD CANYON RD,COTTONWOOD HEIGHTS,"COTTONWOOD HEIGHTS, UT 84121",8015365715,Restaurants: plated,90,2026-07-18T06:52:11.961907+00:00
MOONCHEESE BURGERS #1MOON|3232 S 400 E|SOUTH SALT LAKE,MOONCHEESE BURGERS #1MOON,3232 S 400 E,SOUTH SALT LAKE,"SOUTH SALT LAKE, UT 84115",8014103609,Mobiles: Mobile Food Units (Trucks),78,2026-07-18T06:53:11.973092+00:00
MOUNTAIN AMERICA CREDIT UNION CAIRNS CAFE|9800 S MONROE ST|SANDY,MOUNTAIN AMERICA CREDIT UNION CAIRNS CAFE,9800 S MONROE ST,SANDY,"SANDY, UT 84070",8013251931,Restaurants: non-plated,93,2026-07-18T06:53:30.950251+00:00
MOUNTAIN WEST HARD CIDER CO DOG PATIO|425 N 400 W|SALT LAKE CITY,MOUNTAIN WEST HARD CIDER CO DOG PATIO,425 N 400 W,SALT LAKE CITY,"SALT LAKE CITY, UT 84103",8019354147,Restaurants: non-plated,98,2026-07-18T06:54:18.734648+00:00
MOZZ ARTISAN PIZZA|545 W 700 S|SALT LAKE CITY,MOZZ ARTISAN PIZZA,545 W 700 S,SALT LAKE CITY,"SALT LAKE CITY, UT 84101",3852377867,Restaurants: non-plated,81,2026-07-18T06:54:35.960706+00:00
MOZZ ARTISAN PIZZA|10420 S RUBICON RD|SOUTH JORDAN,MOZZ ARTISAN PIZZA,10420 S RUBICON RD,SOUTH JORDAN,"SOUTH JORDAN, UT 84095",3852377867,Restaurants: non-plated,86,2026-07-18T06:55:08.801269+00:00
MT OLYMPUS SENIOR CENTER|1635 E MURRAY HOLLADAY|MILLCREEK TS,MT OLYMPUS SENIOR CENTER,1635 E MURRAY HOLLADAY,MILLCREEK TS,"MILLCREEK TS, UT 84117",3854683130,Restaurants: non-plated,76,2026-07-18T06:55:42.899055+00:00
MURPHY EXPRESS|3853 W CAMPUS VIEW DR|WEST JORDAN,MURPHY EXPRESS,3853 W CAMPUS VIEW DR,WEST JORDAN,"WEST JORDAN, UT 84084",8012800069,Restaurants: non-plated,76,2026-07-18T06:56:34.223955+00:00
MURPHY EXPRESS|6135 S 5600 W|KEARNS TS,MURPHY EXPRESS,6135 S 5600 W,KEARNS TS,"KEARNS TS, UT 84118",870143572,Restaurants: non-plated,81,2026-07-18T06:57:21.386645+00:00
MURPHYS CAFE 126|12575 S RHETSKI LN|RIVERTON,MURPHYS CAFE 126,12575 S RHETSKI LN,RIVERTON,"RIVERTON, UT 84065",8016802893,Restaurants: plated,75,2026-07-18T06:58:18.213831+00:00
MURRAY THEATER|4961 S STATE ST|MURRAY,MURRAY THEATER,4961 S STATE ST,MURRAY,"MURRAY, UT 84107",8012642650,Concessions: no potentially hazardous foods,90,2026-07-18T06:58:56.311457+00:00
MURRAY WINGERS DOG PATIO|4790 S STATE ST|MURRAY,MURRAY WINGERS DOG PATIO,4790 S STATE ST,MURRAY,"MURRAY, UT 84107",8016858889,Restaurants: plated,98,2026-07-18T06:59:09.536895+00:00
MY ARTS PLACE|8987 W MAGNA MAIN ST|MAGNA,MY ARTS PLACE,8987 W MAGNA MAIN ST,MAGNA,"MAGNA, UT 84044",8016990358,Beverage Service: Bars/Lounges,81,2026-07-18T06:59:27.434887+00:00
MY PIE PIZZA|4655 S 2300 E|HOLLADAY,MY PIE PIZZA,4655 S 2300 E,HOLLADAY,"HOLLADAY, UT 84117",8017485888,Restaurants: non-plated,78,2026-07-18T06:59:45.360043+00:00
NANOS BAGELS @ MADDERTAZ|668 E UNION SQUARE|SANDY,NANOS BAGELS @ MADDERTAZ,668 E UNION SQUARE,SANDY,"SANDY, UT 84070",2013235157,"Caterers, not restaurant connected",88,2026-07-18T07:00:11.983181+00:00
NAVAJO HOGAN|447 E 3300 S|SOUTH SALT LAKE,NAVAJO HOGAN,447 E 3300 S,SOUTH SALT LAKE,"SOUTH SALT LAKE, UT 84115",8014662860,Restaurants: non-plated,93,2026-07-18T07:00:30.022063+00:00
NEIGHBORHOOD HIVE|2065 E 2100 S|SALT LAKE CITY,NEIGHBORHOOD HIVE,2065 E 2100 S,SALT LAKE CITY,"SALT LAKE CITY, UT 84109",8016568432,Beverage Service: Coffee,96,2026-07-18T07:01:29.741181+00:00
NEIGHBORHOOD HOUSE UTAH|1050 W 500 S|SALT LAKE CITY,NEIGHBORHOOD HOUSE UTAH,1050 W 500 S,SALT LAKE CITY,"SALT LAKE CITY, UT 84104",8013634589,Restaurants: plated,80,2026-07-18T07:01:42.754497+00:00
NEWYORKS|56 E 3335 S|SOUTH SALT LAKE,NEWYORKS,56 E 3335 S,SOUTH SALT LAKE,"SOUTH SALT LAKE, UT 84115",3852160048,Mobiles: Food Carts,80,2026-07-18T07:02:38.515759+00:00
NICOS RESTAURANT|1458 W NORTH TEMPLE ST|SALT LAKE CITY,NICOS RESTAURANT,1458 W NORTH TEMPLE ST,SALT LAKE CITY,"SALT LAKE CITY, UT 84116",8016548196,Restaurants: plated,86,2026-07-18T07:02:51.374805+00:00
NOMAD EATERY|1722 S FREMONT DR|SALT LAKE CITY,NOMAD EATERY,1722 S FREMONT DR,SALT LAKE CITY,"SALT LAKE CITY, UT 84104",8014670909,Restaurants: plated,92,2026-07-18T07:03:49.230487+00:00
NOODLES & COMPANY|11429 S DISTRICT MAIN DR|SOUTH JORDAN,NOODLES & COMPANY,11429 S DISTRICT MAIN DR,SOUTH JORDAN,"SOUTH JORDAN, UT 84095",7202141947,Restaurants: plated,92,2026-07-18T07:04:26.066669+00:00
NOODLES & COMPANY|2682 S HIGH COMMONS WY|WEST VALLEY CITY,NOODLES & COMPANY,2682 S HIGH COMMONS WY,WEST VALLEY CITY,"WEST VALLEY CITY, UT 84120",7202141947,Restaurants: plated,86,2026-07-18T07:05:24.019938+00:00
NOODLES & COMPANY|1152 E 2100 S|SALT LAKE CITY,NOODLES & COMPANY,1152 E 2100 S,SALT LAKE CITY,"SALT LAKE CITY, UT 84106",7202141947,Restaurants: non-plated,86,2026-07-18T07:06:23.228371+00:00
NOODLES & COMPANY|6901 S 1300 E|MIDVALE,NOODLES & COMPANY,6901 S 1300 E,MIDVALE,"MIDVALE, UT 84047",7202141947,Restaurants: non-plated,75,2026-07-18T07:07:20.664731+00:00
NOOR AL SHAM|728 S REDWOOD RD|SALT LAKE CITY,NOOR AL SHAM,728 S REDWOOD RD,SALT LAKE CITY,"SALT LAKE CITY, UT 84104",8012314100,"Caterers, not restaurant connected",100,2026-07-18T07:08:18.991091+00:00
NORDSTROM EBAR|6191 S STATE ST|MURRAY,NORDSTROM EBAR,6191 S STATE ST,MURRAY,"MURRAY, UT 84107",2064545572,Restaurants: non-plated,83,2026-07-18T07:08:52.168343+00:00
NORMAL ICE CREAM|3300 S 1300 E|MILLCREEK,NORMAL ICE CREAM,3300 S 1300 E,MILLCREEK,"MILLCREEK, UT 84106",8019071731,Restaurants: non-plated,100,2026-07-18T07:09:50.937742+00:00
NOTOM|926 E 5600 S|SALT LAKE CITY,NOTOM,926 E 5600 S,SALT LAKE CITY,"SALT LAKE CITY, UT 84121",8019499856,Beverage Service: Coffee,81,2026-07-18T07:10:13.370362+00:00
NUANS THAI KITCHEN|1871 E FORT UNION BLVD|COTTONWOOD HEIGHTS,NUANS THAI KITCHEN,1871 E FORT UNION BLVD,COTTONWOOD HEIGHTS,"COTTONWOOD HEIGHTS, UT 84121",8014328356,Restaurants: non-plated,78,2026-07-18T07:10:32.005080+00:00
NUR KITCHEN|1391 S 300 W|SALT LAKE CITY,NUR KITCHEN,1391 S 300 W,SALT LAKE CITY,"SALT LAKE CITY, UT 84115",8017064612,"Caterers, not restaurant connected",97,2026-07-18T07:11:01.247099+00:00
NUTRICION 33|262 E 3300 S|SALT LAKE CITY,NUTRICION 33,262 E 3300 S,SALT LAKE CITY,"SALT LAKE CITY, UT 84115",8018362528,Beverage Service: Juice/Smoothies,86,2026-07-18T07:11:19.413715+00:00
NUTRITION A & Z|3952 W 3500 S|WEST VALLEY CITY,NUTRITION A & Z,3952 W 3500 S,WEST VALLEY CITY,"WEST VALLEY CITY, UT 84129",3853387042,Restaurants: non-plated,81,2026-07-18T07:11:42.651683+00:00
OASIS CAFE|2600 E SUNNYSIDE AVE|SALT LAKE CITY,OASIS CAFE,2600 E SUNNYSIDE AVE,SALT LAKE CITY,"SALT LAKE CITY, UT 84108",8015841732,Restaurants: non-plated,81,2026-07-18T07:11:54.699356+00:00
OLD TOWNE TAVERN|7662 S MAIN ST|MIDVALE,OLD TOWNE TAVERN,7662 S MAIN ST,MIDVALE,"MIDVALE, UT 84047",8015663172,Beverage Service: Bars/Lounges,96,2026-07-18T07:12:50.678101+00:00
OLIVE GARDEN|11364 S RIVER HEIGHTS DR|SOUTH JORDAN,OLIVE GARDEN,11364 S RIVER HEIGHTS DR,SOUTH JORDAN,"SOUTH JORDAN, UT 84095",4072454000,Restaurants: plated,85,2026-07-18T07:13:48.356875+00:00
OLIVE GARDEN #1306|2272 S 1300 E|SALT LAKE CITY,OLIVE GARDEN #1306,2272 S 1300 E,SALT LAKE CITY,"SALT LAKE CITY, UT 84106",4072455051,Restaurants: plated,93,2026-07-18T07:14:46.706551+00:00
OLIVE GARDEN #1565|10590 S STATE ST|SANDY,OLIVE GARDEN #1565,10590 S STATE ST,SANDY,"SANDY, UT 84070",4072455051,Restaurants: plated,88,2026-07-18T07:15:45.483181+00:00
ON THE HOOK FISH & CHIPS # CHIPS28|570 TAYLOR WY|OUT OF COUNTY,ON THE HOOK FISH & CHIPS # CHIPS28,570 TAYLOR WY,OUT OF COUNTY,"OUT OF COUNTY, UT 84054",8015204099,Mobiles: Mobile Food Units (Trucks),100,2026-07-18T07:16:46.340069+00:00
ON THE HOOK FISH & CHIPS #FISH14|570 TAYLOR WY|OUT OF COUNTY,ON THE HOOK FISH & CHIPS #FISH14,570 TAYLOR WY,OUT OF COUNTY,"OUT OF COUNTY, UT 84054",8015204099,Mobiles: Mobile Food Units (Trucks),100,2026-07-18T07:16:59.024578+00:00
ON TIME COMMISSARY|1051 S 300 W|SALT LAKE CITY,ON TIME COMMISSARY,1051 S 300 W,SALT LAKE CITY,"SALT LAKE CITY, UT 84101",8015025448,Commissary,88,2026-07-18T07:17:12.521187+00:00
ONTOP LOUNGE & GRILL|328 S STATE ST|SALT LAKE CITY,ONTOP LOUNGE & GRILL,328 S STATE ST,SALT LAKE CITY,"SALT LAKE CITY, UT 84111",9787012278,Beverage Service: Bars/Lounges,90,2026-07-18T07:18:09.250443+00:00
ORIGINAL PANCAKE HOUSE|7044 S UNION PARK AVE|MIDVALE,ORIGINAL PANCAKE HOUSE,7044 S UNION PARK AVE,MIDVALE,"MIDVALE, UT 84047",8015665128,Restaurants: plated,80,2026-07-18T07:18:31.882448+00:00
OTHERSIDE DONUTS 2 #U446KV|50 S 700 E|SALT LAKE CITY,OTHERSIDE DONUTS 2 #U446KV,50 S 700 E,SALT LAKE CITY,"SALT LAKE CITY, UT 84102",3853068338,Mobiles: Mobile Food Units (Trucks),98,2026-07-18T07:19:30.970099+00:00
OVG ALUMNI HOLDINGS - LEVEL 4 PANTRY|451 S 1400 E|SALT LAKE CITY,OVG ALUMNI HOLDINGS - LEVEL 4 PANTRY,451 S 1400 E,SALT LAKE CITY,"SALT LAKE CITY, UT 84112",8015879328,Concessions: no potentially hazardous foods,100,2026-07-18T07:19:44.435767+00:00
OVG ALUMNI HOLDINGS - LEVEL 5 PANTRY|451 S 1400 E|SALT LAKE CITY,OVG ALUMNI HOLDINGS - LEVEL 5 PANTRY,451 S 1400 E,SALT LAKE CITY,"SALT LAKE CITY, UT 84112",8015879328,Concessions: no potentially hazardous foods,86,2026-07-18T07:20:06.188432+00:00
OVG ALUMNI HOLDINGS - LEVEL 6 PANTRY|451 S 1400 E|SALT LAKE CITY,OVG ALUMNI HOLDINGS - LEVEL 6 PANTRY,451 S 1400 E,SALT LAKE CITY,"SALT LAKE CITY, UT 84112",8015879328,Concessions: no potentially hazardous foods,96,2026-07-18T07:20:28.917765+00:00
PADDOCK LOUNGE|725 E 10600 S|SANDY,PADDOCK LOUNGE,725 E 10600 S,SANDY,"SANDY, UT 84094",9492500242,Restaurants: non-plated,81,2026-07-18T07:20:51.758809+00:00
PANDA EXPRESS|12051 S HERRIMAN MAIN ST|HERRIMAN,PANDA EXPRESS,12051 S HERRIMAN MAIN ST,HERRIMAN,"HERRIMAN, UT 84096",3857997767,Restaurants: non-plated,88,2026-07-18T07:21:09.942281+00:00
PANDA EXPRESS|1126 E 2100 S|SALT LAKE CITY,PANDA EXPRESS,1126 E 2100 S,SALT LAKE CITY,"SALT LAKE CITY, UT 84106",6267999898,Restaurants: non-plated,83,2026-07-18T07:21:42.547037+00:00
PANDA EXPRESS|5503 W 7800 S|WEST JORDAN,PANDA EXPRESS,5503 W 7800 S,WEST JORDAN,"WEST JORDAN, UT 84081",9162057566,Restaurants: non-plated,92,2026-07-18T07:22:39.400815+00:00
PANDA EXPRESS|188 S RIO GRANDE ST|SALT LAKE CITY,PANDA EXPRESS,188 S RIO GRANDE ST,SALT LAKE CITY,"SALT LAKE CITY, UT 84101",6267999898,Restaurants: non-plated,95,2026-07-18T07:23:21.567479+00:00
PANDA EXPRESS|3717 S CONSTITUTION BLVD|WEST VALLEY CITY,PANDA EXPRESS,3717 S CONSTITUTION BLVD,WEST VALLEY CITY,"WEST VALLEY CITY, UT 84119",9162057566,Restaurants: non-plated,78,2026-07-18T07:24:19.440733+00:00
PANDA EXPRESS|5888 S STATE ST|MURRAY,PANDA EXPRESS,5888 S STATE ST,MURRAY,"MURRAY, UT 84107",8017432525,Restaurants: non-plated,86,2026-07-18T07:24:57.457494+00:00
PANDA EXPRESS|10450 S STATE ST|SANDY,PANDA EXPRESS,10450 S STATE ST,SANDY,"SANDY, UT 84070",8015722001,Restaurants: non-plated,78,2026-07-18T07:25:55.474653+00:00
PANDA EXPRESS|200 S CENTRAL CAMPUS DR|SALT LAKE CITY,PANDA EXPRESS,200 S CENTRAL CAMPUS DR,SALT LAKE CITY,"SALT LAKE CITY, UT 84112",8015853319,Restaurants: non-plated,78,2026-07-18T07:26:51.238086+00:00
PANDA EXPRESS|3920 W TERMINAL DR|SALT LAKE CITY,PANDA EXPRESS,3920 W TERMINAL DR,SALT LAKE CITY,"SALT LAKE CITY, UT 84122",7037237264,Restaurants: non-plated,78,2026-07-18T07:27:05.451735+00:00
PANDA EXPRESS|6927 S PARK CENTRE DR|COTTONWOOD HEIGHTS,PANDA EXPRESS,6927 S PARK CENTRE DR,COTTONWOOD HEIGHTS,"COTTONWOOD HEIGHTS, UT 84121",8012239390,Restaurants: non-plated,95,2026-07-18T07:27:53.596732+00:00
PANDA EXPRESS|3509 S 8150 W|MAGNA,PANDA EXPRESS,3509 S 8150 W,MAGNA,"MAGNA, UT 84044",3857992669,Restaurants: non-plated,86,2026-07-18T07:28:50.437838+00:00
PANDA EXPRESS|6910 S REDWOOD RD|WEST JORDAN,PANDA EXPRESS,6910 S REDWOOD RD,WEST JORDAN,"WEST JORDAN, UT 84084",8012338163,Restaurants: non-plated,75,2026-07-18T07:29:18.010659+00:00
PANDA EXPRESS #1011|3051 S COLT PLAZA DR|WEST VALLEY CITY,PANDA EXPRESS #1011,3051 S COLT PLAZA DR,WEST VALLEY CITY,"WEST VALLEY CITY, UT 84128",8019556019,Restaurants: non-plated,86,2026-07-18T07:30:15.117528+00:00
PANDA EXPRESS #3088|11513 S 4000 W|SOUTH JORDAN,PANDA EXPRESS #3088,11513 S 4000 W,SOUTH JORDAN,"SOUTH JORDAN, UT 84009",3855012060,Restaurants: non-plated,95,2026-07-18T07:31:10.910435+00:00
PANDA EXPRESS #611|5594 S REDWOOD RD|TAYLORSVILLE,PANDA EXPRESS #611,5594 S REDWOOD RD,TAYLORSVILLE,"TAYLORSVILLE, UT 84123",6267999898,Restaurants: non-plated,83,2026-07-18T07:32:07.326507+00:00
PANDA EXPRESS #749|64 E 12300 S|DRAPER,PANDA EXPRESS #749,64 E 12300 S,DRAPER,"DRAPER, UT 84020",8015539618,Restaurants: non-plated,99,2026-07-18T07:33:04.574821+00:00
PANDA EXPRESS #848|10555 S REDWOOD RD|SOUTH JORDAN,PANDA EXPRESS #848,10555 S REDWOOD RD,SOUTH JORDAN,"SOUTH JORDAN, UT 84095",6267999898,Restaurants: non-plated,95,2026-07-18T07:34:02.523218+00:00
PANDA EXPRESS #856|4645 S 4000 W|WEST VALLEY CITY,PANDA EXPRESS #856,4645 S 4000 W,WEST VALLEY CITY,"WEST VALLEY CITY, UT 84120",6267999898,Restaurants: non-plated,90,2026-07-18T07:34:58.748389+00:00
PAPA JOHNS PIZZA|1811 W 9000 S|WEST JORDAN,PAPA JOHNS PIZZA,1811 W 9000 S,WEST JORDAN,"WEST JORDAN, UT 84088",8012338181,Restaurants: non-plated,86,2026-07-18T07:35:54.861244+00:00
PAPA JOHNS PIZZA|124 E 900 S|SALT LAKE CITY,PAPA JOHNS PIZZA,124 E 900 S,SALT LAKE CITY,"SALT LAKE CITY, UT 84111",8015217272,Restaurants: non-plated,94,2026-07-18T07:36:53.573111+00:00
PAPA JOHNS PIZZA #1367|753 E 3300 S|MILLCREEK TS,PAPA JOHNS PIZZA #1367,753 E 3300 S,MILLCREEK TS,"MILLCREEK TS, UT 84106",2059812814,Restaurants: non-plated,96,2026-07-18T07:37:36.125536+00:00
PAPA JOHNS PIZZA #1524|3510 S 4400 W|WEST VALLEY CITY,PAPA JOHNS PIZZA #1524,3510 S 4400 W,WEST VALLEY CITY,"WEST VALLEY CITY, UT 84120",2059812814,Restaurants: non-plated,78,2026-07-18T07:38:32.866400+00:00
PAPA JOHNS PIZZA #1565|1844 E FORT UNION BLVD|COTTONWOOD HEIGHTS,PAPA JOHNS PIZZA #1565,1844 E FORT UNION BLVD,COTTONWOOD HEIGHTS,"COTTONWOOD HEIGHTS, UT 84121",2059812814,Restaurants: non-plated,91,2026-07-18T07:39:30.757740+00:00
PAPA JOHNS PIZZA #2074|1230 W 600 N|SALT LAKE CITY,PAPA JOHNS PIZZA #2074,1230 W 600 N,SALT LAKE CITY,"SALT LAKE CITY, UT 84116",8019617272,Restaurants: non-plated,84,2026-07-18T07:40:28.374483+00:00
PAPA JOHNS PIZZA #2715|767 E 12300 S|DRAPER,PAPA JOHNS PIZZA #2715,767 E 12300 S,DRAPER,"DRAPER, UT 84020",2059812814,Restaurants: non-plated,86,2026-07-18T07:41:26.437819+00:00
PAREA|320 E 900 S|SALT LAKE CITY,PAREA,320 E 900 S,SALT LAKE CITY,"SALT LAKE CITY, UT 84111",8015603049,Restaurants: non-plated,92,2026-07-18T07:42:23.878353+00:00
PATRICKS PUB|163 W 200 S|SALT LAKE CITY,PATRICKS PUB,163 W 200 S,SALT LAKE CITY,"SALT LAKE CITY, UT 84101",3852163182,Beverage Service: Bars/Lounges,86,2026-07-18T07:42:46.755989+00:00
PATTY SHACK|1207 W 4800 S|TAYLORSVILLE,PATTY SHACK,1207 W 4800 S,TAYLORSVILLE,"TAYLORSVILLE, UT 84123",3854746167,Restaurants: non-plated,78,2026-07-18T07:43:13.336018+00:00
PAXTON PUB|365 W PAXTON AVE|SALT LAKE CITY,PAXTON PUB,365 W PAXTON AVE,SALT LAKE CITY,"SALT LAKE CITY, UT 84101",8017935363,Restaurants: plated,78,2026-07-18T07:43:45.758868+00:00
PENNY ANNS CAFE|1810 S MAIN ST|SALT LAKE CITY,PENNY ANNS CAFE,1810 S MAIN ST,SALT LAKE CITY,"SALT LAKE CITY, UT 84115",8019354760,Restaurants: plated,83,2026-07-18T07:44:12.959080+00:00
PERCH COFFEE|1295 E MILLER AVE|MILLCREEK,PERCH COFFEE,1295 E MILLER AVE,MILLCREEK,"MILLCREEK, UT 84106",6468989110,Beverage Service: Coffee,86,2026-07-18T07:45:11.450070+00:00
PF CHANGS|3920 W TERMINAL DR|SALT LAKE CITY,PF CHANGS,3920 W TERMINAL DR,SALT LAKE CITY,"SALT LAKE CITY, UT 84122",8018606806,Restaurants: plated,88,2026-07-18T07:45:25.363971+00:00
PIE PARTY|3130 S HIGHLAND DR|SALT LAKE CITY,PIE PARTY,3130 S HIGHLAND DR,SALT LAKE CITY,"SALT LAKE CITY, UT 84102",9493746422,Restaurants: non-plated,78,2026-07-18T07:45:49.123963+00:00
PIG BOYS TRUCK 1 #A992FB|1567 E 3900 S|MILLCREEK TS,PIG BOYS TRUCK 1 #A992FB,1567 E 3900 S,MILLCREEK TS,"MILLCREEK TS, UT 84124",8019446392,Mobiles: Mobile Food Units (Trucks),75,2026-07-18T07:46:07.851564+00:00
PIG BOYS TRUCK 2 #568MHE|1567 E 3900 S|MILLCREEK TS,PIG BOYS TRUCK 2 #568MHE,1567 E 3900 S,MILLCREEK TS,"MILLCREEK TS, UT 84124",8019446392,Mobiles: Mobile Food Units (Trucks),95,2026-07-18T07:47:04.178895+00:00
PIKO MEXICAN GRILL|511 S 500 E|SALT LAKE CITY,PIKO MEXICAN GRILL,511 S 500 E,SALT LAKE CITY,"SALT LAKE CITY, UT 84102",8016348093,Restaurants: plated,91,2026-07-18T07:48:01.784073+00:00
PIN HIGH CAFE - ROSE PARK|1386 N REDWOOD RD|SALT LAKE CITY,PIN HIGH CAFE - ROSE PARK,1386 N REDWOOD RD,SALT LAKE CITY,"SALT LAKE CITY, UT 84116",8014662537,Restaurants: non-plated,88,2026-07-18T07:48:29.114649+00:00
PIT CAFE|3951 W 5400 S|WEST VALLEY CITY,PIT CAFE,3951 W 5400 S,WEST VALLEY CITY,"WEST VALLEY CITY, UT 84120",8015583660,Restaurants: non-plated,93,2026-07-18T07:48:51.496598+00:00
PIZZA HUT|731 E 2100 S|SALT LAKE CITY,PIZZA HUT,731 E 2100 S,SALT LAKE CITY,"SALT LAKE CITY, UT 84106",9512847400,Restaurants: non-plated,92,2026-07-18T07:49:04.907362+00:00
PIZZA HUT #39581|5526 W 7800 S|WEST JORDAN,PIZZA HUT #39581,5526 W 7800 S,WEST JORDAN,"WEST JORDAN, UT 84081",9098000075,Restaurants: plated,83,2026-07-18T07:49:44.336028+00:00
PIZZA HUT 788272|3304 S 2300 E|SALT LAKE CITY,PIZZA HUT 788272,3304 S 2300 E,SALT LAKE CITY,"SALT LAKE CITY, UT 84109",8014855888,Restaurants: non-plated,91,2026-07-18T07:50:26.931502+00:00
PIZZA STAND NORTH SIDE|9256 S STATE ST|SANDY,PIZZA STAND NORTH SIDE,9256 S STATE ST,SANDY,"SANDY, UT 84070",8015037406,Concessions: potentially hazardous foods,78,2026-07-18T07:50:49.868627+00:00
PIZZERIA TASSO #173945A|4734 S HOLLADAY BLVD|HOLLADAY,PIZZERIA TASSO #173945A,4734 S HOLLADAY BLVD,HOLLADAY,"HOLLADAY, UT 84117",3852140612,Mobiles: Mobile Food Units (Trucks),87,2026-07-18T07:51:18.135603+00:00
POINT AFTER - DOG PATIO|5445 S 900 E|MURRAY,POINT AFTER - DOG PATIO,5445 S 900 E,MURRAY,"MURRAY, UT 84117",8012669552,Restaurants: plated,98,2026-07-18T07:52:05.444085+00:00
PONCHINS FOOD ON WHEELS #T127HC|877 W 400 S|SALT LAKE CITY,PONCHINS FOOD ON WHEELS #T127HC,877 W 400 S,SALT LAKE CITY,"SALT LAKE CITY, UT 84104",3855517888,Mobiles: Mobile Food Units (Trucks),78,2026-07-18T07:52:48.314679+00:00
PORCUPINE PUB & GRILL|3698 E 7000 S|COTTONWOOD HEIGHTS,PORCUPINE PUB & GRILL,3698 E 7000 S,COTTONWOOD HEIGHTS,"COTTONWOOD HEIGHTS, UT 84121",8019425555,Restaurants: plated,80,2026-07-18T07:53:05.585298+00:00
PORT OF SUBS #207|1320 S SWANER RD|SALT LAKE CITY,PORT OF SUBS #207,1320 S SWANER RD,SALT LAKE CITY,"SALT LAKE CITY, UT 84104",8019773747,Restaurants: non-plated,81,2026-07-18T07:54:06.131958+00:00
PORT OF SUBS #210|5215 W WILEY POST WY|SALT LAKE CITY,PORT OF SUBS #210,5215 W WILEY POST WY,SALT LAKE CITY,"SALT LAKE CITY, UT 84116",8013631755,Restaurants: non-plated,84,2026-07-18T07:54:42.625627+00:00
PRETTY BIRD|146 S REGENT ST|SALT LAKE CITY,PRETTY BIRD,146 S REGENT ST,SALT LAKE CITY,"SALT LAKE CITY, UT 84111",4084990706,Restaurants: non-plated,88,2026-07-18T07:55:41.587085+00:00
PRETZEL CART @ HOGLE ZOO - BRIDGE|2600 E SUNNYSIDE AVE|SALT LAKE CITY,PRETZEL CART @ HOGLE ZOO - BRIDGE,2600 E SUNNYSIDE AVE,SALT LAKE CITY,"SALT LAKE CITY, UT 84108",2085737893,Mobiles: Food Carts,89,2026-07-18T07:56:38.240084+00:00
PRETZEL CART @ HOGLE ZOO - ENTRY|2600 E SUNNYSIDE AVE|SALT LAKE CITY,PRETZEL CART @ HOGLE ZOO - ENTRY,2600 E SUNNYSIDE AVE,SALT LAKE CITY,"SALT LAKE CITY, UT 84108",2085737893,Mobiles: Food Carts,89,2026-07-18T07:57:10.652483+00:00
PRIMARY CHILDRENS HOSPITAL - MOUNTAINSIDE CAFE|100 N MARIO CAPECCHI DR|SALT LAKE CITY,PRIMARY CHILDRENS HOSPITAL - MOUNTAINSIDE CAFE,100 N MARIO CAPECCHI DR,SALT LAKE CITY,"SALT LAKE CITY, UT 84113",8016621400,Restaurants: plated,88,2026-07-18T07:57:42.631036+00:00
PRIMARY CHILDRENS HOSPITAL - TREE HOUSE CAFE|100 N MARIO CAPECCHI DR|SALT LAKE CITY,PRIMARY CHILDRENS HOSPITAL - TREE HOUSE CAFE,100 N MARIO CAPECCHI DR,SALT LAKE CITY,"SALT LAKE CITY, UT 84113",8016621400,Restaurants: plated,86,2026-07-18T07:58:40.216636+00:00
PRIME CORN @ SQUARE KITCHEN|751 W 800 S|SALT LAKE CITY,PRIME CORN @ SQUARE KITCHEN,751 W 800 S,SALT LAKE CITY,"SALT LAKE CITY, UT 84104",8016081924,"Caterers, not restaurant connected",86,2026-07-18T07:59:37.217809+00:00
PROPER BURGER COMPANY - DOG PATIO|865 S MAIN ST|SALT LAKE CITY,PROPER BURGER COMPANY - DOG PATIO,865 S MAIN ST,SALT LAKE CITY,"SALT LAKE CITY, UT 84111",8019068604,Restaurants: non-plated,98,2026-07-18T07:59:54.340055+00:00
PUBLIK COFFEE|502 E 3RD AVE|SALT LAKE CITY,PUBLIK COFFEE,502 E 3RD AVE,SALT LAKE CITY,"SALT LAKE CITY, UT 84103",8013553161,Beverage Service: Coffee,86,2026-07-18T08:00:32.336895+00:00
QUALITY QUICK STOP|938 N 900 W|SALT LAKE CITY,QUALITY QUICK STOP,938 N 900 W,SALT LAKE CITY,"SALT LAKE CITY, UT 84116",8019283419,Restaurants: non-plated,84,2026-07-18T08:01:15.696130+00:00
QUIZNOS|1775 S 4130 W|SALT LAKE CITY,QUIZNOS,1775 S 4130 W,SALT LAKE CITY,"SALT LAKE CITY, UT 84104",8018664965,Restaurants: non-plated,83,2026-07-18T08:02:03.470672+00:00
RADISSON HOTEL SLC DOWNTOWN - CAFETERIA|215 W SOUTH TEMPLE ST|SALT LAKE CITY,RADISSON HOTEL SLC DOWNTOWN - CAFETERIA,215 W SOUTH TEMPLE ST,SALT LAKE CITY,"SALT LAKE CITY, UT 84101",8015317500,Restaurants: plated,98,2026-07-18T08:02:41.400277+00:00
RADISSON SLC DOWNTOWN - COPPER CANYON GRILL HOUSE|215 W SOUTH TEMPLE ST|SALT LAKE CITY,RADISSON SLC DOWNTOWN - COPPER CANYON GRILL HOUSE,215 W SOUTH TEMPLE ST,SALT LAKE CITY,"SALT LAKE CITY, UT 84101",8015317500,Restaurants: plated,100,2026-07-18T08:02:58.875178+00:00
RAISING CANES|3346 S 5600 W|WEST VALLEY CITY,RAISING CANES,3346 S 5600 W,WEST VALLEY CITY,"WEST VALLEY CITY, UT 84120",9727693100,Restaurants: non-plated,83,2026-07-18T08:03:22.755980+00:00
RAISING CANES CHICKEN FINGERS|890 E FORT UNION BLVD|MIDVALE,RAISING CANES CHICKEN FINGERS,890 E FORT UNION BLVD,MIDVALE,"MIDVALE, UT 84047",9727693301,Restaurants: non-plated,83,2026-07-18T08:03:55.095234+00:00
RAISING CANES CHICKEN FINGERS|10986 S STATE ST|SANDY,RAISING CANES CHICKEN FINGERS,10986 S STATE ST,SANDY,"SANDY, UT 84070",9727693100,Restaurants: plated,93,2026-07-18T08:04:32.262966+00:00
RAISING CANES CHICKEN FINGERS|2150 S STATE ST|SOUTH SALT LAKE,RAISING CANES CHICKEN FINGERS,2150 S STATE ST,SOUTH SALT LAKE,"SOUTH SALT LAKE, UT 84115",3037313764,Restaurants: plated,83,2026-07-18T08:05:00.120628+00:00
RAISING CANES CHICKEN FINGERS|3788 W 11400 S|SOUTH JORDAN,RAISING CANES CHICKEN FINGERS,3788 W 11400 S,SOUTH JORDAN,"SOUTH JORDAN, UT 84095",9727693301,Restaurants: non-plated,86,2026-07-18T08:05:39.128467+00:00
RAMEN ICHIZU|915 S WASHINGTON ST|SALT LAKE CITY,RAMEN ICHIZU,915 S WASHINGTON ST,SALT LAKE CITY,"SALT LAKE CITY, UT 84101",8014482549,Restaurants: plated,88,2026-07-18T08:06:31.255580+00:00
RAMEN MONSTER|200 S CENTRAL CAMPUS DR|SALT LAKE CITY,RAMEN MONSTER,200 S CENTRAL CAMPUS DR,SALT LAKE CITY,"SALT LAKE CITY, UT 84112",8013000371,Restaurants: non-plated,100,2026-07-18T08:07:04.230249+00:00
RAMEN MONSTER|151 S CONNOR ST|SALT LAKE CITY,RAMEN MONSTER,151 S CONNOR ST,SALT LAKE CITY,"SALT LAKE CITY, UT 84112",8013000371,Restaurants: non-plated,100,2026-07-18T08:07:17.931215+00:00
RAMEN MONSTER|1701 S STUDENT LIFE WY|SALT LAKE CITY,RAMEN MONSTER,1701 S STUDENT LIFE WY,SALT LAKE CITY,"SALT LAKE CITY, UT 84112",8013000371,Restaurants: non-plated,100,2026-07-18T08:07:31.571183+00:00
RANCHERITOS|775 W NORTH TEMPLE|SALT LAKE CITY,RANCHERITOS,775 W NORTH TEMPLE,SALT LAKE CITY,"SALT LAKE CITY, UT 84116",8013282609,Restaurants: non-plated,93,2026-07-18T08:07:45.309272+00:00
RANCHERITOS DRAPER|12250 S STATE ST|DRAPER,RANCHERITOS DRAPER,12250 S STATE ST,DRAPER,"DRAPER, UT 84020",8016620153,Restaurants: plated,93,2026-07-18T08:08:28.712551+00:00
RANCHERITOS HOLLADAY|4735 S HIGHLAND DR|HOLLADAY,RANCHERITOS HOLLADAY,4735 S HIGHLAND DR,HOLLADAY,"HOLLADAY, UT 84117",8019301321,Restaurants: plated,75,2026-07-18T08:09:18.944023+00:00
RC WILLEY|13300 S 200 W|DRAPER,RC WILLEY,13300 S 200 W,DRAPER,"DRAPER, UT 84020",8015672200,Restaurants: non-plated,81,2026-07-18T08:10:07.322121+00:00
RC WILLEY|2301 S 300 W|SOUTH SALT LAKE,RC WILLEY,2301 S 300 W,SOUTH SALT LAKE,"SOUTH SALT LAKE, UT 84115",8014934207,Restaurants: non-plated,86,2026-07-18T08:11:00.873313+00:00
REAL 100 LIONS CLUB & PANTRY|9256 S STATE ST|SANDY,REAL 100 LIONS CLUB & PANTRY,9256 S STATE ST,SANDY,"SANDY, UT 84070",8015037406,Restaurants: plated,86,2026-07-18T08:11:45.968996+00:00
REAL FOODS|2209 S HIGHLAND DR|SALT LAKE CITY,REAL FOODS,2209 S HIGHLAND DR,SALT LAKE CITY,"SALT LAKE CITY, UT 84106",3853512664,Restaurants: plated,83,2026-07-18T08:12:42.998097+00:00
REAL INTERFORM CLUB|9256 S STATE ST|SANDY,REAL INTERFORM CLUB,9256 S STATE ST,SANDY,"SANDY, UT 84070",8015037406,Concessions: potentially hazardous foods,98,2026-07-18T08:13:41.341353+00:00
REAL SALT LAKE MAIN KITCHEN|9256 S STATE ST|SANDY,REAL SALT LAKE MAIN KITCHEN,9256 S STATE ST,SANDY,"SANDY, UT 84070",8012556826,Commissary,83,2026-07-18T08:14:39.466966+00:00
REAL SUITE PANTRY 4TH FLOOR|9256 S STATE ST|SANDY,REAL SUITE PANTRY 4TH FLOOR,9256 S STATE ST,SANDY,"SANDY, UT 84070",8015037406,Concessions: potentially hazardous foods,90,2026-07-18T08:15:36.592164+00:00
REAL TAQUERIA DOG PATIO|1869 E MURRAY HOLLADAY RD|HOLLADAY,REAL TAQUERIA DOG PATIO,1869 E MURRAY HOLLADAY RD,HOLLADAY,"HOLLADAY, UT 84117",8019465241,Restaurants: non-plated,98,2026-07-18T08:17:07.463847+00:00
REAL TAQUERIA RESTAURANT #1A37B|1869 E MURRAY HOLLADAY RD|HOLLADAY,REAL TAQUERIA RESTAURANT #1A37B,1869 E MURRAY HOLLADAY RD,HOLLADAY,"HOLLADAY, UT 84117",8014327962,Mobiles: Mobile Food Units (Trucks),100,2026-07-18T08:17:34.605731+00:00
REBEL #916|95 W 10600 S|SANDY,REBEL #916,95 W 10600 S,SANDY,"SANDY, UT 84070",3852538235,Restaurants: non-plated,81,2026-07-18T08:17:59.660241+00:00
RED FOOD TRUCK#X258MU|751 W 800 S|SALT LAKE CITY,RED FOOD TRUCK#X258MU,751 W 800 S,SALT LAKE CITY,"SALT LAKE CITY, UT 84104",8013302759,Mobiles: Mobile Food Units (Trucks),81,2026-07-18T08:18:27.549651+00:00
RED IGUANA 2 RED TREE ROOM|866 W SOUTHTEMPLE ST|SALT LAKE CITY,RED IGUANA 2 RED TREE ROOM,866 W SOUTHTEMPLE ST,SALT LAKE CITY,"SALT LAKE CITY, UT 84104",8012147110,Restaurants: plated,76,2026-07-18T08:18:47.311192+00:00
RED LOBSTER|298 E WINCHESTER ST|MURRAY,RED LOBSTER,298 E WINCHESTER ST,MURRAY,"MURRAY, UT 84107",8012882940,Restaurants: plated,94,2026-07-18T08:19:45.984972+00:00
RED LOBSTER|2294 S 1300 E|SALT LAKE CITY,RED LOBSTER,2294 S 1300 E,SALT LAKE CITY,"SALT LAKE CITY, UT 84106",4077349652,Restaurants: plated,94,2026-07-18T08:20:44.621417+00:00
RED ROBIN #410|316 E WINCHESTER ST|MURRAY,RED ROBIN #410,316 E WINCHESTER ST,MURRAY,"MURRAY, UT 84107",8012683400,Restaurants: plated,97,2026-07-18T08:21:43.055861+00:00
RED ROCK PLACE DOG PATIO|6227 S STATE ST|MURRAY,RED ROCK PLACE DOG PATIO,6227 S STATE ST,MURRAY,"MURRAY, UT 84107",8012622337,Restaurants: plated,98,2026-07-18T08:22:40.990247+00:00
REDWOOD FOOD SERVICE - PIZZA STATION|4600 S REDWOOD RD|SALT LAKE CITY,REDWOOD FOOD SERVICE - PIZZA STATION,4600 S REDWOOD RD,SALT LAKE CITY,"SALT LAKE CITY, UT 84123",8019574031,Restaurants: non-plated,90,2026-07-18T08:23:12.153489+00:00
REGAL CINEMAS 14 & RPX|5516 S REDWOOD RD|TAYLORSVILLE,REGAL CINEMAS 14 & RPX,5516 S REDWOOD RD,TAYLORSVILLE,"TAYLORSVILLE, UT 84123",8659259816,Concessions: potentially hazardous foods,86,2026-07-18T08:23:34.793546+00:00
RENEES CHEESECAKE|2037 W 13800 S|RIVERTON,RENEES CHEESECAKE,2037 W 13800 S,RIVERTON,"RIVERTON, UT 84065",8016806045,Commissary,96,2026-07-18T08:24:21.959722+00:00
RENEES CHEESECAKE #F117SZ|2037 W 13800 S|RIVERTON,RENEES CHEESECAKE #F117SZ,2037 W 13800 S,RIVERTON,"RIVERTON, UT 84065",8016806045,Mobiles: Mobile Food Units (Trucks),98,2026-07-18T08:24:54.045283+00:00
REPEAL|19 E 200 S|SALT LAKE CITY,REPEAL,19 E 200 S,SALT LAKE CITY,"SALT LAKE CITY, UT 84111",3852376128,Restaurants: non-plated,75,2026-07-18T08:25:34.458549+00:00
RESIDENCE INN SLC COTTONWOOD|6425 S 3000 E|SALT LAKE CITY,RESIDENCE INN SLC COTTONWOOD,6425 S 3000 E,SALT LAKE CITY,"SALT LAKE CITY, UT 84121",9492466995,Public Lodging: full breakfast,90,2026-07-18T08:25:49.506186+00:00
RESTAURANT & FAMILY MART 1|3435 S MAIN ST|SOUTH SALT LAKE,RESTAURANT & FAMILY MART 1,3435 S MAIN ST,SOUTH SALT LAKE,"SOUTH SALT LAKE, UT 84115",4086598221,Restaurants: plated,88,2026-07-18T08:26:09.477764+00:00
REVEL SOCIAL|145 W PIERPONT AVE|SALT LAKE CITY,REVEL SOCIAL,145 W PIERPONT AVE,SALT LAKE CITY,"SALT LAKE CITY, UT 84101",8014190858,Beverage Service: Bars/Lounges,81,2026-07-18T08:26:22.176360+00:00
RIO ACAI|14557 S 790 W|BLUFFDALE,RIO ACAI,14557 S 790 W,BLUFFDALE,"BLUFFDALE, UT 84065",8015031018,Restaurants: non-plated,100,2026-07-18T08:26:44.727577+00:00
RIO GRANDE CAFE 1300 EAST|258 S 1300 E|SALT LAKE CITY,RIO GRANDE CAFE 1300 EAST,258 S 1300 E,SALT LAKE CITY,"SALT LAKE CITY, UT 84102",8015825555,Restaurants: non-plated,94,2026-07-18T08:27:00.575695+00:00
RIO TINTO STADIUM EXECUTIVE CLUB|9256 S STATE ST|SANDY,RIO TINTO STADIUM EXECUTIVE CLUB,9256 S STATE ST,SANDY,"SANDY, UT 84070",8017272740,Restaurants: plated,98,2026-07-18T08:27:59.967480+00:00
RITAS ITALIAN ICE|4608 W PARTRIDGE HILL LN|RIVERTON,RITAS ITALIAN ICE,4608 W PARTRIDGE HILL LN,RIVERTON,"RIVERTON, UT 84096",3852048995,Restaurants: non-plated,81,2026-07-18T08:28:51.785969+00:00
RIVERS BEND SENIOR CENTER|1300 W 300 N|SALT LAKE CITY,RIVERS BEND SENIOR CENTER,1300 W 300 N,SALT LAKE CITY,"SALT LAKE CITY, UT 84116",3854683019,Restaurants: non-plated,96,2026-07-18T08:29:14.033083+00:00
RIVERTON SENIOR CENTER|12914 S REDWOOD|RIVERTON,RIVERTON SENIOR CENTER,12914 S REDWOOD,RIVERTON,"RIVERTON, UT 84065",3854683040,Restaurants: non-plated,96,2026-07-18T08:29:55.700675+00:00
ROBERTSONS|4490 S HIGHLAND DR|MILLCREEK TS,ROBERTSONS,4490 S HIGHLAND DR,MILLCREEK TS,"MILLCREEK TS, UT 84124",8018670038,Restaurants: non-plated,86,2026-07-18T08:30:52.106509+00:00
ROBINS NEST|268 S STATE ST|SALT LAKE CITY,ROBINS NEST,268 S STATE ST,SALT LAKE CITY,"SALT LAKE CITY, UT 84111",3238284934,Restaurants: non-plated,86,2026-07-18T08:31:48.161783+00:00
RODANDO SABORES #7HBZ8|609 E 2100 S|SALT LAKE CITY,RODANDO SABORES #7HBZ8,609 E 2100 S,SALT LAKE CITY,"SALT LAKE CITY, UT 84106",3853565182,Mobiles: Mobile Food Units (Trucks),81,2026-07-18T08:32:25.594618+00:00
ROLLING BISTRO #TRUCK 5|5176 W LIBERATOR DR|KEARNS,ROLLING BISTRO #TRUCK 5,5176 W LIBERATOR DR,KEARNS,"KEARNS, UT 84118",8015921132,Mobiles: Mobile Food Units (Trucks),81,2026-07-18T08:32:38.804163+00:00
ROOTD CAFE DOG PATIO PERMIT|2577 BENGAL BLVD|COTTONWOOD HEIGHTS,ROOTD CAFE DOG PATIO PERMIT,2577 BENGAL BLVD,COTTONWOOD HEIGHTS,"COTTONWOOD HEIGHTS, UT 84121",8019133790,Restaurants: plated,98,2026-07-18T08:33:20.998051+00:00
ROOTS COFFEE & CO|774 S 300 W|SALT LAKE CITY,ROOTS COFFEE & CO,774 S 300 W,SALT LAKE CITY,"SALT LAKE CITY, UT 84101",8019600618,Beverage Service: Coffee,76,2026-07-18T08:33:52.527405+00:00
ROOTS COFFEE & CO SUGARHOUSE|1386 S 1100 E|SALT LAKE CITY,ROOTS COFFEE & CO SUGARHOUSE,1386 S 1100 E,SALT LAKE CITY,"SALT LAKE CITY, UT 84105",8013675092,Beverage Service: Coffee,90,2026-07-18T08:34:16.210500+00:00
ROUNDS PUTT LOUNGE|3939 S WASATCH BLVD|MILLCREEK,ROUNDS PUTT LOUNGE,3939 S WASATCH BLVD,MILLCREEK,"MILLCREEK, UT 84124",8012778128,Restaurants: non-plated,86,2026-07-18T08:34:33.340101+00:00
ROXBERRY JUICE COMPANY|1283 DRAPER PKWY|DRAPER,ROXBERRY JUICE COMPANY,1283 DRAPER PKWY,DRAPER,"DRAPER, UT 84020",8013108745,Beverage Service: Juice/Smoothies,81,2026-07-18T08:34:47.473509+00:00
RSL TRAINING ACADEMY|14787 S ACADEMY PKWY|HERRIMAN,RSL TRAINING ACADEMY,14787 S ACADEMY PKWY,HERRIMAN,"HERRIMAN, UT 84096",8016283951,Concessions: no potentially hazardous foods,97,2026-07-18T08:35:05.917562+00:00
RSL TRAINING ACADEMY ZBRA CONCESSIONS|14787 S ACADEMY PKWY|HERRIMAN,RSL TRAINING ACADEMY ZBRA CONCESSIONS,14787 S ACADEMY PKWY,HERRIMAN,"HERRIMAN, UT 84096",8016283951,Concessions: potentially hazardous foods,86,2026-07-18T08:35:43.128725+00:00
RUNWAY CAFE|2211 W NORTH TEMPLE ST|SALT LAKE CITY,RUNWAY CAFE,2211 W NORTH TEMPLE ST,SALT LAKE CITY,"SALT LAKE CITY, UT 84116",8015209319,Restaurants: non-plated,83,2026-07-18T08:36:26.517281+00:00
SAGATO BAKERY & CAFE|44 W 7200 S|MIDVALE,SAGATO BAKERY & CAFE,44 W 7200 S,MIDVALE,"MIDVALE, UT 84047",8316011104,Restaurants: plated,99,2026-07-18T08:37:01.070711+00:00
SALT CITY BBQ|545 W 700 S|SALT LAKE CITY,SALT CITY BBQ,545 W 700 S,SALT LAKE CITY,"SALT LAKE CITY, UT 84101",8018995541,Restaurants: non-plated,98,2026-07-18T08:38:02.061111+00:00
SALT CITY SMOKEHOUSE 306/DELTA CENTER|301 W SOUTH TEMPLE ST|SALT LAKE CITY,SALT CITY SMOKEHOUSE 306/DELTA CENTER,301 W SOUTH TEMPLE ST,SALT LAKE CITY,"SALT LAKE CITY, UT 84101",8013252221,Concessions: potentially hazardous foods,78,2026-07-18T08:38:25.611005+00:00
SALT LAKE BREWING CO AIRPORT|3920 W TERMINAL DR|SALT LAKE CITY,SALT LAKE BREWING CO AIRPORT,3920 W TERMINAL DR,SALT LAKE CITY,"SALT LAKE CITY, UT 84122",8013282329,Restaurants: plated,78,2026-07-18T08:38:43.030915+00:00
SALT LAKE CLINIC FAULT LINE CAFE|333 S 900 E|SALT LAKE CITY,SALT LAKE CLINIC FAULT LINE CAFE,333 S 900 E,SALT LAKE CITY,"SALT LAKE CITY, UT 84102",8018887918,Restaurants: non-plated,90,2026-07-18T08:39:27.817931+00:00
SALT LAKE COUNTRY CLUB - MAIN KITCHEN|2400 E COUNTRY CLUB DR|SALT LAKE CITY,SALT LAKE COUNTRY CLUB - MAIN KITCHEN,2400 E COUNTRY CLUB DR,SALT LAKE CITY,"SALT LAKE CITY, UT 84109",8014668751,Restaurants: plated,78,2026-07-18T08:40:24.901436+00:00
SALT LAKE MARRIOTT DOWNTOWN AT CITY CREEK - BUFFET|75 S WEST TEMPLE ST|SALT LAKE CITY,SALT LAKE MARRIOTT DOWNTOWN AT CITY CREEK - BUFFET,75 S WEST TEMPLE ST,SALT LAKE CITY,"SALT LAKE CITY, UT 84101",8165644042,Restaurants: plated,99,2026-07-18T08:41:21.577963+00:00
SALT LAKE MARRIOTT DOWNTOWN AT CITY CREEK-STARBUCK|75 S WEST TEMPLE ST|SALT LAKE CITY,SALT LAKE MARRIOTT DOWNTOWN AT CITY CREEK-STARBUCK,75 S WEST TEMPLE ST,SALT LAKE CITY,"SALT LAKE CITY, UT 84101",8165644042,Beverage Service: Coffee,90,2026-07-18T08:41:52.919807+00:00
SALT LAKE MARRIOTT/CONCIERGE LOUNGE|220 S STATE ST|SALT LAKE CITY,SALT LAKE MARRIOTT/CONCIERGE LOUNGE,220 S STATE ST,SALT LAKE CITY,"SALT LAKE CITY, UT 84111",8019618700,Public Lodging: continental breakfast,78,2026-07-18T08:42:19.748190+00:00
SALTAIR SKY SOUTH EAST BAR|12408 W SALTAIR DR|MAGNA,SALTAIR SKY SOUTH EAST BAR,12408 W SALTAIR DR,MAGNA,"MAGNA, UT 84044",6027994969,Beverage Service: Bars/Lounges,96,2026-07-18T08:43:13.873811+00:00
SALTAIR SKY SOUTH WEST BAR|12408 W SALTAIR DR|MAGNA,SALTAIR SKY SOUTH WEST BAR,12408 W SALTAIR DR,MAGNA,"MAGNA, UT 84044",6027994969,Beverage Service: Bars/Lounges,96,2026-07-18T08:43:28.924833+00:00
SALTD CATERING CO|67 W 1700 S|SALT LAKE CITY,SALTD CATERING CO,67 W 1700 S,SALT LAKE CITY,"SALT LAKE CITY, UT 84115",2625735649,"Caterers, not restaurant connected",100,2026-07-18T08:43:46.334090+00:00
SALTY PINEAPPLE #229019Z|13262 S ROSECREST RD|HERRIMAN,SALTY PINEAPPLE #229019Z,13262 S ROSECREST RD,HERRIMAN,"HERRIMAN, UT 84096",3853196664,Mobiles: Mobile Food Units (Trucks),87,2026-07-18T08:44:03.743177+00:00
SALVATION ARMY|438 S 900 W|SALT LAKE CITY,SALVATION ARMY,438 S 900 W,SALT LAKE CITY,"SALT LAKE CITY, UT 84104",8019884204,Restaurants: plated,100,2026-07-18T08:44:19.343571+00:00
SALVATION ARMY #6E6YR|438 S 900 W|SALT LAKE CITY,SALVATION ARMY #6E6YR,438 S 900 W,SALT LAKE CITY,"SALT LAKE CITY, UT 84104",8019884204,Mobiles: Mobile Food Units (Trucks),87,2026-07-18T08:45:15.114069+00:00
SAMS CLUB #6686 DELI|1905 S 300 W|SALT LAKE CITY,SAMS CLUB #6686 Deli,1905 S 300 W,SALT LAKE CITY,"SALT LAKE CITY, UT 84115",4792042280,Restaurants: non-plated,96,2026-07-18T08:45:51.402216+00:00
SAMS CLUB FOOD COURT #4730|7571 S 3800 W|WEST JORDAN,SAMS CLUB FOOD COURT #4730,7571 S 3800 W,WEST JORDAN,"WEST JORDAN, UT 84084",4793718719,Restaurants: non-plated,94,2026-07-18T08:46:48.502333+00:00
SANDY STOP SHELL|7820 S 700 E|SANDY,SANDY STOP SHELL,7820 S 700 E,SANDY,"SANDY, UT 84070",8018396116,Restaurants: non-plated,81,2026-07-18T08:47:45.718024+00:00
SANTORINIS AND SWIG|9256 S STATE ST|SANDY,SANTORINIS AND SWIG,9256 S STATE ST,SANDY,"SANDY, UT 84070",8015037406,Concessions: potentially hazardous foods,86,2026-07-18T08:48:39.713449+00:00
SAOLA|7307 S CANYON CENTER PKWY|COTTONWOOD HEIGHTS,SAOLA,7307 S CANYON CENTER PKWY,COTTONWOOD HEIGHTS,"COTTONWOOD HEIGHTS, UT 84121",8019442949,Restaurants: plated,88,2026-07-18T08:49:38.443065+00:00
SAPA FOOD HUB #T78 8YS|722 S STATE ST|SALT LAKE CITY,SAPA FOOD HUB #T78 8YS,722 S STATE ST,SALT LAKE CITY,"SALT LAKE CITY, UT 84111",8016710140,Mobiles: Mobile Food Units (Trucks),75,2026-07-18T08:50:24.254803+00:00
SAPORI ITALIAN BAKERY & CAFE|3667 S HIGHLAND DR|MILLCREEK,SAPORI ITALIAN BAKERY & CAFE,3667 S HIGHLAND DR,MILLCREEK,"MILLCREEK, UT 84106",8019060128,Restaurants: non-plated,86,2026-07-18T08:50:41.465176+00:00
SAPP BROS -- C STORE|1953 W CALIFORNIA AVE|SALT LAKE CITY,SAPP BROS -- C STORE,1953 W CALIFORNIA AVE,SALT LAKE CITY,"SALT LAKE CITY, UT 84104",8019773900,Restaurants: non-plated,90,2026-07-18T08:50:55.289951+00:00
SAVAGE FISH|970 E 3300 S|MILLCREEK,SAVAGE FISH,970 E 3300 S,MILLCREEK,"MILLCREEK, UT 84106",8016024039,Restaurants: non-plated,96,2026-07-18T08:51:50.369031+00:00
SCION CIDER DOG PATIO|916 S JEFFERSON ST|SALT LAKE CITY,SCION CIDER DOG PATIO,916 S JEFFERSON ST,SALT LAKE CITY,"SALT LAKE CITY, UT 84101",8017469477,Restaurants: non-plated,98,2026-07-18T08:52:08.618335+00:00
SCOOTERS COFFEE|3479 W 12600 S|RIVERTON,SCOOTERS COFFEE,3479 W 12600 S,RIVERTON,"RIVERTON, UT 84065",8013809777,Beverage Service: Coffee,81,2026-07-18T08:52:30.965462+00:00
SCOVILLES - DOG PATIO|2121 S MCCLELLAND ST|SALT LAKE CITY,SCOVILLES - DOG PATIO,2121 S MCCLELLAND ST,SALT LAKE CITY,"SALT LAKE CITY, UT 84106",2568012121,Restaurants: non-plated,98,2026-07-18T08:52:53.110464+00:00
SECOND SUMMIT HARD CIDER DOG PATIO|4010 S MAIN ST|MILLCREEK,SECOND SUMMIT HARD CIDER DOG PATIO,4010 S MAIN ST,MILLCREEK,"MILLCREEK, UT 84107",5128507632,Restaurants: plated,98,2026-07-18T08:53:05.964972+00:00
SECRET PIZZA CLUB SLC|1000 S MAIN ST|SALT LAKE CITY,SECRET PIZZA CLUB SLC,1000 S MAIN ST,SALT LAKE CITY,"SALT LAKE CITY, UT 84101",4356045170,Restaurants: non-plated,81,2026-07-18T08:53:27.060572+00:00
SELMA FOOD|7520 S 2700 E|COTTONWOOD HEIGHTS,SELMA FOOD,7520 S 2700 E,COTTONWOOD HEIGHTS,"COTTONWOOD HEIGHTS, UT 84121",8015504759,Restaurants: non-plated,81,2026-07-18T08:53:40.878367+00:00
SENOR POLLO MEXICAN GRILL|2121 S MCCLELLAND ST|SALT LAKE CITY,SENOR POLLO MEXICAN GRILL,2121 S MCCLELLAND ST,SALT LAKE CITY,"SALT LAKE CITY, UT 84106",8016081264,Restaurants: non-plated,84,2026-07-18T08:54:37.614635+00:00
SEVEN ELEVEN|4682 S 5600 W|WEST VALLEY CITY,SEVEN ELEVEN,4682 S 5600 W,WEST VALLEY CITY,"WEST VALLEY CITY, UT 84128",3852464634,Restaurants: non-plated,91,2026-07-18T08:54:59.928629+00:00
SEVEN ELEVEN|5696 W 3500 S|WEST VALLEY CITY,SEVEN ELEVEN,5696 W 3500 S,WEST VALLEY CITY,"WEST VALLEY CITY, UT 84120",8557110711,Restaurants: non-plated,94,2026-07-18T08:55:34.623194+00:00
SEVEN ELEVEN|887 E 400 S|SALT LAKE CITY,SEVEN ELEVEN,887 E 400 S,SALT LAKE CITY,"SALT LAKE CITY, UT 84102",9728287102,Restaurants: non-plated,81,2026-07-18T08:56:01.274311+00:00
SEVEN ELEVEN|1157 W CALIFORNIA AVE|SALT LAKE CITY,SEVEN ELEVEN,1157 W CALIFORNIA AVE,SALT LAKE CITY,"SALT LAKE CITY, UT 84104",8557110711,Restaurants: non-plated,81,2026-07-18T08:56:58.947607+00:00
SEVEN ELEVEN # 45957A|524 W 4500 S|MURRAY,SEVEN ELEVEN # 45957A,524 W 4500 S,MURRAY,"MURRAY, UT 84123",8012700527,Restaurants: non-plated,96,2026-07-18T08:57:56.842658+00:00
SEVEN ELEVEN #12957A|6852 S STATE ST|MIDVALE,SEVEN ELEVEN #12957A,6852 S STATE ST,MIDVALE,"MIDVALE, UT 84047",8557110711,Restaurants: non-plated,78,2026-07-18T08:58:14.903257+00:00
SEVEN ELEVEN #18147C|501 E 2100 S|SALT LAKE CITY,SEVEN ELEVEN #18147C,501 E 2100 S,SALT LAKE CITY,"SALT LAKE CITY, UT 84106",8557110711,Restaurants: non-plated,78,2026-07-18T08:59:12.765217+00:00
SEVEN ELEVEN #18633A|776 S 1300 E|SALT LAKE CITY,SEVEN ELEVEN #18633A,776 S 1300 E,SALT LAKE CITY,"SALT LAKE CITY, UT 84102",9728286118,Restaurants: non-plated,91,2026-07-18T08:59:44.450686+00:00
SEVEN ELEVEN #21858D|904 E 3900 S|MILLCREEK,SEVEN ELEVEN #21858D,904 E 3900 S,MILLCREEK,"MILLCREEK, UT 84124",8016950130,Restaurants: non-plated,81,2026-07-18T09:00:44.104190+00:00
SEVEN ELEVEN #21888C|911 E 3300 S|MILLCREEK,SEVEN ELEVEN #21888C,911 E 3300 S,MILLCREEK,"MILLCREEK, UT 84106",9728287102,Restaurants: non-plated,98,2026-07-18T09:01:01.513933+00:00
SEVEN ELEVEN #22965B|3180 W 5400 S|TAYLORSVILLE,SEVEN ELEVEN #22965B,3180 W 5400 S,TAYLORSVILLE,"TAYLORSVILLE, UT 84129",9728287090,Restaurants: non-plated,96,2026-07-18T09:01:37.400440+00:00
SEVEN ELEVEN #22967B|2296 E FORT UNION BLVD|COTTONWOOD HEIGHTS,SEVEN ELEVEN #22967B,2296 E FORT UNION BLVD,COTTONWOOD HEIGHTS,"COTTONWOOD HEIGHTS, UT 84121",9728287102,Restaurants: non-plated,90,2026-07-18T09:02:33.808775+00:00
SEVEN ELEVEN #23387C|5894 S STATE ST|MURRAY,SEVEN ELEVEN #23387C,5894 S STATE ST,MURRAY,"MURRAY, UT 84107",9728287102,Restaurants: non-plated,96,2026-07-18T09:03:30.544516+00:00
SEVEN ELEVEN #25791B|4110 S REDWOOD RD|TAYLORSVILLE,SEVEN ELEVEN #25791B,4110 S REDWOOD RD,TAYLORSVILLE,"TAYLORSVILLE, UT 84123",9728287102,Restaurants: non-plated,98,2026-07-18T09:04:07.419987+00:00
SEVEN ELEVEN #26357C|3898 W 4700 S|WEST VALLEY CITY,SEVEN ELEVEN #26357C,3898 W 4700 S,WEST VALLEY CITY,"WEST VALLEY CITY, UT 84118",9728287102,Restaurants: non-plated,100,2026-07-18T09:05:05.425222+00:00
SEVEN ELEVEN #26999C|175 E 800 S|SALT LAKE CITY,SEVEN ELEVEN #26999C,175 E 800 S,SALT LAKE CITY,"SALT LAKE CITY, UT 84111",8015219506,Restaurants: non-plated,78,2026-07-18T09:05:43.128594+00:00
SEVEN ELEVEN #27126D|114 W 1300 S|SALT LAKE CITY,SEVEN ELEVEN #27126D,114 W 1300 S,SALT LAKE CITY,"SALT LAKE CITY, UT 84115",9728286118,Restaurants: non-plated,84,2026-07-18T09:06:10.866693+00:00
SEVEN ELEVEN #27330B|1285 N REDWOOD RD|SALT LAKE CITY,SEVEN ELEVEN #27330B,1285 N REDWOOD RD,SALT LAKE CITY,"SALT LAKE CITY, UT 84116",9728286118,Restaurants: non-plated,94,2026-07-18T09:06:38.508755+00:00
SEVEN ELEVEN #33977 B|4750 S HOLLADAY BLVD|HOLLADAY,SEVEN ELEVEN #33977 B,4750 S HOLLADAY BLVD,HOLLADAY,"HOLLADAY, UT 84117",8557110711,Restaurants: non-plated,81,2026-07-18T09:07:35.728505+00:00
SEVEN ELEVEN #34472B|9657 S STATE ST|SANDY,SEVEN ELEVEN #34472B,9657 S STATE ST,SANDY,"SANDY, UT 84070",8557110711,Restaurants: non-plated,78,2026-07-18T09:08:33.885671+00:00
SEVEN ELEVEN #41131A|3486 S 8400 W|MAGNA,SEVEN ELEVEN #41131A,3486 S 8400 W,MAGNA,"MAGNA, UT 84044",9728287102,Restaurants: non-plated,96,2026-07-18T09:09:12.386852+00:00
SEVEN ELEVEN #42140A|15835 S REDWOOD RD|BLUFFDALE,SEVEN ELEVEN #42140A,15835 S REDWOOD RD,BLUFFDALE,"BLUFFDALE, UT 84065",8557110711,Restaurants: non-plated,81,2026-07-18T09:09:45.294771+00:00
SEVEN ELEVEN 25424|2287 E 3300 S|MILLCREEK TS,SEVEN ELEVEN 25424,2287 E 3300 S,MILLCREEK TS,"MILLCREEK TS, UT 84109",9728287102,Restaurants: non-plated,76,2026-07-18T09:10:12.711489+00:00
SEVEN ELEVEN 26348A|2694 S STATE ST|SOUTH SALT LAKE,SEVEN ELEVEN 26348A,2694 S STATE ST,SOUTH SALT LAKE,"SOUTH SALT LAKE, UT 84115",8014664255,Restaurants: non-plated,94,2026-07-18T09:10:55.092228+00:00
SEVEN ELEVEN STORE #23850C|4811 S STATE ST|MURRAY,SEVEN ELEVEN STORE #23850C,4811 S STATE ST,MURRAY,"MURRAY, UT 84107",9728287102,Restaurants: non-plated,88,2026-07-18T09:11:32.960724+00:00
SEVEN ELEVEN STORE #26838C|4807 W 3500 S|WEST VALLEY CITY,SEVEN ELEVEN STORE #26838C,4807 W 3500 S,WEST VALLEY CITY,"WEST VALLEY CITY, UT 84120",8557110711,Restaurants: non-plated,78,2026-07-18T09:12:13.329459+00:00
SEVEN ELEVEN STORE #35627B|2471 S 7200 W|WEST VALLEY CITY,SEVEN ELEVEN STORE #35627B,2471 S 7200 W,WEST VALLEY CITY,"WEST VALLEY CITY, UT 84127",8557000711,Restaurants: non-plated,88,2026-07-18T09:13:10.781631+00:00
SHA MUU|23 N 900 W|SALT LAKE CITY,SHA MUU,23 N 900 W,SALT LAKE CITY,"SALT LAKE CITY, UT 84116",4694718050,Restaurants: non-plated,93,2026-07-18T09:13:38.834239+00:00
SHACK SHAVE ICE|7061 S REDWOOD RD|WEST JORDAN,SHACK SHAVE ICE,7061 S REDWOOD RD,WEST JORDAN,"WEST JORDAN, UT 84084",8018242563,Concessions: shaved ice only,90,2026-07-18T09:13:51.839175+00:00
SHAHRAZAD|1615 W 2100 S|SALT LAKE CITY,SHAHRAZAD,1615 W 2100 S,SALT LAKE CITY,"SALT LAKE CITY, UT 84119",8019759977,Restaurants: plated,86,2026-07-18T09:14:28.598159+00:00
SHAKE SHACK|28 S STATE ST|SALT LAKE CITY,SHAKE SHACK,28 S STATE ST,SALT LAKE CITY,"SALT LAKE CITY, UT 84111",8623841057,Restaurants: non-plated,80,2026-07-18T09:15:26.252596+00:00
SHAKE SHACK|1314 S FOOTHILL DR|SALT LAKE CITY,SHAKE SHACK,1314 S FOOTHILL DR,SALT LAKE CITY,"SALT LAKE CITY, UT 84108",8623841057,Restaurants: non-plated,99,2026-07-18T09:15:44.017116+00:00
SHAKE SHACK|3920 W TERMINAL DR|SALT LAKE CITY,SHAKE SHACK,3920 W TERMINAL DR,SALT LAKE CITY,"SALT LAKE CITY, UT 84122",8015589423,Restaurants: plated,90,2026-07-18T09:16:00.928908+00:00
SHAKE SHACK|11020 S STATE ST|SANDY,SHAKE SHACK,11020 S STATE ST,SANDY,"SANDY, UT 84070",7029707571,Restaurants: non-plated,100,2026-07-18T09:16:48.205410+00:00
SHAKESMART|1836 E STUDENT LIFE AVE|SALT LAKE CITY,SHAKESMART,1836 E STUDENT LIFE AVE,SALT LAKE CITY,"SALT LAKE CITY, UT 84112",6193615343,Restaurants: non-plated,80,2026-07-18T09:17:42.794780+00:00
SHELL RONI CATERING #|5150 S WEST RIDGE BLVD|WEST VALLEY CITY,SHELL RONI CATERING #,5150 S WEST RIDGE BLVD,WEST VALLEY CITY,"WEST VALLEY CITY, UT 84118",3853479190,Mobiles: Mobile Food Units (Trucks),95,2026-07-18T09:18:38.491447+00:00
SHELL RONI CUSTOMER CATERING|1337 S MAIN ST|SALT LAKE CITY,SHELL RONI CUSTOMER CATERING,1337 S MAIN ST,SALT LAKE CITY,"SALT LAKE CITY, UT 84115",8015970000,"Caterers, not restaurant connected",85,2026-07-18T09:18:51.146181+00:00
SHWELETYAR SUSHI|545 W 700 S|SALT LAKE CITY,SHWELETYAR SUSHI,545 W 700 S,SALT LAKE CITY,"SALT LAKE CITY, UT 84101",8016312804,Restaurants: non-plated,78,2026-07-18T09:19:17.436107+00:00
SIDEWINDER @ BRIGHTON|8517 S SNAKE CREEK RD|SALT LAKE COUNTY,SIDEWINDER @ BRIGHTON,8517 S SNAKE CREEK RD,SALT LAKE COUNTY,"SALT LAKE COUNTY, UT 84121",8015324731,Restaurants: plated,80,2026-07-18T09:19:44.721861+00:00
SIEGFRIED DELICATESSEN|20 W 200 S|SALT LAKE CITY,SIEGFRIED DELICATESSEN,20 W 200 S,SALT LAKE CITY,"SALT LAKE CITY, UT 84101",8013553891,Restaurants: non-plated,90,2026-07-18T09:20:07.675731+00:00
SILVERSIDE DELI|2121 S MCCLELLAND ST|SALT LAKE CITY,SILVERSIDE DELI,2121 S MCCLELLAND ST,SALT LAKE CITY,"SALT LAKE CITY, UT 84106",8019354141,Restaurants: non-plated,91,2026-07-18T09:21:04.984048+00:00
SKILLETS DOG PATIO|282 E 900 S|SALT LAKE CITY,SKILLETS DOG PATIO,282 E 900 S,SALT LAKE CITY,"SALT LAKE CITY, UT 84111",8019009988,Restaurants: plated,98,2026-07-18T09:21:27.504611+00:00
SKY VENUE|149 W PIERPONT AVE|SALT LAKE CITY,SKY VENUE,149 W PIERPONT AVE,SALT LAKE CITY,"SALT LAKE CITY, UT 84101",6159757292,Beverage Service: Bars/Lounges,81,2026-07-18T09:21:40.560916+00:00
SL BEES 1ST BASE GRILL|11111 S BALLPARK DR|SOUTH JORDAN,SL BEES 1ST BASE GRILL,11111 S BALLPARK DR,SOUTH JORDAN,"SOUTH JORDAN, UT 84009",5714083613,Restaurants: non-plated,97,2026-07-18T09:22:03.381155+00:00
SL BEES 3RD BASE MARKET|11111 S BALLPARK DR|SOUTH JORDAN,SL BEES 3RD BASE MARKET,11111 S BALLPARK DR,SOUTH JORDAN,"SOUTH JORDAN, UT 84009",6025896190,Restaurants: non-plated,100,2026-07-18T09:22:20.759643+00:00
SL BEES CLUB BAR AND STAGING|11111 S BALLPARK DR|SOUTH JORDAN,SL BEES CLUB BAR AND STAGING,11111 S BALLPARK DR,SOUTH JORDAN,"SOUTH JORDAN, UT 84009",5714083613,Beverage Service: Bars/Lounges,86,2026-07-18T09:22:38.489006+00:00
SL BEES CLUB KITCHEN|11111 S BALLPARK DR|SOUTH JORDAN,SL BEES CLUB KITCHEN,11111 S BALLPARK DR,SOUTH JORDAN,"SOUTH JORDAN, UT 84009",5714083613,Restaurants: non-plated,98,2026-07-18T09:22:56.421919+00:00
SL BEES HOME PLATE CHICKEN SHACK|11111 S BALLPARK DR|SOUTH JORDAN,SL BEES HOME PLATE CHICKEN SHACK,11111 S BALLPARK DR,SOUTH JORDAN,"SOUTH JORDAN, UT 84009",5714083613,Concessions: potentially hazardous foods,88,2026-07-18T09:23:13.784491+00:00
SL BEES HOMEPLATE CANTINA|11111 S BALLPARK DR|SOUTH JORDAN,SL BEES HOMEPLATE CANTINA,11111 S BALLPARK DR,SOUTH JORDAN,"SOUTH JORDAN, UT 84009",5714083613,Concessions: potentially hazardous foods,90,2026-07-18T09:23:31.741307+00:00
SL BEES RIGHT FIELD BARBECUE|11111 S BALLPARK DR|SOUTH JORDAN,SL BEES RIGHT FIELD BARBECUE,11111 S BALLPARK DR,SOUTH JORDAN,"SOUTH JORDAN, UT 84009",5714083613,Concessions: potentially hazardous foods,97,2026-07-18T09:23:49.320500+00:00
SL COMMUNITY COLLEGE CULINARY ARTS|9750 S 300 W|SANDY,SL COMMUNITY COLLEGE CULINARY ARTS,9750 S 300 W,SANDY,"SANDY, UT 84070",8019575348,Restaurants: plated,88,2026-07-18T09:24:07.555879+00:00
SLACKWATER SLC|684 S 500 W|SALT LAKE CITY,SLACKWATER SLC,684 S 500 W,SALT LAKE CITY,"SALT LAKE CITY, UT 84101",3852099770,Restaurants: plated,88,2026-07-18T09:25:03.800643+00:00
SLC EATERY|1017 S MAIN ST|SALT LAKE CITY,SLC EATERY,1017 S MAIN ST,SALT LAKE CITY,"SALT LAKE CITY, UT 84111",8019106110,Restaurants: plated,76,2026-07-18T09:25:41.171609+00:00
SLCC CONCESSIONS JORDAN CAMPUS|3491 W 9000 S|WEST JORDAN,SLCC CONCESSIONS JORDAN CAMPUS,3491 W 9000 S,WEST JORDAN,"WEST JORDAN, UT 84088",8019574031,Concessions: no potentially hazardous foods,86,2026-07-18T09:26:30.083784+00:00
SLCC REDWOOD FOOD SERVICE|4600 S REDWOOD RD|SALT LAKE CITY,SLCC REDWOOD FOOD SERVICE,4600 S REDWOOD RD,SALT LAKE CITY,"SALT LAKE CITY, UT 84123",8019574254,Restaurants: non-plated,98,2026-07-18T09:26:47.900762+00:00
SLCC VISITING RESTAURANT SPACE #103 B|4600 S REDWOOD RD|SALT LAKE CITY,SLCC VISITING RESTAURANT SPACE #103 B,4600 S REDWOOD RD,SALT LAKE CITY,"SALT LAKE CITY, UT 84123",8019574031,Restaurants: non-plated,100,2026-07-18T09:27:15.452937+00:00
SLCO MEALS ON WHEELS|2001 S STATE ST|SALT LAKE CITY,SLCO MEALS ON WHEELS,2001 S STATE ST,SALT LAKE CITY,"SALT LAKE CITY, UT 84115",2529446972,Restaurants: non-plated,92,2026-07-18T09:27:37.626584+00:00
SLICE HOUSE BY TONY GEMIGNANI|1332 S FOOTHILL DR|SALT LAKE CITY,SLICE HOUSE BY TONY GEMIGNANI,1332 S FOOTHILL DR,SALT LAKE CITY,"SALT LAKE CITY, UT 84108",3854645565,Restaurants: non-plated,78,2026-07-18T09:28:28.880130+00:00
SLOPESIDE SMOKE SHACK #BARBCUE|1391 S 300 W|SALT LAKE CITY,SLOPESIDE SMOKE SHACK #BARBCUE,1391 S 300 W,SALT LAKE CITY,"SALT LAKE CITY, UT 84115",8018931302,Mobiles: Mobile Food Units (Trucks),95,2026-07-18T09:28:46.406713+00:00
SLUICE BOX|12000 BIG COTTONWOOD CANYON RD|SALT LAKE CITY,SLUICE BOX,12000 BIG COTTONWOOD CANYON RD,SALT LAKE CITY,"SALT LAKE CITY, UT 84121",8015365700,Restaurants: plated,83,2026-07-18T09:29:03.602932+00:00
SMASHBURGER 1788|1028 E 2100 S|SALT LAKE CITY,SMASHBURGER 1788,1028 E 2100 S,SALT LAKE CITY,"SALT LAKE CITY, UT 84106",8014780158,Restaurants: non-plated,97,2026-07-18T09:29:20.842888+00:00
SMITHS #132|212 E 12300 S|DRAPER,SMITHS #132,212 E 12300 S,DRAPER,"DRAPER, UT 84020",6152329769,Restaurants: non-plated,83,2026-07-18T09:29:45.293222+00:00
SMITHS #138|1634 W SOUTH JORDAN PKWY|SOUTH JORDAN,SMITHS #138,1634 W SOUTH JORDAN PKWY,SOUTH JORDAN,"SOUTH JORDAN, UT 84095",6152329769,Restaurants: non-plated,91,2026-07-18T09:30:44.233320+00:00
SMITHS #44|876 E 800 S|SALT LAKE CITY,SMITHS #44,876 E 800 S,SALT LAKE CITY,"SALT LAKE CITY, UT 84102",6152329557,Restaurants: non-plated,86,2026-07-18T09:31:45.164291+00:00
SMITHS #47|2039 E 9400 S|SANDY,SMITHS #47,2039 E 9400 S,SANDY,"SANDY, UT 84093",6152329769,Restaurants: non-plated,90,2026-07-18T09:32:41.993619+00:00
SMITHS #77|402 E SIXTH AVE|SALT LAKE CITY,SMITHS #77,402 E SIXTH AVE,SALT LAKE CITY,"SALT LAKE CITY, UT 84103",6152329769,Restaurants: non-plated,78,2026-07-18T09:33:40.093924+00:00
SMITHS - STARBUCKS|5710 W 7800 S|WEST JORDAN,SMITHS - STARBUCKS,5710 W 7800 S,WEST JORDAN,"WEST JORDAN, UT 84081",8015453470,Beverage Service: Coffee,81,2026-07-18T09:34:40.825938+00:00
SMITHS COFFEE SHOP #147|5620 W 4100 S|WEST VALLEY CITY,SMITHS COFFEE SHOP #147,5620 W 4100 S,WEST VALLEY CITY,"WEST VALLEY CITY, UT 84128",8019661441,Beverage Service: Coffee,86,2026-07-18T09:35:37.239749+00:00
SMITHS EXPRESS|873 E SOUTHTEMPLE ST|SALT LAKE CITY,SMITHS EXPRESS,873 E SOUTHTEMPLE ST,SALT LAKE CITY,"SALT LAKE CITY, UT 84102",6152329864,Restaurants: non-plated,90,2026-07-18T09:36:19.802657+00:00
SMITHS FOOD AND DRUG #212|13893 S REDWOOD RD|BLUFFDALE,SMITHS FOOD AND DRUG #212,13893 S REDWOOD RD,BLUFFDALE,"BLUFFDALE, UT 84065",8019741525,Restaurants: non-plated,99,2026-07-18T09:37:15.779169+00:00
SNOW AND MILK|45 W 3300 S|MILLCREEK,SNOW AND MILK,45 W 3300 S,MILLCREEK,"MILLCREEK, UT 84124",8014582444,"Caterers, not restaurant connected",96,2026-07-18T09:37:28.856788+00:00
SNOWBIRD RESORT - AERIE LOUNGE|9320 S CLIFF LODGE DR|SANDY,SNOWBIRD RESORT - AERIE LOUNGE,9320 S CLIFF LODGE DR,SANDY,"SANDY, UT 84092",8019332222,Beverage Service: Bars/Lounges,78,2026-07-18T09:37:42.232441+00:00
SNOWBIRD RESORT - BAKED & BREWED CAFE|9385 S SNOWBIRD CENTER DR|SANDY,SNOWBIRD RESORT - BAKED & BREWED CAFE,9385 S SNOWBIRD CENTER DR,SANDY,"SANDY, UT 84092",8019477938,Restaurants: plated,81,2026-07-18T09:38:39.672558+00:00
SNOWBIRD RESORT - BIRD FEEDER|9320 S CLIFF LODGE DR|SANDY,SNOWBIRD RESORT - BIRD FEEDER,9320 S CLIFF LODGE DR,SANDY,"SANDY, UT 84092",8019332222,Restaurants: plated,84,2026-07-18T09:39:36.518162+00:00
SNOWBIRD RESORT - CENTER COMMISSARY|9385 S SNOWBIRD CENTER DR|SANDY,SNOWBIRD RESORT - CENTER COMMISSARY,9385 S SNOWBIRD CENTER DR,SANDY,"SANDY, UT 84092",8019477938,Commissary,96,2026-07-18T09:40:34.878322+00:00
SNOWBIRD RESORT - CLIFF COMMISSARY|9320 S CLIFF LODGE DR|SANDY,SNOWBIRD RESORT - CLIFF COMMISSARY,9320 S CLIFF LODGE DR,SANDY,"SANDY, UT 84092",8019477938,Commissary,76,2026-07-18T09:41:19.119774+00:00
SNOWBIRD RESORT - COMMISSARY 3D|9320 S CLIFF LODGE DR|SANDY,SNOWBIRD RESORT - COMMISSARY 3D,9320 S CLIFF LODGE DR,SANDY,"SANDY, UT 84092",8019477938,Commissary,100,2026-07-18T09:42:13.146762+00:00
SNOWBIRD RESORT - FORKLIFT RESTAURANT|9320 S CLIFF LODGE DR|SANDY,SNOWBIRD RESORT - FORKLIFT RESTAURANT,9320 S CLIFF LODGE DR,SANDY,"SANDY, UT 84092",8019332222,Restaurants: plated,92,2026-07-18T09:43:00.283392+00:00
SNOWBIRD RESORT - LODGE BISTRO|9260 E LODGE DR|SANDY,SNOWBIRD RESORT - LODGE BISTRO,9260 E LODGE DR,SANDY,"SANDY, UT 84092",8019477938,Restaurants: plated,80,2026-07-18T09:43:59.551519+00:00
SNOWBIRD RESORT - ROOM SERVICE KITCHEN|9320 S CLIFF LODGE DR|SANDY,SNOWBIRD RESORT - ROOM SERVICE KITCHEN,9320 S CLIFF LODGE DR,SANDY,"SANDY, UT 84092",8019332222,Restaurants: plated,78,2026-07-18T09:44:59.268450+00:00
SNOWBIRD RESORT - STEAK PIT|9385 S SNOWBIRD CENTER DR|SANDY,SNOWBIRD RESORT - STEAK PIT,9385 S SNOWBIRD CENTER DR,SANDY,"SANDY, UT 84092",8019332222,Restaurants: plated,83,2026-07-18T09:45:50.630845+00:00
SNOWBIRD RESORT - TWIN PEAKS|9320 S CLIFF LODGE DR|SANDY,SNOWBIRD RESORT - TWIN PEAKS,9320 S CLIFF LODGE DR,SANDY,"SANDY, UT 84092",8019477938,Restaurants: non-plated,90,2026-07-18T09:46:43.447563+00:00
SNOWBIRD RESORT - WILDFLOWER RESTAURANT|9121 E SNOWBIRD CENTER DR|SANDY,SNOWBIRD RESORT - WILDFLOWER RESTAURANT,9121 E SNOWBIRD CENTER DR,SANDY,"SANDY, UT 84092",8019332222,Restaurants: plated,80,2026-07-18T09:47:10.993028+00:00
SOBE EATS CULINARY CONCEPTS #SOBE 1|167 W 4500 S|MURRAY,SOBE EATS CULINARY CONCEPTS #SOBE 1,167 W 4500 S,MURRAY,"MURRAY, UT 84107",9546167559,Mobiles: Mobile Food Units (Trucks),81,2026-07-18T09:48:10.183112+00:00
SOBE EATS CULINARY CONCEPTS 3 #SOBE 2|167 W 4500 S|MURRAY,SOBE EATS CULINARY CONCEPTS 3 #SOBE 2,167 W 4500 S,MURRAY,"MURRAY, UT 84107",8015480715,Mobiles: Food Carts,95,2026-07-18T09:49:01.639068+00:00
SODEXO AT BROADCOM|25 E SCENIC POINTE DR|DRAPER,SODEXO AT BROADCOM,25 E SCENIC POINTE DR,DRAPER,"DRAPER, UT 84020",7208049263,Restaurants: non-plated,95,2026-07-18T09:49:28.580823+00:00
SODEXO DOMINION ENERGY SLC|1140 W 200 S|SALT LAKE CITY,SODEXO DOMINION ENERGY SLC,1140 W 200 S,SALT LAKE CITY,"SALT LAKE CITY, UT 84104",8013243390,Restaurants: plated,90,2026-07-18T09:49:50.916653+00:00
SODEXO LIVE @ MAEC AUTONOMOUS STORE|9575 S STATE ST|SANDY,SODEXO LIVE @ MAEC AUTONOMOUS STORE,9575 S STATE ST,SANDY,"SANDY, UT 84070",8642482011,Concessions: no potentially hazardous foods,96,2026-07-18T09:50:47.329121+00:00
SODEXO LIVE @ MAEC KITCHEN|9575 S STATE ST|SANDY,SODEXO LIVE @ MAEC KITCHEN,9575 S STATE ST,SANDY,"SANDY, UT 84070",8642482011,Commissary,91,2026-07-18T09:51:16.304545+00:00
SODEXO LIVE @ MAEC STAND 1|9575 S STATE ST|SANDY,SODEXO LIVE @ MAEC STAND 1,9575 S STATE ST,SANDY,"SANDY, UT 84070",8642482011,Concessions: potentially hazardous foods,91,2026-07-18T09:51:54.517755+00:00
SODEXO LIVE @ MAEC STAND 2|9575 S STATE ST|SANDY,SODEXO LIVE @ MAEC STAND 2,9575 S STATE ST,SANDY,"SANDY, UT 84070",8642482011,Concessions: potentially hazardous foods,96,2026-07-18T09:52:22.966998+00:00
SODEXO LIVE @ MAEC STAND 3/4|9575 S STATE ST|SANDY,SODEXO LIVE @ MAEC STAND 3/4,9575 S STATE ST,SANDY,"SANDY, UT 84070",8642482011,Concessions: potentially hazardous foods,91,2026-07-18T09:52:51.563889+00:00
SODEXO LIVE @ MAEC STAND 5|9575 S STATE ST|SANDY,SODEXO LIVE @ MAEC STAND 5,9575 S STATE ST,SANDY,"SANDY, UT 84070",8642482011,Concessions: potentially hazardous foods,96,2026-07-18T09:53:22.581080+00:00
SODEXO LIVE @ SALT PALACE GRAB AND GO STORE|100 S WEST TEMPLE ST|SALT LAKE CITY,SODEXO LIVE @ SALT PALACE GRAB AND GO STORE,100 S WEST TEMPLE ST,SALT LAKE CITY,"SALT LAKE CITY, UT 84101",8642482,Restaurants: non-plated,86,2026-07-18T09:53:52.565093+00:00
SODEXO LIVE @ SALT PALACE HALL 1|100 S WEST TEMPLE ST|SALT LAKE CITY,SODEXO LIVE @ SALT PALACE HALL 1,100 S WEST TEMPLE ST,SALT LAKE CITY,"SALT LAKE CITY, UT 84101",8642482011,Concessions: potentially hazardous foods,84,2026-07-18T09:54:20.011075+00:00
SODEXO LIVE @ SALT PALACE SATELLITE|100 S WEST TEMPLE ST|SALT LAKE CITY,SODEXO LIVE @ SALT PALACE SATELLITE,100 S WEST TEMPLE ST,SALT LAKE CITY,"SALT LAKE CITY, UT 84101",8642482011,Commissary,90,2026-07-18T09:54:53.613315+00:00
SODEXO LIVE @ SALT PALACE STAND C|100 S WEST TEMPLE ST|SALT LAKE CITY,SODEXO LIVE @ SALT PALACE STAND C,100 S WEST TEMPLE ST,SALT LAKE CITY,"SALT LAKE CITY, UT 84101",8642482011,Concessions: potentially hazardous foods,84,2026-07-18T09:55:21.641932+00:00
SODEXO LIVE @ SALT PALACE STAND D|100 S WEST TEMPLE ST|SALT LAKE CITY,SODEXO LIVE @ SALT PALACE STAND D,100 S WEST TEMPLE ST,SALT LAKE CITY,"SALT LAKE CITY, UT 84101",8642482011,Concessions: potentially hazardous foods,91,2026-07-18T09:55:49.970862+00:00
SODEXO LIVE @ SALT PALACE STAND E|100 S WEST TEMPLE ST|SALT LAKE CITY,SODEXO LIVE @ SALT PALACE STAND E,100 S WEST TEMPLE ST,SALT LAKE CITY,"SALT LAKE CITY, UT 84101",8642482011,Concessions: potentially hazardous foods,91,2026-07-18T09:56:20.179976+00:00
SOI GOT HANDS @ SALT LAKE CITY COMMISSARY|3678 W 2100 S|SALT LAKE CITY,SOI GOT HANDS @ SALT LAKE CITY COMMISSARY,3678 W 2100 S,SALT LAKE CITY,"SALT LAKE CITY, UT 84120",3856997070,"Caterers, not restaurant connected",97,2026-07-18T09:56:48.780391+00:00
SONIC DRIVE IN|849 E FORT UNION BLVD|MIDVALE,SONIC DRIVE IN,849 E FORT UNION BLVD,MIDVALE,"MIDVALE, UT 84047",8015661501,Restaurants: non-plated,98,2026-07-18T09:57:02.403203+00:00
SONIC DRIVE IN|4561 S 4000 W|WEST VALLEY CITY,SONIC DRIVE IN,4561 S 4000 W,WEST VALLEY CITY,"WEST VALLEY CITY, UT 84120",8015661501,Restaurants: non-plated,78,2026-07-18T09:57:46.626322+00:00
SONIC DRIVE IN|10225 S STATE ST|SANDY,SONIC DRIVE IN,10225 S STATE ST,SANDY,"SANDY, UT 84070",8015661501,Restaurants: non-plated,78,2026-07-18T09:58:25.450434+00:00
SOUND BREW COFFEE|202 E 500 S|SALT LAKE CITY,SOUND BREW COFFEE,202 E 500 S,SALT LAKE CITY,"SALT LAKE CITY, UT 84111",8016410421,Beverage Service: Coffee,100,2026-07-18T09:59:13.626766+00:00
SOUNDWELL/BACK BAR|149 W 200 S|SALT LAKE CITY,SOUNDWELL/BACK BAR,149 W 200 S,SALT LAKE CITY,"SALT LAKE CITY, UT 84101",8012901001,Beverage Service: Bars/Lounges,86,2026-07-18T09:59:32.459266+00:00
SOUTH TOWNE CENTER TRAY WASH|10450 S STATE ST|SANDY,SOUTH TOWNE CENTER TRAY WASH,10450 S STATE ST,SANDY,"SANDY, UT 84070",8015721518,Commissary,81,2026-07-18T09:59:55.659020+00:00
SOUTHERN XPOSURE|1737 N BECK ST|SALT LAKE CITY,SOUTHERN XPOSURE,1737 N BECK ST,SALT LAKE CITY,"SALT LAKE CITY, UT 84116",8018675361,Beverage Service: Bars/Lounges,86,2026-07-18T10:00:39.199759+00:00
SPEEDWAY #9419|2112 E 2100 S|SALT LAKE CITY,SPEEDWAY #9419,2112 E 2100 S,SALT LAKE CITY,"SALT LAKE CITY, UT 84109",9728287090,Restaurants: non-plated,86,2026-07-18T10:01:07.658425+00:00
SPEEDWAY #9420|2187 W 4700 S|TAYLORSVILLE,SPEEDWAY #9420,2187 W 4700 S,TAYLORSVILLE,"TAYLORSVILLE, UT 84129",9728287090,Restaurants: non-plated,90,2026-07-18T10:01:35.602235+00:00
SPEEDWAY #9424|3301 S 2300 E|MILLCREEK,SPEEDWAY #9424,3301 S 2300 E,MILLCREEK,"MILLCREEK, UT 84109",9728287090,Restaurants: non-plated,81,2026-07-18T10:02:09.088629+00:00
SPEEDWAY #9425|3587 W 4700 S|TAYLORSVILLE,SPEEDWAY #9425,3587 W 4700 S,TAYLORSVILLE,"TAYLORSVILLE, UT 84129",9728287090,Restaurants: non-plated,86,2026-07-18T10:02:41.070112+00:00
SPEEDWAY #9430|4841 S REDWOOD RD|TAYLORSVILLE,SPEEDWAY #9430,4841 S REDWOOD RD,TAYLORSVILLE,"TAYLORSVILLE, UT 84123",9728287090,Restaurants: non-plated,86,2026-07-18T10:03:14.927641+00:00
SPEEDWAY #9437|680 E 400 S|SALT LAKE CITY,SPEEDWAY #9437,680 E 400 S,SALT LAKE CITY,"SALT LAKE CITY, UT 84102",9728287090,Restaurants: non-plated,90,2026-07-18T10:03:43.190726+00:00
SPEEDWAY #9445|897 E 6600 S|MURRAY,SPEEDWAY #9445,897 E 6600 S,MURRAY,"MURRAY, UT 84107",9728287090,Restaurants: non-plated,96,2026-07-18T10:04:36.376875+00:00
SPRINGHILL SUITES|2206 S 1300 E|SALT LAKE CITY,SPRINGHILL SUITES,2206 S 1300 E,SALT LAKE CITY,"SALT LAKE CITY, UT 84106",8017484088,Public Lodging: continental breakfast,96,2026-07-18T10:05:14.874372+00:00
SPRINGHILL SUITES MARRIOTT SALT LAKE CITY|625 S 300 W|SALT LAKE CITY,SPRINGHILL SUITES MARRIOTT SALT LAKE CITY,625 S 300 W,SALT LAKE CITY,"SALT LAKE CITY, UT 84101",8012383000,Public Lodging: continental breakfast,76,2026-07-18T10:05:48.526025+00:00
SPRITZ!|110 W BROADWAY ST|SALT LAKE CITY,SPRITZ!,110 W BROADWAY ST,SALT LAKE CITY,"SALT LAKE CITY, UT 84101",8017076549,Beverage Service: Bars/Lounges,90,2026-07-18T10:06:01.756659+00:00
SPROUTS FARMERS MARKET|216 S 700 E|SALT LAKE CITY,SPROUTS FARMERS MARKET,216 S 700 E,SALT LAKE CITY,"SALT LAKE CITY, UT 84102",8013641602,Restaurants: non-plated,84,2026-07-18T10:06:14.935032+00:00
SPROUTS FARMERS MARKET|1785 E MURRAY HOLLADAY RD|MILLCREEK TS,SPROUTS FARMERS MARKET,1785 E MURRAY HOLLADAY RD,MILLCREEK TS,"MILLCREEK TS, UT 84117",3856956817,Restaurants: non-plated,78,2026-07-18T10:07:13.889529+00:00
SQUATTERS PUB BREWERY - DOG PATIO|147 W BROADWAY ST|SALT LAKE CITY,SQUATTERS PUB BREWERY - DOG PATIO,147 W BROADWAY ST,SALT LAKE CITY,"SALT LAKE CITY, UT 84101",8013282329,Restaurants: plated,98,2026-07-18T10:08:13.218297+00:00
STAR OF INDIA|1000 S MAIN ST|SALT LAKE CITY,STAR OF INDIA,1000 S MAIN ST,SALT LAKE CITY,"SALT LAKE CITY, UT 84101",8012323039,Restaurants: plated,88,2026-07-18T10:08:46.188095+00:00
STARBUCKS|6223 S DIXIE DR|WEST JORDAN,STARBUCKS,6223 S DIXIE DR,WEST JORDAN,"WEST JORDAN, UT 84084",3854411532,Beverage Service: Coffee,88,2026-07-18T10:08:59.317653+00:00
STARBUCKS|3981 S WASATCH BLVD|SALT LAKE CITY,STARBUCKS,3981 S WASATCH BLVD,SALT LAKE CITY,"SALT LAKE CITY, UT 84124",8019788212,Beverage Service: Coffee,90,2026-07-18T10:09:52.340212+00:00
STARBUCKS|2039 E 9400 S|SANDY,STARBUCKS,2039 E 9400 S,SANDY,"SANDY, UT 84093",6152329864,Beverage Service: Coffee,90,2026-07-18T10:10:10.399660+00:00
STARBUCKS|4065 S 5600 W|WEST VALLEY CITY,STARBUCKS,4065 S 5600 W,WEST VALLEY CITY,"WEST VALLEY CITY, UT 84120",2065947273,Beverage Service: Coffee,100,2026-07-18T10:10:37.871296+00:00
STARBUCKS|11505 S 4000 W|SOUTH JORDAN,STARBUCKS,11505 S 4000 W,SOUTH JORDAN,"SOUTH JORDAN, UT 84009",8018568363,Beverage Service: Coffee,94,2026-07-18T10:11:06.325169+00:00
STARBUCKS #17957|80 S MAIN ST|SALT LAKE CITY,STARBUCKS #17957,80 S MAIN ST,SALT LAKE CITY,"SALT LAKE CITY, UT 84101",8013553037,Beverage Service: Coffee,100,2026-07-18T10:12:04.195340+00:00
STARBUCKS 24HR|3920 W TERMINAL DR|SALT LAKE CITY,STARBUCKS 24HR,3920 W TERMINAL DR,SALT LAKE CITY,"SALT LAKE CITY, UT 84122",8015589423,Beverage Service: Coffee,96,2026-07-18T10:12:50.805647+00:00
STARBUCKS @ MACEYS|2040 S 2300 E|SALT LAKE CITY,STARBUCKS @ MACEYS,2040 S 2300 E,SALT LAKE CITY,"SALT LAKE CITY, UT 84108",8014871784,Beverage Service: Coffee,76,2026-07-18T10:13:24.084807+00:00
STARBUCKS @ MACEYS|5632 S 900 E|MURRAY,STARBUCKS @ MACEYS,5632 S 900 E,MURRAY,"MURRAY, UT 84121",8012620177,Beverage Service: Coffee,90,2026-07-18T10:14:22.863203+00:00
STARBUCKS @ SMITHS|5448 W DAYBREAK PKWY|SOUTH JORDAN,STARBUCKS @ SMITHS,5448 W DAYBREAK PKWY,SOUTH JORDAN,"SOUTH JORDAN, UT 84009",8015017170,Beverage Service: Coffee,76,2026-07-18T10:15:21.492522+00:00
STARBUCKS @ SMITHS FOOD & DRUG|5560 W 13400 S|HERRIMAN,STARBUCKS @ SMITHS FOOD & DRUG,5560 W 13400 S,HERRIMAN,"HERRIMAN, UT 84096",1615232986,Beverage Service: Coffee,86,2026-07-18T10:16:18.331828+00:00
STARBUCKS @ SMITHS MARKETPLACE|3215 S VALLEY ST|MILLCREEK TS,STARBUCKS @ SMITHS MARKETPLACE,3215 S VALLEY ST,MILLCREEK TS,"MILLCREEK TS, UT 84109",8014867514,Beverage Service: Coffee,90,2026-07-18T10:17:06.043093+00:00
STARBUCKS @ TARGET|10130 S STATE ST|SANDY,STARBUCKS @ TARGET,10130 S STATE ST,SANDY,"SANDY, UT 84070",6126969498,Beverage Service: Coffee,86,2026-07-18T10:17:58.919688+00:00
STARBUCKS @ WESTMINSTER UNIVERSITY|1840 S 1300 E|SALT LAKE CITY,STARBUCKS @ WESTMINSTER UNIVERSITY,1840 S 1300 E,SALT LAKE CITY,"SALT LAKE CITY, UT 84105",8012096185,Restaurants: non-plated,100,2026-07-18T10:18:57.497379+00:00
STARBUCKS AT SMITHS #495|1820 W 9000 S|WEST JORDAN,STARBUCKS AT SMITHS #495,1820 W 9000 S,WEST JORDAN,"WEST JORDAN, UT 84088",8015624960,Beverage Service: Coffee,96,2026-07-18T10:19:15.618450+00:00
STARBUCKS COFFEE|922 E 2100 S|SALT LAKE CITY,STARBUCKS COFFEE,922 E 2100 S,SALT LAKE CITY,"SALT LAKE CITY, UT 84106",8014864333,Beverage Service: Coffee,90,2026-07-18T10:20:13.270478+00:00
STARBUCKS COFFEE|13629 S 600 W|DRAPER,STARBUCKS COFFEE,13629 S 600 W,DRAPER,"DRAPER, UT 84020",2065947273,Beverage Service: Coffee,96,2026-07-18T10:21:00.981370+00:00
STARBUCKS COFFEE|3898 S 900 E|MILLCREEK TS,STARBUCKS COFFEE,3898 S 900 E,MILLCREEK TS,"MILLCREEK TS, UT 84106",2066051113,Beverage Service: Coffee,81,2026-07-18T10:21:14.095485+00:00
STARBUCKS COFFEE|5500 S REDWOOD RD|TAYLORSVILLE,STARBUCKS COFFEE,5500 S REDWOOD RD,TAYLORSVILLE,"TAYLORSVILLE, UT 84123",8019660720,Beverage Service: Coffee,76,2026-07-18T10:22:12.669134+00:00
STARBUCKS COFFEE|50 N MEDICAL DR|SALT LAKE CITY,STARBUCKS COFFEE,50 N MEDICAL DR,SALT LAKE CITY,"SALT LAKE CITY, UT 84132",8015812935,Beverage Service: Coffee,98,2026-07-18T10:23:11.958057+00:00
STARBUCKS COFFEE|9354 S VILLAGE SHOP DR|SANDY,STARBUCKS COFFEE,9354 S VILLAGE SHOP DR,SANDY,"SANDY, UT 84094",8018788192,Beverage Service: Coffee,76,2026-07-18T10:24:10.491001+00:00
STARBUCKS COFFEE|2723 W 3500 S|WEST VALLEY CITY,STARBUCKS COFFEE,2723 W 3500 S,WEST VALLEY CITY,"WEST VALLEY CITY, UT 84119",8019641130,Beverage Service: Coffee,86,2026-07-18T10:25:08.692426+00:00
STARBUCKS COFFEE|14716 S 568 W|BLUFFDALE,STARBUCKS COFFEE,14716 S 568 W,BLUFFDALE,"BLUFFDALE, UT 84065",2065947273,Beverage Service: Coffee,96,2026-07-18T10:26:07.801265+00:00
STARBUCKS COFFEE|2993 S 5600 W|WEST VALLEY CITY,STARBUCKS COFFEE,2993 S 5600 W,WEST VALLEY CITY,"WEST VALLEY CITY, UT 84120",8019688192,Beverage Service: Coffee,96,2026-07-18T10:26:21.288080+00:00
STARBUCKS COFFEE #5890|7184 S UNION PARK AVE|MIDVALE,STARBUCKS COFFEE #5890,7184 S UNION PARK AVE,MIDVALE,"MIDVALE, UT 84047",8015630878,Beverage Service: Coffee,96,2026-07-18T10:27:19.966082+00:00
STARBUCKS COFFEE #82726|14672 S SENTINEL RIDGE BLVD|HERRIMAN,STARBUCKS COFFEE #82726,14672 S SENTINEL RIDGE BLVD,HERRIMAN,"HERRIMAN, UT 84096",3852506341,Beverage Service: Coffee,90,2026-07-18T10:28:17.608899+00:00
STARBUCKS COFFEE #9580|1960 E 9400 S|SANDY,STARBUCKS COFFEE #9580,1960 E 9400 S,SANDY,"SANDY, UT 84092",2063188705,Beverage Service: Coffee,96,2026-07-18T10:28:31.155576+00:00
STARBUCKS COFFEE 70468|5546 S 5600 W|WEST VALLEY CITY,STARBUCKS COFFEE 70468,5546 S 5600 W,WEST VALLEY CITY,"WEST VALLEY CITY, UT 84118",2065947273,Beverage Service: Coffee,81,2026-07-18T10:29:28.840358+00:00
STARBUCKS COFFEE COMPANY|4056 S REDWOOD RD|TAYLORSVILLE,STARBUCKS COFFEE COMPANY,4056 S REDWOOD RD,TAYLORSVILLE,"TAYLORSVILLE, UT 84123",2064471575,Beverage Service: Coffee,81,2026-07-18T10:29:47.520923+00:00
STARBUCKS COFFEE COMPANY|2053 W 12600 S|RIVERTON,STARBUCKS COFFEE COMPANY,2053 W 12600 S,RIVERTON,"RIVERTON, UT 84065",6084079090,Beverage Service: Coffee,76,2026-07-18T10:30:15.366150+00:00
STARBUCKS COFFEE COMPANY|5049 W 13400 S|RIVERTON,STARBUCKS COFFEE COMPANY,5049 W 13400 S,RIVERTON,"RIVERTON, UT 84096",2065947273,Beverage Service: Coffee,96,2026-07-18T10:30:43.254977+00:00
STARBUCKS COFFEE COMPANY|8971 S 3400 W|WEST JORDAN,STARBUCKS COFFEE COMPANY,8971 S 3400 W,WEST JORDAN,"WEST JORDAN, UT 84088",3853159120,Beverage Service: Coffee,76,2026-07-18T10:31:12.110187+00:00
STARBUCKS COFFEE COMPANY|1440 S FOOTHILL DR|SALT LAKE CITY,STARBUCKS COFFEE COMPANY,1440 S FOOTHILL DR,SALT LAKE CITY,"SALT LAKE CITY, UT 84108",2063181575,Beverage Service: Coffee,86,2026-07-18T10:31:50.918444+00:00
STARBUCKS COFFEE COMPANY|1589 W 11400 S|SOUTH JORDAN,STARBUCKS COFFEE COMPANY,1589 W 11400 S,SOUTH JORDAN,"SOUTH JORDAN, UT 84095",2063184994,Beverage Service: Coffee,90,2026-07-18T10:32:30.035873+00:00
STARBUCKS COFFEE COMPANY|7025 S HIGHLAND DR|COTTONWOOD HEIGHTS,STARBUCKS COFFEE COMPANY,7025 S HIGHLAND DR,COTTONWOOD HEIGHTS,"COTTONWOOD HEIGHTS, UT 84121",2063181575,Beverage Service: Coffee,96,2026-07-18T10:33:02.596929+00:00
STARBUCKS CONCOURSE A|3920 W TERMINAL DR|SALT LAKE CITY,STARBUCKS CONCOURSE A,3920 W TERMINAL DR,SALT LAKE CITY,"SALT LAKE CITY, UT 84122",8012044804,Beverage Service: Coffee,94,2026-07-18T10:33:41.505177+00:00
STARBUCKS PRE SECURITY|3920 W TERMINAL DR|SALT LAKE CITY,STARBUCKS PRE SECURITY,3920 W TERMINAL DR,SALT LAKE CITY,"SALT LAKE CITY, UT 84122",8015589423,Beverage Service: Coffee,81,2026-07-18T10:34:16.012087+00:00
STARBUCKS@ SMITHS 212|13893 S REDWOOD RD|BLUFFDALE,STARBUCKS@ SMITHS 212,13893 S REDWOOD RD,BLUFFDALE,"BLUFFDALE, UT 84065",6152329507,Beverage Service: Coffee,100,2026-07-18T10:34:43.397164+00:00
STARLEY COMMONS CAFE|72 S CENTRAL CAMPUS DR|SALT LAKE CITY,STARLEY COMMONS CAFE,72 S CENTRAL CAMPUS DR,SALT LAKE CITY,"SALT LAKE CITY, UT 84112",8015877962,Restaurants: non-plated,92,2026-07-18T10:34:56.461647+00:00
STELLA GRILL|4291 S 900 E|MILLCREEK TS,STELLA GRILL,4291 S 900 E,MILLCREEK TS,"MILLCREEK TS, UT 84124",8018085319,Restaurants: plated,85,2026-07-18T10:35:55.823946+00:00
SUBWAY|625 W 5300 S|MURRAY,SUBWAY,625 W 5300 S,MURRAY,"MURRAY, UT 84123",8015420701,Restaurants: non-plated,96,2026-07-18T10:36:57.415255+00:00
SUBWAY|18 W 100 S|SALT LAKE CITY,SUBWAY,18 W 100 S,SALT LAKE CITY,"SALT LAKE CITY, UT 84101",2086818067,Restaurants: non-plated,86,2026-07-18T10:37:55.920136+00:00
SUBWAY|311 W 600 S|SALT LAKE CITY,SUBWAY,311 W 600 S,SALT LAKE CITY,"SALT LAKE CITY, UT 84101",8018346869,Restaurants: non-plated,88,2026-07-18T10:38:24.049334+00:00
SUBWAY|3307 S STATE ST|SOUTH SALT LAKE,SUBWAY,3307 S STATE ST,SOUTH SALT LAKE,"SOUTH SALT LAKE, UT 84115",8017461501,Restaurants: non-plated,86,2026-07-18T10:39:24.034788+00:00
SUBWAY|2885 S HIGHLAND DR|SALT LAKE CITY,SUBWAY,2885 S HIGHLAND DR,SALT LAKE CITY,"SALT LAKE CITY, UT 84106",8014858656,Restaurants: non-plated,98,2026-07-18T10:40:39.387115+00:00
SUBWAY|3187 W 5400 S|TAYLORSVILLE,SUBWAY,3187 W 5400 S,TAYLORSVILLE,"TAYLORSVILLE, UT 84129",3853611707,Restaurants: non-plated,84,2026-07-18T10:41:39.301744+00:00
SUBWAY|7157 S BINGHAM JUNCTION BLVD|MIDVALE,SUBWAY,7157 S BINGHAM JUNCTION BLVD,MIDVALE,"MIDVALE, UT 84047",8012316923,Restaurants: non-plated,84,2026-07-18T10:42:07.016213+00:00
SUBWAY #12739|4926 W 6200 S|KEARNS TS,SUBWAY #12739,4926 W 6200 S,KEARNS TS,"KEARNS TS, UT 84118",8019634443,Restaurants: non-plated,75,2026-07-18T10:43:05.813711+00:00
SUBWAY #1288|5932 S STATE ST|MURRAY,SUBWAY #1288,5932 S STATE ST,MURRAY,"MURRAY, UT 84107",8012680468,Restaurants: non-plated,84,2026-07-18T10:44:05.707790+00:00
SUBWAY #13784|1704 W NORTHTEMPLE ST|SALT LAKE CITY,SUBWAY #13784,1704 W NORTHTEMPLE ST,SALT LAKE CITY,"SALT LAKE CITY, UT 84116",8013225330,Restaurants: non-plated,88,2026-07-18T10:45:03.972143+00:00
SUBWAY #3790|9015 S REDWOOD RD|WEST JORDAN,SUBWAY #3790,9015 S REDWOOD RD,WEST JORDAN,"WEST JORDAN, UT 84088",8015658321,Restaurants: non-plated,86,2026-07-18T10:46:00.094666+00:00
SUDANESE FOOD TRUCK #8A5LZ|3232 S 400 E|SOUTH SALT LAKE,SUDANESE FOOD TRUCK #8A5LZ,3232 S 400 E,SOUTH SALT LAKE,"SOUTH SALT LAKE, UT 84115",8017027446,Mobiles: Mobile Food Units (Trucks),75,2026-07-18T10:47:01.426170+00:00
SUGAR HOUSE COFFEE|2011 S 1100 E|SALT LAKE CITY,SUGAR HOUSE COFFEE,2011 S 1100 E,SALT LAKE CITY,"SALT LAKE CITY, UT 84106",8016355239,Beverage Service: Coffee,96,2026-07-18T10:47:15.243300+00:00
SUGAR HOUSE HEALTH CENTER DELI|1280 E STRINGHAM AVE|SALT LAKE CITY,SUGAR HOUSE HEALTH CENTER DELI,1280 E STRINGHAM AVE,SALT LAKE CITY,"SALT LAKE CITY, UT 84106",8012134583,Restaurants: non-plated,96,2026-07-18T10:48:12.925324+00:00
SUGAR HOUSE PIZZA|1063 E 2100 S|SALT LAKE CITY,SUGAR HOUSE PIZZA,1063 E 2100 S,SALT LAKE CITY,"SALT LAKE CITY, UT 84106",8015027344,Restaurants: plated,94,2026-07-18T10:48:41.175047+00:00
SUGAR SPACE/DOG PATIO|132 S 800 W|SALT LAKE CITY,SUGAR SPACE/DOG PATIO,132 S 800 W,SALT LAKE CITY,"SALT LAKE CITY, UT 84104",8015583522,Commissary,98,2026-07-18T10:48:54.195960+00:00
SUITES PANTRY/DELTA CENTER|301 W SOUTH TEMPLE ST|SALT LAKE CITY,SUITES PANTRY/DELTA CENTER,301 W SOUTH TEMPLE ST,SALT LAKE CITY,"SALT LAKE CITY, UT 84101",8016716144,Restaurants: non-plated,83,2026-07-18T10:49:11.886890+00:00
SUMMIT SNACKS 537/DELTA CENTER|301 W SOUTH TEMPLE ST|SALT LAKE CITY,SUMMIT SNACKS 537/DELTA CENTER,301 W SOUTH TEMPLE ST,SALT LAKE CITY,"SALT LAKE CITY, UT 84101",8013252221,Restaurants: non-plated,100,2026-07-18T10:49:29.670699+00:00
SUMMIT VISTA - COTTONWOOD CAFE/COPPERVIEW TERRACE|3390 W SIGNAL PEAK DR|TAYLORSVILLE,SUMMIT VISTA - COTTONWOOD CAFE/COPPERVIEW TERRACE,3390 W SIGNAL PEAK DR,TAYLORSVILLE,"TAYLORSVILLE, UT 84129",8018789016,Restaurants: plated,76,2026-07-18T10:50:12.446930+00:00
SUNROOM COFFEE|470 W 200 N|SALT LAKE CITY,SUNROOM COFFEE,470 W 200 N,SALT LAKE CITY,"SALT LAKE CITY, UT 84103",8013724487,Beverage Service: Coffee,96,2026-07-18T10:51:08.539448+00:00
SUPER CHIX|10431 S STATE ST|SANDY,SUPER CHIX,10431 S STATE ST,SANDY,"SANDY, UT 84070",8012771011,Restaurants: non-plated,90,2026-07-18T10:51:21.721724+00:00
SWEET HAZEL AND CO BAKESHOP AND  BISTRO|1000 S MAIN ST|SALT LAKE CITY,SWEET HAZEL AND CO BAKESHOP AND  BISTRO,1000 S MAIN ST,SALT LAKE CITY,"SALT LAKE CITY, UT 84101",8018891466,Restaurants: non-plated,90,2026-07-18T10:51:40.459206+00:00
SWEET SHOPS|10450 S STATE ST|SANDY,SWEET SHOPS,10450 S STATE ST,SANDY,"SANDY, UT 84070",8015232096,Restaurants: non-plated,81,2026-07-18T10:51:54.667590+00:00
SWIG|5575 S 900 E|MURRAY,SWIG,5575 S 900 E,MURRAY,"MURRAY, UT 84107",8016423800,Restaurants: non-plated,81,2026-07-18T10:52:17.950892+00:00
SWIG|2057 E FORT UNION BLVD|COTTONWOOD HEIGHTS,SWIG,2057 E FORT UNION BLVD,COTTONWOOD HEIGHTS,"COTTONWOOD HEIGHTS, UT 84121",8016423800,Restaurants: non-plated,84,2026-07-18T12:06:26.295368+00:00
SWIG|8382 W ARBOR PAR DR|MAGNA,SWIG,8382 W ARBOR PAR DR,MAGNA,"MAGNA, UT 84044",8013620928,Restaurants: non-plated,90,2026-07-18T12:06:54.955161+00:00
SWIG|1855 S 700 E|SALT LAKE CITY,SWIG,1855 S 700 E,SALT LAKE CITY,"SALT LAKE CITY, UT 84115",3852580321,Restaurants: non-plated,86,2026-07-18T12:53:49.691399+00:00
SWIG 319/DELTA CENTER|301 W SOUTH TEMPLE ST|SALT LAKE CITY,SWIG 319/DELTA CENTER,301 W SOUTH TEMPLE ST,SALT LAKE CITY,"SALT LAKE CITY, UT 84101",3853352593,Concessions: no potentially hazardous foods,96,2026-07-18T12:54:02.897091+00:00
SWIG 521/DELTA CENTER|301 W SOUTH TEMPLE ST|SALT LAKE CITY,SWIG 521/DELTA CENTER,301 W SOUTH TEMPLE ST,SALT LAKE CITY,"SALT LAKE CITY, UT 84101",3853352593,Concessions: no potentially hazardous foods,81,2026-07-18T13:44:04.533557+00:00
SWIG N SWEETS|196 W 12300 S|DRAPER,SWIG N SWEETS,196 W 12300 S,DRAPER,"DRAPER, UT 84020",8016423800,Beverage Service: Juice/Smoothies,78,2026-07-18T13:44:22.476045+00:00
TABLE X|1457 E 3350 S|MILLCREEK TS,TABLE X,1457 E 3350 S,MILLCREEK TS,"MILLCREEK TS, UT 84106",3852104423,Restaurants: plated,90,2026-07-18T13:45:02.072922+00:00
TACO BELL # 040483|1826 W 4100 S|WEST VALLEY CITY,TACO BELL # 040483,1826 W 4100 S,WEST VALLEY CITY,"WEST VALLEY CITY, UT 84119",3854297630,Restaurants: non-plated,80,2026-07-18T13:45:52.767925+00:00
TACO BELL #040973|5786 W 7800 S|WEST JORDAN,TACO BELL #040973,5786 W 7800 S,WEST JORDAN,"WEST JORDAN, UT 84081",2082511207,Restaurants: non-plated,81,2026-07-18T13:46:15.705685+00:00
TACO BELL #25389|1287 E DRAPER PKWY|DRAPER,TACO BELL #25389,1287 E DRAPER PKWY,DRAPER,"DRAPER, UT 84020",1928681334,Restaurants: non-plated,83,2026-07-18T13:46:39.511588+00:00
TACO BELL #29608|11456 S DISTRICT DR|SOUTH JORDAN,TACO BELL #29608,11456 S DISTRICT DR,SOUTH JORDAN,"SOUTH JORDAN, UT 84095",1928681334,Restaurants: non-plated,88,2026-07-18T14:14:08.556925+00:00
TACO BELL 33154|1966 E FORT UNION BLVD|COTTONWOOD HEIGHTS,TACO BELL 33154,1966 E FORT UNION BLVD,COTTONWOOD HEIGHTS,"COTTONWOOD HEIGHTS, UT 84121",8019432491,Restaurants: non-plated,78,2026-07-18T14:15:15.266243+00:00
TACO BELL 33165|3447 S 5600 W|WEST VALLEY CITY,TACO BELL 33165,3447 S 5600 W,WEST VALLEY CITY,"WEST VALLEY CITY, UT 84120",8019680800,Restaurants: non-plated,96,2026-07-18T14:16:21.825696+00:00
TACO BELL 33167|3475 W 3500 S|WEST VALLEY CITY,TACO BELL 33167,3475 W 3500 S,WEST VALLEY CITY,"WEST VALLEY CITY, UT 84119",8019636750,Restaurants: non-plated,78,2026-07-18T15:03:16.746708+00:00
TACO BELL 33170|1685 W 7000 S|WEST JORDAN,TACO BELL 33170,1685 W 7000 S,WEST JORDAN,"WEST JORDAN, UT 84084",8015687080,Restaurants: non-plated,81,2026-07-18T15:04:07.547673+00:00
TACO BELL 33171|2212 S 1300 E|SALT LAKE CITY,TACO BELL 33171,2212 S 1300 E,SALT LAKE CITY,"SALT LAKE CITY, UT 84106",8014679727,Restaurants: non-plated,94,2026-07-18T15:05:08.563197+00:00
TACO BELL 33176|5534 W 6200 S|KEARNS TS,TACO BELL 33176,5534 W 6200 S,KEARNS TS,"KEARNS TS, UT 84118",8019693529,Restaurants: non-plated,94,2026-07-18T15:05:55.248305+00:00
TACO BELL 33179|3545 S 8400 W|MAGNA TS,TACO BELL 33179,3545 S 8400 W,MAGNA TS,"MAGNA TS, UT 84044",8012505520,Restaurants: non-plated,96,2026-07-18T15:06:52.966107+00:00
TACO MANIA #7AAH5|7786 S 5600 W|WEST JORDAN,TACO MANIA #7AAH5,7786 S 5600 W,WEST JORDAN,"WEST JORDAN, UT 84081",8019897912,Mobiles: Mobile Food Units (Trucks),95,2026-07-18T15:07:50.207476+00:00
TACO TIME|810 S STATE ST|SALT LAKE CITY,TACO TIME,810 S STATE ST,SALT LAKE CITY,"SALT LAKE CITY, UT 84111",8013599373,Restaurants: non-plated,80,2026-07-18T15:08:17.448125+00:00
TACONTENTO 2 #T408N|2134 E 2100 S|SALT LAKE CITY,TACONTENTO 2 #T408N,2134 E 2100 S,SALT LAKE CITY,"SALT LAKE CITY, UT 84106",8017592351,Mobiles: Mobile Food Units (Trucks),75,2026-07-18T15:09:16.372321+00:00
TACONTENTO 3 #6N3NE|6785 S STATE ST|MURRAY,TACONTENTO 3 #6N3NE,6785 S STATE ST,MURRAY,"MURRAY, UT 84107",8017592351,Mobiles: Mobile Food Units (Trucks),91,2026-07-18T15:10:06.776772+00:00
TACONTENTO 5 #6CAY6|3551 S WEST TEMPLE|SOUTH SALT LAKE,TACONTENTO 5 #6CAY6,3551 S WEST TEMPLE,SOUTH SALT LAKE,"SOUTH SALT LAKE, UT 84115",8017592351,Mobiles: Mobile Food Units (Trucks),78,2026-07-18T15:10:24.477482+00:00
TACOS 801|1290 S 300 W|SALT LAKE CITY,TACOS 801,1290 S 300 W,SALT LAKE CITY,"SALT LAKE CITY, UT 84101",6575210689,Restaurants: non-plated,86,2026-07-18T15:10:46.942094+00:00
TACOS AL VAPOR #2G897YX|728 S REDWOOD RD|SALT LAKE CITY,TACOS AL VAPOR #2G897YX,728 S REDWOOD RD,SALT LAKE CITY,"SALT LAKE CITY, UT 84104",3853157937,Mobiles: Mobile Food Units (Trucks),87,2026-07-18T15:11:00.167274+00:00
TACOS COSTA GRANDE #051942Z|229 W 4800 S|MURRAY,TACOS COSTA GRANDE #051942Z,229 W 4800 S,MURRAY,"MURRAY, UT 84117",8013309864,Mobiles: Mobile Food Units (Trucks),91,2026-07-18T15:11:13.091998+00:00
TACOS COSTA GRANDE #302060Z|4503 S STATE ST|MURRAY,TACOS COSTA GRANDE #302060Z,4503 S STATE ST,MURRAY,"MURRAY, UT 84107",8013309864,Mobiles: Mobile Food Units (Trucks),87,2026-07-18T15:11:25.829371+00:00
TACOS EL CONDE #U564RY|751 W 800 S|SALT LAKE CITY,TACOS EL CONDE #U564RY,751 W 800 S,SALT LAKE CITY,"SALT LAKE CITY, UT 84104",4357996938,Mobiles: Mobile Food Units (Trucks),87,2026-07-18T15:12:07.647490+00:00
TACOS EL CUNADO #3|676 W CENTER ST|MIDVALE,TACOS EL CUNADO #3,676 W CENTER ST,MIDVALE,"MIDVALE, UT 84047",8018195131,Mobiles: Food Carts,91,2026-07-18T15:12:34.514400+00:00
TACOS EL MORENO|630 W CENTER ST|MIDVALE,TACOS EL MORENO,630 W CENTER ST,MIDVALE,"MIDVALE, UT 84047",8018396391,Mobiles: Food Carts,82,2026-07-18T15:12:57.087375+00:00
TACOS EL PARIENTE II|7273 S STATE ST|MIDVALE,TACOS EL PARIENTE II,7273 S STATE ST,MIDVALE,"MIDVALE, UT 84047",8018396391,Mobiles: Food Carts,82,2026-07-18T15:13:55.277129+00:00
TACOS EL PARIENTE III|683 W CENTER ST|MIDVALE,TACOS EL PARIENTE III,683 W CENTER ST,MIDVALE,"MIDVALE, UT 84047",8018396391,Mobiles: Food Carts,97,2026-07-18T15:14:50.059851+00:00
TACOS EL TORO ROJO #237601A|1820 W 9000 S|WEST JORDAN,TACOS EL TORO ROJO #237601A,1820 W 9000 S,WEST JORDAN,"WEST JORDAN, UT 84084",8014198094,Mobiles: Mobile Food Units (Trucks),100,2026-07-18T15:15:15.991973+00:00
TACOS EMILIANOS|4663 S 2700 W|TAYLORSVILLE,TACOS EMILIANOS,4663 S 2700 W,TAYLORSVILLE,"TAYLORSVILLE, UT 84129",8019070786,Mobiles: Food Carts,91,2026-07-18T15:15:48.629359+00:00
TACOS GUANAJUATO #414171Z|5404 S 4220 W|KEARNS TS,TACOS GUANAJUATO #414171Z,5404 S 4220 W,KEARNS TS,"KEARNS TS, UT 84118",8015138845,Mobiles: Mobile Food Units (Trucks),91,2026-07-18T15:16:10.597556+00:00
TACOS HAY PAPA #1CHH7|728 S REDWOOD RD|SALT LAKE CITY,TACOS HAY PAPA #1CHH7,728 S REDWOOD RD,SALT LAKE CITY,"SALT LAKE CITY, UT 84104",3233560668,Mobiles: Mobile Food Units (Trucks),91,2026-07-20T12:20:26.702429+00:00
TACOS TRES HERMANOS #026056Z|1027 E PIONEER RD|DRAPER,TACOS TRES HERMANOS #026056Z,1027 E PIONEER RD,DRAPER,"DRAPER, UT 84020",3852150223,Mobiles: Mobile Food Units (Trucks),87,2026-07-20T12:20:49.176044+00:00
TACOS Y MAR EL PAISA|850 S STATE ST|SALT LAKE CITY,TACOS Y MAR EL PAISA,850 S State ST,SALT LAKE CITY,"SALT LAKE CITY, UT 84104",8015338533,Mobiles: Food Carts,82,2026-07-20T12:21:01.476727+00:00
TACOS YA MERITO #0539172|6785 S STATE ST|MURRAY,TACOS YA MERITO #0539172,6785 S STATE ST,MURRAY,"MURRAY, UT 84107",8014205266,Mobiles: Mobile Food Units (Trucks),87,2026-07-20T12:21:24.395629+00:00
TAILGATE TAVERN|3550 S STATE ST|SALT LAKE CITY,TAILGATE TAVERN,3550 S STATE ST,SALT LAKE CITY,"SALT LAKE CITY, UT 84115",8012902531,Beverage Service: Bars/Lounges,81,2026-07-20T12:21:38.669132+00:00
TANDOORI TAQUERIA|156 E 900 S|SALT LAKE CITY,TANDOORI TAQUERIA,156 E 900 S,SALT LAKE CITY,"SALT LAKE CITY, UT 84111",8019350677,Restaurants: plated,91,2026-07-20T12:22:01.924366+00:00
TAQUERIA 27 DOWNTOWN - DOG PATIO|149 E 200 S|SALT LAKE CITY,TAQUERIA 27 DOWNTOWN - DOG PATIO,149 E 200 S,SALT LAKE CITY,"SALT LAKE CITY, UT 84111",8014038856,Restaurants: non-plated,98,2026-07-20T12:22:15.227143+00:00
TAQUERIA 27 FASHION PLACE - DOG PATIO|6154 S FASHION BLVD|MURRAY,TAQUERIA 27 FASHION PLACE - DOG PATIO,6154 S FASHION BLVD,MURRAY,"MURRAY, UT 84107",8014038856,Restaurants: non-plated,98,2026-07-20T12:22:37.306929+00:00
TAQUERIA 27 HOLLADAY|4670 S HOLLADAY VILLAGE PLZ|HOLLADAY,TAQUERIA 27 HOLLADAY,4670 S HOLLADAY VILLAGE PLZ,HOLLADAY,"HOLLADAY, UT 84117",8018152108,Restaurants: non-plated,85,2026-07-20T12:22:59.469768+00:00
TAQUERIA 27 HOLLADAY - DOG PATIO|4670 S HOLLADAY VILLAGE PLZ|HOLLADAY,TAQUERIA 27 HOLLADAY - DOG PATIO,4670 S HOLLADAY VILLAGE PLZ,HOLLADAY,"HOLLADAY, UT 84117",8014038856,Restaurants: non-plated,98,2026-07-20T12:23:37.618594+00:00
TAQUERIA EL ANGEL COMMISSARY|877 W 400 S|SALT LAKE CITY,TAQUERIA EL ANGEL COMMISSARY,877 W 400 S,SALT LAKE CITY,"SALT LAKE CITY, UT 84104",8016516626,Commissary,90,2026-07-20T12:24:00.063369+00:00
TAQUERIA EL GUICHO|247 W 1700 S|SALT LAKE CITY,TAQUERIA EL GUICHO,247 W 1700 S,SALT LAKE CITY,"SALT LAKE CITY, UT 84115",3852348319,Mobiles: Food Carts,89,2026-07-20T12:24:59.653521+00:00
TAQUERIA EL POLLO ROYO #7R1CU|3232 S 400 E|SALT LAKE CITY,TAQUERIA EL POLLO ROYO #7R1CU,3232 S 400 E,SALT LAKE CITY,"SALT LAKE CITY, UT 84115",8019553325,Mobiles: Mobile Food Units (Trucks),91,2026-07-20T12:25:12.642594+00:00
TAQUERIA FAMILIAR|3356 S 5600 W|WEST VALLEY CITY,TAQUERIA FAMILIAR,3356 S 5600 W,WEST VALLEY CITY,"WEST VALLEY CITY, UT 84120",8012591792,Restaurants: plated,80,2026-07-20T12:25:29.947310+00:00
TAQUERIA LOS LEE|2056 E 2100 S|SALT LAKE CITY,TAQUERIA LOS LEE,2056 E 2100 S,SALT LAKE CITY,"SALT LAKE CITY, UT 84108",8015571726,Mobiles: Food Carts,97,2026-07-20T12:25:43.057551+00:00
TAQUIZAS EL COMPADRE #426824Z|3135 W 5400 S|TAYLORSVILLE,TAQUIZAS EL COMPADRE #426824Z,3135 W 5400 S,TAYLORSVILLE,"TAYLORSVILLE, UT 84129",8019169013,Mobiles: Mobile Food Units (Trucks),87,2026-07-20T12:25:55.346288+00:00
TARGET DELI|10130 S STATE ST|SANDY,TARGET DELI,10130 S STATE ST,SANDY,"SANDY, UT 84070",6126969498,Restaurants: non-plated,78,2026-07-20T12:26:07.792403+00:00
TARGET STORE T-2609|5518 W HIGH MARKET DR|WEST VALLEY CITY,TARGET STORE T-2609,5518 W HIGH MARKET DR,WEST VALLEY CITY,"WEST VALLEY CITY, UT 84120",6126969530,Concessions: potentially hazardous foods,81,2026-07-20T12:27:03.885683+00:00
TARGET STORE T-3376|5800 S REDWOOD RD|TAYLORSVILLE,TARGET STORE T-3376,5800 S REDWOOD RD,TAYLORSVILLE,"TAYLORSVILLE, UT 84123",6123048859,Restaurants: non-plated,81,2026-07-20T12:28:01.605812+00:00
TARGET T1751 STARBUCKS|7025 S PARK CENTRE DR|COTTONWOOD HEIGHTS,TARGET T1751 STARBUCKS,7025 S PARK CENTRE DR,COTTONWOOD HEIGHTS,"COTTONWOOD HEIGHTS, UT 84121",6123048859,Beverage Service: Coffee,100,2026-07-20T12:28:33.800191+00:00
TASTE OF HAITI #66447Z|67 W 1700 S|SALT LAKE CITY,TASTE OF HAITI #66447Z,67 W 1700 S,SALT LAKE CITY,"SALT LAKE CITY, UT 84115",8017592166,Mobiles: Mobile Food Units (Trucks),81,2026-07-20T12:29:29.776651+00:00
TASTE OF THE CARIBBEAN|2943 E 3300 S|SALT LAKE CITY,TASTE OF THE CARIBBEAN,2943 E 3300 S,SALT LAKE CITY,"SALT LAKE CITY, UT 84109",3852120004,Commissary,78,2026-07-20T12:29:42.879395+00:00
TASTE OF THE CARIBBEAN #C369FX|2943 E 3300 S|SALT LAKE CITY,TASTE OF THE CARIBBEAN #C369FX,2943 E 3300 S,SALT LAKE CITY,"SALT LAKE CITY, UT 84109",3852120004,Mobiles: Mobile Food Units (Trucks),95,2026-07-20T12:30:05.407342+00:00
TASTEES CAFE & TRUCK CATERING #1|728 S REDWOOD RD|SALT LAKE CITY,TASTEES CAFE & TRUCK CATERING #1,728 S REDWOOD RD,SALT LAKE CITY,"SALT LAKE CITY, UT 84104",8019737868,Mobiles: Mobile Food Units (Trucks),98,2026-07-20T12:30:17.756470+00:00
TASTEES CAFE & TRUCK CATERING #10|728 S REDWOOD RD|SALT LAKE CITY,TASTEES CAFE & TRUCK CATERING #10,728 S REDWOOD RD,SALT LAKE CITY,"SALT LAKE CITY, UT 84104",8019737868,Mobiles: Mobile Food Units (Trucks),98,2026-07-20T12:30:30.719868+00:00
TASTEES CAFE & TRUCK CATERING #11|728 S REDWOOD RD|SALT LAKE CITY,TASTEES CAFE & TRUCK CATERING #11,728 S REDWOOD RD,SALT LAKE CITY,"SALT LAKE CITY, UT 84104",8019737868,Mobiles: Mobile Food Units (Trucks),98,2026-07-20T12:30:43.454554+00:00
TASTEES CAFE & TRUCK CATERING #2|728 S REDWOOD RD|SALT LAKE CITY,TASTEES CAFE & TRUCK CATERING #2,728 S REDWOOD RD,SALT LAKE CITY,"SALT LAKE CITY, UT 84104",8019737868,Mobiles: Mobile Food Units (Trucks),98,2026-07-20T12:30:56.304201+00:00
TASTEES CAFE & TRUCK CATERING #3|728 S REDWOOD RD|SALT LAKE CITY,TASTEES CAFE & TRUCK CATERING #3,728 S REDWOOD RD,SALT LAKE CITY,"SALT LAKE CITY, UT 84104",8019737868,Mobiles: Mobile Food Units (Trucks),98,2026-07-20T12:31:09.102020+00:00
TASTEES CAFE & TRUCK CATERING #4|728 S REDWOOD RD|SALT LAKE CITY,TASTEES CAFE & TRUCK CATERING #4,728 S REDWOOD RD,SALT LAKE CITY,"SALT LAKE CITY, UT 84104",8019737868,Mobiles: Mobile Food Units (Trucks),98,2026-07-20T12:31:21.493563+00:00
TASTEES CAFE & TRUCK CATERING #5|728 S REDWOOD RD|SALT LAKE CITY,TASTEES CAFE & TRUCK CATERING #5,728 S REDWOOD RD,SALT LAKE CITY,"SALT LAKE CITY, UT 84104",8019737868,Mobiles: Mobile Food Units (Trucks),98,2026-07-20T12:31:33.784559+00:00
TASTEES CAFE & TRUCK CATERING #6|728 S REDWOOD RD|SALT LAKE CITY,TASTEES CAFE & TRUCK CATERING #6,728 S REDWOOD RD,SALT LAKE CITY,"SALT LAKE CITY, UT 84104",8019737868,Mobiles: Mobile Food Units (Trucks),98,2026-07-20T12:31:46.825122+00:00
TAVERNACLE SOCIAL CLUB|50 W BROADWAY ST|SALT LAKE CITY,TAVERNACLE SOCIAL CLUB,50 W BROADWAY ST,SALT LAKE CITY,"SALT LAKE CITY, UT 84101",8016230987,Beverage Service: Bars/Lounges,81,2026-07-20T12:31:59.801747+00:00
TAYGA CAFE|215 S STATE ST|SALT LAKE CITY,TAYGA CAFE,215 S STATE ST,SALT LAKE CITY,"SALT LAKE CITY, UT 84111",3852748462,Restaurants: non-plated,96,2026-07-20T12:32:17.196401+00:00
TAYLORSVILLE SENIOR CENTER|4743 S PLYMOUTH VIEW DR|TAYLORSVILLE,TAYLORSVILLE SENIOR CENTER,4743 S PLYMOUTH VIEW DR,TAYLORSVILLE,"TAYLORSVILLE, UT 84129",3854683370,Restaurants: plated,96,2026-07-20T12:32:30.777078+00:00
TDR #TACO ONE|1332 S STATE ST|SALT LAKE CITY,TDR #TACO ONE,1332 S STATE ST,SALT LAKE CITY,"SALT LAKE CITY, UT 84115",8018095191,Mobiles: Mobile Food Units (Trucks),78,2026-07-20T12:33:17.651959+00:00
TDR CATERING #JESRC|1332 S STATE ST|SALT LAKE CITY,TDR CATERING #JESRC,1332 S STATE ST,SALT LAKE CITY,"SALT LAKE CITY, UT 84115",3855494738,Mobiles: Mobile Food Units (Trucks),95,2026-07-20T12:33:39.974693+00:00
TDR TRUCK #TACOTWO|1332 S STATE ST|SALT LAKE CITY,TDR TRUCK #TACOTWO,1332 S STATE ST,SALT LAKE CITY,"SALT LAKE CITY, UT 84115",8018095197,Mobiles: Mobile Food Units (Trucks),91,2026-07-20T12:33:52.464636+00:00
TEA BAR|1201 E WILMINGTON AVE|SALT LAKE CITY,TEA BAR,1201 E WILMINGTON AVE,SALT LAKE CITY,"SALT LAKE CITY, UT 84106",8186401355,Restaurants: non-plated,84,2026-07-20T12:34:28.181590+00:00
TEA ZAANTI DOG PATIO|1944 S 1100 E|SALT LAKE CITY,TEA ZAANTI DOG PATIO,1944 S 1100 E,SALT LAKE CITY,"SALT LAKE CITY, UT 84106",4359014191,Beverage Service: Coffee,98,2026-07-20T12:34:41.072866+00:00
TENET CAFE|242 E 300 S|SALT LAKE CITY,TENET CAFE,242 E 300 S,SALT LAKE CITY,"SALT LAKE CITY, UT 84111",8013766195,Restaurants: non-plated,96,2026-07-20T12:35:05.851046+00:00
TENET CAFE|1074 E 2100 S|SALT LAKE CITY,TENET CAFE,1074 E 2100 S,SALT LAKE CITY,"SALT LAKE CITY, UT 84106",8013766195,Restaurants: non-plated,76,2026-07-20T12:35:29.546640+00:00
TERIYAKI GRILL|7194 S UNION PARK AVE|MIDVALE,TERIYAKI GRILL,7194 S UNION PARK AVE,MIDVALE,"MIDVALE, UT 84047",8015568568,Restaurants: non-plated,78,2026-07-20T12:35:44.560317+00:00
TEXAS ROADHOUSE|1904 W 5400 S|TAYLORSVILLE,TEXAS ROADHOUSE,1904 W 5400 S,TAYLORSVILLE,"TAYLORSVILLE, UT 84129",5028141670,Restaurants: plated,76,2026-07-20T12:36:56.799511+00:00
THAI ISSAN RESTAURANT|2644 W 4700 S|TAYLORSVILLE,THAI ISSAN RESTAURANT,2644 W 4700 S,TAYLORSVILLE,"TAYLORSVILLE, UT 84129",8014327903,Restaurants: plated,75,2026-07-20T12:37:59.057410+00:00
THE STORE|2050 E 6200 S|HOLLADAY,THE STORE,2050 E 6200 S,HOLLADAY,"HOLLADAY, UT 84121",8012721212,Restaurants: non-plated,90,2026-07-20T12:38:31.983813+00:00
THIRST @ MAVERIK CENTER|3200 S DECKER LAKE DR|WEST VALLEY CITY,THIRST @ MAVERIK CENTER,3200 S DECKER LAKE DR,WEST VALLEY CITY,"WEST VALLEY CITY, UT 84119",9099797302,Beverage Service: Juice/Smoothies,76,2026-07-20T12:39:30.554910+00:00
THIS IS THE PLACE HERITAGE PARK|2601 E SUNNYSIDE AVE|SALT LAKE CITY,THIS IS THE PLACE HERITAGE PARK,2601 E SUNNYSIDE AVE,SALT LAKE CITY,"SALT LAKE CITY, UT 84108",8019247510,Concessions: potentially hazardous foods,90,2026-07-20T12:39:43.766219+00:00
THIS IS THE PLACE HERITAGE PARK HUNTSMAN HOTEL|2601 E SUNNYSIDE AVE|SALT LAKE CITY,THIS IS THE PLACE HERITAGE PARK HUNTSMAN HOTEL,2601 E SUNNYSIDE AVE,SALT LAKE CITY,"SALT LAKE CITY, UT 84108",8015821847,Restaurants: plated,78,2026-07-20T12:40:41.010680+00:00
THOMAS CUISINE @ BIOFIRE|1001 S 4800 W|SALT LAKE CITY,THOMAS CUISINE @ BIOFIRE,1001 S 4800 W,SALT LAKE CITY,"SALT LAKE CITY, UT 84104",2088845766,Restaurants: plated,80,2026-07-20T12:41:39.070035+00:00
THOMAS CUISINE @ BIOFIRE DIAGNOSTICS|1201 S 4800 W|SALT LAKE CITY,THOMAS CUISINE @ BIOFIRE DIAGNOSTICS,1201 S 4800 W,SALT LAKE CITY,"SALT LAKE CITY, UT 84104",8017366354,Restaurants: plated,98,2026-07-20T12:42:21.566797+00:00
TIN ANGEL AT THE ECCLES THEATER|131 S MAIN ST|SALT LAKE CITY,TIN ANGEL AT THE ECCLES THEATER,131 S MAIN ST,SALT LAKE CITY,"SALT LAKE CITY, UT 84111",8016339279,Restaurants: non-plated,83,2026-07-20T12:43:09.421902+00:00
TO DINE FOR CATERING|166 W BERGER LN|MURRAY,TO DINE FOR CATERING,166 W BERGER LN,MURRAY,"MURRAY, UT 84107",8012315319,"Caterers, not restaurant connected",84,2026-07-20T12:43:37.852318+00:00
TOASTERS MILLCREEK|1560 E 3300 S|SALT LAKE CITY,TOASTERS MILLCREEK,1560 E 3300 S,SALT LAKE CITY,"SALT LAKE CITY, UT 84106",8019243333,Restaurants: non-plated,75,2026-07-20T12:44:36.425778+00:00
TONY CAPUTOS MARKET & DELI|314 W 300 S|SALT LAKE CITY,TONY CAPUTOS MARKET & DELI,314 W 300 S,SALT LAKE CITY,"SALT LAKE CITY, UT 84101",8015318669,Restaurants: non-plated,92,2026-07-20T12:45:09.499583+00:00
TONYBURGERS|2731 S 5600 W|WEST VALLEY CITY,TONYBURGERS,2731 S 5600 W,WEST VALLEY CITY,"WEST VALLEY CITY, UT 84120",8016524391,Restaurants: non-plated,83,2026-07-20T12:46:09.712858+00:00
TONYBURGERS|1685 S TOWNE CENTER DR|SOUTH JORDAN,TONYBURGERS,1685 S TOWNE CENTER DR,SOUTH JORDAN,"SOUTH JORDAN, UT 84095",8016524391,Restaurants: non-plated,78,2026-07-20T12:46:51.042587+00:00
TOP STOP #C-23|2360 S FOOTHILL DR|SALT LAKE CITY,TOP STOP #C-23,2360 S FOOTHILL DR,SALT LAKE CITY,"SALT LAKE CITY, UT 84109",8012729229,Restaurants: non-plated,86,2026-07-20T12:47:49.975825+00:00
TOP STOP C-61|1284 E VINE ST|MURRAY,TOP STOP C-61,1284 E VINE ST,MURRAY,"MURRAY, UT 84121",8012623078,Restaurants: non-plated,78,2026-07-20T12:48:49.367495+00:00
TORO TACOS (MOBILE)|50 E 800 S|SALT LAKE CITY,TORO TACOS (MOBILE),50 E 800 S,SALT LAKE CITY,"SALT LAKE CITY, UT 84111",8016378833,Mobiles: Food Carts,82,2026-07-20T12:49:47.430460+00:00
TOUCH COFFEE|5415 W 3100 S|WEST VALLEY CITY,TOUCH COFFEE,5415 W 3100 S,WEST VALLEY CITY,"WEST VALLEY CITY, UT 84119",8017218200,Beverage Service: Coffee,100,2026-07-20T12:50:44.156693+00:00
TOUCH N GO|375 N TERMINAL DR|SALT LAKE CITY,TOUCH N GO,375 N TERMINAL DR,SALT LAKE CITY,"SALT LAKE CITY, UT 84122",8014866777,Restaurants: non-plated,76,2026-07-20T12:50:57.784523+00:00
TOWN & COUNTRY MARKET|2840 S MAIN ST|SOUTH SALT LAKE,TOWN & COUNTRY MARKET,2840 S MAIN ST,SOUTH SALT LAKE,"SOUTH SALT LAKE, UT 84115",8014873132,Restaurants: non-plated,95,2026-07-20T12:51:40.819987+00:00
TOWNEPLACE SUITES|13690 S 100 E|DRAPER,TOWNEPLACE SUITES,13690 S 100 E,DRAPER,"DRAPER, UT 84020",8017484088,Public Lodging: continental breakfast,90,2026-07-20T12:52:38.960664+00:00
TRAEGER PELLET GRILLS|533 S 400 W|SALT LAKE CITY,TRAEGER PELLET GRILLS,533 S 400 W,SALT LAKE CITY,"SALT LAKE CITY, UT 84101",8017017180,Restaurants: non-plated,100,2026-07-20T12:53:11.507888+00:00
TRAM CLUB|9385 S SNOWBIRD CENTER DR|SALT LAKE COUNTY,TRAM CLUB,9385 S SNOWBIRD CENTER DR,SALT LAKE COUNTY,"SALT LAKE COUNTY, UT 84092",8019332222,Beverage Service: Bars/Lounges,81,2026-07-20T12:53:30.145145+00:00
TROPICAL SMOOTHIE CAFE|9645 S STATE ST|SANDY,TROPICAL SMOOTHIE CAFE,9645 S STATE ST,SANDY,"SANDY, UT 84070",4356191767,Restaurants: non-plated,81,2026-07-20T12:53:43.046058+00:00
TVILLE NUTRITION|5674 W REDWOOD RD|TAYLORSVILLE,TVILLE NUTRITION,5674 W REDWOOD RD,TAYLORSVILLE,"TAYLORSVILLE, UT 84123",8017597696,Beverage Service: Juice/Smoothies,86,2026-07-20T12:54:06.714885+00:00
U MED STARBUCKS - LOWER LEVEL|50 N MEDICAL DR|SALT LAKE CITY,U MED STARBUCKS - LOWER LEVEL,50 N MEDICAL DR,SALT LAKE CITY,"SALT LAKE CITY, UT 84132",8015812935,Restaurants: non-plated,84,2026-07-20T12:54:39.878792+00:00
U OF U INSTITUTE DELI|1780 E SOUTH CAMPUS DR|SALT LAKE CITY,U OF U INSTITUTE DELI,1780 E SOUTH CAMPUS DR,SALT LAKE CITY,"SALT LAKE CITY, UT 84112",8012405677,Restaurants: non-plated,86,2026-07-20T12:54:53.022058+00:00
U OF U REHAB HOSPITAL COFFEE COUNTER|85 MEDICAL DRIVE N|SALT LAKE CITY,U OF U REHAB HOSPITAL COFFEE COUNTER,85 MEDICAL DRIVE N,SALT LAKE CITY,"SALT LAKE CITY, UT 84112",8015812121,Restaurants: non-plated,100,2026-07-20T12:55:11.517648+00:00
U OF U REHABILITATION EATERY|85 N MEDICAL DR|SALT LAKE CITY,U OF U REHABILITATION EATERY,85 N MEDICAL DR,SALT LAKE CITY,"SALT LAKE CITY, UT 84112",8015812121,Restaurants: plated,88,2026-07-20T12:55:39.781391+00:00
U OF U RICE ECCLES STADIUM - #11|451 S 1400 E|SALT LAKE CITY,U OF U RICE ECCLES STADIUM - #11,451 S 1400 E,SALT LAKE CITY,"SALT LAKE CITY, UT 84112",8015859254,Concessions: potentially hazardous foods,100,2026-07-20T12:56:23.200192+00:00
U OF U RICE ECCLES STADIUM - #15|451 S 1400 E|SALT LAKE CITY,U OF U RICE ECCLES STADIUM - #15,451 S 1400 E,SALT LAKE CITY,"SALT LAKE CITY, UT 84112",8015859254,Concessions: potentially hazardous foods,100,2026-07-20T12:57:21.050619+00:00
U OF U RICE ECCLES STADIUM - #33|451 S 1400 E|SALT LAKE CITY,U OF U RICE ECCLES STADIUM - #33,451 S 1400 E,SALT LAKE CITY,"SALT LAKE CITY, UT 84112",8015859254,Concessions: potentially hazardous foods,94,2026-07-20T12:58:19.321020+00:00
U OF U RICE ECCLES STADIUM - #36|451 S 1400 E|SALT LAKE CITY,U OF U RICE ECCLES STADIUM - #36,451 S 1400 E,SALT LAKE CITY,"SALT LAKE CITY, UT 84112",8015859254,Concessions: potentially hazardous foods,86,2026-07-20T12:59:16.186329+00:00
U OF U RICE ECCLES STADIUM - 35S|451 S 1400 E|SALT LAKE CITY,U OF U RICE ECCLES STADIUM - 35S,451 S 1400 E,SALT LAKE CITY,"SALT LAKE CITY, UT 84112",8017183920,Concessions: potentially hazardous foods,86,2026-07-20T13:00:11.138999+00:00
U OF U RICE ECCLES STADIUM - C32|451 S 1400 E|SALT LAKE CITY,U OF U RICE ECCLES STADIUM - C32,451 S 1400 E,SALT LAKE CITY,"SALT LAKE CITY, UT 84112",8015859254,Concessions: potentially hazardous foods,94,2026-07-20T13:01:07.662631+00:00
U OF U RICE ECCLES STADIUM EAST VENDING|451 S 1400 E|SALT LAKE CITY,U OF U RICE ECCLES STADIUM EAST VENDING,451 S 1400 E,SALT LAKE CITY,"SALT LAKE CITY, UT 84112",8015859254,Commissary,90,2026-07-20T13:02:05.106638+00:00
U OF U RICE ECCLES STADIUM WEST VENDING|451 S 1400 E|SALT LAKE CITY,U OF U RICE ECCLES STADIUM WEST VENDING,451 S 1400 E,SALT LAKE CITY,"SALT LAKE CITY, UT 84112",8015859254,Commissary,96,2026-07-20T13:02:47.603989+00:00
U OF U RICE ECCLES STAND # 38|451 S 1400 E|SALT LAKE CITY,U OF U RICE ECCLES STAND # 38,451 S 1400 E,SALT LAKE CITY,"SALT LAKE CITY, UT 84112",8015859254,Concessions: no potentially hazardous foods,98,2026-07-20T13:03:38.393034+00:00
U OF U RICE ECCLES STAND # 9|451 S 1400 E|SALT LAKE CITY,U OF U RICE ECCLES STAND # 9,451 S 1400 E,SALT LAKE CITY,"SALT LAKE CITY, UT 84112",8017183920,Concessions: no potentially hazardous foods,94,2026-07-20T13:04:35.955365+00:00
U OF U STADIUM AND ARENA|451 S 1400 E|SALT LAKE CITY,U OF U STADIUM AND ARENA,451 S 1400 E,SALT LAKE CITY,"SALT LAKE CITY, UT 84112",8015859254,Concessions: potentially hazardous foods,90,2026-07-20T13:05:33.682022+00:00
U OF U UNION MAIN KITCHEN - CATERING|200 S CENTRAL CAMPUS DR|SALT LAKE CITY,U OF U UNION MAIN KITCHEN - CATERING,200 S CENTRAL CAMPUS DR,SALT LAKE CITY,"SALT LAKE CITY, UT 84112",8015817257,"Caterers, not restaurant connected",90,2026-07-20T13:05:55.609236+00:00
UINTA BREWHOUSE PUB|1722 S FREMONT DR|SALT LAKE CITY,UINTA BREWHOUSE PUB,1722 S FREMONT DR,SALT LAKE CITY,"SALT LAKE CITY, UT 84104",8017125947,Restaurants: plated,88,2026-07-20T13:06:52.646174+00:00
UINTA BREWHOUSE PUB - DOG PATIO|1722 S FREMONT DR|SALT LAKE CITY,UINTA BREWHOUSE PUB - DOG PATIO,1722 S FREMONT DR,SALT LAKE CITY,"SALT LAKE CITY, UT 84104",8014670909,Beverage Service: Bars/Lounges,98,2026-07-20T13:07:50.230755+00:00
UINTA BREWING|3920 W TERMINAL DR|SALT LAKE CITY,UINTA BREWING,3920 W TERMINAL DR,SALT LAKE CITY,"SALT LAKE CITY, UT 84122",7037237264,Restaurants: plated,76,2026-07-20T13:08:32.280586+00:00
UNIVERSITY OF UTAH ATHLETIC TRAINING|580 E GUARDSMAN WY|SALT LAKE CITY,UNIVERSITY OF UTAH ATHLETIC TRAINING,580 E GUARDSMAN WY,SALT LAKE CITY,"SALT LAKE CITY, UT 84108",8015850440,Restaurants: non-plated,97,2026-07-20T13:09:26.961486+00:00
UNIVERSITY OF UTAH ATHLETICS FUELING STATION|290 S 1850 E|SALT LAKE CITY,UNIVERSITY OF UTAH ATHLETICS FUELING STATION,290 S 1850 E,SALT LAKE CITY,"SALT LAKE CITY, UT 84112",8015850440,Concessions: no potentially hazardous foods,81,2026-07-20T13:10:24.199763+00:00
UNIVERSITY OF UTAH HELIX TOWER|30 N MARIO CAPECCI|SALT LAKE CITY,UNIVERSITY OF UTAH HELIX TOWER,30 N MARIO CAPECCI,SALT LAKE CITY,"SALT LAKE CITY, UT 84112",3852606343,Restaurants: plated,100,2026-07-20T13:11:01.373436+00:00
URBAN HILL - DOG PATIO|510 S 300 W|SALT LAKE CITY,URBAN HILL - DOG PATIO,510 S 300 W,SALT LAKE CITY,"SALT LAKE CITY, UT 84101",8019413113,Restaurants: plated,98,2026-07-20T13:11:14.171656+00:00
URBAN LOUNGE|241 S 500 E|SALT LAKE CITY,URBAN LOUNGE,241 S 500 E,SALT LAKE CITY,"SALT LAKE CITY, UT 84102",8017460557,Beverage Service: Bars/Lounges,86,2026-07-20T13:11:31.476469+00:00
USANA DIAMOND CONCESSIONS-TREJO TACOS NORTH|5151 S 6055 W|WEST VALLEY CITY,USANA DIAMOND CONCESSIONS-TREJO TACOS NORTH,5151 S 6055 W,WEST VALLEY CITY,"WEST VALLEY CITY, UT 84118",8019888020,Concessions: potentially hazardous foods,86,2026-07-20T13:12:29.267223+00:00
UTAH BASEBALL CONCESSIONS|725 S GUARDSMAN WY|SALT LAKE CITY,UTAH BASEBALL CONCESSIONS,725 S GUARDSMAN WY,SALT LAKE CITY,"SALT LAKE CITY, UT 84108",8015855601,Concessions: no potentially hazardous foods,100,2026-07-20T13:13:06.647469+00:00
UTAH CHILDRENS THEATRE|3605 S STATE ST|SOUTH SALT LAKE,UTAH CHILDRENS THEATRE,3605 S STATE ST,SOUTH SALT LAKE,"SOUTH SALT LAKE, UT 84115",8015326000,Concessions: no potentially hazardous foods,81,2026-07-20T13:13:20.297729+00:00
UTAH COMMISSARY CLUB EAST|728 S REDWOOD RD|SALT LAKE CITY,UTAH COMMISSARY CLUB EAST,728 S REDWOOD RD,SALT LAKE CITY,"SALT LAKE CITY, UT 84104",8019737868,Commissary,78,2026-07-20T13:14:02.821811+00:00
UTAH COMMUNITY ACTION HEAD START|8446 S HARRISON ST|MIDVALE,UTAH COMMUNITY ACTION HEAD START,8446 S HARRISON ST,MIDVALE,"MIDVALE, UT 84047",8014105703,Commissary,86,2026-07-20T13:14:20.423133+00:00
UTAH COMMUNITY ACTION HEAD START|328 W 8000 S|MIDVALE,UTAH COMMUNITY ACTION HEAD START,328 W 8000 S,MIDVALE,"MIDVALE, UT 84047",8014105811,Restaurants: plated,86,2026-07-20T13:15:16.290935+00:00
UTAH COMMUNITY ACTION HEAD START|2825 S 200 E|SOUTH SALT LAKE,UTAH COMMUNITY ACTION HEAD START,2825 S 200 E,SOUTH SALT LAKE,"SOUTH SALT LAKE, UT 84115",8014105703,Restaurants: non-plated,100,2026-07-20T13:15:34.978908+00:00
UTAH CULTURAL CELEBRATION CENTER - KITCHEN|3100 S 1400 W|WEST VALLEY CITY,UTAH CULTURAL CELEBRATION CENTER - KITCHEN,3100 S 1400 W,WEST VALLEY CITY,"WEST VALLEY CITY, UT 84119",8019655102,Restaurants: plated,90,2026-07-20T13:16:33.553637+00:00
UTAH FOOD BANK|3150 S 900 W|SOUTH SALT LAKE,UTAH FOOD BANK,3150 S 900 W,SOUTH SALT LAKE,"SOUTH SALT LAKE, UT 84119",8019782452,Commissary,97,2026-07-20T13:17:31.306181+00:00
UTAH FOOD SERVICES @ ECCLES THEATER|131 MAIN ST|SALT LAKE CITY,UTAH FOOD SERVICES @ ECCLES THEATER,131 MAIN ST,SALT LAKE CITY,"SALT LAKE CITY, UT 84101",8015310226,Restaurants: non-plated,100,2026-07-20T13:18:26.907599+00:00
UTAH MEDICAL ASSOCIATION|6820 S 900 E|MIDVALE,UTAH MEDICAL ASSOCIATION,6820 S 900 E,MIDVALE,"MIDVALE, UT 84047",8014036390,Restaurants: non-plated,96,2026-07-20T13:18:54.147414+00:00
UTAH MUSEUM OF FINE ARTS|410 S CAMPUSCENTER DR|SALT LAKE CITY,UTAH MUSEUM OF FINE ARTS,410 S CAMPUSCENTER DR,SALT LAKE CITY,"SALT LAKE CITY, UT 84112",8015851544,Restaurants: non-plated,78,2026-07-20T13:19:11.177375+00:00
UTAH SCHOOLS FOR THE DEAF AND THE BLIND|1655 E 3300 S|MILLCREEK TS,UTAH SCHOOLS FOR THE DEAF AND THE BLIND,1655 E 3300 S,MILLCREEK TS,"MILLCREEK TS, UT 84106",8015419019,Restaurants: non-plated,95,2026-07-20T13:20:07.769784+00:00
UTAH STADIUM CLUB/SUITE LEVEL KITCHEN|451 S 1400 E|SALT LAKE CITY,UTAH STADIUM CLUB/SUITE LEVEL KITCHEN,451 S 1400 E,SALT LAKE CITY,"SALT LAKE CITY, UT 84112",8015879328,Restaurants: non-plated,81,2026-07-20T13:21:06.958403+00:00
VALLEY BOWLING BAR|3951 W 5400 S|TAYLORSVILLE,VALLEY BOWLING BAR,3951 W 5400 S,TAYLORSVILLE,"TAYLORSVILLE, UT 84118",8019660197,Restaurants: plated,81,2026-07-20T13:21:20.229913+00:00
VALLEY REGIONAL PARK SOFTBALL COMPLEX|5100 S 2700 W|TAYLORSVILLE,VALLEY REGIONAL PARK SOFTBALL COMPLEX,5100 S 2700 W,TAYLORSVILLE,"TAYLORSVILLE, UT 84129",3854681800,Concessions: no potentially hazardous foods,90,2026-07-20T13:21:49.249157+00:00
VESSEL KITCHEN|11052 S STATE ST|SANDY,VESSEL KITCHEN,11052 S STATE ST,SANDY,"SANDY, UT 84070",2515975841,Restaurants: plated,90,2026-07-20T13:22:06.965668+00:00
VESSEL KITCHEN|1146 E FORT UNION BLVD|MIDVALE,VESSEL KITCHEN,1146 E FORT UNION BLVD,MIDVALE,"MIDVALE, UT 84047",8013375055,Restaurants: plated,78,2026-07-20T13:23:04.715440+00:00
VESSEL KITCHEN DOG PATIO|905 E 900 S|SALT LAKE CITY,VESSEL KITCHEN DOG PATIO,905 E 900 S,SALT LAKE CITY,"SALT LAKE CITY, UT 84105",4357401342,Restaurants: plated,98,2026-07-20T13:24:01.237722+00:00
VIA 313|13322 S TREE SPARROW DR|RIVERTON,VIA 313,13322 S TREE SPARROW DR,RIVERTON,"RIVERTON, UT 84096",8016423800,Restaurants: plated,75,2026-07-20T13:24:33.495740+00:00
VIA 313 PIZZERIA|150 W 10600 S|SANDY,VIA 313 PIZZERIA,150 W 10600 S,SANDY,"SANDY, UT 84070",4124562132,Restaurants: plated,78,2026-07-20T13:25:12.283817+00:00
VILLAGE BAKER|11192 S AUTO MALL DR|SANDY,VILLAGE BAKER,11192 S AUTO MALL DR,SANDY,"SANDY, UT 84070",8012602254,Restaurants: non-plated,75,2026-07-20T13:25:59.713731+00:00
VILLAGE INN RESTAURANT|4834 W 3500 S|WEST VALLEY CITY,VILLAGE INN RESTAURANT,4834 W 3500 S,WEST VALLEY CITY,"WEST VALLEY CITY, UT 84120",8138855434,Restaurants: plated,76,2026-07-20T13:26:22.138532+00:00
VOLUNTEERS OF AMERICA RECOVERY ON RDWD|1875 S REDWOOD RD|SALT LAKE CITY,VOLUNTEERS OF AMERICA RECOVERY ON RDWD,1875 S REDWOOD RD,SALT LAKE CITY,"SALT LAKE CITY, UT 84104",8013639414,Restaurants: non-plated,83,2026-07-20T13:27:10.996145+00:00
WALMART|3590 W SOUTH JORDAN PKWY|SOUTH JORDAN,WALMART,3590 W SOUTH JORDAN PKWY,SOUTH JORDAN,"SOUTH JORDAN, UT 84095",4795520148,Restaurants: non-plated,78,2026-07-20T13:27:47.745186+00:00
WALMART #4208|2705 E PARLEYS WY|SALT LAKE CITY,WALMART #4208,2705 E PARLEYS WY,SALT LAKE CITY,"SALT LAKE CITY, UT 84109",4795520148,Restaurants: non-plated,91,2026-07-20T13:28:46.573253+00:00
WALMART NEIGHBORHOOD MARKET|1202 W 12600 S|RIVERTON,WALMART NEIGHBORHOOD MARKET,1202 W 12600 S,RIVERTON,"RIVERTON, UT 84065",4793718920,Restaurants: non-plated,84,2026-07-20T13:29:44.171466+00:00
WALMART NEIGHBORHOOD MARKET|3555 S 8400 W|MAGNA TS,WALMART NEIGHBORHOOD MARKET,3555 S 8400 W,MAGNA TS,"MAGNA TS, UT 84044",8016012840,Restaurants: non-plated,96,2026-07-20T13:30:41.207630+00:00
WALMART NEIGHBORHOOD MARKET #5110|1360 E DRAPER PKWY|DRAPER,WALMART NEIGHBORHOOD MARKET #5110,1360 E DRAPER PKWY,DRAPER,"DRAPER, UT 84020",8018160838,Restaurants: non-plated,96,2026-07-20T13:31:32.307216+00:00
WALMART SUPERCENTER #5350|4627 S 900 E|MILLCREEK TS,WALMART SUPERCENTER #5350,4627 S 900 E,MILLCREEK TS,"MILLCREEK TS, UT 84117",8012613695,Restaurants: non-plated,81,2026-07-20T13:32:30.607791+00:00
WALMART SUPERCENTER DELI #3568|3180 S 5600 W|WEST VALLEY CITY,WALMART SUPERCENTER DELI #3568,3180 S 5600 W,WEST VALLEY CITY,"WEST VALLEY CITY, UT 84128",8019662986,Restaurants: non-plated,86,2026-07-20T13:33:28.222928+00:00
WALMART SUPERCENTER DELI #3620|13502 S HAMILTON VIEW RD|RIVERTON,WALMART SUPERCENTER DELI #3620,13502 S HAMILTON VIEW RD,RIVERTON,"RIVERTON, UT 84065",8014462981,Restaurants: non-plated,78,2026-07-20T13:34:26.076810+00:00
WASATCH BREW PUB SUGARHOUSE- DOG PATIO|2110 S HIGHLAND DR|SALT LAKE CITY,WASATCH BREW PUB SUGARHOUSE- DOG PATIO,2110 S HIGHLAND DR,SALT LAKE CITY,"SALT LAKE CITY, UT 84106",8013282329,Restaurants: plated,98,2026-07-20T13:35:22.877571+00:00
WASATCH COMMUNITY GARDENS|629 E 800 S|SALT LAKE CITY,WASATCH COMMUNITY GARDENS,629 E 800 S,SALT LAKE CITY,"SALT LAKE CITY, UT 84102",8013592658,Restaurants: non-plated,86,2026-07-20T13:35:49.601219+00:00
WASATCH RECOVERY|8388 S WASATCH BLVD|COTTONWOOD HEIGHTS,WASATCH RECOVERY,8388 S WASATCH BLVD,COTTONWOOD HEIGHTS,"COTTONWOOD HEIGHTS, UT 84121",8018987778,Restaurants: plated,84,2026-07-20T13:36:11.597796+00:00
WATERSHED DOG PATIO|7176 S 900 E|MIDVALE,WATERSHED DOG PATIO,7176 S 900 E,MIDVALE,"MIDVALE, UT 84047",8019133547,Restaurants: plated,98,2026-07-20T13:37:05.515862+00:00
WENDYS|13883 S REDWOOD RD|BLUFFDALE,WENDYS,13883 S REDWOOD RD,BLUFFDALE,"BLUFFDALE, UT 84065",8015711932,Restaurants: non-plated,95,2026-07-20T13:37:18.113676+00:00
WENDYS|11782 S TRAIL CROSSINGS|SOUTH JORDAN,WENDYS,11782 S TRAIL CROSSINGS,SOUTH JORDAN,"SOUTH JORDAN, UT 84095",2165252775,Restaurants: non-plated,85,2026-07-20T13:37:59.851255+00:00
WENDYS|147 E 13800 S|DRAPER,WENDYS,147 E 13800 S,DRAPER,"DRAPER, UT 84020",8015711932,Restaurants: non-plated,94,2026-07-20T13:38:37.943752+00:00
WENDYS|7914 S 5600 W|WEST JORDAN,WENDYS,7914 S 5600 W,WEST JORDAN,"WEST JORDAN, UT 84081",2165252775,Restaurants: non-plated,95,2026-07-20T13:39:06.409183+00:00
WENDYS #6064|3490 S 8000 W|MAGNA,WENDYS #6064,3490 S 8000 W,MAGNA,"MAGNA, UT 84044",2165252775,Restaurants: non-plated,93,2026-07-20T13:39:23.867446+00:00
WENDYS #6065|7035 S 900 E|MIDVALE,WENDYS #6065,7035 S 900 E,MIDVALE,"MIDVALE, UT 84047",2155252775,Restaurants: non-plated,97,2026-07-20T13:40:20.593214+00:00
WENDYS #6066|5648 S 900 E|MURRAY,WENDYS #6066,5648 S 900 E,MURRAY,"MURRAY, UT 84121",2165252775,Restaurants: non-plated,99,2026-07-20T13:40:54.336365+00:00
WENDYS #6078|1938 W 12600 S|RIVERTON,WENDYS #6078,1938 W 12600 S,RIVERTON,"RIVERTON, UT 84065",2165252775,Restaurants: non-plated,99,2026-07-20T13:41:46.663379+00:00
WENDYS #6081|562 E 400 S|SALT LAKE CITY,WENDYS #6081,562 E 400 S,SALT LAKE CITY,"SALT LAKE CITY, UT 84102",2165252775,Restaurants: non-plated,90,2026-07-20T13:42:33.969770+00:00
WENDYS #6082|2240 S 1300 E|SALT LAKE CITY,WENDYS #6082,2240 S 1300 E,SALT LAKE CITY,"SALT LAKE CITY, UT 84106",2165252775,Restaurants: non-plated,83,2026-07-20T13:43:29.778177+00:00
WENDYS #6088|3259 E 3300 S|SALT LAKE CITY,WENDYS #6088,3259 E 3300 S,SALT LAKE CITY,"SALT LAKE CITY, UT 84109",2165252775,Restaurants: non-plated,95,2026-07-20T13:44:11.762534+00:00
WENDYS #6089|1714 E 4500 S|MILLCREEK,WENDYS #6089,1714 E 4500 S,MILLCREEK,"MILLCREEK, UT 84117",2165252775,Restaurants: non-plated,86,2026-07-20T13:44:48.625837+00:00
WENDYS #6092|10665 S AUTO MALL DR|SANDY,WENDYS #6092,10665 S AUTO MALL DR,SANDY,"SANDY, UT 84070",2165252775,Restaurants: non-plated,88,2026-07-20T13:45:34.538488+00:00
WENDYS #6093|2025 E 9400 S|SANDY,WENDYS #6093,2025 E 9400 S,SANDY,"SANDY, UT 84093",2165252775,Restaurants: non-plated,83,2026-07-20T13:46:31.944693+00:00
WENDYS #6097|4114 W 9000 S|WEST JORDAN,WENDYS #6097,4114 W 9000 S,WEST JORDAN,"WEST JORDAN, UT 84088",2165252775,Restaurants: non-plated,95,2026-07-20T13:47:19.967697+00:00
WENDYS #6098|6828 S REDWOOD RD|WEST JORDAN,WENDYS #6098,6828 S REDWOOD RD,WEST JORDAN,"WEST JORDAN, UT 84084",2165252775,Restaurants: non-plated,83,2026-07-20T13:48:12.600415+00:00
WENDYS #6099|7729 S CAMPUS VIEW DR|WEST JORDAN,WENDYS #6099,7729 S CAMPUS VIEW DR,WEST JORDAN,"WEST JORDAN, UT 84084",2165252775,Restaurants: non-plated,90,2026-07-20T13:48:56.019541+00:00
WENDYS #6100|3367 S 5600 W|WEST VALLEY CITY,WENDYS #6100,3367 S 5600 W,WEST VALLEY CITY,"WEST VALLEY CITY, UT 84120",2165252775,Restaurants: non-plated,95,2026-07-20T13:49:38.410507+00:00
WENDYS #6101|5673 W 6200 S|WEST VALLEY CITY,WENDYS #6101,5673 W 6200 S,WEST VALLEY CITY,"WEST VALLEY CITY, UT 84118",2165252775,Restaurants: non-plated,88,2026-07-20T13:50:21.313798+00:00
WENDYS #6103|3988 W 5400 S|KEARNS,WENDYS #6103,3988 W 5400 S,KEARNS,"KEARNS, UT 84118",2165252775,Restaurants: non-plated,78,2026-07-20T13:51:17.966088+00:00
WENDYS #6105|11503 S 4000 W|SOUTH JORDAN,WENDYS #6105,11503 S 4000 W,SOUTH JORDAN,"SOUTH JORDAN, UT 84009",2165252775,Restaurants: non-plated,78,2026-07-20T13:52:10.257776+00:00
WEST HIGH SCHOOL PROSTART|241 N 300 W|SALT LAKE CITY,WEST HIGH SCHOOL PROSTART,241 N 300 W,SALT LAKE CITY,"SALT LAKE CITY, UT 84103",8015788500,Beverage Service: Juice/Smoothies,96,2026-07-20T13:53:03.518981+00:00
WEST JORDAN SENIOR CENTER|8025 S 2200 W|WEST JORDAN,WEST JORDAN SENIOR CENTER,8025 S 2200 W,WEST JORDAN,"WEST JORDAN, UT 84088",3854683401,Restaurants: non-plated,86,2026-07-20T13:54:01.360100+00:00
WEST VALLEY FITNESS - BASEBALL CONCESSION|5415 W 3100 S|WEST VALLEY CITY,WEST VALLEY FITNESS - BASEBALL CONCESSION,5415 W 3100 S,WEST VALLEY CITY,"WEST VALLEY CITY, UT 84120",8019554047,Concessions: potentially hazardous foods,76,2026-07-20T13:54:59.356390+00:00
WEST VALLEY PERFORMING ARTS CENTER|3333 S DECKER LAKE DR|WEST VALLEY CITY,WEST VALLEY PERFORMING ARTS CENTER,3333 S DECKER LAKE DR,WEST VALLEY CITY,"WEST VALLEY CITY, UT 84119",8019655130,Concessions: no potentially hazardous foods,81,2026-07-20T13:55:55.369761+00:00
WETZELS PRETZELS/SCOOPS/CATERING|3180 S 5600 W|WEST VALLEY CITY,WETZELS PRETZELS/SCOOPS/CATERING,3180 S 5600 W,WEST VALLEY CITY,"WEST VALLEY CITY, UT 84120",8019664912,Restaurants: non-plated,84,2026-07-20T13:56:12.993006+00:00
WHATS BRUIN|4600 S REDWOOOD RD|SALT LAKE CITY,WHATS BRUIN,4600 S REDWOOOD RD,SALT LAKE CITY,"SALT LAKE CITY, UT 84123",8019574031,Restaurants: non-plated,96,2026-07-20T13:56:31.373891+00:00
WHITE HORSE BAR & RESTAURANT|325 S MAIN ST|SALT LAKE CITY,WHITE HORSE BAR & RESTAURANT,325 S MAIN ST,SALT LAKE CITY,"SALT LAKE CITY, UT 84111",8015500707,Restaurants: plated,100,2026-07-20T13:56:58.543738+00:00
WHOLE FOODS MARKET|1131 E WILMINGTON AVE|SALT LAKE CITY,WHOLE FOODS MARKET,1131 E WILMINGTON AVE,SALT LAKE CITY,"SALT LAKE CITY, UT 84106",5125420398,Restaurants: non-plated,80,2026-07-20T13:57:56.810971+00:00
WHOLE FOODS MARKET|544 S 700 E|SALT LAKE CITY,WHOLE FOODS MARKET,544 S 700 E,SALT LAKE CITY,"SALT LAKE CITY, UT 84102",5122001337,Restaurants: non-plated,93,2026-07-20T13:58:54.834323+00:00
WILDSIDE BOWLS|12243 S DRAPER GATE DR|DRAPER,WILDSIDE BOWLS,12243 S DRAPER GATE DR,DRAPER,"DRAPER, UT 84020",8016992239,Beverage Service: Juice/Smoothies,81,2026-07-20T13:59:52.416595+00:00
WILLOW CREEK COUNTRY CLUB LOCKER ROOM LOUNGE|8505 S WILLOW CREEK DR|SANDY,WILLOW CREEK COUNTRY CLUB LOCKER ROOM LOUNGE,8505 S WILLOW CREEK DR,SANDY,"SANDY, UT 84093",8019421954,Restaurants: non-plated,96,2026-07-20T14:00:27.197235+00:00
WINCO|11969 S CARLSBAD WY|HERRIMAN,WINCO,11969 S CARLSBAD WY,HERRIMAN,"HERRIMAN, UT 84096",2083770110,Restaurants: non-plated,83,2026-07-20T14:01:03.548314+00:00
WINCO FOODS #73|7020 S 700 W|MIDVALE,WINCO FOODS #73,7020 S 700 W,MIDVALE,"MIDVALE, UT 84047",2083770110,Restaurants: non-plated,75,2026-07-20T14:02:00.893063+00:00
WINCO FOODS #75|2572 S 5600 W|WEST VALLEY CITY,WINCO FOODS #75,2572 S 5600 W,WEST VALLEY CITY,"WEST VALLEY CITY, UT 84128",2083770110,Restaurants: non-plated,88,2026-07-20T14:02:58.701652+00:00
WINGS ON WHEELS @ SPICE KITCHEN|751 W 800 S|SALT LAKE CITY,WINGS ON WHEELS @ SPICE KITCHEN,751 W 800 S,SALT LAKE CITY,"SALT LAKE CITY, UT 84104",3854951894,"Caterers, not restaurant connected",100,2026-07-20T14:03:55.780365+00:00
WINGSTOP|2900 S 5600 W|WEST VALLEY CITY,WINGSTOP,2900 S 5600 W,WEST VALLEY CITY,"WEST VALLEY CITY, UT 84120",8012683400,Restaurants: plated,99,2026-07-20T14:04:28.545807+00:00
WINGSTOP|3292 S 1300 E|SALT LAKE CITY,WINGSTOP,3292 S 1300 E,SALT LAKE CITY,"SALT LAKE CITY, UT 84106",8012683400,Restaurants: non-plated,94,2026-07-20T14:05:15.154771+00:00
WINGSTOP|7176 S UNION PARK AVE|MIDVALE,WINGSTOP,7176 S UNION PARK AVE,MIDVALE,"MIDVALE, UT 84047",8012683400,Restaurants: non-plated,98,2026-07-20T14:05:47.601493+00:00
WINGSTOP|5639 W 7800 S|WEST JORDAN,WINGSTOP,5639 W 7800 S,WEST JORDAN,"WEST JORDAN, UT 84081",8012683400,Restaurants: plated,91,2026-07-20T14:06:18.857067+00:00
WINGSTOP|5454 W DAYBREAK PKWY|SOUTH JORDAN,WINGSTOP,5454 W DAYBREAK PKWY,SOUTH JORDAN,"SOUTH JORDAN, UT 84009",8012683400,Restaurants: non-plated,96,2026-07-20T14:06:36.863898+00:00
WINGSTOP #081|1826 W 9000 S|WEST JORDAN,WINGSTOP #081,1826 W 9000 S,WEST JORDAN,"WEST JORDAN, UT 84088",8012683400,Restaurants: non-plated,95,2026-07-20T14:06:55.295514+00:00
WINGSTOP 082|5650 S REDWOOD RD|TAYLORSVILLE,WINGSTOP 082,5650 S REDWOOD RD,TAYLORSVILLE,"TAYLORSVILLE, UT 84123",8012683400,Restaurants: non-plated,86,2026-07-20T14:07:52.230247+00:00
WOODYS DRIVE IN|6172 S 1300 E|MURRAY,WOODYS DRIVE IN,6172 S 1300 E,MURRAY,"MURRAY, UT 84121",8018981504,Restaurants: non-plated,100,2026-07-20T14:08:51.214924+00:00
XIAO BAO BAO|416 E 900 S|SALT LAKE CITY,XIAO BAO BAO,416 E 900 S,SALT LAKE CITY,"SALT LAKE CITY, UT 84111",8016230789,Restaurants: non-plated,86,2026-07-20T14:09:54.552418+00:00
XIMBO 28|422 W 600 N|SALT LAKE CITY,XIMBO 28,422 W 600 N,SALT LAKE CITY,"SALT LAKE CITY, UT 84103",8018796850,Restaurants: non-plated,100,2026-07-20T14:10:07.603569+00:00
YAMILA EVENT CENTER|916 S MAIN ST|SALT LAKE CITY,YAMILA EVENT CENTER,916 S MAIN ST,SALT LAKE CITY,"SALT LAKE CITY, UT 84101",8016610999,Restaurants: non-plated,100,2026-07-20T14:10:20.198026+00:00
YANNIS GREEK EXPRESS|2761 S HIGHLAND DR|SALT LAKE CITY,YANNIS GREEK EXPRESS,2761 S HIGHLAND DR,SALT LAKE CITY,"SALT LAKE CITY, UT 84106",8014666525,Restaurants: non-plated,75,2026-07-20T14:10:33.039321+00:00
YOSHIS JAPANESE GRILL #YOSHIS1|3232 S 400 E|SOUTH SALT LAKE,YOSHIS JAPANESE GRILL #YOSHIS1,3232 S 400 E,SOUTH SALT LAKE,"SOUTH SALT LAKE, UT 84115",8017135423,Mobiles: Mobile Food Units (Trucks),78,2026-07-20T14:11:34.743436+00:00
YOSHIS JAPANESE GRILL @ RICE ECCLES|451 S 1400 E|SALT LAKE CITY,YOSHIS JAPANESE GRILL @ RICE ECCLES,451 S 1400 E,SALT LAKE CITY,"SALT LAKE CITY, UT 84112",8018609348,Concessions: potentially hazardous foods,84,2026-07-20T14:12:33.924545+00:00
YOSHIS RESTAURANT|5692 S 900 E|MURRAY,YOSHIS RESTAURANT,5692 S 900 E,MURRAY,"MURRAY, UT 84121",8017135423,Restaurants: non-plated,90,2026-07-20T14:13:05.572395+00:00
ZAATER AND ZAYTON|751 W 800 S|SALT LAKE CITY,ZAATER AND ZAYTON,751 W 800 S,SALT LAKE CITY,"SALT LAKE CITY, UT 84101",3852294484,"Caterers, not restaurant connected",100,2026-07-20T14:14:02.660291+00:00
ZAO 1 FOURTH SOUTH|6969 S 1300 E|COTTONWOOD HEIGHTS,ZAO 1 FOURTH SOUTH,6969 S 1300 E,COTTONWOOD HEIGHTS,"COTTONWOOD HEIGHTS, UT 84047",8015572644,Restaurants: non-plated,99,2026-07-20T14:14:29.986447+00:00
ZAO 1 FOUTH SOUTH|639 E 400 S|SALT LAKE CITY,ZAO 1 FOUTH SOUTH,639 E 400 S,SALT LAKE CITY,"SALT LAKE CITY, UT 84102",8015572644,Restaurants: non-plated,88,2026-07-20T14:15:29.445807+00:00
ZAO ASIAN CAFE|11486 S DISTRICT MAIN DR|SOUTH JORDAN,ZAO ASIAN CAFE,11486 S DISTRICT MAIN DR,SOUTH JORDAN,"SOUTH JORDAN, UT 84095",8013078888,Restaurants: non-plated,75,2026-07-20T14:16:25.353957+00:00
ZAO ASIAN CAFE|11160 S AUTOMALL DR|SANDY,ZAO ASIAN CAFE,11160 S AUTOMALL DR,SANDY,"SANDY, UT 84070",8015572644,Restaurants: non-plated,93,2026-07-20T14:17:24.442040+00:00
ZAO ASIAN CAFE|2227 S HIGHLAND DR|SALT LAKE CITY,ZAO ASIAN CAFE,2227 S HIGHLAND DR,SALT LAKE CITY,"SALT LAKE CITY, UT 84106",8018897923,Restaurants: non-plated,86,2026-07-20T14:18:16.254097+00:00
ZAO ASIAN CAFE|4531 W PARTRIDGE HILL LN|RIVERTON,ZAO ASIAN CAFE,4531 W PARTRIDGE HILL LN,RIVERTON,"RIVERTON, UT 84096",8016284259,Restaurants: non-plated,90,2026-07-20T14:19:13.906443+00:00
ZEST KITCHEN & BAR|275 S 200 W|SALT LAKE CITY,ZEST KITCHEN & BAR,275 S 200 W,SALT LAKE CITY,"SALT LAKE CITY, UT 84101",8014330589,Restaurants: plated,94,2026-07-20T14:19:56.005126+00:00
ZEST KITCHEN & BAR/DOG PATIO|275 S 200 W|SALT LAKE CITY,ZEST KITCHEN & BAR/DOG PATIO,275 S 200 W,SALT LAKE CITY,"SALT LAKE CITY, UT 84101",8014330589,Restaurants: non-plated,98,2026-07-20T14:20:20.361858+00:00
ZIONS BANK STADIUM - NORTH CONCESSIONS|14787 S ACADEMY PKWY|HERRIMAN,ZIONS BANK STADIUM - NORTH CONCESSIONS,14787 S ACADEMY PKWY,HERRIMAN,"HERRIMAN, UT 84096",8016283951,Concessions: potentially hazardous foods,90,2026-07-20T14:20:33.881605+00:00
ZIONS BANK STADIUM - SOUTH CONCESSIONS|14787 S ACADEMY PKWY|HERRIMAN,ZIONS BANK STADIUM - SOUTH CONCESSIONS,14787 S ACADEMY PKWY,HERRIMAN,"HERRIMAN, UT 84096",8016283951,Concessions: potentially hazardous foods,90,2026-07-20T14:21:16.200875+00:00
2 ROW BREWING|73 W 7200 S|MIDVALE,2 ROW BREWING,73 W 7200 S,MIDVALE,"MIDVALE, UT 84047",8019878663,Beverage Service: Bars/Lounges,70,2026-07-20T14:21:58.500320+00:00
4111 NUTRITION|4111 S CARRIAGE SQ|TAYLORSVILLE,4111 NUTRITION,4111 S CARRIAGE SQ,TAYLORSVILLE,"TAYLORSVILLE, UT 84129",8013000223,Beverage Service: Juice/Smoothies,67,2026-07-20T14:22:26.007478+00:00
7 BUDDHA TEA HOUSE & DESSERTS|4913 S STATE ST|MURRAY,7 BUDDHA TEA HOUSE & DESSERTS,4913 S STATE ST,MURRAY,"MURRAY, UT 84107",8018977651,Beverage Service: Juice/Smoothies,54,2026-07-20T14:22:53.340083+00:00
801 CATERING|14587 S 790 W|BLUFFDALE,801 CATERING,14587 S 790 W,BLUFFDALE,"BLUFFDALE, UT 84065",8017501675,"Caterers, not restaurant connected",74,2026-07-20T14:23:26.056577+00:00
9UP NIGHT MARKET|3390 S STATE ST|SOUTH SALT LAKE,9UP NIGHT MARKET,3390 S STATE ST,SOUTH SALT LAKE,"SOUTH SALT LAKE, UT 84115",8019982286,Restaurants: non-plated,74,2026-07-20T14:23:58.569293+00:00
AB'S DRIVE IN|4591 S 5600 W|WEST VALLEY CITY,AB'S DRIVE IN,4591 S 5600 W,WEST VALLEY CITY,"WEST VALLEY CITY, UT 84120",8016316017,Restaurants: non-plated,73,2026-07-20T14:24:11.677379+00:00
ABOUTEA|3424 S STATE ST|SOUTH SALT LAKE,ABOUTEA,3424 S STATE ST,SOUTH SALT LAKE,"SOUTH SALT LAKE, UT 84115",3853021040,Beverage Service: Coffee,70,2026-07-20T14:25:09.530376+00:00
ALBION GRILL|10600 E DAYLODGE RD|ALTA,ALBION GRILL,10600 E DAYLODGE RD,ALTA,"ALTA, UT 84092",8018321710,Restaurants: non-plated,70,2026-07-20T14:25:32.467499+00:00
ALOHA SURF SHACK|1980 E 2700 S|SALT LAKE CITY,ALOHA SURF SHACK,1980 E 2700 S,SALT LAKE CITY,"SALT LAKE CITY, UT 84109",8014403543,Concessions: shaved ice only,57,2026-07-20T14:26:31.452448+00:00
ALTA LODGE - RESTAURANT|10230 E LITTLE COTTONWOOD CYN|ALTA,ALTA LODGE - RESTAURANT,10230 E LITTLE COTTONWOOD CYN,ALTA,"ALTA, UT 84092",8017423500,Beverage Service: Bars/Lounges,60,2026-07-20T14:26:49.472628+00:00
ALTA VIEW SPECIALTY CLINIC|9450 S 1300 E|SANDY,ALTA VIEW SPECIALTY CLINIC,9450 S 1300 E,SANDY,"SANDY, UT 84094",8015012600,Restaurants: non-plated,73,2026-07-20T14:27:48.864762+00:00
ALTA WATSON SHELTER - BALDY BREWS|10700 E LITTLE COTTONWOOD CYN|ALTA,ALTA WATSON SHELTER - BALDY BREWS,10700 E LITTLE COTTONWOOD CYN,ALTA,"ALTA, UT 84092",8017992269,Beverage Service: Bars/Lounges,58,2026-07-20T14:28:45.601330+00:00
ALTA WATSON SHELTER - COLLINS GRILL|10700 E LITTLE COTTONWOOD CYN|ALTA,ALTA WATSON SHELTER - COLLINS GRILL,10700 E LITTLE COTTONWOOD CYN,ALTA,"ALTA, UT 84092",8017992269,Restaurants: plated,73,2026-07-20T14:29:43.246935+00:00
AMC WEST JORDAN 12|9200 S REDWOOD|WEST JORDAN,AMC WEST JORDAN 12,9200 S REDWOOD,WEST JORDAN,"WEST JORDAN, UT 84088",9132132000,Restaurants: non-plated,72,2026-07-20T14:30:40.182937+00:00
AMERICAN FOOD & VENDING CORP @ ZIONS BANCORP TECH|7860 S BINGHAM JUNCTION BLVD|MIDVALE,AMERICAN FOOD & VENDING CORP @ ZIONS BANCORP TECH,7860 S BINGHAM JUNCTION BLVD,MIDVALE,"MIDVALE, UT 84047",8015733784,Restaurants: plated,67,2026-07-20T14:31:31.686353+00:00
ANDES GOURMET #84568|229 W 4800 S|MURRAY,ANDES GOURMET #84568,229 W 4800 S,MURRAY,"MURRAY, UT 84107",3852264196,"Caterers, not restaurant connected",67,2026-07-20T14:32:04.979856+00:00
ANGELAS CATERING|3804 S HIGHLAND DR|MILLCREEK TS,ANGELAS CATERING,3804 S HIGHLAND DR,MILLCREEK TS,"MILLCREEK TS, UT 84106",8015779180,"Caterers, not restaurant connected",53,2026-07-20T14:32:18.524469+00:00
ANNIVERSARY INN SALT LAKE CITY SOUTH TEMPLE|678 E SOUTH TEMPLE ST|SALT LAKE CITY,ANNIVERSARY INN SALT LAKE CITY SOUTH TEMPLE,678 E SOUTH TEMPLE ST,SALT LAKE CITY,"SALT LAKE CITY, UT 84102",8003244152,Public Lodging: continental breakfast,58,2026-07-20T14:33:16.853597+00:00
APOLLO BURGER|4098 W 13400 S|RIVERTON,APOLLO BURGER,4098 W 13400 S,RIVERTON,"RIVERTON, UT 84096",3855574297,Restaurants: non-plated,51,2026-07-20T14:33:29.664336+00:00
APOLLO BURGERS|143 N REDWOOD RD|SALT LAKE CITY,APOLLO BURGERS,143 N REDWOOD RD,SALT LAKE CITY,"SALT LAKE CITY, UT 84116",8019754052,Restaurants: non-plated,73,2026-07-20T14:33:48.083758+00:00
APOLLO BURGERS|256 W 3300 S|SOUTH SALT LAKE,APOLLO BURGERS,256 W 3300 S,SOUTH SALT LAKE,"SOUTH SALT LAKE, UT 84115",8019754052,Restaurants: non-plated,64,2026-07-20T14:34:46.670207+00:00
APOLLO BURGERS|529 W 12300 S|DRAPER,APOLLO BURGERS,529 W 12300 S,DRAPER,"DRAPER, UT 84020",8019754052,Restaurants: non-plated,64,2026-07-20T14:35:43.899136+00:00
APPLE SPICE JUNCTION|6540 S STATE ST|MURRAY,APPLE SPICE JUNCTION,6540 S STATE ST,MURRAY,"MURRAY, UT 84107",8012637799,Restaurants: non-plated,60,2026-07-20T14:36:42.062040+00:00
APPLEBEES WEST VALLEY|2175 W CITY CENTER CT|WEST VALLEY CITY,APPLEBEES WEST VALLEY,2175 W CITY CENTER CT,WEST VALLEY CITY,"WEST VALLEY CITY, UT 84119",8019744412,Restaurants: plated,63,2026-07-20T14:37:10.322235+00:00
ARBYS|6095 S 5600 W|KEARNS TS,ARBYS,6095 S 5600 W,KEARNS TS,"KEARNS TS, UT 84118",9525168175,Restaurants: non-plated,56,2026-07-20T14:38:08.792346+00:00
ARBYS #436|25 N REDWOOD RD|SALT LAKE CITY,ARBYS #436,25 N REDWOOD RD,SALT LAKE CITY,"SALT LAKE CITY, UT 84116",8012391100,Restaurants: non-plated,73,2026-07-20T14:39:05.619145+00:00
ARBYS #6107|10273 S 1300 E|SANDY,ARBYS #6107,10273 S 1300 E,SANDY,"SANDY, UT 84094",8015721577,Restaurants: non-plated,70,2026-07-20T14:40:03.782834+00:00
ARBYS #8541|7121 S BINGHAM JUNCTION|MIDVALE,ARBYS #8541,7121 S BINGHAM JUNCTION,MIDVALE,"MIDVALE, UT 84047",8015663055,Restaurants: non-plated,70,2026-07-20T14:41:02.148578+00:00
ARBYS 1517|1870 W 5400 S|TAYLORSVILLE,ARBYS 1517,1870 W 5400 S,TAYLORSVILLE,"TAYLORSVILLE, UT 84129",9525168175,Restaurants: non-plated,66,2026-07-20T14:41:58.982084+00:00
ARBYS 155|4663 S 2700 W|TAYLORSVILLE,ARBYS 155,4663 S 2700 W,TAYLORSVILLE,"TAYLORSVILLE, UT 84129",9525168175,Restaurants: non-plated,70,2026-07-20T14:42:57.147837+00:00
ARBYS 5255|4663 S 900 E|MILLCREEK TS,ARBYS 5255,4663 S 900 E,MILLCREEK TS,"MILLCREEK TS, UT 84117",6785144100,Restaurants: non-plated,70,2026-07-20T14:43:53.668574+00:00
ARBYS 5669|3535 S 5600 W|WEST VALLEY CITY,ARBYS 5669,3535 S 5600 W,WEST VALLEY CITY,"WEST VALLEY CITY, UT 84120",6785144100,Restaurants: non-plated,58,2026-07-20T14:44:51.321996+00:00
ARBYS 6700|1731 W 12600 S|RIVERTON,ARBYS 6700,1731 W 12600 S,RIVERTON,"RIVERTON, UT 84065",8014469300,Restaurants: non-plated,58,2026-07-20T14:45:50.919297+00:00
ARBYS 942|3215 W 3500 S|WEST VALLEY CITY,ARBYS 942,3215 W 3500 S,WEST VALLEY CITY,"WEST VALLEY CITY, UT 84119",6785144100,Restaurants: non-plated,60,2026-07-20T14:46:27.677450+00:00
ARCTIC CIRCLE 111|3365 W 7800 S|WEST JORDAN,ARCTIC CIRCLE 111,3365 W 7800 S,WEST JORDAN,"WEST JORDAN, UT 84088",3854410583,Restaurants: non-plated,56,2026-07-20T14:47:26.252359+00:00
ARCTIC CIRCLE 116|208 E 12300 S|DRAPER,ARCTIC CIRCLE 116,208 E 12300 S,DRAPER,"DRAPER, UT 84020",8015613620,Restaurants: non-plated,64,2026-07-20T14:48:24.004709+00:00
ARCTIC CIRCLE 127|8677 S 5600 W|WEST JORDAN,ARCTIC CIRCLE 127,8677 S 5600 W,WEST JORDAN,"WEST JORDAN, UT 84081",8015613620,Restaurants: non-plated,64,2026-07-20T14:49:22.475567+00:00
ARCTIC CIRCLE 202|3919 S 700 E|MILLCREEK TS,ARCTIC CIRCLE 202,3919 S 700 E,MILLCREEK TS,"MILLCREEK TS, UT 84107",8015613620,Restaurants: non-plated,56,2026-07-20T14:50:20.943624+00:00
AREMPAS #016522Z|220 W 7200 S|MIDVALE,AREMPAS #016522Z,220 W 7200 S,MIDVALE,"MIDVALE, UT 84047",8018976923,Mobiles: Mobile Food Units (Trucks),60,2026-07-20T14:51:19.151872+00:00
AREMPAS SLCC|4600 S REDWOOD RD|SALT LAKE CITY,AREMPAS SLCC,4600 S REDWOOD RD,SALT LAKE CITY,"SALT LAKE CITY, UT 84123",8018976923,Restaurants: non-plated,74,2026-07-20T14:51:31.334868+00:00
ARGENTINAS BEST EMPANADAS|357 S 200 E|SALT LAKE CITY,ARGENTINAS BEST EMPANADAS,357 S 200 E,SALT LAKE CITY,"SALT LAKE CITY, UT 84111",8018150690,Restaurants: non-plated,52,2026-07-20T14:51:44.506717+00:00
ARIGATO SUSHI|1769 W 7000 S|WEST JORDAN,ARIGATO SUSHI,1769 W 7000 S,WEST JORDAN,"WEST JORDAN, UT 84084",9548597817,Restaurants: plated,73,2026-07-20T14:52:43.283098+00:00
ARLO RESTAURANT|271 N CENTER ST|SALT LAKE CITY,ARLO RESTAURANT,271 N CENTER ST,SALT LAKE CITY,"SALT LAKE CITY, UT 84103",8016475144,Restaurants: plated,70,2026-07-20T14:53:06.427725+00:00
ASSOCIATED FRESH MARKETS|3865 S 2300 E|MILLCREEK TS,ASSOCIATED FRESH MARKETS,3865 S 2300 E,MILLCREEK TS,"MILLCREEK TS, UT 84109",8012729039,Restaurants: non-plated,58,2026-07-20T14:53:30.009391+00:00
